uid,source,run,file_index,event_id,split,n_samples,t0_ns,max_delay_ns,gallery_page,gallery_row,channels,delay_ns,amplitude_mV,width_ns,snr,review_status,observation,reviewer,physical_identity,other_ambiguous_groups,other_excluded_groups,lifetime_use
Datos/Med_con_Decaimientos/7-9_9-9/run_20260907_140421_idx105_selected.txt::block124::event45730,Datos/Med_con_Decaimientos/7-9_9-9/run_20260907_140421_idx105_selected.txt,run_20260907_140421,105,45730,development,1024,209.18,1454.1599999999999,1,1,2,219.14,169.6,7.0893151432469494,7.999554741764373,distinct_secondary,Pulso CH2 separado sobre oscilación de base.,Codex; inspección visual no ciega de 197 registros y detalle ampliado de casos dudosos; sin etiquetas expertas,unconfirmed,0,0,eligible_for_background_study_not_confirmed_decay
Datos/Med_con_Decaimientos/7-9_9-9/run_20260907_140421_idx106_selected.txt::block22::event45940,Datos/Med_con_Decaimientos/7-9_9-9/run_20260907_140421_idx106_selected.txt,run_20260907_140421,106,45940,development,1024,204.199,1459.1409999999998,1,2,2,557.8129999999999,397.8,11.102402014652057,18.69772990381809,distinct_secondary,"Pulso CH2 intenso, caída y recuperación distinguibles.",Codex; inspección visual no ciega de 197 registros y detalle ampliado de casos dudosos; sin etiquetas expertas,unconfirmed,1,1,eligible_for_background_study_not_confirmed_decay
Datos/Med_con_Decaimientos/7-9_9-9/run_20260907_140421_idx119_selected.txt::block66::event51703,Datos/Med_con_Decaimientos/7-9_9-9/run_20260907_140421_idx119_selected.txt,run_20260907_140421,119,51703,development,1024,215.82,1447.52,1,3,2,204.2,153.6,8.960277646074417,7.144950390041727,distinct_secondary,Pulso CH2 distinguible sobre oscilación.,Codex; inspección visual no ciega de 197 registros y detalle ampliado de casos dudosos; sin etiquetas expertas,unconfirmed,0,1,eligible_for_background_study_not_confirmed_decay
Datos/Med_con_Decaimientos/7-9_9-9/run_20260907_140421_idx123_selected.txt::block122::event53581,Datos/Med_con_Decaimientos/7-9_9-9/run_20260907_140421_idx123_selected.txt,run_20260907_140421,123,53581,evaluation,1024,214.16,1449.1799999999998,1,4,2,1090.723,106.8,4.718958536140235,5.296736258242674,distinct_secondary,Pulso CH2 pequeño pero separado de oscilación vecina.,Codex; inspección visual no ciega de 197 registros y detalle ampliado de casos dudosos; sin etiquetas expertas,unconfirmed,2,0,eligible_for_background_study_not_confirmed_decay
Datos/Med_con_Decaimientos/7-9_9-9/run_20260907_140421_idx136_selected.txt::block89::event59231,Datos/Med_con_Decaimientos/7-9_9-9/run_20260907_140421_idx136_selected.txt,run_20260907_140421,136,59231,development,1024,215.82,1447.52,1,5,2,692.2850000000001,265.55,11.656697347396971,10.50504523044046,distinct_secondary,"Pulso CH2 intenso y ancho, aislado.",Codex; inspección visual no ciega de 197 registros y detalle ampliado de casos dudosos; sin etiquetas expertas,unconfirmed,0,0,eligible_for_background_study_not_confirmed_decay
Datos/Med_con_Decaimientos/7-9_9-9/run_20260907_140421_idx139_selected.txt::block148::event60702,Datos/Med_con_Decaimientos/7-9_9-9/run_20260907_140421_idx139_selected.txt,run_20260907_140421,139,60702,development,1024,215.82,1447.52,1,6,2,277.246,116.14999999999999,6.477936422976541,5.103719981316385,distinct_secondary,Pulso CH2 distinguible; oscilación de base.,Codex; inspección visual no ciega de 197 registros y detalle ampliado de casos dudosos; sin etiquetas expertas,unconfirmed,0,1,eligible_for_background_study_not_confirmed_decay
Datos/Med_con_Decaimientos/7-9_9-9/run_20260907_140421_idx140_selected.txt::block46::event60862,Datos/Med_con_Decaimientos/7-9_9-9/run_20260907_140421_idx140_selected.txt,run_20260907_140421,140,60862,development,1024,202.539,1460.801,2,1,2,114.55099999999999,194.9,11.900519107944149,9.2251402822448,distinct_secondary,Pulso CH2 próximo pero separado del inicial.,Codex; inspección visual no ciega de 197 registros y detalle ampliado de casos dudosos; sin etiquetas expertas,unconfirmed,1,3,eligible_for_background_study_not_confirmed_decay
Datos/Med_con_Decaimientos/7-9_9-9/run_20260907_140421_idx140_selected.txt::block96::event61020,Datos/Med_con_Decaimientos/7-9_9-9/run_20260907_140421_idx140_selected.txt,run_20260907_140421,140,61020,development,1024,217.48,1445.86,2,2,2,1329.786,190.9,10.270665370730285,8.38829224652,distinct_secondary,Pulso CH2 aislado cerca del final útil.,Codex; inspección visual no ciega de 197 registros y detalle ampliado de casos dudosos; sin etiquetas expertas,unconfirmed,0,0,eligible_for_background_study_not_confirmed_decay
Datos/Med_con_Decaimientos/7-9_9-9/run_20260907_140421_idx142_selected.txt::block133::event62021,Datos/Med_con_Decaimientos/7-9_9-9/run_20260907_140421_idx142_selected.txt,run_20260907_140421,142,62021,development,1024,219.141,1444.1989999999998,2,3,2,127.83200000000002,145.0,11.673361786319958,5.8563568936590595,distinct_secondary,Pulso CH2 ancho modulado por oscilación; fondo grande.,Codex; inspección visual no ciega de 197 registros y detalle ampliado de casos dudosos; sin etiquetas expertas,unconfirmed,0,0,eligible_for_background_study_not_confirmed_decay
Datos/Med_con_Decaimientos/7-9_9-9/run_20260907_140421_idx145_selected.txt::block37::event63019,Datos/Med_con_Decaimientos/7-9_9-9/run_20260907_140421_idx145_selected.txt,run_20260907_140421,145,63019,evaluation,1024,220.801,1442.539,2,4,3,242.38300000000004,132.25,12.845236527520512,5.663581139097126,distinct_secondary,Pulso CH3 con recuperación gradual distinguible.,Codex; inspección visual no ciega de 197 registros y detalle ampliado de casos dudosos; sin etiquetas expertas,unconfirmed,1,0,eligible_for_background_study_not_confirmed_decay
Datos/Med_con_Decaimientos/7-9_9-9/run_20260907_140421_idx156_selected.txt::block103::event68154,Datos/Med_con_Decaimientos/7-9_9-9/run_20260907_140421_idx156_selected.txt,run_20260907_140421,156,68154,evaluation,1024,215.82,1447.52,2,5,3,859.961,111.2,10.391885938349333,5.050732151770868,distinct_secondary,Pulso CH3 distinguible sobre base oscilante.,Codex; inspección visual no ciega de 197 registros y detalle ampliado de casos dudosos; sin etiquetas expertas,unconfirmed,0,2,eligible_for_background_study_not_confirmed_decay
Datos/Med_con_Decaimientos/7-9_9-9/run_20260907_140421_idx168_selected.txt::block89::event73340,Datos/Med_con_Decaimientos/7-9_9-9/run_20260907_140421_idx168_selected.txt,run_20260907_140421,168,73340,development,1024,210.84,1452.5,2,6,3,1248.4370000000001,139.85,9.303617688571649,6.1053419231586945,distinct_secondary,Pulso CH3 distinguible; oscilación posterior.,Codex; inspección visual no ciega de 197 registros y detalle ampliado de casos dudosos; sin etiquetas expertas,unconfirmed,1,1,eligible_for_background_study_not_confirmed_decay
Datos/Med_con_Decaimientos/7-9_9-9/run_20260907_140421_idx171_selected.txt::block47::event74591,Datos/Med_con_Decaimientos/7-9_9-9/run_20260907_140421_idx171_selected.txt,run_20260907_140421,171,74591,development,1024,202.539,1460.801,3,1,2,1409.473,159.1,10.536760315430456,7.202112740451429,distinct_secondary,"Pulso CH2 tardío cerca del final, contenido.",Codex; inspección visual no ciega de 197 registros y detalle ampliado de casos dudosos; sin etiquetas expertas,unconfirmed,0,0,eligible_for_background_study_not_confirmed_decay
Datos/Med_con_Decaimientos/7-9_9-9/run_20260907_140421_idx178_selected.txt::block93::event77835,Datos/Med_con_Decaimientos/7-9_9-9/run_20260907_140421_idx178_selected.txt,run_20260907_140421,178,77835,development,1024,207.52,1455.82,3,2,3,144.43299999999996,217.9,10.840913896405084,9.361244362417205,distinct_secondary,Pulso CH3 claro separado del inicial.,Codex; inspección visual no ciega de 197 registros y detalle ampliado de casos dudosos; sin etiquetas expertas,unconfirmed,0,0,eligible_for_background_study_not_confirmed_decay
Datos/Med_con_Decaimientos/7-9_9-9/run_20260907_140421_idx184_selected.txt::block69::event80403,Datos/Med_con_Decaimientos/7-9_9-9/run_20260907_140421_idx184_selected.txt,run_20260907_140421,184,80403,development,1024,214.16,1449.1799999999998,3,3,2,195.89900000000003,142.75,5.437705100849826,5.218620916817558,distinct_secondary,Pulso CH2 aislado sobre base oscilante.,Codex; inspección visual no ciega de 197 registros y detalle ampliado de casos dudosos; sin etiquetas expertas,unconfirmed,1,1,eligible_for_background_study_not_confirmed_decay
Datos/Med_con_Decaimientos/7-9_9-9/run_20260907_140421_idx209_selected.txt::block86::event91416,Datos/Med_con_Decaimientos/7-9_9-9/run_20260907_140421_idx209_selected.txt,run_20260907_140421,209,91416,development,1024,205.859,1457.481,3,4,2,1206.934,120.65,5.736369511379053,4.815225451529658,distinct_secondary,Pulso CH2 distinguible; oscilación importante.,Codex; inspección visual no ciega de 197 registros y detalle ampliado de casos dudosos; sin etiquetas expertas,unconfirmed,0,0,eligible_for_background_study_not_confirmed_decay
Datos/Med_con_Decaimientos/7-9_9-9/run_20260907_140421_idx21_selected.txt::block10::event9170,Datos/Med_con_Decaimientos/7-9_9-9/run_20260907_140421_idx21_selected.txt,run_20260907_140421,21,9170,evaluation,1024,210.84,1452.5,3,5,2,856.64,163.9,12.175890331890287,7.178508797286621,distinct_secondary,Pulso CH2 ancho con mínimo modulado; oscilación fuerte.,Codex; inspección visual no ciega de 197 registros y detalle ampliado de casos dudosos; sin etiquetas expertas,unconfirmed,0,0,eligible_for_background_study_not_confirmed_decay
Datos/Med_con_Decaimientos/7-9_9-9/run_20260907_140421_idx223_selected.txt::block6::event97276,Datos/Med_con_Decaimientos/7-9_9-9/run_20260907_140421_idx223_selected.txt,run_20260907_140421,223,97276,development,1024,210.84,1452.5,3,6,2,1218.555,170.5,13.089263060163148,7.692352808746454,distinct_secondary,Pulso CH2 claro con recuperación.,Codex; inspección visual no ciega de 197 registros y detalle ampliado de casos dudosos; sin etiquetas expertas,unconfirmed,2,1,eligible_for_background_study_not_confirmed_decay
Datos/Med_con_Decaimientos/7-9_9-9/run_20260907_140421_idx223_selected.txt::block146::event97667,Datos/Med_con_Decaimientos/7-9_9-9/run_20260907_140421_idx223_selected.txt,run_20260907_140421,223,97667,evaluation,1024,214.16,1449.1799999999998,4,1,2,858.301,139.20000000000002,6.715435227854641,6.018532930714235,distinct_secondary,Pulso CH2 claro y aislado.,Codex; inspección visual no ciega de 197 registros y detalle ampliado de casos dudosos; sin etiquetas expertas,unconfirmed,0,1,eligible_for_background_study_not_confirmed_decay
Datos/Med_con_Decaimientos/7-9_9-9/run_20260907_140421_idx231_selected.txt::block63::event100871,Datos/Med_con_Decaimientos/7-9_9-9/run_20260907_140421_idx231_selected.txt,run_20260907_140421,231,100871,development,1024,215.82,1447.52,4,2,3,841.7,167.70000000000002,6.420717835027972,6.834567997838369,distinct_secondary,Pulso CH3 con dos mínimos; recuperación modulada por oscilación.,Codex; inspección visual no ciega de 197 registros y detalle ampliado de casos dudosos; sin etiquetas expertas,unconfirmed,0,0,eligible_for_background_study_not_confirmed_decay
Datos/Med_con_Decaimientos/7-9_9-9/run_20260907_140421_idx248_selected.txt::block125::event108281,Datos/Med_con_Decaimientos/7-9_9-9/run_20260907_140421_idx248_selected.txt,run_20260907_140421,248,108281,development,1024,215.82,1447.52,4,3,3,738.77,96.5,7.779912979939013,4.649168449249388,ambiguous_morphology,"Detalle ampliado: CH3 presenta dos mínimos superpuestos a oscilación intensa; posible pulso débil, separación de ruido incierta. Conservar para sensibilidad, sin afirmar artefacto.",Codex; inspección visual no ciega de 197 registros y detalle ampliado de casos dudosos; sin etiquetas expertas,unconfirmed,0,1,sensitivity_only_pending_backgrounds
Datos/Med_con_Decaimientos/7-9_9-9/run_20260907_140421_idx250_selected.txt::block100::event109085,Datos/Med_con_Decaimientos/7-9_9-9/run_20260907_140421_idx250_selected.txt,run_20260907_140421,250,109085,development,1024,204.199,1459.1409999999998,4,4,2,63.08600000000001,182.29999999999998,8.87696142035486,9.315126170650249,distinct_secondary,Pulso CH2 separado a 63 ns; cercano al umbral temporal de búsqueda.,Codex; inspección visual no ciega de 197 registros y detalle ampliado de casos dudosos; sin etiquetas expertas,unconfirmed,1,0,eligible_for_background_study_not_confirmed_decay
Datos/Med_con_Decaimientos/7-9_9-9/run_20260907_140421_idx259_selected.txt::block29::event112807,Datos/Med_con_Decaimientos/7-9_9-9/run_20260907_140421_idx259_selected.txt,run_20260907_140421,259,112807,evaluation,1024,219.141,1444.1989999999998,4,5,3,305.4680000000001,113.7,7.147600280997608,4.884687856846425,distinct_secondary,Pulso CH3 distinguible sobre oscilación.,Codex; inspección visual no ciega de 197 registros y detalle ampliado de casos dudosos; sin etiquetas expertas,unconfirmed,0,1,eligible_for_background_study_not_confirmed_decay
Datos/Med_con_Decaimientos/7-9_9-9/run_20260907_140421_idx259_selected.txt::block102::event113001,Datos/Med_con_Decaimientos/7-9_9-9/run_20260907_140421_idx259_selected.txt,run_20260907_140421,259,113001,development,1024,210.84,1452.5,4,6,2,393.457,194.0,7.137645503800968,8.178200458653716,distinct_secondary,"Pulso CH2 claro, recuperación gradual.",Codex; inspección visual no ciega de 197 registros y detalle ampliado de casos dudosos; sin etiquetas expertas,unconfirmed,0,1,eligible_for_background_study_not_confirmed_decay
Datos/Med_con_Decaimientos/7-9_9-9/run_20260907_140421_idx266_selected.txt::block151::event116152,Datos/Med_con_Decaimientos/7-9_9-9/run_20260907_140421_idx266_selected.txt,run_20260907_140421,266,116152,development,1024,205.859,1457.481,5,1,2,268.946,157.4,11.713051981288459,6.89382113906598,distinct_secondary,Pulso CH2 con mínimo modulado por oscilación.,Codex; inspección visual no ciega de 197 registros y detalle ampliado de casos dudosos; sin etiquetas expertas,unconfirmed,2,0,eligible_for_background_study_not_confirmed_decay
Datos/Med_con_Decaimientos/7-9_9-9/run_20260907_140421_idx270_selected.txt::block148::event117871,Datos/Med_con_Decaimientos/7-9_9-9/run_20260907_140421_idx270_selected.txt,run_20260907_140421,270,117871,development,1024,202.539,1460.801,5,2,2,185.938,311.2,6.7869418087761915,13.118845271819776,distinct_secondary,Pulso CH2 intenso y claro.,Codex; inspección visual no ciega de 197 registros y detalle ampliado de casos dudosos; sin etiquetas expertas,unconfirmed,0,0,eligible_for_background_study_not_confirmed_decay
Datos/Med_con_Decaimientos/7-9_9-9/run_20260907_140421_idx277_selected.txt::block138::event120979,Datos/Med_con_Decaimientos/7-9_9-9/run_20260907_140421_idx277_selected.txt,run_20260907_140421,277,120979,development,1024,204.199,1459.1409999999998,5,3,2,574.414,245.2,6.764898630318271,11.565394001654624,distinct_secondary,Pulso CH2 claro con oscilación en recuperación.,Codex; inspección visual no ciega de 197 registros y detalle ampliado de casos dudosos; sin etiquetas expertas,unconfirmed,1,0,eligible_for_background_study_not_confirmed_decay
Datos/Med_con_Decaimientos/7-9_9-9/run_20260907_140421_idx280_selected.txt::block132::event122206,Datos/Med_con_Decaimientos/7-9_9-9/run_20260907_140421_idx280_selected.txt,run_20260907_140421,280,122206,development,1024,214.16,1449.1799999999998,5,4,2,534.57,217.0,11.63645199969676,9.263575620659566,distinct_secondary,Pulso CH2 claro y ancho.,Codex; inspección visual no ciega de 197 registros y detalle ampliado de casos dudosos; sin etiquetas expertas,unconfirmed,2,0,eligible_for_background_study_not_confirmed_decay
Datos/Med_con_Decaimientos/7-9_9-9/run_20260907_140421_idx281_selected.txt::block19::event122285,Datos/Med_con_Decaimientos/7-9_9-9/run_20260907_140421_idx281_selected.txt,run_20260907_140421,281,122285,development,1024,220.801,1442.539,5,5,2,169.336,160.5,10.833666211452055,7.788184668776513,distinct_secondary,Pulso CH2 claro sobre base oscilante.,Codex; inspección visual no ciega de 197 registros y detalle ampliado de casos dudosos; sin etiquetas expertas,unconfirmed,1,0,eligible_for_background_study_not_confirmed_decay
Datos/Med_con_Decaimientos/7-9_9-9/run_20260907_140421_idx28_selected.txt::block115::event12488,Datos/Med_con_Decaimientos/7-9_9-9/run_20260907_140421_idx28_selected.txt,run_20260907_140421,28,12488,development,1024,210.84,1452.5,5,6,2,551.1719999999999,92.8,5.0821720021704095,4.636499442920595,ambiguous_morphology,Detalle ampliado: mínimo CH2 dentro de tren oscilatorio con excursiones positivas grandes; no se distingue con suficiente confianza un pulso adicional. Conservar para sensibilidad.,Codex; inspección visual no ciega de 197 registros y detalle ampliado de casos dudosos; sin etiquetas expertas,unconfirmed,1,1,sensitivity_only_pending_backgrounds
Datos/Med_con_Decaimientos/7-9_9-9/run_20260907_140421_idx295_selected.txt::block30::event128236,Datos/Med_con_Decaimientos/7-9_9-9/run_20260907_140421_idx295_selected.txt,run_20260907_140421,295,128236,development,1024,215.82,1447.52,6,1,2,610.9380000000001,107.0,12.835499060150369,5.530307376551393,distinct_secondary,"Pulso CH2 distinguible, fondo oscilatorio importante.",Codex; inspección visual no ciega de 197 registros y detalle ampliado de casos dudosos; sin etiquetas expertas,unconfirmed,3,1,eligible_for_background_study_not_confirmed_decay
Datos/Med_con_Decaimientos/7-9_9-9/run_20260907_140421_idx299_selected.txt::block25::event129896,Datos/Med_con_Decaimientos/7-9_9-9/run_20260907_140421_idx299_selected.txt,run_20260907_140421,299,129896,development,1024,212.5,1450.84,6,2,2,267.285,174.3,11.072724353341755,7.34773371104816,distinct_secondary,Pulso CH2 claro con mínimo modulado.,Codex; inspección visual no ciega de 197 registros y detalle ampliado de casos dudosos; sin etiquetas expertas,unconfirmed,0,0,eligible_for_background_study_not_confirmed_decay
Datos/Med_con_Decaimientos/7-9_9-9/run_20260907_140421_idx300_selected.txt::block100::event130500,Datos/Med_con_Decaimientos/7-9_9-9/run_20260907_140421_idx300_selected.txt,run_20260907_140421,300,130500,development,1024,217.48,1445.86,6,3,2,1074.122,112.9,9.258418303197686,5.518116430790406,distinct_secondary,Pulso CH2 moderado distinguible.,Codex; inspección visual no ciega de 197 registros y detalle ampliado de casos dudosos; sin etiquetas expertas,unconfirmed,4,2,eligible_for_background_study_not_confirmed_decay
Datos/Med_con_Decaimientos/7-9_9-9/run_20260907_140421_idx300_selected.txt::block142::event130629,Datos/Med_con_Decaimientos/7-9_9-9/run_20260907_140421_idx300_selected.txt,run_20260907_140421,300,130629,evaluation,1024,210.84,1452.5,6,4,2,1434.375,165.2,12.8149514199863,7.1887660300344205,distinct_secondary,"Pulso CH2 contenido cerca del límite temporal, mínimo modulado.",Codex; inspección visual no ciega de 197 registros y detalle ampliado de casos dudosos; sin etiquetas expertas,unconfirmed,1,1,eligible_for_background_study_not_confirmed_decay
Datos/Med_con_Decaimientos/7-9_9-9/run_20260907_140421_idx304_selected.txt::block83::event132187,Datos/Med_con_Decaimientos/7-9_9-9/run_20260907_140421_idx304_selected.txt,run_20260907_140421,304,132187,development,1024,204.199,1459.1409999999998,6,5,2,815.137,112.9,4.25181588991552,5.4392861960648275,distinct_secondary,"Detalle ampliado: pulso CH2 localizado de varias muestras y recuperación visible, distinto de la oscilación de CH1/CH3. Duda inicial resuelta solo en morfología.",Codex; inspección visual no ciega de 197 registros y detalle ampliado de casos dudosos; sin etiquetas expertas,unconfirmed,0,1,eligible_for_background_study_not_confirmed_decay
Datos/Med_con_Decaimientos/7-9_9-9/run_20260907_140421_idx306_selected.txt::block101::event133085,Datos/Med_con_Decaimientos/7-9_9-9/run_20260907_140421_idx306_selected.txt,run_20260907_140421,306,133085,evaluation,1024,214.16,1449.1799999999998,6,6,3,361.914,110.7,8.593453862688307,4.725704245193613,distinct_secondary,"Pulso CH3 ancho distinguible, recuperación modulada.",Codex; inspección visual no ciega de 197 registros y detalle ampliado de casos dudosos; sin etiquetas expertas,unconfirmed,0,0,eligible_for_background_study_not_confirmed_decay
Datos/Med_con_Decaimientos/7-9_9-9/run_20260907_140421_idx307_selected.txt::block10::event133253,Datos/Med_con_Decaimientos/7-9_9-9/run_20260907_140421_idx307_selected.txt,run_20260907_140421,307,133253,development,1024,209.18,1454.1599999999999,7,1,3,106.25,150.8,7.681335403726678,6.541042220519007,distinct_secondary,Pulso CH3 claro a 106 ns.,Codex; inspección visual no ciega de 197 registros y detalle ampliado de casos dudosos; sin etiquetas expertas,unconfirmed,0,0,eligible_for_background_study_not_confirmed_decay
Datos/Med_con_Decaimientos/7-9_9-9/run_20260907_140421_idx309_selected.txt::block132::event134406,Datos/Med_con_Decaimientos/7-9_9-9/run_20260907_140421_idx309_selected.txt,run_20260907_140421,309,134406,evaluation,1024,220.801,1442.539,7,2,3,1276.66,110.6,8.2145310310691,4.812817935362027,distinct_secondary,Pulso CH3 moderado sobre oscilación.,Codex; inspección visual no ciega de 197 registros y detalle ampliado de casos dudosos; sin etiquetas expertas,unconfirmed,0,0,eligible_for_background_study_not_confirmed_decay
Datos/Med_con_Decaimientos/7-9_9-9/run_20260907_140421_idx325_selected.txt::block11::event140897,Datos/Med_con_Decaimientos/7-9_9-9/run_20260907_140421_idx325_selected.txt,run_20260907_140421,325,140897,development,1024,209.18,1454.1599999999999,7,3,3,592.675,99.75,11.899871167548667,4.721435316336166,distinct_secondary,"Pulso CH3 ancho, recuperación distinguible.",Codex; inspección visual no ciega de 197 registros y detalle ampliado de casos dudosos; sin etiquetas expertas,unconfirmed,0,0,eligible_for_background_study_not_confirmed_decay
Datos/Med_con_Decaimientos/7-9_9-9/run_20260907_140421_idx333_selected.txt::block123::event144534,Datos/Med_con_Decaimientos/7-9_9-9/run_20260907_140421_idx333_selected.txt,run_20260907_140421,333,144534,development,1024,210.84,1452.5,7,4,2,597.656,105.85000000000001,11.262015116166026,5.368033600796813,distinct_secondary,"Depresión CH2 distinguible, oscilación superpuesta.",Codex; inspección visual no ciega de 197 registros y detalle ampliado de casos dudosos; sin etiquetas expertas,unconfirmed,1,1,eligible_for_background_study_not_confirmed_decay
Datos/Med_con_Decaimientos/7-9_9-9/run_20260907_140421_idx35_selected.txt::block105::event15415,Datos/Med_con_Decaimientos/7-9_9-9/run_20260907_140421_idx35_selected.txt,run_20260907_140421,35,15415,evaluation,1024,207.52,1455.82,7,5,2,295.50699999999995,140.3,11.721437878776896,5.805586107642107,distinct_secondary,Pulso CH2 ancho claramente distinto de CH1/CH3.,Codex; inspección visual no ciega de 197 registros y detalle ampliado de casos dudosos; sin etiquetas expertas,unconfirmed,0,0,eligible_for_background_study_not_confirmed_decay
Datos/Med_con_Decaimientos/7-9_9-9/run_20260907_140421_idx366_selected.txt::block8::event158390,Datos/Med_con_Decaimientos/7-9_9-9/run_20260907_140421_idx366_selected.txt,run_20260907_140421,366,158390,development,1024,204.199,1459.1409999999998,7,6,3,816.797,134.6,6.262778585152887,5.403955727711292,distinct_secondary,Pulso CH3 claro y aislado.,Codex; inspección visual no ciega de 197 registros y detalle ampliado de casos dudosos; sin etiquetas expertas,unconfirmed,1,0,eligible_for_background_study_not_confirmed_decay
Datos/Med_con_Decaimientos/7-9_9-9/run_20260907_140421_idx370_selected.txt::block147::event160593,Datos/Med_con_Decaimientos/7-9_9-9/run_20260907_140421_idx370_selected.txt,run_20260907_140421,370,160593,development,1024,210.84,1452.5,8,1,2,582.7149999999999,119.1,3.722695435467017,4.989555866687111,distinct_secondary,Pulso CH2 estrecho pero distinguible de la oscilación.,Codex; inspección visual no ciega de 197 registros y detalle ampliado de casos dudosos; sin etiquetas expertas,unconfirmed,0,1,eligible_for_background_study_not_confirmed_decay
Datos/Med_con_Decaimientos/7-9_9-9/run_20260907_140421_idx379_selected.txt::block132::event164526,Datos/Med_con_Decaimientos/7-9_9-9/run_20260907_140421_idx379_selected.txt,run_20260907_140421,379,164526,evaluation,1024,212.5,1450.84,8,2,2,733.789,156.04999999999998,5.725621015631759,6.970482318961765,distinct_secondary,Pulso CH2 claro con oscilación fuerte en flanco.,Codex; inspección visual no ciega de 197 registros y detalle ampliado de casos dudosos; sin etiquetas expertas,unconfirmed,1,0,eligible_for_background_study_not_confirmed_decay
Datos/Med_con_Decaimientos/7-9_9-9/run_20260907_140421_idx37_selected.txt::block120::event16324,Datos/Med_con_Decaimientos/7-9_9-9/run_20260907_140421_idx37_selected.txt,run_20260907_140421,37,16324,evaluation,1024,212.5,1450.84,8,3,2,142.77300000000002,98.60000000000001,11.795139408835894,5.635999057999347,distinct_secondary,"Pulso CH2 con cola, distinguible a 143 ns.",Codex; inspección visual no ciega de 197 registros y detalle ampliado de casos dudosos; sin etiquetas expertas,unconfirmed,3,2,eligible_for_background_study_not_confirmed_decay
Datos/Med_con_Decaimientos/7-9_9-9/run_20260907_140421_idx383_selected.txt::block27::event165971,Datos/Med_con_Decaimientos/7-9_9-9/run_20260907_140421_idx383_selected.txt,run_20260907_140421,383,165971,development,1024,204.199,1459.1409999999998,8,4,2,1007.7149999999999,136.5,5.8061179183134755,6.057104517668108,distinct_secondary,Pulso CH2 claro sobre oscilación.,Codex; inspección visual no ciega de 197 registros y detalle ampliado de casos dudosos; sin etiquetas expertas,unconfirmed,1,0,eligible_for_background_study_not_confirmed_decay
Datos/Med_con_Decaimientos/7-9_9-9/run_20260907_140421_idx38_selected.txt::block12::event16435,Datos/Med_con_Decaimientos/7-9_9-9/run_20260907_140421_idx38_selected.txt,run_20260907_140421,38,16435,evaluation,1024,207.52,1455.82,8,5,2,682.3240000000001,230.45000000000002,12.050616287132925,10.397083312466982,distinct_secondary,Pulso CH2 intenso y ancho.,Codex; inspección visual no ciega de 197 registros y detalle ampliado de casos dudosos; sin etiquetas expertas,unconfirmed,2,0,eligible_for_background_study_not_confirmed_decay
Datos/Med_con_Decaimientos/7-9_9-9/run_20260907_140421_idx391_selected.txt::block71::event169550,Datos/Med_con_Decaimientos/7-9_9-9/run_20260907_140421_idx391_selected.txt,run_20260907_140421,391,169550,development,1024,212.5,1450.84,8,6,2,886.5229999999999,115.89999999999999,5.564097589891162,5.159965612101478,distinct_secondary,Pulso CH2 con mínimos modulados por oscilación.,Codex; inspección visual no ciega de 197 registros y detalle ampliado de casos dudosos; sin etiquetas expertas,unconfirmed,0,0,eligible_for_background_study_not_confirmed_decay
Datos/Med_con_Decaimientos/7-9_9-9/run_20260907_140421_idx402_selected.txt::block67::event174314,Datos/Med_con_Decaimientos/7-9_9-9/run_20260907_140421_idx402_selected.txt,run_20260907_140421,402,174314,development,1024,215.82,1447.52,9,1,2,541.211,173.5,8.228752691747104,7.64863704373786,distinct_secondary,Pulso CH2 claro; excursión CH3 menor coincidente.,Codex; inspección visual no ciega de 197 registros y detalle ampliado de casos dudosos; sin etiquetas expertas,unconfirmed,0,0,eligible_for_background_study_not_confirmed_decay
Datos/Med_con_Decaimientos/7-9_9-9/run_20260907_140421_idx406_selected.txt::block37::event175949,Datos/Med_con_Decaimientos/7-9_9-9/run_20260907_140421_idx406_selected.txt,run_20260907_140421,406,175949,development,1024,205.859,1457.481,9,2,2+3,576.0749999999999,127.79999999999998,11.93408739063068,5.285130763737355,distinct_secondary,Secundarios claros coincidentes en CH2 y CH3.,Codex; inspección visual no ciega de 197 registros y detalle ampliado de casos dudosos; sin etiquetas expertas,unconfirmed,1,0,eligible_for_background_study_not_confirmed_decay
Datos/Med_con_Decaimientos/7-9_9-9/run_20260907_140421_idx41_selected.txt::block130::event18178,Datos/Med_con_Decaimientos/7-9_9-9/run_20260907_140421_idx41_selected.txt,run_20260907_140421,41,18178,development,1024,207.52,1455.82,9,3,2,994.433,163.79999999999998,11.047926626994695,7.414871570621898,distinct_secondary,Pulso CH2 claro y recuperación gradual.,Codex; inspección visual no ciega de 197 registros y detalle ampliado de casos dudosos; sin etiquetas expertas,unconfirmed,2,1,eligible_for_background_study_not_confirmed_decay
Datos/Med_con_Decaimientos/7-9_9-9/run_20260907_140421_idx420_selected.txt::block129::event182338,Datos/Med_con_Decaimientos/7-9_9-9/run_20260907_140421_idx420_selected.txt,run_20260907_140421,420,182338,development,1024,214.16,1449.1799999999998,9,4,2,853.32,109.05,5.332908137572758,5.090188049890845,distinct_secondary,Pulso CH2 moderado aislado.,Codex; inspección visual no ciega de 197 registros y detalle ampliado de casos dudosos; sin etiquetas expertas,unconfirmed,4,1,eligible_for_background_study_not_confirmed_decay
Datos/Med_con_Decaimientos/7-9_9-9/run_20260907_140421_idx431_selected.txt::block155::event187132,Datos/Med_con_Decaimientos/7-9_9-9/run_20260907_140421_idx431_selected.txt,run_20260907_140421,431,187132,development,1024,219.141,1444.1989999999998,9,5,2,1084.0819999999999,127.50000000000001,5.573108089326979,5.584257911251033,distinct_secondary,Pulso CH2 distinguible sobre oscilación.,Codex; inspección visual no ciega de 197 registros y detalle ampliado de casos dudosos; sin etiquetas expertas,unconfirmed,0,0,eligible_for_background_study_not_confirmed_decay
Datos/Med_con_Decaimientos/7-9_9-9/run_20260907_140421_idx432_selected.txt::block139::event187553,Datos/Med_con_Decaimientos/7-9_9-9/run_20260907_140421_idx432_selected.txt,run_20260907_140421,432,187553,development,1024,207.52,1455.82,9,6,2,456.54200000000003,140.04999999999998,7.016829493954447,6.194257761619485,distinct_secondary,Pulso CH2 con recuperación oscilante.,Codex; inspección visual no ciega de 197 registros y detalle ampliado de casos dudosos; sin etiquetas expertas,unconfirmed,0,0,eligible_for_background_study_not_confirmed_decay
Datos/Med_con_Decaimientos/7-9_9-9/run_20260907_140421_idx433_selected.txt::block42::event187722,Datos/Med_con_Decaimientos/7-9_9-9/run_20260907_140421_idx433_selected.txt,run_20260907_140421,433,187722,development,1024,214.16,1449.1799999999998,10,1,3,361.914,144.9,5.717159890983453,6.18567791444042,distinct_secondary,Pulso CH3 claro sobre oscilación grande.,Codex; inspección visual no ciega de 197 registros y detalle ampliado de casos dudosos; sin etiquetas expertas,unconfirmed,1,1,eligible_for_background_study_not_confirmed_decay
Datos/Med_con_Decaimientos/7-9_9-9/run_20260907_140421_idx436_selected.txt::block59::event189086,Datos/Med_con_Decaimientos/7-9_9-9/run_20260907_140421_idx436_selected.txt,run_20260907_140421,436,189086,evaluation,1024,207.52,1455.82,10,2,2,796.875,105.1,6.2001422538166935,5.009821824804957,distinct_secondary,"Pulso CH2 moderado, recuperación distinguible.",Codex; inspección visual no ciega de 197 registros y detalle ampliado de casos dudosos; sin etiquetas expertas,unconfirmed,1,0,eligible_for_background_study_not_confirmed_decay
Datos/Med_con_Decaimientos/7-9_9-9/run_20260907_140421_idx43_selected.txt::block55::event18826,Datos/Med_con_Decaimientos/7-9_9-9/run_20260907_140421_idx43_selected.txt,run_20260907_140421,43,18826,development,1024,224.121,1439.2189999999998,10,3,2,149.41400000000002,139.75,6.2907027671165,5.661266284495747,distinct_secondary,Pulso CH2 claro sobre oscilación.,Codex; inspección visual no ciega de 197 registros y detalle ampliado de casos dudosos; sin etiquetas expertas,unconfirmed,1,1,eligible_for_background_study_not_confirmed_decay
Datos/Med_con_Decaimientos/7-9_9-9/run_20260907_140421_idx442_selected.txt::block43::event191701,Datos/Med_con_Decaimientos/7-9_9-9/run_20260907_140421_idx442_selected.txt,run_20260907_140421,442,191701,evaluation,1024,212.5,1450.84,10,4,2,620.898,117.6,9.924379980563685,5.341421772016672,distinct_secondary,Pulso CH2 ancho sobre base relativamente quieta.,Codex; inspección visual no ciega de 197 registros y detalle ampliado de casos dudosos; sin etiquetas expertas,unconfirmed,2,2,eligible_for_background_study_not_confirmed_decay
Datos/Med_con_Decaimientos/7-9_9-9/run_20260907_140421_idx444_selected.txt::block103::event192713,Datos/Med_con_Decaimientos/7-9_9-9/run_20260907_140421_idx444_selected.txt,run_20260907_140421,444,192713,development,1024,214.16,1449.1799999999998,10,5,2,285.547,106.8,12.482572549019608,4.530541705163545,distinct_secondary,"Pulso CH2 ancho, fondo oscilante.",Codex; inspección visual no ciega de 197 registros y detalle ampliado de casos dudosos; sin etiquetas expertas,unconfirmed,0,1,eligible_for_background_study_not_confirmed_decay
Datos/Med_con_Decaimientos/7-9_9-9/run_20260907_140421_idx44_selected.txt::block51::event19233,Datos/Med_con_Decaimientos/7-9_9-9/run_20260907_140421_idx44_selected.txt,run_20260907_140421,44,19233,evaluation,1024,205.859,1457.481,10,6,2,674.024,134.7,12.530166679898343,5.977230611940616,distinct_secondary,Pulso CH2 claro y recuperación gradual.,Codex; inspección visual no ciega de 197 registros y detalle ampliado de casos dudosos; sin etiquetas expertas,unconfirmed,0,1,eligible_for_background_study_not_confirmed_decay
Datos/Med_con_Decaimientos/7-9_9-9/run_20260907_140421_idx471_selected.txt::block51::event204405,Datos/Med_con_Decaimientos/7-9_9-9/run_20260907_140421_idx471_selected.txt,run_20260907_140421,471,204405,development,1024,202.539,1460.801,11,1,2,461.523,234.45,13.055019400626065,9.583900518744711,distinct_secondary,Pulso CH2 intenso; otra depresión CH3 en región posterior del registro.,Codex; inspección visual no ciega de 197 registros y detalle ampliado de casos dudosos; sin etiquetas expertas,unconfirmed,1,2,eligible_for_background_study_not_confirmed_decay
Datos/Med_con_Decaimientos/7-9_9-9/run_20260907_140421_idx478_selected.txt::block92::event207527,Datos/Med_con_Decaimientos/7-9_9-9/run_20260907_140421_idx478_selected.txt,run_20260907_140421,478,207527,development,1024,207.52,1455.82,11,2,2,999.414,134.70000000000002,6.661206200512879,5.2516708266761505,distinct_secondary,"Pulso CH2 claro, oscilación en recuperación.",Codex; inspección visual no ciega de 197 registros y detalle ampliado de casos dudosos; sin etiquetas expertas,unconfirmed,0,1,eligible_for_background_study_not_confirmed_decay
Datos/Med_con_Decaimientos/7-9_9-9/run_20260907_140421_idx493_selected.txt::block132::event214360,Datos/Med_con_Decaimientos/7-9_9-9/run_20260907_140421_idx493_selected.txt,run_20260907_140421,493,214360,evaluation,1024,214.16,1449.1799999999998,11,3,3,1288.281,142.25,7.2527526822048,6.091829240352106,distinct_secondary,Pulso CH3 claro.,Codex; inspección visual no ciega de 197 registros y detalle ampliado de casos dudosos; sin etiquetas expertas,unconfirmed,0,1,eligible_for_background_study_not_confirmed_decay
Datos/Med_con_Decaimientos/7-9_9-9/run_20260907_140421_idx494_selected.txt::block124::event214838,Datos/Med_con_Decaimientos/7-9_9-9/run_20260907_140421_idx494_selected.txt,run_20260907_140421,494,214838,development,1024,214.16,1449.1799999999998,11,4,3,478.125,112.39999999999999,12.756081081080993,5.157330705113558,distinct_secondary,Pulso CH3 ancho; pequeña excursión CH2 coincidente.,Codex; inspección visual no ciega de 197 registros y detalle ampliado de casos dudosos; sin etiquetas expertas,unconfirmed,1,1,eligible_for_background_study_not_confirmed_decay
Datos/Med_con_Decaimientos/7-9_9-9/run_20260907_140421_idx510_selected.txt::block139::event221687,Datos/Med_con_Decaimientos/7-9_9-9/run_20260907_140421_idx510_selected.txt,run_20260907_140421,510,221687,development,1024,210.84,1452.5,11,5,2,1429.394,187.5,6.96688176234602,10.19895301627916,distinct_secondary,"Pulso CH2 cerca del final, contenido y recuperación visible.",Codex; inspección visual no ciega de 197 registros y detalle ampliado de casos dudosos; sin etiquetas expertas,unconfirmed,0,0,eligible_for_background_study_not_confirmed_decay
Datos/Med_con_Decaimientos/7-9_9-9/run_20260907_140421_idx514_selected.txt::block107::event223237,Datos/Med_con_Decaimientos/7-9_9-9/run_20260907_140421_idx514_selected.txt,run_20260907_140421,514,223237,development,1024,217.48,1445.86,11,6,3,810.1569999999999,114.2,6.509814589665666,8.753050537753088,distinct_secondary,Pulso CH3 claro sobre oscilación.,Codex; inspección visual no ciega de 197 registros y detalle ampliado de casos dudosos; sin etiquetas expertas,unconfirmed,0,0,eligible_for_background_study_not_confirmed_decay
Datos/Med_con_Decaimientos/7-9_9-9/run_20260907_140421_idx525_selected.txt::block36::event229042,Datos/Med_con_Decaimientos/7-9_9-9/run_20260907_140421_idx525_selected.txt,run_20260907_140421,525,229042,development,1024,217.48,1445.86,12,1,2,552.832,96.6,6.57430263906781,5.817482800485633,distinct_secondary,Pulso CH2 claro con lóbulo de recuperación.,Codex; inspección visual no ciega de 197 registros y detalle ampliado de casos dudosos; sin etiquetas expertas,unconfirmed,1,0,eligible_for_background_study_not_confirmed_decay
Datos/Med_con_Decaimientos/7-9_9-9/run_20260907_140421_idx554_selected.txt::block8::event240879,Datos/Med_con_Decaimientos/7-9_9-9/run_20260907_140421_idx554_selected.txt,run_20260907_140421,554,240879,development,1024,204.199,1459.1409999999998,12,2,2,202.539,157.7,11.23129641719629,8.309936935113988,distinct_secondary,Pulso CH2 claro y ancho.,Codex; inspección visual no ciega de 197 registros y detalle ampliado de casos dudosos; sin etiquetas expertas,unconfirmed,1,1,eligible_for_background_study_not_confirmed_decay
Datos/Med_con_Decaimientos/7-9_9-9/run_20260907_140421_idx561_selected.txt::block141::event244068,Datos/Med_con_Decaimientos/7-9_9-9/run_20260907_140421_idx561_selected.txt,run_20260907_140421,561,244068,development,1024,215.82,1447.52,12,3,3,1100.684,115.7,5.69377072310408,9.878301376131908,distinct_secondary,Pulso CH3 claro sobre oscilación.,Codex; inspección visual no ciega de 197 registros y detalle ampliado de casos dudosos; sin etiquetas expertas,unconfirmed,0,0,eligible_for_background_study_not_confirmed_decay
Datos/Med_con_Decaimientos/7-9_9-9/run_20260907_140421_idx562_selected.txt::block45::event244204,Datos/Med_con_Decaimientos/7-9_9-9/run_20260907_140421_idx562_selected.txt,run_20260907_140421,562,244204,development,1024,200.879,1462.461,12,4,3,532.91,82.6,10.155555642633203,5.926908163060293,distinct_secondary,"Pulso CH3 ancho, excursión CH2 menor coincidente.",Codex; inspección visual no ciega de 197 registros y detalle ampliado de casos dudosos; sin etiquetas expertas,unconfirmed,1,0,eligible_for_background_study_not_confirmed_decay
Datos/Med_con_Decaimientos/7-9_9-9/run_20260907_140421_idx573_selected.txt::block115::event249015,Datos/Med_con_Decaimientos/7-9_9-9/run_20260907_140421_idx573_selected.txt,run_20260907_140421,573,249015,development,1024,219.141,1444.1989999999998,12,5,2,536.23,116.39999999999999,12.509446352570308,6.086102666905091,distinct_secondary,Pulso CH2 claro sobre oscilación.,Codex; inspección visual no ciega de 197 registros y detalle ampliado de casos dudosos; sin etiquetas expertas,unconfirmed,1,2,eligible_for_background_study_not_confirmed_decay
Datos/Med_con_Decaimientos/7-9_9-9/run_20260907_140421_idx76_selected.txt::block41::event32853,Datos/Med_con_Decaimientos/7-9_9-9/run_20260907_140421_idx76_selected.txt,run_20260907_140421,76,32853,development,1024,214.16,1449.1799999999998,12,6,2,1339.7459999999999,108.5,5.76291466716475,4.783153425046443,distinct_secondary,Pulso CH2 aislado de varias muestras.,Codex; inspección visual no ciega de 197 registros y detalle ampliado de casos dudosos; sin etiquetas expertas,unconfirmed,3,0,eligible_for_background_study_not_confirmed_decay
Datos/Med_con_Decaimientos/7-9_9-9/run_20260907_140421_idx93_selected.txt::block5::event39989,Datos/Med_con_Decaimientos/7-9_9-9/run_20260907_140421_idx93_selected.txt,run_20260907_140421,93,39989,development,1024,204.199,1459.1409999999998,13,1,2,1351.367,165.85,6.447098870056379,7.383781680474806,distinct_secondary,Pulso CH2 tardío claro y contenido.,Codex; inspección visual no ciega de 197 registros y detalle ampliado de casos dudosos; sin etiquetas expertas,unconfirmed,1,2,eligible_for_background_study_not_confirmed_decay
Datos/Med_con_Decaimientos/7-9_9-9/run_20260907_140421_idx95_selected.txt::block2::event40887,Datos/Med_con_Decaimientos/7-9_9-9/run_20260907_140421_idx95_selected.txt,run_20260907_140421,95,40887,development,1024,202.539,1460.801,13,2,2,723.828,116.85000000000001,10.023642940199352,4.850107399682471,distinct_secondary,Pulso CH2 distinguible sobre oscilación.,Codex; inspección visual no ciega de 197 registros y detalle ampliado de casos dudosos; sin etiquetas expertas,unconfirmed,0,0,eligible_for_background_study_not_confirmed_decay
Datos/Med_con_Decaimientos/9-9_10-9/run_20260909_142637_idx124_selected.txt::block131::event51477,Datos/Med_con_Decaimientos/9-9_10-9/run_20260909_142637_idx124_selected.txt,run_20260909_142637,124,51477,development,1024,219.141,1444.1989999999998,13,3,2,185.93699999999998,215.70000000000002,10.198211026077104,11.455721009378077,distinct_secondary,Pulso CH2 intenso y claro.,Codex; inspección visual no ciega de 197 registros y detalle ampliado de casos dudosos; sin etiquetas expertas,unconfirmed,1,1,eligible_for_background_study_not_confirmed_decay
Datos/Med_con_Decaimientos/9-9_10-9/run_20260909_142637_idx129_selected.txt::block139::event53575,Datos/Med_con_Decaimientos/9-9_10-9/run_20260909_142637_idx129_selected.txt,run_20260909_142637,129,53575,development,1024,219.141,1444.1989999999998,13,4,3,595.996,116.6,6.285585102680102,8.366555590954361,distinct_secondary,Pulso CH3 claro y recuperación gradual.,Codex; inspección visual no ciega de 197 registros y detalle ampliado de casos dudosos; sin etiquetas expertas,unconfirmed,1,1,eligible_for_background_study_not_confirmed_decay
Datos/Med_con_Decaimientos/9-9_10-9/run_20260909_142637_idx131_selected.txt::block102::event54350,Datos/Med_con_Decaimientos/9-9_10-9/run_20260909_142637_idx131_selected.txt,run_20260909_142637,131,54350,development,1024,215.82,1447.52,13,5,2,175.97700000000003,91.0,11.766964054199548,5.072616455567782,distinct_secondary,Pulso CH2 moderado y ancho.,Codex; inspección visual no ciega de 197 registros y detalle ampliado de casos dudosos; sin etiquetas expertas,unconfirmed,1,1,eligible_for_background_study_not_confirmed_decay
Datos/Med_con_Decaimientos/9-9_10-9/run_20260909_142637_idx146_selected.txt::block53::event60335,Datos/Med_con_Decaimientos/9-9_10-9/run_20260909_142637_idx146_selected.txt,run_20260909_142637,146,60335,development,1024,222.461,1440.879,13,6,2,632.519,104.0,6.1549984223855745,5.314169620118629,distinct_secondary,"Pulso CH2 estrecho, distinguible sobre oscilación.",Codex; inspección visual no ciega de 197 registros y detalle ampliado de casos dudosos; sin etiquetas expertas,unconfirmed,0,1,eligible_for_background_study_not_confirmed_decay
Datos/Med_con_Decaimientos/9-9_10-9/run_20260909_142637_idx151_selected.txt::block77::event62449,Datos/Med_con_Decaimientos/9-9_10-9/run_20260909_142637_idx151_selected.txt,run_20260909_142637,151,62449,evaluation,1024,209.18,1454.1599999999999,14,1,2,1022.656,84.85,8.575874533324168,4.671880893190948,distinct_secondary,Pulso CH2 moderado aislado.,Codex; inspección visual no ciega de 197 registros y detalle ampliado de casos dudosos; sin etiquetas expertas,unconfirmed,0,2,eligible_for_background_study_not_confirmed_decay
Datos/Med_con_Decaimientos/9-9_10-9/run_20260909_142637_idx156_selected.txt::block9::event64301,Datos/Med_con_Decaimientos/9-9_10-9/run_20260909_142637_idx156_selected.txt,run_20260909_142637,156,64301,development,1024,210.84,1452.5,14,2,2,1157.1290000000001,102.7,8.727416522797284,5.475905217252675,distinct_secondary,Pulso CH2 moderado y ancho.,Codex; inspección visual no ciega de 197 registros y detalle ampliado de casos dudosos; sin etiquetas expertas,unconfirmed,1,1,eligible_for_background_study_not_confirmed_decay
Datos/Med_con_Decaimientos/9-9_10-9/run_20260909_142637_idx157_selected.txt::block89::event64962,Datos/Med_con_Decaimientos/9-9_10-9/run_20260909_142637_idx157_selected.txt,run_20260909_142637,157,64962,evaluation,1024,207.52,1455.82,14,3,2,405.078,103.35,12.330751852941148,4.9264042397106795,distinct_secondary,Pulso CH2 de varios mínimos sobre oscilación.,Codex; inspección visual no ciega de 197 registros y detalle ampliado de casos dudosos; sin etiquetas expertas,unconfirmed,0,0,eligible_for_background_study_not_confirmed_decay
Datos/Med_con_Decaimientos/9-9_10-9/run_20260909_142637_idx157_selected.txt::block91::event64968,Datos/Med_con_Decaimientos/9-9_10-9/run_20260909_142637_idx157_selected.txt,run_20260909_142637,157,64968,development,1024,220.801,1442.539,14,4,3,1394.5310000000002,139.39999999999998,11.377044039878456,8.787290829068912,distinct_secondary,Pulso CH3 ancho y claro cerca del final útil.,Codex; inspección visual no ciega de 197 registros y detalle ampliado de casos dudosos; sin etiquetas expertas,unconfirmed,0,0,eligible_for_background_study_not_confirmed_decay
Datos/Med_con_Decaimientos/9-9_10-9/run_20260909_142637_idx157_selected.txt::block99::event64982,Datos/Med_con_Decaimientos/9-9_10-9/run_20260909_142637_idx157_selected.txt,run_20260909_142637,157,64982,development,1024,214.16,1449.1799999999998,14,5,2,878.2230000000001,226.2,9.992284954811339,11.919516390125455,distinct_secondary,Pulso CH2 intenso y claro.,Codex; inspección visual no ciega de 197 registros y detalle ampliado de casos dudosos; sin etiquetas expertas,unconfirmed,0,0,eligible_for_background_study_not_confirmed_decay
Datos/Med_con_Decaimientos/9-9_10-9/run_20260909_142637_idx163_selected.txt::block52::event67244,Datos/Med_con_Decaimientos/9-9_10-9/run_20260909_142637_idx163_selected.txt,run_20260909_142637,163,67244,development,1024,207.52,1455.82,14,6,2,200.87800000000001,90.3,7.8425986817846365,4.614129968237617,distinct_secondary,Pulso CH2 moderado sobre oscilación importante.,Codex; inspección visual no ciega de 197 registros y detalle ampliado de casos dudosos; sin etiquetas expertas,unconfirmed,0,0,eligible_for_background_study_not_confirmed_decay
Datos/Med_con_Decaimientos/9-9_10-9/run_20260909_142637_idx174_selected.txt::block7::event71557,Datos/Med_con_Decaimientos/9-9_10-9/run_20260909_142637_idx174_selected.txt,run_20260909_142637,174,71557,development,1024,205.859,1457.481,15,1,2,1376.27,89.5,7.977377761029629,4.888009957340507,distinct_secondary,Pulso CH2 moderado con mínimos modulados.,Codex; inspección visual no ciega de 197 registros y detalle ampliado de casos dudosos; sin etiquetas expertas,unconfirmed,0,1,eligible_for_background_study_not_confirmed_decay
Datos/Med_con_Decaimientos/9-9_10-9/run_20260909_142637_idx182_selected.txt::block84::event75104,Datos/Med_con_Decaimientos/9-9_10-9/run_20260909_142637_idx182_selected.txt,run_20260909_142637,182,75104,evaluation,1024,220.801,1442.539,15,2,2,117.87100000000004,153.5,7.277920761144969,7.240163047528486,distinct_secondary,Pulso CH2 claro próximo al inicial.,Codex; inspección visual no ciega de 197 registros y detalle ampliado de casos dudosos; sin etiquetas expertas,unconfirmed,0,1,eligible_for_background_study_not_confirmed_decay
Datos/Med_con_Decaimientos/9-9_10-9/run_20260909_142637_idx184_selected.txt::block139::event76023,Datos/Med_con_Decaimientos/9-9_10-9/run_20260909_142637_idx184_selected.txt,run_20260909_142637,184,76023,development,1024,202.539,1460.801,15,3,2,162.695,96.9,7.915192164532186,4.538760735644589,distinct_secondary,Pulso CH2 moderado aislado.,Codex; inspección visual no ciega de 197 registros y detalle ampliado de casos dudosos; sin etiquetas expertas,unconfirmed,1,0,eligible_for_background_study_not_confirmed_decay
Datos/Med_con_Decaimientos/9-9_10-9/run_20260909_142637_idx185_selected.txt::block107::event76354,Datos/Med_con_Decaimientos/9-9_10-9/run_20260909_142637_idx185_selected.txt,run_20260909_142637,185,76354,development,1024,210.84,1452.5,15,4,3,358.59399999999994,110.5,8.608506443298893,6.7755662656512525,distinct_secondary,Pulso CH3 distinguible sobre oscilación.,Codex; inspección visual no ciega de 197 registros y detalle ampliado de casos dudosos; sin etiquetas expertas,unconfirmed,0,2,eligible_for_background_study_not_confirmed_decay
Datos/Med_con_Decaimientos/9-9_10-9/run_20260909_142637_idx193_selected.txt::block98::event79528,Datos/Med_con_Decaimientos/9-9_10-9/run_20260909_142637_idx193_selected.txt,run_20260909_142637,193,79528,evaluation,1024,207.52,1455.82,15,5,3,1047.558,160.55,7.608900566873899,10.513542857666733,distinct_secondary,Pulso CH3 ancho y claro.,Codex; inspección visual no ciega de 197 registros y detalle ampliado de casos dudosos; sin etiquetas expertas,unconfirmed,0,0,eligible_for_background_study_not_confirmed_decay
Datos/Med_con_Decaimientos/9-9_10-9/run_20260909_142637_idx20_selected.txt::block125::event8560,Datos/Med_con_Decaimientos/9-9_10-9/run_20260909_142637_idx20_selected.txt,run_20260909_142637,20,8560,evaluation,1024,207.52,1455.82,15,6,2,1251.757,92.30000000000001,7.892480251334064,5.102909598335225,distinct_secondary,Pulso CH2 moderado distinguible de la oscilación.,Codex; inspección visual no ciega de 197 registros y detalle ampliado de casos dudosos; sin etiquetas expertas,unconfirmed,0,0,eligible_for_background_study_not_confirmed_decay
Datos/Med_con_Decaimientos/9-9_10-9/run_20260909_142637_idx212_selected.txt::block50::event87291,Datos/Med_con_Decaimientos/9-9_10-9/run_20260909_142637_idx212_selected.txt,run_20260909_142637,212,87291,development,1024,210.84,1452.5,16,1,3,190.91799999999998,122.4,13.597782668881507,8.255766895993524,distinct_secondary,Pulso CH3 ancho sobre base relativamente quieta.,Codex; inspección visual no ciega de 197 registros y detalle ampliado de casos dudosos; sin etiquetas expertas,unconfirmed,1,0,eligible_for_background_study_not_confirmed_decay
Datos/Med_con_Decaimientos/9-9_10-9/run_20260909_142637_idx21_selected.txt::block159::event9019,Datos/Med_con_Decaimientos/9-9_10-9/run_20260909_142637_idx21_selected.txt,run_20260909_142637,21,9019,development,1024,214.16,1449.1799999999998,16,2,2,161.035,247.6,9.418371346145705,12.101732756985868,distinct_secondary,Pulso CH2 intenso con recuperación.,Codex; inspección visual no ciega de 197 registros y detalle ampliado de casos dudosos; sin etiquetas expertas,unconfirmed,1,0,eligible_for_background_study_not_confirmed_decay
Datos/Med_con_Decaimientos/9-9_10-9/run_20260909_142637_idx223_selected.txt::block35::event91753,Datos/Med_con_Decaimientos/9-9_10-9/run_20260909_142637_idx223_selected.txt,run_20260909_142637,223,91753,development,1024,215.82,1447.52,16,3,2,762.012,149.0,7.3022653721683355,8.516874844238364,distinct_secondary,Pulso CH2 claro con recuperación gradual.,Codex; inspección visual no ciega de 197 registros y detalle ampliado de casos dudosos; sin etiquetas expertas,unconfirmed,0,0,eligible_for_background_study_not_confirmed_decay
Datos/Med_con_Decaimientos/9-9_10-9/run_20260909_142637_idx223_selected.txt::block50::event91804,Datos/Med_con_Decaimientos/9-9_10-9/run_20260909_142637_idx223_selected.txt,run_20260909_142637,223,91804,development,1024,209.18,1454.1599999999999,16,4,3,732.1289999999999,105.0,10.020434049799633,7.869058860560277,distinct_secondary,"Pulso CH3 de mínimo modulado, distinguible.",Codex; inspección visual no ciega de 197 registros y detalle ampliado de casos dudosos; sin etiquetas expertas,unconfirmed,0,1,eligible_for_background_study_not_confirmed_decay
Datos/Med_con_Decaimientos/9-9_10-9/run_20260909_142637_idx224_selected.txt::block124::event92427,Datos/Med_con_Decaimientos/9-9_10-9/run_20260909_142637_idx224_selected.txt,run_20260909_142637,224,92427,development,1024,207.52,1455.82,16,5,2,697.265,89.6,11.282744084136766,6.790378881921677,distinct_secondary,Pulso CH2 moderado separado.,Codex; inspección visual no ciega de 197 registros y detalle ampliado de casos dudosos; sin etiquetas expertas,unconfirmed,0,0,eligible_for_background_study_not_confirmed_decay
Datos/Med_con_Decaimientos/9-9_10-9/run_20260909_142637_idx228_selected.txt::block135::event94014,Datos/Med_con_Decaimientos/9-9_10-9/run_20260909_142637_idx228_selected.txt,run_20260909_142637,228,94014,development,1024,204.199,1459.1409999999998,16,6,2,260.645,164.6,10.029026817730937,11.81076372445187,distinct_secondary,Pulso CH2 claro y ancho.,Codex; inspección visual no ciega de 197 registros y detalle ampliado de casos dudosos; sin etiquetas expertas,unconfirmed,0,0,eligible_for_background_study_not_confirmed_decay
Datos/Med_con_Decaimientos/9-9_10-9/run_20260909_142637_idx229_selected.txt::block53::event94214,Datos/Med_con_Decaimientos/9-9_10-9/run_20260909_142637_idx229_selected.txt,run_20260909_142637,229,94214,development,1024,202.539,1460.801,17,1,2,737.109,83.5,6.750436572065496,6.704759335273297,distinct_secondary,Pulso CH2 moderado con recuperación gradual.,Codex; inspección visual no ciega de 197 registros y detalle ampliado de casos dudosos; sin etiquetas expertas,unconfirmed,0,0,eligible_for_background_study_not_confirmed_decay
Datos/Med_con_Decaimientos/9-9_10-9/run_20260909_142637_idx229_selected.txt::block107::event94372,Datos/Med_con_Decaimientos/9-9_10-9/run_20260909_142637_idx229_selected.txt,run_20260909_142637,229,94372,development,1024,199.219,1464.1209999999999,17,2,2,944.6289999999999,94.8,9.691792086257692,6.394172399838123,distinct_secondary,Pulso CH2 ancho distinguible.,Codex; inspección visual no ciega de 197 registros y detalle ampliado de casos dudosos; sin etiquetas expertas,unconfirmed,0,0,eligible_for_background_study_not_confirmed_decay
Datos/Med_con_Decaimientos/9-9_10-9/run_20260909_142637_idx244_selected.txt::block24::event99903,Datos/Med_con_Decaimientos/9-9_10-9/run_20260909_142637_idx244_selected.txt,run_20260909_142637,244,99903,development,1024,202.539,1460.801,17,3,2,114.55099999999999,99.8,8.283018100870947,6.868793652629001,distinct_secondary,"Pulso CH2 claro, separado del inicial.",Codex; inspección visual no ciega de 197 registros y detalle ampliado de casos dudosos; sin etiquetas expertas,unconfirmed,0,1,eligible_for_background_study_not_confirmed_decay
Datos/Med_con_Decaimientos/9-9_10-9/run_20260909_142637_idx259_selected.txt::block94::event105969,Datos/Med_con_Decaimientos/9-9_10-9/run_20260909_142637_idx259_selected.txt,run_20260909_142637,259,105969,evaluation,1024,200.879,1462.461,17,4,2,768.6519999999999,130.5,9.691046517475343,9.36394086294635,distinct_secondary,Pulso CH2 claro sobre base oscilante.,Codex; inspección visual no ciega de 197 registros y detalle ampliado de casos dudosos; sin etiquetas expertas,unconfirmed,0,0,eligible_for_background_study_not_confirmed_decay
Datos/Med_con_Decaimientos/9-9_10-9/run_20260909_142637_idx262_selected.txt::block73::event106980,Datos/Med_con_Decaimientos/9-9_10-9/run_20260909_142637_idx262_selected.txt,run_20260909_142637,262,106980,development,1024,217.48,1445.86,17,5,2,270.606,137.9,9.381310529030316,9.491048544063519,distinct_secondary,Pulso CH2 ancho y claro.,Codex; inspección visual no ciega de 197 registros y detalle ampliado de casos dudosos; sin etiquetas expertas,unconfirmed,0,1,eligible_for_background_study_not_confirmed_decay
Datos/Med_con_Decaimientos/9-9_10-9/run_20260909_142637_idx267_selected.txt::block58::event108879,Datos/Med_con_Decaimientos/9-9_10-9/run_20260909_142637_idx267_selected.txt,run_20260909_142637,267,108879,development,1024,219.141,1444.1989999999998,17,6,2,262.304,80.15,7.16538396464648,5.326151169660012,distinct_secondary,Pulso CH2 moderado aislado.,Codex; inspección visual no ciega de 197 registros y detalle ampliado de casos dudosos; sin etiquetas expertas,unconfirmed,0,0,eligible_for_background_study_not_confirmed_decay
Datos/Med_con_Decaimientos/9-9_10-9/run_20260909_142637_idx33_selected.txt::block121::event13753,Datos/Med_con_Decaimientos/9-9_10-9/run_20260909_142637_idx33_selected.txt,run_20260909_142637,33,13753,evaluation,1024,212.5,1450.84,18,1,3,1173.73,80.2,13.849593455426884,5.201361433656052,distinct_secondary,Pulso CH3 ancho distinguible pese a amplitud moderada.,Codex; inspección visual no ciega de 197 registros y detalle ampliado de casos dudosos; sin etiquetas expertas,unconfirmed,1,1,eligible_for_background_study_not_confirmed_decay
Datos/Med_con_Decaimientos/9-9_10-9/run_20260909_142637_idx37_selected.txt::block97::event15333,Datos/Med_con_Decaimientos/9-9_10-9/run_20260909_142637_idx37_selected.txt,run_20260909_142637,37,15333,development,1024,210.84,1452.5,18,2,2,287.207,184.64999999999998,11.705869641395566,10.250594134761588,distinct_secondary,Pulso CH2 claro y ancho.,Codex; inspección visual no ciega de 197 registros y detalle ampliado de casos dudosos; sin etiquetas expertas,unconfirmed,0,1,eligible_for_background_study_not_confirmed_decay
Datos/Med_con_Decaimientos/9-9_10-9/run_20260909_142637_idx42_selected.txt::block70::event17346,Datos/Med_con_Decaimientos/9-9_10-9/run_20260909_142637_idx42_selected.txt,run_20260909_142637,42,17346,evaluation,1024,214.16,1449.1799999999998,18,3,2,961.2310000000001,162.05,9.6409063747642,9.504454571581068,distinct_secondary,Pulso CH2 intenso de mínimo modulado.,Codex; inspección visual no ciega de 197 registros y detalle ampliado de casos dudosos; sin etiquetas expertas,unconfirmed,0,0,eligible_for_background_study_not_confirmed_decay
Datos/Med_con_Decaimientos/9-9_10-9/run_20260909_142637_idx44_selected.txt::block3::event17986,Datos/Med_con_Decaimientos/9-9_10-9/run_20260909_142637_idx44_selected.txt,run_20260909_142637,44,17986,development,1024,222.461,1440.879,18,4,2,997.7539999999999,91.1,10.88691260029259,5.994742262274909,distinct_secondary,Pulso CH2 moderado con cola.,Codex; inspección visual no ciega de 197 registros y detalle ampliado de casos dudosos; sin etiquetas expertas,unconfirmed,0,1,eligible_for_background_study_not_confirmed_decay
Datos/Med_con_Decaimientos/9-9_10-9/run_20260909_142637_idx45_selected.txt::block132::event18749,Datos/Med_con_Decaimientos/9-9_10-9/run_20260909_142637_idx45_selected.txt,run_20260909_142637,45,18749,development,1024,205.859,1457.481,18,5,3,509.668,138.4,7.528229838709649,10.091840120168733,distinct_secondary,Pulso CH3 claro con recuperación gradual.,Codex; inspección visual no ciega de 197 registros y detalle ampliado de casos dudosos; sin etiquetas expertas,unconfirmed,3,2,eligible_for_background_study_not_confirmed_decay
Datos/Med_con_Decaimientos/9-9_10-9/run_20260909_142637_idx46_selected.txt::block104::event19080,Datos/Med_con_Decaimientos/9-9_10-9/run_20260909_142637_idx46_selected.txt,run_20260909_142637,46,19080,development,1024,202.539,1460.801,18,6,2,285.547,147.3,10.379102212051919,8.279374072575207,distinct_secondary,Pulso CH2 claro.,Codex; inspección visual no ciega de 197 registros y detalle ampliado de casos dudosos; sin etiquetas expertas,unconfirmed,2,0,eligible_for_background_study_not_confirmed_decay
Datos/Med_con_Decaimientos/9-9_10-9/run_20260909_142637_idx52_selected.txt::block6::event21288,Datos/Med_con_Decaimientos/9-9_10-9/run_20260909_142637_idx52_selected.txt,run_20260909_142637,52,21288,development,1024,205.859,1457.481,19,1,3,753.711,115.75,13.646259680717662,8.922549189647532,distinct_secondary,Pulso CH3 con dos mínimos sobre oscilación.,Codex; inspección visual no ciega de 197 registros y detalle ampliado de casos dudosos; sin etiquetas expertas,unconfirmed,2,1,eligible_for_background_study_not_confirmed_decay
Datos/Med_con_Decaimientos/9-9_10-9/run_20260909_142637_idx53_selected.txt::block115::event22065,Datos/Med_con_Decaimientos/9-9_10-9/run_20260909_142637_idx53_selected.txt,run_20260909_142637,53,22065,development,1024,207.52,1455.82,19,2,2,1228.515,175.6,5.122395408600369,10.966720126304638,distinct_secondary,"Pulso CH2 claro, leve excursión CH1 subumbral cercana.",Codex; inspección visual no ciega de 197 registros y detalle ampliado de casos dudosos; sin etiquetas expertas,unconfirmed,0,2,eligible_for_background_study_not_confirmed_decay
Datos/Med_con_Decaimientos/9-9_10-9/run_20260909_142637_idx56_selected.txt::block109::event23163,Datos/Med_con_Decaimientos/9-9_10-9/run_20260909_142637_idx56_selected.txt,run_20260909_142637,56,23163,development,1024,200.879,1462.461,19,3,3,639.16,138.79999999999998,12.306924525043087,10.885967141319934,distinct_secondary,Pulso CH3 ancho y claro.,Codex; inspección visual no ciega de 197 registros y detalle ampliado de casos dudosos; sin etiquetas expertas,unconfirmed,0,0,eligible_for_background_study_not_confirmed_decay
Datos/Med_con_Decaimientos/9-9_10-9/run_20260909_142637_idx61_selected.txt::block87::event25108,Datos/Med_con_Decaimientos/9-9_10-9/run_20260909_142637_idx61_selected.txt,run_20260909_142637,61,25108,evaluation,1024,200.879,1462.461,19,4,2,685.644,87.6,7.718432020912587,5.00723648560591,distinct_secondary,Pulso CH2 moderado sobre oscilación.,Codex; inspección visual no ciega de 197 registros y detalle ampliado de casos dudosos; sin etiquetas expertas,unconfirmed,0,2,eligible_for_background_study_not_confirmed_decay
Datos/Med_con_Decaimientos/9-9_10-9/run_20260909_142637_idx62_selected.txt::block106::event25534,Datos/Med_con_Decaimientos/9-9_10-9/run_20260909_142637_idx62_selected.txt,run_20260909_142637,62,25534,development,1024,204.199,1459.1409999999998,19,5,3,753.711,98.1,10.47299856699999,6.965004579437261,distinct_secondary,Pulso CH3 ancho distinguible.,Codex; inspección visual no ciega de 197 registros y detalle ampliado de casos dudosos; sin etiquetas expertas,unconfirmed,0,0,eligible_for_background_study_not_confirmed_decay
Datos/Med_con_Decaimientos/9-9_10-9/run_20260909_142637_idx63_selected.txt::block26::event25737,Datos/Med_con_Decaimientos/9-9_10-9/run_20260909_142637_idx63_selected.txt,run_20260909_142637,63,25737,development,1024,204.199,1459.1409999999998,19,6,2,1120.606,120.2,5.622434134469131,6.756149107423895,distinct_secondary,"Pulso CH2 estrecho, distinguible de oscilación.",Codex; inspección visual no ciega de 197 registros y detalle ampliado de casos dudosos; sin etiquetas expertas,unconfirmed,0,2,eligible_for_background_study_not_confirmed_decay
Datos/Med_con_Decaimientos/9-9_10-9/run_20260909_142637_idx65_selected.txt::block32::event26514,Datos/Med_con_Decaimientos/9-9_10-9/run_20260909_142637_idx65_selected.txt,run_20260909_142637,65,26514,development,1024,212.5,1450.84,20,1,2,139.45299999999997,115.5,9.582019284047874,5.645194399967155,distinct_secondary,Pulso CH2 ancho distinguible.,Codex; inspección visual no ciega de 197 registros y detalle ampliado de casos dudosos; sin etiquetas expertas,unconfirmed,0,1,eligible_for_background_study_not_confirmed_decay
Datos/Med_con_Decaimientos/9-9_10-9/run_20260909_142637_idx78_selected.txt::block76::event32103,Datos/Med_con_Decaimientos/9-9_10-9/run_20260909_142637_idx78_selected.txt,run_20260909_142637,78,32103,development,1024,204.199,1459.1409999999998,20,2,3,395.117,80.9,13.320472595201409,5.511747721379451,distinct_secondary,Pulso CH3 moderado sobre oscilación.,Codex; inspección visual no ciega de 197 registros y detalle ampliado de casos dudosos; sin etiquetas expertas,unconfirmed,0,2,eligible_for_background_study_not_confirmed_decay
Datos/Med_con_Decaimientos/9-9_10-9/run_20260909_142637_idx86_selected.txt::block49::event35344,Datos/Med_con_Decaimientos/9-9_10-9/run_20260909_142637_idx86_selected.txt,run_20260909_142637,86,35344,development,1024,215.82,1447.52,20,3,2,365.23499999999996,133.45,5.466369375942463,7.7262482276525,distinct_secondary,Pulso CH2 claro.,Codex; inspección visual no ciega de 197 registros y detalle ampliado de casos dudosos; sin etiquetas expertas,unconfirmed,2,1,eligible_for_background_study_not_confirmed_decay
Datos/Med_con_Decaimientos/9-9_10-9/run_20260909_142637_idx87_selected.txt::block67::event35842,Datos/Med_con_Decaimientos/9-9_10-9/run_20260909_142637_idx87_selected.txt,run_20260909_142637,87,35842,development,1024,204.199,1459.1409999999998,20,4,3,1064.1599999999999,110.55,8.055075561145486,5.941430554592637,distinct_secondary,Pulso CH3 claro sobre oscilación grande.,Codex; inspección visual no ciega de 197 registros y detalle ampliado de casos dudosos; sin etiquetas expertas,unconfirmed,0,0,eligible_for_background_study_not_confirmed_decay
Datos/Med_con_Decaimientos/9-9_10-9/run_20260909_142637_idx91_selected.txt::block115::event37662,Datos/Med_con_Decaimientos/9-9_10-9/run_20260909_142637_idx91_selected.txt,run_20260909_142637,91,37662,development,1024,212.5,1450.84,20,5,3,735.449,106.0,13.466392575928012,6.941361214030979,distinct_secondary,"Pulso CH3 con mínimos modulados, depresión sostenida.",Codex; inspección visual no ciega de 197 registros y detalle ampliado de casos dudosos; sin etiquetas expertas,unconfirmed,1,0,eligible_for_background_study_not_confirmed_decay
Datos/Med_con_Decaimientos/9-9_10-9/run_20260909_142637_idx96_selected.txt::block108::event39790,Datos/Med_con_Decaimientos/9-9_10-9/run_20260909_142637_idx96_selected.txt,run_20260909_142637,96,39790,evaluation,1024,209.18,1454.1599999999999,20,6,3,1371.289,126.85000000000001,11.638463231002788,7.813621263890969,distinct_secondary,Pulso CH3 ancho y claro cerca del final útil.,Codex; inspección visual no ciega de 197 registros y detalle ampliado de casos dudosos; sin etiquetas expertas,unconfirmed,2,3,eligible_for_background_study_not_confirmed_decay
Datos/Med_con_Decaimientos/Med Decaimiento 1/run_20260903_152154_idx30_selected.txt::block52::event21383,Datos/Med_con_Decaimientos/Med Decaimiento 1/run_20260903_152154_idx30_selected.txt,run_20260903_152154,30,21383,development,1024,209.18,1454.1599999999999,21,1,2,1367.9679999999998,96.4,12.220526020934813,7.473667725694688,distinct_secondary,Pulso CH2 ancho y claro cerca del final útil.,Codex; inspección visual no ciega de 197 registros y detalle ampliado de casos dudosos; sin etiquetas expertas,unconfirmed,0,1,eligible_for_background_study_not_confirmed_decay
Datos/Med_con_Decaimientos/Med Decaimiento 1/run_20260903_152154_idx42_selected.txt::block60::event43336,Datos/Med_con_Decaimientos/Med Decaimiento 1/run_20260903_152154_idx42_selected.txt,run_20260903_152154,42,43336,evaluation,1024,200.879,1462.461,21,2,2,436.621,81.60000000000001,6.064092966795442,4.958418556152269,distinct_secondary,Pulso CH2 moderado aislado.,Codex; inspección visual no ciega de 197 registros y detalle ampliado de casos dudosos; sin etiquetas expertas,unconfirmed,0,1,eligible_for_background_study_not_confirmed_decay
Datos/Med_con_Decaimientos/Med Decaimiento 1/run_20260903_152154_idx43_selected.txt::block5::event44045,Datos/Med_con_Decaimientos/Med Decaimiento 1/run_20260903_152154_idx43_selected.txt,run_20260903_152154,43,44045,development,1024,212.5,1450.84,21,3,2,410.05899999999997,116.0,7.540403851226529,7.670679225420103,distinct_secondary,Pulso CH2 claro con cola.,Codex; inspección visual no ciega de 197 registros y detalle ampliado de casos dudosos; sin etiquetas expertas,unconfirmed,0,1,eligible_for_background_study_not_confirmed_decay
Datos/Med_con_Decaimientos/Med Decaimiento 1/run_20260903_152154_idx45_selected.txt::block56::event48093,Datos/Med_con_Decaimientos/Med Decaimiento 1/run_20260903_152154_idx45_selected.txt,run_20260903_152154,45,48093,development,1024,214.16,1449.1799999999998,21,4,3,327.05100000000004,86.89999999999999,12.064651918976551,7.661862352747205,distinct_secondary,Pulso CH3 moderado con recuperación.,Codex; inspección visual no ciega de 197 registros y detalle ampliado de casos dudosos; sin etiquetas expertas,unconfirmed,0,1,eligible_for_background_study_not_confirmed_decay
Datos/Med_con_Decaimientos/Med Decaimiento 1/run_20260903_152154_idx47_selected.txt::block42::event49061,Datos/Med_con_Decaimientos/Med Decaimiento 1/run_20260903_152154_idx47_selected.txt,run_20260903_152154,47,49061,evaluation,1024,210.84,1452.5,21,5,2,1150.488,98.6,8.118191963397749,6.584632562811117,distinct_secondary,Pulso CH2 moderado distinguible.,Codex; inspección visual no ciega de 197 registros y detalle ampliado de casos dudosos; sin etiquetas expertas,unconfirmed,2,1,eligible_for_background_study_not_confirmed_decay
Datos/Med_con_Decaimientos/Med Decaimiento 1/run_20260903_152154_idx5_selected.txt::block46::event2167,Datos/Med_con_Decaimientos/Med Decaimiento 1/run_20260903_152154_idx5_selected.txt,run_20260903_152154,5,2167,development,1024,214.16,1449.1799999999998,21,6,3,225.78099999999998,113.0,7.40341212007678,9.771468694981444,distinct_secondary,Pulso CH3 claro con mínimo modulado.,Codex; inspección visual no ciega de 197 registros y detalle ampliado de casos dudosos; sin etiquetas expertas,unconfirmed,0,0,eligible_for_background_study_not_confirmed_decay
Datos/Med_con_Decaimientos/Med Decaimiento 1/run_20260903_152154_idx9_selected.txt::block92::event3847,Datos/Med_con_Decaimientos/Med Decaimiento 1/run_20260903_152154_idx9_selected.txt,run_20260903_152154,9,3847,development,1024,217.48,1445.86,22,1,2,1150.489,161.1,11.079426810464383,10.975804176937324,distinct_secondary,Pulso CH2 claro con recuperación gradual.,Codex; inspección visual no ciega de 197 registros y detalle ampliado de casos dudosos; sin etiquetas expertas,unconfirmed,0,0,eligible_for_background_study_not_confirmed_decay
Datos/Med_con_Decaimientos/PAblo/run_20260904_134314_idx405_selected.txt::block48::event164850,Datos/Med_con_Decaimientos/PAblo/run_20260904_134314_idx405_selected.txt,run_20260904_134314,405,164850,development,1024,205.859,1457.481,22,2,3,1407.813,94.35000000000001,7.419948822906463,6.269773710011504,distinct_secondary,Pulso CH3 ancho cerca del final útil.,Codex; inspección visual no ciega de 197 registros y detalle ampliado de casos dudosos; sin etiquetas expertas,unconfirmed,1,2,eligible_for_background_study_not_confirmed_decay
Datos/Med_con_Decaimientos/PAblo/run_20260904_134314_idx426_selected.txt::block74::event173337,Datos/Med_con_Decaimientos/PAblo/run_20260904_134314_idx426_selected.txt,run_20260904_134314,426,173337,development,1024,215.82,1447.52,22,3,2,702.2460000000001,91.55000000000001,7.450639613840394,5.853045405695005,distinct_secondary,Pulso CH2 moderado distinguible.,Codex; inspección visual no ciega de 197 registros y detalle ampliado de casos dudosos; sin etiquetas expertas,unconfirmed,0,1,eligible_for_background_study_not_confirmed_decay
Datos/Med_con_Decaimientos/PAblo/run_20260904_134314_idx426_selected.txt::block96::event173391,Datos/Med_con_Decaimientos/PAblo/run_20260904_134314_idx426_selected.txt,run_20260904_134314,426,173391,development,1024,225.781,1437.559,22,4,2,116.21100000000001,92.0,14.173057165169837,5.799359801107174,distinct_secondary,Pulso CH2 moderado próximo al inicial.,Codex; inspección visual no ciega de 197 registros y detalle ampliado de casos dudosos; sin etiquetas expertas,unconfirmed,0,0,eligible_for_background_study_not_confirmed_decay
Datos/Med_con_Decaimientos/PAblo/run_20260904_134314_idx429_selected.txt::block29::event174402,Datos/Med_con_Decaimientos/PAblo/run_20260904_134314_idx429_selected.txt,run_20260904_134314,429,174402,development,1024,225.781,1437.559,22,5,2,84.668,115.19999999999999,8.55397430361188,6.876224379796793,distinct_secondary,Pulso CH2 claro a 85 ns del inicial.,Codex; inspección visual no ciega de 197 registros y detalle ampliado de casos dudosos; sin etiquetas expertas,unconfirmed,0,0,eligible_for_background_study_not_confirmed_decay
Datos/Med_con_Decaimientos/PAblo/run_20260904_134314_idx431_selected.txt::block10::event175160,Datos/Med_con_Decaimientos/PAblo/run_20260904_134314_idx431_selected.txt,run_20260904_134314,431,175160,development,1024,214.16,1449.1799999999998,22,6,2,1230.176,182.55,13.19711822829072,11.453794245809531,distinct_secondary,Pulso CH2 intenso con recuperación modulada.,Codex; inspección visual no ciega de 197 registros y detalle ampliado de casos dudosos; sin etiquetas expertas,unconfirmed,0,1,eligible_for_background_study_not_confirmed_decay
Datos/Med_con_Decaimientos/PAblo/run_20260904_134314_idx440_selected.txt::block68::event179033,Datos/Med_con_Decaimientos/PAblo/run_20260904_134314_idx440_selected.txt,run_20260904_134314,440,179033,development,1024,212.5,1450.84,23,1,2,642.48,128.29999999999998,6.302774397910866,7.557830955532503,distinct_secondary,Pulso CH2 claro y aislado.,Codex; inspección visual no ciega de 197 registros y detalle ampliado de casos dudosos; sin etiquetas expertas,unconfirmed,0,1,eligible_for_background_study_not_confirmed_decay
Datos/Med_con_Decaimientos/PAblo/run_20260904_134314_idx442_selected.txt::block10::event179658,Datos/Med_con_Decaimientos/PAblo/run_20260904_134314_idx442_selected.txt,run_20260904_134314,442,179658,development,1024,222.461,1440.879,23,2,2,659.082,225.15,11.747065628916857,15.262471808658836,distinct_secondary,Pulso CH2 intenso y ancho.,Codex; inspección visual no ciega de 197 registros y detalle ampliado de casos dudosos; sin etiquetas expertas,unconfirmed,0,2,eligible_for_background_study_not_confirmed_decay
Datos/Med_con_Decaimientos/PAblo/run_20260904_134314_idx442_selected.txt::block44::event179730,Datos/Med_con_Decaimientos/PAblo/run_20260904_134314_idx442_selected.txt,run_20260904_134314,442,179730,development,1024,224.121,1439.2189999999998,23,3,2,708.8870000000001,410.4,9.21416056610451,25.870187634504173,distinct_secondary,Pulso CH2 muy intenso sin recorte visible.,Codex; inspección visual no ciega de 197 registros y detalle ampliado de casos dudosos; sin etiquetas expertas,unconfirmed,1,2,eligible_for_background_study_not_confirmed_decay
Datos/Med_con_Decaimientos/PAblo/run_20260904_134314_idx442_selected.txt::block130::event180011,Datos/Med_con_Decaimientos/PAblo/run_20260904_134314_idx442_selected.txt,run_20260904_134314,442,180011,development,1024,220.801,1442.539,23,4,2,361.91400000000004,110.1,7.365702761402531,6.751039328943012,distinct_secondary,Pulso CH2 moderado con recuperación.,Codex; inspección visual no ciega de 197 registros y detalle ampliado de casos dudosos; sin etiquetas expertas,unconfirmed,0,0,eligible_for_background_study_not_confirmed_decay
Datos/Med_con_Decaimientos/PAblo/run_20260904_134314_idx458_selected.txt::block61::event186242,Datos/Med_con_Decaimientos/PAblo/run_20260904_134314_idx458_selected.txt,run_20260904_134314,458,186242,development,1024,219.141,1444.1989999999998,23,5,2,992.773,260.90000000000003,8.609968868612441,15.853571094364298,distinct_secondary,"Pulso CH2 intenso, recuperación visible.",Codex; inspección visual no ciega de 197 registros y detalle ampliado de casos dudosos; sin etiquetas expertas,unconfirmed,0,0,eligible_for_background_study_not_confirmed_decay
Datos/Med_con_Decaimientos/PAblo/run_20260904_134314_idx463_selected.txt::block107::event188304,Datos/Med_con_Decaimientos/PAblo/run_20260904_134314_idx463_selected.txt,run_20260904_134314,463,188304,development,1024,215.82,1447.52,23,6,2,161.03500000000003,97.5,11.714305986696218,5.669211124911037,distinct_secondary,Pulso CH2 moderado y ancho.,Codex; inspección visual no ciega de 197 registros y detalle ampliado de casos dudosos; sin etiquetas expertas,unconfirmed,0,1,eligible_for_background_study_not_confirmed_decay
Datos/Med_con_Decaimientos/PAblo/run_20260904_134314_idx478_selected.txt::block87::event194361,Datos/Med_con_Decaimientos/PAblo/run_20260904_134314_idx478_selected.txt,run_20260904_134314,478,194361,development,1024,215.82,1447.52,24,1,3,161.03500000000003,136.70000000000002,12.299003554613478,9.914288905424792,distinct_secondary,Pulso CH3 ancho y claro próximo al inicial.,Codex; inspección visual no ciega de 197 registros y detalle ampliado de casos dudosos; sin etiquetas expertas,unconfirmed,0,0,eligible_for_background_study_not_confirmed_decay
Datos/Med_con_Decaimientos/PAblo/run_20260904_134314_idx482_selected.txt::block43::event195844,Datos/Med_con_Decaimientos/PAblo/run_20260904_134314_idx482_selected.txt,run_20260904_134314,482,195844,development,1024,224.121,1439.2189999999998,24,2,3,720.508,141.6,7.148519851116589,11.506974884564565,distinct_secondary,Pulso CH3 claro con recuperación modulada.,Codex; inspección visual no ciega de 197 registros y detalle ampliado de casos dudosos; sin etiquetas expertas,unconfirmed,1,0,eligible_for_background_study_not_confirmed_decay
Datos/Med_con_Decaimientos/PAblo/run_20260904_134314_idx484_selected.txt::block91::event196821,Datos/Med_con_Decaimientos/PAblo/run_20260904_134314_idx484_selected.txt,run_20260904_134314,484,196821,development,1024,224.121,1439.2189999999998,24,3,2,527.9300000000001,249.0,10.545005340624925,15.130468388258757,distinct_secondary,Pulso CH2 intenso sobre base relativamente quieta.,Codex; inspección visual no ciega de 197 registros y detalle ampliado de casos dudosos; sin etiquetas expertas,unconfirmed,0,0,eligible_for_background_study_not_confirmed_decay
Datos/Med_con_Decaimientos/PAblo/run_20260904_134314_idx492_selected.txt::block81::event199939,Datos/Med_con_Decaimientos/PAblo/run_20260904_134314_idx492_selected.txt,run_20260904_134314,492,199939,development,1024,220.801,1442.539,24,4,2,879.883,104.39999999999999,13.135388164451797,6.80355896515522,distinct_secondary,Pulso CH2 moderado y ancho.,Codex; inspección visual no ciega de 197 registros y detalle ampliado de casos dudosos; sin etiquetas expertas,unconfirmed,0,0,eligible_for_background_study_not_confirmed_decay
Datos/Med_con_Decaimientos/PAblo/run_20260904_134314_idx503_selected.txt::block80::event204353,Datos/Med_con_Decaimientos/PAblo/run_20260904_134314_idx503_selected.txt,run_20260904_134314,503,204353,development,1024,220.801,1442.539,24,5,2,1283.3010000000002,120.5,11.738028677641978,8.46626422051351,distinct_secondary,Pulso CH2 claro con cola.,Codex; inspección visual no ciega de 197 registros y detalle ampliado de casos dudosos; sin etiquetas expertas,unconfirmed,0,0,eligible_for_background_study_not_confirmed_decay
Datos/Med_con_Decaimientos/PAblo/run_20260904_134314_idx522_selected.txt::block119::event212015,Datos/Med_con_Decaimientos/PAblo/run_20260904_134314_idx522_selected.txt,run_20260904_134314,522,212015,development,1024,219.141,1444.1989999999998,24,6,3,448.2420000000001,96.10000000000001,10.965607467272207,5.892596544154619,distinct_secondary,Pulso CH3 moderado con recuperación modulada.,Codex; inspección visual no ciega de 197 registros y detalle ampliado de casos dudosos; sin etiquetas expertas,unconfirmed,0,0,eligible_for_background_study_not_confirmed_decay
Datos/Med_con_Decaimientos/PAblo/run_20260904_134314_idx523_selected.txt::block90::event212336,Datos/Med_con_Decaimientos/PAblo/run_20260904_134314_idx523_selected.txt,run_20260904_134314,523,212336,development,1024,209.18,1454.1599999999999,25,1,2,204.199,126.20000000000002,11.237398307999229,8.775333386180034,distinct_secondary,Pulso CH2 ancho y claro.,Codex; inspección visual no ciega de 197 registros y detalle ampliado de casos dudosos; sin etiquetas expertas,unconfirmed,0,0,eligible_for_background_study_not_confirmed_decay
Datos/Med_con_Decaimientos/PAblo/run_20260904_134314_idx530_selected.txt::block125::event215326,Datos/Med_con_Decaimientos/PAblo/run_20260904_134314_idx530_selected.txt,run_20260904_134314,530,215326,development,1024,219.141,1444.1989999999998,25,2,2,1348.047,154.2,11.843913590650118,10.505704556696058,distinct_secondary,Pulso CH2 ancho sobre base relativamente quieta.,Codex; inspección visual no ciega de 197 registros y detalle ampliado de casos dudosos; sin etiquetas expertas,unconfirmed,0,0,eligible_for_background_study_not_confirmed_decay
Datos/Med_con_Decaimientos/PAblo/run_20260904_134314_idx538_selected.txt::block67::event218284,Datos/Med_con_Decaimientos/PAblo/run_20260904_134314_idx538_selected.txt,run_20260904_134314,538,218284,development,1024,210.84,1452.5,25,3,2,1170.41,172.9,11.703723460026367,10.899014234906852,distinct_secondary,Pulso CH2 claro con recuperación.,Codex; inspección visual no ciega de 197 registros y detalle ampliado de casos dudosos; sin etiquetas expertas,unconfirmed,1,1,eligible_for_background_study_not_confirmed_decay
Datos/Med_con_Decaimientos/PAblo/run_20260904_134314_idx545_selected.txt::block47::event220969,Datos/Med_con_Decaimientos/PAblo/run_20260904_134314_idx545_selected.txt,run_20260904_134314,545,220969,development,1024,222.461,1440.879,25,4,2,811.816,297.1,9.92346798618928,19.084876632428234,distinct_secondary,Pulso CH2 intenso con cola.,Codex; inspección visual no ciega de 197 registros y detalle ampliado de casos dudosos; sin etiquetas expertas,unconfirmed,0,1,eligible_for_background_study_not_confirmed_decay
Datos/Med_con_Decaimientos/PAblo/run_20260904_134314_idx557_selected.txt::block131::event226045,Datos/Med_con_Decaimientos/PAblo/run_20260904_134314_idx557_selected.txt,run_20260904_134314,557,226045,evaluation,1024,210.84,1452.5,25,5,3,142.77350000000004,89.6,12.65857553829079,6.790378881921677,distinct_secondary,"Pulso CH3 con dos mínimos sobre oscilación, separado del inicial.",Codex; inspección visual no ciega de 197 registros y detalle ampliado de casos dudosos; sin etiquetas expertas,unconfirmed,4,0,eligible_for_background_study_not_confirmed_decay
Datos/Med_con_Decaimientos/PAblo/run_20260904_134314_idx558_selected.txt::block88::event226356,Datos/Med_con_Decaimientos/PAblo/run_20260904_134314_idx558_selected.txt,run_20260904_134314,558,226356,development,1024,217.48,1445.86,25,6,3,1080.762,282.5,9.97464749156552,21.409397702487436,distinct_secondary,Pulso CH3 intenso con recuperación gradual.,Codex; inspección visual no ciega de 197 registros y detalle ampliado de casos dudosos; sin etiquetas expertas,unconfirmed,2,0,eligible_for_background_study_not_confirmed_decay
Datos/Med_con_Decaimientos/PAblo/run_20260904_134314_idx565_selected.txt::block12::event229011,Datos/Med_con_Decaimientos/PAblo/run_20260904_134314_idx565_selected.txt,run_20260904_134314,565,229011,development,1024,219.141,1444.1989999999998,26,1,3,416.69900000000007,91.0,9.736914484811678,7.577612236095081,distinct_secondary,Pulso CH3 claro.,Codex; inspección visual no ciega de 197 registros y detalle ampliado de casos dudosos; sin etiquetas expertas,unconfirmed,0,0,eligible_for_background_study_not_confirmed_decay
Datos/Med_con_Decaimientos/PAblo/run_20260904_134314_idx567_selected.txt::block93::event230061,Datos/Med_con_Decaimientos/PAblo/run_20260904_134314_idx567_selected.txt,run_20260904_134314,567,230061,development,1024,209.18,1454.1599999999999,26,2,2,1162.109,200.3,10.612618773946224,12.281863556651095,distinct_secondary,Pulso CH2 claro con recuperación modulada.,Codex; inspección visual no ciega de 197 registros y detalle ampliado de casos dudosos; sin etiquetas expertas,unconfirmed,0,0,eligible_for_background_study_not_confirmed_decay
Datos/Med_con_Decaimientos/PAblo/run_20260904_134314_idx579_selected.txt::block28::event234626,Datos/Med_con_Decaimientos/PAblo/run_20260904_134314_idx579_selected.txt,run_20260904_134314,579,234626,development,1024,225.781,1437.559,26,3,3,874.903,87.39999999999999,5.1385949367088415,7.462087642817014,distinct_secondary,"Pulso CH3 moderado y estrecho, con cola.",Codex; inspección visual no ciega de 197 registros y detalle ampliado de casos dudosos; sin etiquetas expertas,unconfirmed,0,0,eligible_for_background_study_not_confirmed_decay
Datos/Med_con_Decaimientos/PAblo/run_20260904_134314_idx579_selected.txt::block82::event234764,Datos/Med_con_Decaimientos/PAblo/run_20260904_134314_idx579_selected.txt,run_20260904_134314,579,234764,development,1024,219.141,1444.1989999999998,26,4,2,161.035,125.7,12.49942169141542,8.478348846620802,distinct_secondary,Pulso CH2 claro próximo al inicial.,Codex; inspección visual no ciega de 197 registros y detalle ampliado de casos dudosos; sin etiquetas expertas,unconfirmed,0,2,eligible_for_background_study_not_confirmed_decay
Datos/Med_con_Decaimientos/PAblo/run_20260904_134314_idx581_selected.txt::block28::event235369,Datos/Med_con_Decaimientos/PAblo/run_20260904_134314_idx581_selected.txt,run_20260904_134314,581,235369,development,1024,219.141,1444.1989999999998,26,5,2,350.293,198.8,9.335006734006583,12.30172137467405,distinct_secondary,Pulso CH2 intenso con recuperación.,Codex; inspección visual no ciega de 197 registros y detalle ampliado de casos dudosos; sin etiquetas expertas,unconfirmed,1,0,eligible_for_background_study_not_confirmed_decay
Datos/Med_con_Decaimientos/PAblo/run_20260904_134314_idx585_selected.txt::block40::event236990,Datos/Med_con_Decaimientos/PAblo/run_20260904_134314_idx585_selected.txt,run_20260904_134314,585,236990,development,1024,215.82,1447.52,26,6,2,1376.27,83.4,12.586613703219882,5.85963847295292,distinct_secondary,Pulso CH2 moderado de mínimos modulados.,Codex; inspección visual no ciega de 197 registros y detalle ampliado de casos dudosos; sin etiquetas expertas,unconfirmed,1,0,eligible_for_background_study_not_confirmed_decay
Datos/Med_con_Decaimientos/PAblo/run_20260904_134314_idx588_selected.txt::block78::event238333,Datos/Med_con_Decaimientos/PAblo/run_20260904_134314_idx588_selected.txt,run_20260904_134314,588,238333,development,1024,225.781,1437.559,27,1,2,595.9960000000001,106.0,5.164704943557808,7.525896895212536,distinct_secondary,"Pulso CH2 distinguible, con oscilación en recuperación.",Codex; inspección visual no ciega de 197 registros y detalle ampliado de casos dudosos; sin etiquetas expertas,unconfirmed,1,0,eligible_for_background_study_not_confirmed_decay
Datos/Med_con_Decaimientos/PAblo/run_20260904_134314_idx597_selected.txt::block47::event241903,Datos/Med_con_Decaimientos/PAblo/run_20260904_134314_idx597_selected.txt,run_20260904_134314,597,241903,development,1024,217.48,1445.86,27,2,2,391.797,328.0,8.412187450980355,19.930898117866953,distinct_secondary,Pulso CH2 intenso y claro.,Codex; inspección visual no ciega de 197 registros y detalle ampliado de casos dudosos; sin etiquetas expertas,unconfirmed,0,0,eligible_for_background_study_not_confirmed_decay
Datos/Med_con_Decaimientos/PAblo/run_20260904_134314_idx597_selected.txt::block148::event242178,Datos/Med_con_Decaimientos/PAblo/run_20260904_134314_idx597_selected.txt,run_20260904_134314,597,242178,development,1024,215.82,1447.52,27,3,2,493.06699999999995,106.6,14.264841212737451,6.448494615265027,distinct_secondary,Pulso CH2 moderado con recuperación.,Codex; inspección visual no ciega de 197 registros y detalle ampliado de casos dudosos; sin etiquetas expertas,unconfirmed,1,1,eligible_for_background_study_not_confirmed_decay
Datos/Med_con_Decaimientos/PAblo/run_20260904_134314_idx604_selected.txt::block12::event244700,Datos/Med_con_Decaimientos/PAblo/run_20260904_134314_idx604_selected.txt,run_20260904_134314,604,244700,development,1024,214.16,1449.1799999999998,27,4,3,172.65599999999998,129.6,9.860216062331403,9.71266693646297,distinct_secondary,Pulso CH3 claro próximo al inicial.,Codex; inspección visual no ciega de 197 registros y detalle ampliado de casos dudosos; sin etiquetas expertas,unconfirmed,0,0,eligible_for_background_study_not_confirmed_decay
Datos/Med_con_Decaimientos/PAblo/run_20260904_134314_idx609_selected.txt::block28::event246704,Datos/Med_con_Decaimientos/PAblo/run_20260904_134314_idx609_selected.txt,run_20260904_134314,609,246704,development,1024,220.801,1442.539,27,5,2,972.8510000000001,164.0,12.196138418079045,11.767711122783151,distinct_secondary,Pulso CH2 claro de recuperación modulada.,Codex; inspección visual no ciega de 197 registros y detalle ampliado de casos dudosos; sin etiquetas expertas,unconfirmed,0,0,eligible_for_background_study_not_confirmed_decay
Datos/Med_con_Decaimientos/PAblo/run_20260904_134314_idx617_selected.txt::block31::event250057,Datos/Med_con_Decaimientos/PAblo/run_20260904_134314_idx617_selected.txt,run_20260904_134314,617,250057,development,1024,219.141,1444.1989999999998,27,6,3,157.71400000000003,116.7,9.174690585216126,8.285586487465123,distinct_secondary,Pulso CH3 claro próximo al inicial.,Codex; inspección visual no ciega de 197 registros y detalle ampliado de casos dudosos; sin etiquetas expertas,unconfirmed,0,0,eligible_for_background_study_not_confirmed_decay
Datos/Med_con_Decaimientos/PAblo/run_20260904_134314_idx621_selected.txt::block71::event251786,Datos/Med_con_Decaimientos/PAblo/run_20260904_134314_idx621_selected.txt,run_20260904_134314,621,251786,development,1024,214.16,1449.1799999999998,28,1,2,501.3670000000001,85.85,6.383394574268095,5.17009211616658,distinct_secondary,Pulso CH2 moderado aislado.,Codex; inspección visual no ciega de 197 registros y detalle ampliado de casos dudosos; sin etiquetas expertas,unconfirmed,1,0,eligible_for_background_study_not_confirmed_decay
Datos/Med_con_Decaimientos/PAblo/run_20260904_134314_idx655_selected.txt::block59::event265479,Datos/Med_con_Decaimientos/PAblo/run_20260904_134314_idx655_selected.txt,run_20260904_134314,655,265479,development,1024,217.48,1445.86,28,2,2,747.071,81.05000000000001,8.10152129299388,4.94728290095729,distinct_secondary,Pulso CH2 moderado y ancho sobre base quieta.,Codex; inspección visual no ciega de 197 registros y detalle ampliado de casos dudosos; sin etiquetas expertas,unconfirmed,1,0,eligible_for_background_study_not_confirmed_decay
Datos/Med_con_Decaimientos/PAblo/run_20260904_134314_idx661_selected.txt::block63::event267852,Datos/Med_con_Decaimientos/PAblo/run_20260904_134314_idx661_selected.txt,run_20260904_134314,661,267852,development,1024,214.16,1449.1799999999998,28,3,2,1191.992,176.20000000000002,8.890242624233679,11.318597316169152,distinct_secondary,Pulso CH2 claro e intenso.,Codex; inspección visual no ciega de 197 registros y detalle ampliado de casos dudosos; sin etiquetas expertas,unconfirmed,0,0,eligible_for_background_study_not_confirmed_decay
Datos/Med_con_Decaimientos/PAblo/run_20260904_134314_idx668_selected.txt::block35::event270567,Datos/Med_con_Decaimientos/PAblo/run_20260904_134314_idx668_selected.txt,run_20260904_134314,668,270567,development,1024,209.18,1454.1599999999999,28,4,3,420.01899999999995,96.3,13.819893079377152,5.904860012508738,distinct_secondary,Pulso CH3 ancho distinguible.,Codex; inspección visual no ciega de 197 registros y detalle ampliado de casos dudosos; sin etiquetas expertas,unconfirmed,1,0,eligible_for_background_study_not_confirmed_decay
Datos/Med_con_Decaimientos/PAblo/run_20260904_134314_idx669_selected.txt::block135::event271282,Datos/Med_con_Decaimientos/PAblo/run_20260904_134314_idx669_selected.txt,run_20260904_134314,669,271282,development,1024,219.141,1444.1989999999998,28,5,2,167.67499999999998,159.7,10.715488785141588,9.704159845802904,distinct_secondary,Pulso CH2 claro próximo al inicial.,Codex; inspección visual no ciega de 197 registros y detalle ampliado de casos dudosos; sin etiquetas expertas,unconfirmed,0,0,eligible_for_background_study_not_confirmed_decay
Datos/Med_con_Decaimientos/PAblo/run_20260904_134314_idx678_selected.txt::block78::event274735,Datos/Med_con_Decaimientos/PAblo/run_20260904_134314_idx678_selected.txt,run_20260904_134314,678,274735,evaluation,1024,212.5,1450.84,28,6,2,361.914,123.6,10.665889705882364,7.578823442846106,distinct_secondary,Pulso CH2 claro sobre oscilación.,Codex; inspección visual no ciega de 197 registros y detalle ampliado de casos dudosos; sin etiquetas expertas,unconfirmed,0,1,eligible_for_background_study_not_confirmed_decay
Datos/Med_con_Decaimientos/PAblo/run_20260904_134314_idx691_selected.txt::block57::event279913,Datos/Med_con_Decaimientos/PAblo/run_20260904_134314_idx691_selected.txt,run_20260904_134314,691,279913,evaluation,1024,212.5,1450.84,29,1,2,1432.715,86.45,11.339597073785626,5.773240213539768,distinct_secondary,"Pulso CH2 moderado cerca del final, recuperación visible.",Codex; inspección visual no ciega de 197 registros y detalle ampliado de casos dudosos; sin etiquetas expertas,unconfirmed,3,2,eligible_for_background_study_not_confirmed_decay
Datos/Med_con_Decaimientos/PAblo/run_20260904_134314_idx693_selected.txt::block23::event280649,Datos/Med_con_Decaimientos/PAblo/run_20260904_134314_idx693_selected.txt,run_20260904_134314,693,280649,development,1024,229.102,1434.2379999999998,29,2,3,418.35900000000004,91.30000000000001,12.58223458462328,6.41468816043887,distinct_secondary,Pulso CH3 moderado y ancho.,Codex; inspección visual no ciega de 197 registros y detalle ampliado de casos dudosos; sin etiquetas expertas,unconfirmed,2,0,eligible_for_background_study_not_confirmed_decay
Datos/Med_con_Decaimientos/PAblo/run_20260904_134314_idx699_selected.txt::block73::event283198,Datos/Med_con_Decaimientos/PAblo/run_20260904_134314_idx699_selected.txt,run_20260904_134314,699,283198,evaluation,1024,219.141,1444.1989999999998,29,3,2,889.843,97.6,7.126858151735405,5.984572556810519,distinct_secondary,Pulso CH2 moderado; pequeña excursión CH1 coincidente subumbral.,Codex; inspección visual no ciega de 197 registros y detalle ampliado de casos dudosos; sin etiquetas expertas,unconfirmed,1,0,eligible_for_background_study_not_confirmed_decay
Datos/Med_con_Decaimientos/PAblo/run_20260904_134314_idx699_selected.txt::block131::event283370,Datos/Med_con_Decaimientos/PAblo/run_20260904_134314_idx699_selected.txt,run_20260904_134314,699,283370,development,1024,220.801,1442.539,29,4,2,451.56200000000007,284.7,11.018343294147598,17.145314216338093,distinct_secondary,Pulso CH2 intenso y claro.,Codex; inspección visual no ciega de 197 registros y detalle ampliado de casos dudosos; sin etiquetas expertas,unconfirmed,1,1,eligible_for_background_study_not_confirmed_decay
Datos/Med_con_Decaimientos/PAblo/run_20260904_134314_idx701_selected.txt::block52::event283988,Datos/Med_con_Decaimientos/PAblo/run_20260904_134314_idx701_selected.txt,run_20260904_134314,701,283988,development,1024,212.5,1450.84,29,5,2,1097.363,100.2,8.538882900733142,6.116196751090936,distinct_secondary,Pulso CH2 moderado; excursiones menores en otros canales.,Codex; inspección visual no ciega de 197 registros y detalle ampliado de casos dudosos; sin etiquetas expertas,unconfirmed,3,1,eligible_for_background_study_not_confirmed_decay
Datos/Med_con_Decaimientos/PAblo/run_20260904_134314_idx704_selected.txt::block107::event285391,Datos/Med_con_Decaimientos/PAblo/run_20260904_134314_idx704_selected.txt,run_20260904_134314,704,285391,development,1024,209.18,1454.1599999999999,29,6,2,1439.355,86.5,7.6275143585671685,4.782250056944712,distinct_secondary,"Pulso CH2 cerca del final, contenido.",Codex; inspección visual no ciega de 197 registros y detalle ampliado de casos dudosos; sin etiquetas expertas,unconfirmed,0,0,eligible_for_background_study_not_confirmed_decay
Datos/Med_con_Decaimientos/PAblo/run_20260904_134314_idx707_selected.txt::block112::event286631,Datos/Med_con_Decaimientos/PAblo/run_20260904_134314_idx707_selected.txt,run_20260904_134314,707,286631,evaluation,1024,225.781,1437.559,30,1,3,1248.438,96.19999999999999,13.00767021667275,5.952845051527381,distinct_secondary,"Pulso CH3 de mínimo modulado, distinguible.",Codex; inspección visual no ciega de 197 registros y detalle ampliado de casos dudosos; sin etiquetas expertas,unconfirmed,0,0,eligible_for_background_study_not_confirmed_decay
Datos/Med_con_Decaimientos/PAblo/run_20260904_134314_idx709_selected.txt::block34::event287268,Datos/Med_con_Decaimientos/PAblo/run_20260904_134314_idx709_selected.txt,run_20260904_134314,709,287268,evaluation,1024,217.48,1445.86,30,2,3,144.434,120.2,12.253964276401518,10.134223661135843,distinct_secondary,Pulso CH3 claro próximo al inicial.,Codex; inspección visual no ciega de 197 registros y detalle ampliado de casos dudosos; sin etiquetas expertas,unconfirmed,0,0,eligible_for_background_study_not_confirmed_decay
Datos/Med_con_Decaimientos/PAblo/run_20260904_134314_idx717_selected.txt::block128::event290865,Datos/Med_con_Decaimientos/PAblo/run_20260904_134314_idx717_selected.txt,run_20260904_134314,717,290865,development,1024,222.461,1440.879,30,3,2,1191.992,195.7,10.62107850648681,11.478073185179973,distinct_secondary,Pulso CH2 intenso y claro.,Codex; inspección visual no ciega de 197 registros y detalle ampliado de casos dudosos; sin etiquetas expertas,unconfirmed,0,1,eligible_for_background_study_not_confirmed_decay
Datos/Med_con_Decaimientos/PAblo/run_20260904_134314_idx721_selected.txt::block100::event292373,Datos/Med_con_Decaimientos/PAblo/run_20260904_134314_idx721_selected.txt,run_20260904_134314,721,292373,development,1024,212.5,1450.84,30,4,2,1434.375,81.2,11.669151144775242,4.804267514868379,distinct_secondary,"Pulso CH2 moderado cerca del final, contenido.",Codex; inspección visual no ciega de 197 registros y detalle ampliado de casos dudosos; sin etiquetas expertas,unconfirmed,0,0,eligible_for_background_study_not_confirmed_decay
Datos/Med_con_Decaimientos/PAblo/run_20260904_134314_idx729_selected.txt::block13::event295414,Datos/Med_con_Decaimientos/PAblo/run_20260904_134314_idx729_selected.txt,run_20260904_134314,729,295414,development,1024,217.48,1445.86,30,5,2,360.254,93.9,7.674123713991889,6.089873299505029,distinct_secondary,Pulso CH2 claro con recuperación.,Codex; inspección visual no ciega de 197 registros y detalle ampliado de casos dudosos; sin etiquetas expertas,unconfirmed,1,1,eligible_for_background_study_not_confirmed_decay
Datos/Med_con_Decaimientos/PAblo/run_20260904_134314_idx729_selected.txt::block70::event295600,Datos/Med_con_Decaimientos/PAblo/run_20260904_134314_idx729_selected.txt,run_20260904_134314,729,295600,development,1024,225.781,1437.559,30,6,2,313.77000000000004,89.9,13.166606641283238,5.5124290251769015,distinct_secondary,Pulso CH2 moderado y ancho.,Codex; inspección visual no ciega de 197 registros y detalle ampliado de casos dudosos; sin etiquetas expertas,unconfirmed,0,0,eligible_for_background_study_not_confirmed_decay
Datos/Med_con_Decaimientos/PAblo/run_20260904_134314_idx735_selected.txt::block113::event298144,Datos/Med_con_Decaimientos/PAblo/run_20260904_134314_idx735_selected.txt,run_20260904_134314,735,298144,development,1024,212.5,1450.84,31,1,2,335.352,230.3,8.704014036239073,15.85053284769999,distinct_secondary,Pulso CH2 intenso y claro.,Codex; inspección visual no ciega de 197 registros y detalle ampliado de casos dudosos; sin etiquetas expertas,unconfirmed,1,0,eligible_for_background_study_not_confirmed_decay
Datos/Med_con_Decaimientos/PAblo/run_20260904_134314_idx736_selected.txt::block46::event298355,Datos/Med_con_Decaimientos/PAblo/run_20260904_134314_idx736_selected.txt,run_20260904_134314,736,298355,development,1024,220.801,1442.539,31,2,2,423.34,86.1,5.513955802275518,5.279423126448623,distinct_secondary,Detalle ampliado: pulso CH2 localizado con cola por debajo de la base; distinguible del tren oscilatorio. Duda inicial resuelta solo en morfología.,Codex; inspección visual no ciega de 197 registros y detalle ampliado de casos dudosos; sin etiquetas expertas,unconfirmed,0,0,eligible_for_background_study_not_confirmed_decay
Datos/Med_con_Decaimientos/PAblo/run_20260904_134314_idx746_selected.txt::block4::event302326,Datos/Med_con_Decaimientos/PAblo/run_20260904_134314_idx746_selected.txt,run_20260904_134314,746,302326,development,1024,224.121,1439.2189999999998,31,3,3,491.40600000000006,131.3,11.150151422764338,11.353927784522687,distinct_secondary,Pulso CH3 ancho y claro.,Codex; inspección visual no ciega de 197 registros y detalle ampliado de casos dudosos; sin etiquetas expertas,unconfirmed,1,0,eligible_for_background_study_not_confirmed_decay
Datos/Med_con_Decaimientos/PAblo/run_20260904_134314_idx754_selected.txt::block97::event305772,Datos/Med_con_Decaimientos/PAblo/run_20260904_134314_idx754_selected.txt,run_20260904_134314,754,305772,evaluation,1024,229.102,1434.2379999999998,31,4,2+3,1372.1184999999998,83.39999999999999,12.001057711356907,7.12057333422127,distinct_secondary,"Pulsos tardíos coincidentes en CH2 y CH3, distinguibles.",Codex; inspección visual no ciega de 197 registros y detalle ampliado de casos dudosos; sin etiquetas expertas,unconfirmed,0,0,eligible_for_background_study_not_confirmed_decay
Datos/Med_con_Decaimientos/PAblo/run_20260904_134314_idx758_selected.txt::block111::event307437,Datos/Med_con_Decaimientos/PAblo/run_20260904_134314_idx758_selected.txt,run_20260904_134314,758,307437,evaluation,1024,210.84,1452.5,31,5,2,956.2499999999999,93.25,11.776814226159559,5.878155450578738,distinct_secondary,Pulso CH2 moderado sobre base relativamente quieta.,Codex; inspección visual no ciega de 197 registros y detalle ampliado de casos dudosos; sin etiquetas expertas,unconfirmed,0,0,eligible_for_background_study_not_confirmed_decay
Datos/Med_con_Decaimientos/PAblo/run_20260904_134314_idx760_selected.txt::block63::event308136,Datos/Med_con_Decaimientos/PAblo/run_20260904_134314_idx760_selected.txt,run_20260904_134314,760,308136,development,1024,210.84,1452.5,31,6,2,735.449,85.39999999999999,12.188127917833867,5.485858177076307,distinct_secondary,Pulso CH2 moderado con recuperación.,Codex; inspección visual no ciega de 197 registros y detalle ampliado de casos dudosos; sin etiquetas expertas,unconfirmed,0,0,eligible_for_background_study_not_confirmed_decay
Datos/Med_con_Decaimientos/PAblo/run_20260904_134314_idx767_selected.txt::block136::event311193,Datos/Med_con_Decaimientos/PAblo/run_20260904_134314_idx767_selected.txt,run_20260904_134314,767,311193,evaluation,1024,209.18,1454.1599999999999,32,1,2,615.9179999999999,86.4,6.211247507002781,5.550095392264555,distinct_secondary,Pulso CH2 moderado con recuperación.,Codex; inspección visual no ciega de 197 registros y detalle ampliado de casos dudosos; sin etiquetas expertas,unconfirmed,0,0,eligible_for_background_study_not_confirmed_decay
Datos/Med_con_Decaimientos/PAblo/run_20260904_134314_idx797_selected.txt::block153::event323458,Datos/Med_con_Decaimientos/PAblo/run_20260904_134314_idx797_selected.txt,run_20260904_134314,797,323458,development,1024,215.82,1447.52,32,2,2,858.3010000000002,84.85,9.13950157582508,5.132783940949694,distinct_secondary,Pulso CH2 moderado y ancho.,Codex; inspección visual no ciega de 197 registros y detalle ampliado de casos dudosos; sin etiquetas expertas,unconfirmed,0,0,eligible_for_background_study_not_confirmed_decay
Datos/Med_con_Decaimientos/PAblo/run_20260904_134314_idx800_selected.txt::block51::event324445,Datos/Med_con_Decaimientos/PAblo/run_20260904_134314_idx800_selected.txt,run_20260904_134314,800,324445,development,1024,224.121,1439.2189999999998,32,3,3,99.60900000000001,124.35000000000001,10.84795246441729,9.696292016290709,distinct_secondary,Pulso CH3 claro próximo al inicial.,Codex; inspección visual no ciega de 197 registros y detalle ampliado de casos dudosos; sin etiquetas expertas,unconfirmed,1,0,eligible_for_background_study_not_confirmed_decay
Datos/Med_con_Decaimientos/PAblo/run_20260904_134314_idx815_selected.txt::block93::event330621,Datos/Med_con_Decaimientos/PAblo/run_20260904_134314_idx815_selected.txt,run_20260904_134314,815,330621,development,1024,212.5,1450.84,32,4,2,371.875,120.0,5.561934131671251,8.217146308344306,distinct_secondary,Pulso CH2 claro sobre oscilación.,Codex; inspección visual no ciega de 197 registros y detalle ampliado de casos dudosos; sin etiquetas expertas,unconfirmed,1,1,eligible_for_background_study_not_confirmed_decay
Datos/Med_con_Decaimientos/PAblo/run_20260904_134314_idx829_selected.txt::block6::event336237,Datos/Med_con_Decaimientos/PAblo/run_20260904_134314_idx829_selected.txt,run_20260904_134314,829,336237,development,1024,224.121,1439.2189999999998,32,5,2,87.98799999999997,141.2,11.33200606999867,8.174943797261392,distinct_secondary,Pulso CH2 claro a 88 ns del inicial.,Codex; inspección visual no ciega de 197 registros y detalle ampliado de casos dudosos; sin etiquetas expertas,unconfirmed,0,0,eligible_for_background_study_not_confirmed_decay
Datos/Med_con_Decaimientos/PAblo/run_20260904_134314_idx831_selected.txt::block34::event337116,Datos/Med_con_Decaimientos/PAblo/run_20260904_134314_idx831_selected.txt,run_20260904_134314,831,337116,development,1024,215.82,1447.52,32,6,2,184.27800000000002,252.1,12.73983121934259,16.7526227058177,distinct_secondary,Pulso CH2 intenso y claro.,Codex; inspección visual no ciega de 197 registros y detalle ampliado de casos dudosos; sin etiquetas expertas,unconfirmed,1,1,eligible_for_background_study_not_confirmed_decay
Datos/Med_con_Decaimientos/PAblo/run_20260904_134314_idx838_selected.txt::block101::event340242,Datos/Med_con_Decaimientos/PAblo/run_20260904_134314_idx838_selected.txt,run_20260904_134314,838,340242,development,1024,212.5,1450.84,33,1,2,300.48800000000006,139.2,10.336663362701984,7.824092809928503,distinct_secondary,Pulso CH2 claro con recuperación gradual.,Codex; inspección visual no ciega de 197 registros y detalle ampliado de casos dudosos; sin etiquetas expertas,unconfirmed,2,0,eligible_for_background_study_not_confirmed_decay
Datos/Med_con_Decaimientos/PAblo/run_20260904_134314_idx841_selected.txt::block111::event341507,Datos/Med_con_Decaimientos/PAblo/run_20260904_134314_idx841_selected.txt,run_20260904_134314,841,341507,development,1024,215.82,1447.52,33,2,2,1265.039,198.7,11.572442416760396,11.654027296347781,distinct_secondary,Pulso CH2 intenso y claro.,Codex; inspección visual no ciega de 197 registros y detalle ampliado de casos dudosos; sin etiquetas expertas,unconfirmed,1,0,eligible_for_background_study_not_confirmed_decay
Datos/Med_con_Decaimientos/PAblo/run_20260904_134314_idx843_selected.txt::block99::event342267,Datos/Med_con_Decaimientos/PAblo/run_20260904_134314_idx843_selected.txt,run_20260904_134314,843,342267,development,1024,220.801,1442.539,33,3,3,931.347,110.5,6.377280053286995,5.480237420747336,distinct_secondary,Pulso CH3 claro sobre oscilación; excursión CH2 menor.,Codex; inspección visual no ciega de 197 registros y detalle ampliado de casos dudosos; sin etiquetas expertas,unconfirmed,0,0,eligible_for_background_study_not_confirmed_decay
Datos/Med_con_Decaimientos/PAblo/run_20260904_134314_idx856_selected.txt::block60::event347517,Datos/Med_con_Decaimientos/PAblo/run_20260904_134314_idx856_selected.txt,run_20260904_134314,856,347517,development,1024,219.141,1444.1989999999998,33,4,3,453.2220000000001,115.3,10.233431146448766,5.290393508003498,distinct_secondary,Pulso CH3 distinguible sobre oscilación importante.,Codex; inspección visual no ciega de 197 registros y detalle ampliado de casos dudosos; sin etiquetas expertas,unconfirmed,0,0,eligible_for_background_study_not_confirmed_decay
Datos/Med_con_Decaimientos/PAblo/run_20260904_134314_idx862_selected.txt::block32::event349977,Datos/Med_con_Decaimientos/PAblo/run_20260904_134314_idx862_selected.txt,run_20260904_134314,862,349977,development,1024,217.48,1445.86,33,5,2,1351.368,83.80000000000001,7.856805070314067,4.872614279667128,distinct_secondary,"Detalle ampliado: depresión CH2 sostenida y excursión CH3 próxima bajo umbral; sin pulso CH1 claro. Conservar como candidato, topología débil adicional en CH3 anotada.",Codex; inspección visual no ciega de 197 registros y detalle ampliado de casos dudosos; sin etiquetas expertas,unconfirmed,1,2,eligible_for_background_study_not_confirmed_decay
