uid,source,run,file_index,ordinal,event_id,timestamp,line,byte_offset,byte_length,split,n_samples,count_status,count_reasons,prompt3_status,topology,t0_ns,max_delay_ns,decay_status,decay_reasons,candidate_groups,ambiguous_groups,excluded_groups,efficiency_status,lifetime_fit_status,ch1_baseline_mV,ch1_noise_mV,ch1_threshold_mV,ch1_baseline_rail_fraction,ch1_flags,ch1_positive_max_mV,ch1_negative_max_mV,ch2_baseline_mV,ch2_noise_mV,ch2_threshold_mV,ch2_baseline_rail_fraction,ch2_flags,ch2_positive_max_mV,ch2_negative_max_mV,ch3_baseline_mV,ch3_noise_mV,ch3_threshold_mV,ch3_baseline_rail_fraction,ch3_flags,ch3_positive_max_mV,ch3_negative_max_mV,first_line,last_line,upload_wave_sha256,duplicate_existing_uid,duplicate_upload_uid,origin_metadata,physical_identity,analysis_scope
Datos/Med_con_Decaimientos/decaimientos.txt::block1::event1,Datos/Med_con_Decaimientos/decaimientos.txt,upload_decaimientos_sin_fecha,-1,1,1,,2,0,0,development,1024,accepted,resolved_negative_ch1_ch2_coincidence,not_detected_above_threshold,prompt_12_no_resolved_3,217.48,1445.86,candidate,compatible_secondary_identity_unconfirmed,1,1,0,unavailable_acquisition_selected_ch2,not_validated,-7.45,16.38273,80.0,0.0,,43.95,123.64999999999999,-7.15,15.641429999999998,80.0,0.0,,60.15,141.45,-7.75,15.937949999999999,80.0,0.0,,42.95,41.55,2,1025,e462086659ee39a07cf7835aa42c2bf9cabf85190fdde12445cb83d7a6eac38a,,,curated_decay_upload; acquisition run/time and selection unknown,not_confirmed,unique_eligible_for_separate_review
Datos/Med_con_Decaimientos/decaimientos.txt::block2::event2,Datos/Med_con_Decaimientos/decaimientos.txt,upload_decaimientos_sin_fecha,-1,2,2,,1026,0,0,development,1024,accepted,resolved_negative_ch1_ch2_coincidence,not_detected_above_threshold,prompt_12_no_resolved_3,210.84,1452.5,candidate,compatible_secondary_identity_unconfirmed,1,1,1,unavailable_acquisition_selected_ch2,not_validated,-7.1,17.86533,80.393985,0.0,,52.800000000000004,247.3,-6.25,15.493169999999997,80.0,0.0,,48.75,306.75,-7.5,14.97426,80.0,0.0,,38.2,45.0,1026,2049,deb2ccf13048e9094ffc0e61c7bb21427e48af3c1815cd204bbfbe9cde8470e2,,,curated_decay_upload; acquisition run/time and selection unknown,not_confirmed,unique_eligible_for_separate_review
Datos/Med_con_Decaimientos/decaimientos.txt::block3::event3,Datos/Med_con_Decaimientos/decaimientos.txt,upload_decaimientos_sin_fecha,-1,3,3,,2050,0,0,development,1024,accepted,resolved_negative_ch1_ch2_coincidence,ambiguous,prompt_12_uncertain_3,205.859,1457.481,ambiguous,review_delayed_group_reasons,0,1,0,unavailable_acquisition_selected_ch2,not_validated,-6.15,17.71707,80.0,0.0,,52.65,124.04999999999998,-8.05,18.01359,81.061155,0.0,,58.25,105.25,-9.25,18.161849999999998,81.72832499999998,0.0,,49.45,90.05,2050,3073,a15ea27a45217e6aaee83e706f57521c53a4955552091782aee92d8193f91b65,,,curated_decay_upload; acquisition run/time and selection unknown,not_confirmed,unique_eligible_for_separate_review
Datos/Med_con_Decaimientos/decaimientos.txt::block4::event4,Datos/Med_con_Decaimientos/decaimientos.txt,upload_decaimientos_sin_fecha,-1,4,4,,3074,0,0,development,1024,accepted,resolved_negative_ch1_ch2_coincidence,not_detected_above_threshold,prompt_12_no_resolved_3,209.18,1454.1599999999999,candidate,compatible_secondary_identity_unconfirmed,1,0,0,unavailable_acquisition_selected_ch2,not_validated,-7.300000000000001,17.49468,80.0,0.0,,45.099999999999994,194.29999999999998,-7.1,18.532500000000002,83.39625000000001,0.0,,52.5,116.10000000000001,-8.05,17.12403,80.0,0.0,,43.75,43.349999999999994,3074,4097,902fc9598720a069228b4db1dc76ece7a1d9c84ea49201265deda3b48c96729a,,,curated_decay_upload; acquisition run/time and selection unknown,not_confirmed,unique_eligible_for_separate_review
Datos/Med_con_Decaimientos/decaimientos.txt::block5::event5,Datos/Med_con_Decaimientos/decaimientos.txt,upload_decaimientos_sin_fecha,-1,5,5,,4098,0,0,evaluation,1024,accepted,resolved_negative_ch1_ch2_coincidence,not_detected_above_threshold,prompt_12_no_resolved_3,200.879,1462.461,candidate,compatible_secondary_identity_unconfirmed,1,0,0,unavailable_acquisition_selected_ch2,not_validated,-6.4,18.087719999999997,81.39473999999998,0.0,,45.5,196.5,-7.9,16.75338,80.0,0.0,,43.1,305.40000000000003,-7.9,13.93644,80.0,0.0,,42.699999999999996,45.4,4098,5121,8c3862af58964d49ede0c2271b00fc1b9ba95f5dbff009a48fa964ee03379889,,,curated_decay_upload; acquisition run/time and selection unknown,not_confirmed,unique_eligible_for_separate_review
Datos/Med_con_Decaimientos/decaimientos.txt::block6::event6,Datos/Med_con_Decaimientos/decaimientos.txt,upload_decaimientos_sin_fecha,-1,6,6,,5122,0,0,development,1024,accepted,resolved_negative_ch1_ch2_coincidence,not_detected_above_threshold,prompt_12_no_resolved_3,219.141,1444.1989999999998,candidate,compatible_secondary_identity_unconfirmed,1,3,1,unavailable_acquisition_selected_ch2,not_validated,-6.4,13.93644,80.0,0.0,,47.3,222.7,-7.7,15.863819999999999,80.0,0.0,,48.2,375.7,-8.0,13.19514,80.0,0.0,,42.1,34.5,5122,6145,8a1cc8fa5f74b3542af1a28ac7d003153d9eebe8ce9d7df7dc0a8df39534aa58,,,curated_decay_upload; acquisition run/time and selection unknown,not_confirmed,unique_eligible_for_separate_review
Datos/Med_con_Decaimientos/decaimientos.txt::block7::event7,Datos/Med_con_Decaimientos/decaimientos.txt,upload_decaimientos_sin_fecha,-1,7,7,,6146,0,0,development,1024,accepted,resolved_negative_ch1_ch2_coincidence,detected,prompt_123,209.18,1454.1599999999999,ambiguous,review_delayed_group_reasons,0,1,1,unavailable_acquisition_selected_ch2,not_validated,-5.6,19.42206,87.39926999999999,0.0,,45.9,134.8,-7.3,15.5673,80.0,0.0,,46.3,108.8,-7.4,11.8608,80.0,0.0,,34.5,264.0,6146,7169,47c80d50d3495bde9de59386286a8663b3db8ef94521e9e5650f4257aaeee18d,,,curated_decay_upload; acquisition run/time and selection unknown,not_confirmed,unique_eligible_for_separate_review
Datos/Med_con_Decaimientos/decaimientos.txt::block8::event8,Datos/Med_con_Decaimientos/decaimientos.txt,upload_decaimientos_sin_fecha,-1,8,8,,7170,0,0,evaluation,1024,accepted,resolved_negative_ch1_ch2_coincidence,not_detected_above_threshold,prompt_12_no_resolved_3,210.84,1452.5,ambiguous,review_delayed_group_reasons,0,3,0,unavailable_acquisition_selected_ch2,not_validated,-6.1,16.160339999999998,80.0,0.0,,52.4,203.20000000000002,-7.2,13.936440000000003,80.0,0.0,,46.5,272.2,-8.0,11.786669999999999,80.0,0.0,,38.9,107.5,7170,8193,cc8f6db4f3ef1668ed954b5337f7e4938dfca34267c63c49340329dd578e8536,,,curated_decay_upload; acquisition run/time and selection unknown,not_confirmed,unique_eligible_for_separate_review
Datos/Med_con_Decaimientos/decaimientos.txt::block9::event9,Datos/Med_con_Decaimientos/decaimientos.txt,upload_decaimientos_sin_fecha,-1,9,9,,8194,0,0,development,1024,accepted,resolved_negative_ch1_ch2_coincidence,detected,prompt_123,220.801,1442.539,ambiguous,review_delayed_group_reasons,0,1,1,unavailable_acquisition_selected_ch2,not_validated,-5.75,18.60663,83.729835,0.0,,45.85,188.35,-7.9,17.86533,80.393985,0.0,,50.699999999999996,203.79999999999998,-8.5,14.52948,80.0,0.0,,41.4,115.7,8194,9217,877c84b3d6f77815c11d1ecebb8315db2559f7d586068bd1389e88037736e913,,,curated_decay_upload; acquisition run/time and selection unknown,not_confirmed,unique_eligible_for_separate_review
Datos/Med_con_Decaimientos/decaimientos.txt::block10::event10,Datos/Med_con_Decaimientos/decaimientos.txt,upload_decaimientos_sin_fecha,-1,10,10,,9218,0,0,development,1024,accepted,resolved_negative_ch1_ch2_coincidence,not_detected_above_threshold,prompt_12_no_resolved_3,217.48,1445.86,candidate,compatible_secondary_identity_unconfirmed,1,0,0,unavailable_acquisition_selected_ch2,not_validated,-7.05,16.530989999999996,80.0,0.0,,48.55,160.25,-7.7,16.23447,80.0,0.0,,39.7,166.70000000000002,-8.5,12.157319999999999,80.0,0.0,,42.6,40.5,9218,10241,eafc89d91f0e0d68907c60687c4e894732fa82d929e7d0c83ab1c96e5c65e793,,,curated_decay_upload; acquisition run/time and selection unknown,not_confirmed,unique_eligible_for_separate_review
Datos/Med_con_Decaimientos/decaimientos.txt::block11::event11,Datos/Med_con_Decaimientos/decaimientos.txt,upload_decaimientos_sin_fecha,-1,11,11,,10242,0,0,development,1024,accepted,resolved_negative_ch1_ch2_coincidence,not_detected_above_threshold,prompt_12_no_resolved_3,217.48,1445.86,candidate,compatible_secondary_identity_unconfirmed,1,0,0,unavailable_acquisition_selected_ch2,not_validated,-7.1,19.42206,87.39926999999999,0.0,,43.4,230.20000000000002,-7.0,14.52948,80.0,0.0,,40.9,218.1,-7.8,12.824489999999997,80.0,0.0,,36.8,34.2,10242,11265,da7348c5cf3ffe9082bf726f24c7cf997fef5cd4290ddb420c1ebe8ddfb0ba16,,,curated_decay_upload; acquisition run/time and selection unknown,not_confirmed,unique_eligible_for_separate_review
Datos/Med_con_Decaimientos/decaimientos.txt::block12::event12,Datos/Med_con_Decaimientos/decaimientos.txt,upload_decaimientos_sin_fecha,-1,12,12,,11266,0,0,development,1024,ambiguous,pulse_clipping,not_detected_above_threshold,prompt_12_no_resolved_3,214.16,1449.1799999999998,not_evaluable,initial_coincidence_ambiguous,0,4,0,unavailable_acquisition_selected_ch2,not_validated,-6.5,20.311619999999998,91.40229,0.0,,53.1,157.9,-6.75,15.27078,80.0,0.0,,44.65,493.15,-9.1,14.826000000000002,80.0,0.0,,42.2,131.5,11266,12289,90d15e71b3cd3849777835ddb7125651b051937724add03ab77f406875576d85,,,curated_decay_upload; acquisition run/time and selection unknown,not_confirmed,unique_eligible_for_separate_review
Datos/Med_con_Decaimientos/decaimientos.txt::block13::event13,Datos/Med_con_Decaimientos/decaimientos.txt,upload_decaimientos_sin_fecha,-1,13,13,,12290,0,0,development,1024,accepted,resolved_negative_ch1_ch2_coincidence,not_detected_above_threshold,prompt_12_no_resolved_3,202.539,1460.801,candidate,compatible_secondary_identity_unconfirmed,1,0,0,unavailable_acquisition_selected_ch2,not_validated,-6.5,18.90315,85.064175,0.0,,43.5,263.9,-7.0,14.97426,80.0,0.0,,54.2,172.1,-8.1,14.232959999999999,80.0,0.0,,39.0,35.3,12290,13313,5146b1cb14e3406692426cba3d95940fee1ff017002a05a41d2a9d2d54c08054,,,curated_decay_upload; acquisition run/time and selection unknown,not_confirmed,unique_eligible_for_separate_review
Datos/Med_con_Decaimientos/decaimientos.txt::block14::event14,Datos/Med_con_Decaimientos/decaimientos.txt,upload_decaimientos_sin_fecha,-1,14,14,,13314,0,0,development,1024,accepted,resolved_negative_ch1_ch2_coincidence,not_detected_above_threshold,prompt_12_no_resolved_3,220.801,1442.539,ambiguous,review_delayed_group_reasons,0,1,0,unavailable_acquisition_selected_ch2,not_validated,-6.4,15.419039999999999,80.0,0.0,,56.0,126.19999999999999,-7.4,17.049899999999997,80.0,0.0,,43.3,114.3,-7.15,14.603610000000002,80.0,0.0,,37.35,43.95,13314,14337,986d807a24bf758fb6f53d72fdfbe85659ddcb6fd04024fa042573f5f4b59d70,,,curated_decay_upload; acquisition run/time and selection unknown,not_confirmed,unique_eligible_for_separate_review
Datos/Med_con_Decaimientos/decaimientos.txt::block15::event15,Datos/Med_con_Decaimientos/decaimientos.txt,upload_decaimientos_sin_fecha,-1,15,15,,14338,0,0,development,1024,accepted,resolved_negative_ch1_ch2_coincidence,not_detected_above_threshold,prompt_12_no_resolved_3,212.5,1450.84,candidate,compatible_secondary_identity_unconfirmed,1,0,1,unavailable_acquisition_selected_ch2,not_validated,-6.5,16.901639999999997,80.0,0.0,,43.3,141.5,-7.05,14.90013,80.0,0.0,,42.15,149.54999999999998,-7.8,15.27078,80.0,0.0,,42.9,42.5,14338,15361,56e2463b79a86a8604ca31d46fcda06b4666408419a79e78e3909f737d786b4c,,,curated_decay_upload; acquisition run/time and selection unknown,not_confirmed,unique_eligible_for_separate_review
Datos/Med_con_Decaimientos/decaimientos.txt::block16::event16,Datos/Med_con_Decaimientos/decaimientos.txt,upload_decaimientos_sin_fecha,-1,16,16,,15362,0,0,development,1024,accepted,resolved_negative_ch1_ch2_coincidence,not_detected_above_threshold,prompt_12_no_resolved_3,205.859,1457.481,ambiguous,review_delayed_group_reasons,0,1,0,unavailable_acquisition_selected_ch2,not_validated,-7.1,17.7912,80.0604,0.0,,55.0,196.70000000000002,-6.3,17.7912,80.0604,0.0,,47.699999999999996,339.3,-7.1,17.049899999999997,80.0,0.0,,45.6,44.8,15362,16385,0ee6a12026615ed4e71a5f189cf75d83fa526e990fdfb6cbcb3e2727d9018fef,,,curated_decay_upload; acquisition run/time and selection unknown,not_confirmed,unique_eligible_for_separate_review
Datos/Med_con_Decaimientos/decaimientos.txt::block17::event17,Datos/Med_con_Decaimientos/decaimientos.txt,upload_decaimientos_sin_fecha,-1,17,17,,16386,0,0,evaluation,1024,accepted,resolved_negative_ch1_ch2_coincidence,not_detected_above_threshold,prompt_12_no_resolved_3,209.18,1454.1599999999999,candidate,compatible_secondary_identity_unconfirmed,1,0,0,unavailable_acquisition_selected_ch2,not_validated,-7.15,17.93946,80.72757,0.0,,47.25,163.45,-6.95,16.38273,80.0,0.0,,42.650000000000006,134.85000000000002,-8.9,13.788179999999997,80.0,0.0,,39.6,84.5,16386,17409,85e98165a69613bee9ebd84660e54ec0189ea3a580cd9dd08e25b4690e673c7f,,,curated_decay_upload; acquisition run/time and selection unknown,not_confirmed,unique_eligible_for_separate_review
Datos/Med_con_Decaimientos/decaimientos.txt::block18::event18,Datos/Med_con_Decaimientos/decaimientos.txt,upload_decaimientos_sin_fecha,-1,18,18,,17410,0,0,development,1024,accepted,resolved_negative_ch1_ch2_coincidence,not_detected_above_threshold,prompt_12_no_resolved_3,219.141,1444.1989999999998,candidate,compatible_secondary_identity_unconfirmed,1,2,1,unavailable_acquisition_selected_ch2,not_validated,-6.7,15.122519999999998,80.0,0.0,,65.6,230.10000000000002,-7.25,16.234469999999998,80.0,0.0,,41.75,148.25,-7.6,13.046879999999998,80.0,0.0,,36.2,43.1,17410,18433,12c8c8865f727fa1cdcef11c0a6cdf3cef077cab76319d5a641879e66a8cfc83,,,curated_decay_upload; acquisition run/time and selection unknown,not_confirmed,unique_eligible_for_separate_review
Datos/Med_con_Decaimientos/decaimientos.txt::block19::event19,Datos/Med_con_Decaimientos/decaimientos.txt,upload_decaimientos_sin_fecha,-1,19,19,,18434,0,0,development,1024,accepted,resolved_negative_ch1_ch2_coincidence,not_detected_above_threshold,prompt_12_no_resolved_3,212.5,1450.84,candidate,compatible_secondary_identity_unconfirmed,1,0,0,unavailable_acquisition_selected_ch2,not_validated,-6.699999999999999,17.198159999999998,80.0,0.0,,46.400000000000006,131.70000000000002,-7.3,16.60512,80.0,0.0,,50.4,290.5,-6.85,16.38273,80.0,0.0,,42.75,43.65,18434,19457,9b4f27253958ab1e7f6d56fe13b2c9f9c29dec62080867acd89ce547a1912fe3,,,curated_decay_upload; acquisition run/time and selection unknown,not_confirmed,unique_eligible_for_separate_review
Datos/Med_con_Decaimientos/decaimientos.txt::block20::event20,Datos/Med_con_Decaimientos/decaimientos.txt,upload_decaimientos_sin_fecha,-1,20,20,,19458,0,0,development,1024,accepted,resolved_negative_ch1_ch2_coincidence,detected,prompt_123,214.16,1449.1799999999998,ambiguous,review_delayed_group_reasons,0,3,0,unavailable_acquisition_selected_ch2,not_validated,-6.7,17.71707,80.0,0.0,,49.5,137.20000000000002,-6.05,15.344909999999995,80.0,0.0,,38.65,211.14999999999998,-7.0,14.381219999999999,80.0,0.0,,37.1,174.5,19458,20481,b9a83f60ebf202ddce4ed4c1fb67762bfc8c1a9327241cd4625c2b31997d07df,,,curated_decay_upload; acquisition run/time and selection unknown,not_confirmed,unique_eligible_for_separate_review
Datos/Med_con_Decaimientos/decaimientos.txt::block21::event21,Datos/Med_con_Decaimientos/decaimientos.txt,upload_decaimientos_sin_fecha,-1,21,21,,20482,0,0,development,1024,accepted,resolved_negative_ch1_ch2_coincidence,detected,prompt_123,217.48,1445.86,ambiguous,review_delayed_group_reasons,0,1,4,unavailable_acquisition_selected_ch2,not_validated,-6.8,16.01208,80.0,0.0,,53.099999999999994,171.2,-6.7,13.78818,80.0,0.0,,41.0,196.5,-7.6,13.19514,80.0,0.0,,44.5,213.6,20482,21505,1a96c92b3c108c2fae46749e8a6d9258c54e218c91c004925ed8057a94cdbc03,,,curated_decay_upload; acquisition run/time and selection unknown,not_confirmed,unique_eligible_for_separate_review
Datos/Med_con_Decaimientos/decaimientos.txt::block22::event22,Datos/Med_con_Decaimientos/decaimientos.txt,upload_decaimientos_sin_fecha,-1,22,22,,21506,0,0,development,1024,accepted,resolved_negative_ch1_ch2_coincidence,not_detected_above_threshold,prompt_12_no_resolved_3,214.16,1449.1799999999998,candidate,compatible_secondary_identity_unconfirmed,1,1,1,unavailable_acquisition_selected_ch2,not_validated,-6.05,18.161849999999998,81.72832499999998,0.0,,47.849999999999994,215.75,-6.9,16.60512,80.0,0.0,,43.199999999999996,299.5,-8.4,13.417530000000001,80.0,0.0,,41.4,45.0,21506,22529,78140d9abe333048e597f94cb5ae0573e10d00538a55454a5b16271580f17a0f,,,curated_decay_upload; acquisition run/time and selection unknown,not_confirmed,unique_eligible_for_separate_review
Datos/Med_con_Decaimientos/decaimientos.txt::block23::event23,Datos/Med_con_Decaimientos/decaimientos.txt,upload_decaimientos_sin_fecha,-1,23,23,,22530,0,0,evaluation,1024,accepted,resolved_negative_ch1_ch2_coincidence,not_detected_above_threshold,prompt_12_no_resolved_3,210.84,1452.5,ambiguous,review_delayed_group_reasons,0,2,0,unavailable_acquisition_selected_ch2,not_validated,-7.05,18.235979999999998,82.06190999999998,0.0,,47.15,215.75,-6.9,16.456860000000002,80.0,0.0,,45.199999999999996,336.20000000000005,-8.75,13.862309999999999,80.0,0.0,,39.75,46.95,22530,23553,03b09fe3f2dd257399f74f25ab6d40c6f31b92e92548c1a012b74c7e50f6a2bc,,,curated_decay_upload; acquisition run/time and selection unknown,not_confirmed,unique_eligible_for_separate_review
Datos/Med_con_Decaimientos/decaimientos.txt::block24::event24,Datos/Med_con_Decaimientos/decaimientos.txt,upload_decaimientos_sin_fecha,-1,24,24,,23554,0,0,development,1024,accepted,resolved_negative_ch1_ch2_coincidence,detected,prompt_123,222.461,1440.879,ambiguous,review_delayed_group_reasons,0,1,0,unavailable_acquisition_selected_ch2,not_validated,-6.65,17.568810000000003,80.0,0.0,,44.949999999999996,217.35,-8.1,18.38424,82.72908,0.0,,46.6,210.9,-8.0,15.715560000000002,80.0,0.0,,41.9,221.5,23554,24577,f7ffae70962dda0b61ed14dbf3de0a420f58727ce2f26ec54a9a936a7340540c,,,curated_decay_upload; acquisition run/time and selection unknown,not_confirmed,unique_eligible_for_separate_review
Datos/Med_con_Decaimientos/decaimientos.txt::block25::event25,Datos/Med_con_Decaimientos/decaimientos.txt,upload_decaimientos_sin_fecha,-1,25,25,,24578,0,0,development,1024,accepted,resolved_negative_ch1_ch2_coincidence,not_detected_above_threshold,prompt_12_no_resolved_3,205.859,1457.481,candidate,compatible_secondary_identity_unconfirmed,1,0,1,unavailable_acquisition_selected_ch2,not_validated,-5.0,18.829019999999996,84.73058999999998,0.0,,49.3,146.0,-8.6,18.38424,82.72908,0.0,,60.6,251.79999999999998,-8.55,15.344909999999995,80.0,0.0,,50.75,40.55,24578,25601,207d2fe344d6f1665f40c3ffa240e792629732e544afcb53f8338da8065f3071,,,curated_decay_upload; acquisition run/time and selection unknown,not_confirmed,unique_eligible_for_separate_review
Datos/Med_con_Decaimientos/decaimientos.txt::block26::event26,Datos/Med_con_Decaimientos/decaimientos.txt,upload_decaimientos_sin_fecha,-1,26,26,,25602,0,0,development,1024,accepted,resolved_negative_ch1_ch2_coincidence,not_detected_above_threshold,prompt_12_no_resolved_3,214.16,1449.1799999999998,ambiguous,review_delayed_group_reasons,0,1,0,unavailable_acquisition_selected_ch2,not_validated,-6.5,17.42055,80.0,0.0,,45.2,307.7,-7.3,15.048389999999998,80.0,0.0,,53.9,141.0,-8.5,11.93493,80.0,0.0,,35.8,37.1,25602,26625,399e6cb1a32ac4662b4bfbc181b47a6b7c8436234c1c2680aaf86b14fc871628,,,curated_decay_upload; acquisition run/time and selection unknown,not_confirmed,unique_eligible_for_separate_review
Datos/Med_con_Decaimientos/decaimientos.txt::block27::event27,Datos/Med_con_Decaimientos/decaimientos.txt,upload_decaimientos_sin_fecha,-1,27,27,,26626,0,0,development,1024,accepted,resolved_negative_ch1_ch2_coincidence,not_detected_above_threshold,prompt_12_no_resolved_3,215.82,1447.52,candidate,compatible_secondary_identity_unconfirmed,1,0,0,unavailable_acquisition_selected_ch2,not_validated,-5.75,17.198159999999998,80.0,0.0,,41.95,233.45,-8.05,15.937949999999999,80.0,0.0,,49.349999999999994,390.55,-7.6,12.898620000000001,80.0,0.0,,39.3,32.699999999999996,26626,27649,6c42c88875fe509dc8b8dab59e92e664314427b219601e531e01999a53668da5,,,curated_decay_upload; acquisition run/time and selection unknown,not_confirmed,unique_eligible_for_separate_review
Datos/Med_con_Decaimientos/decaimientos.txt::block28::event28,Datos/Med_con_Decaimientos/decaimientos.txt,upload_decaimientos_sin_fecha,-1,28,28,,27650,0,0,development,1024,accepted,resolved_negative_ch1_ch2_coincidence,detected,prompt_123,217.48,1445.86,ambiguous,review_delayed_group_reasons,0,1,0,unavailable_acquisition_selected_ch2,not_validated,-6.2,17.642940000000003,80.0,0.0,,43.5,141.70000000000002,-7.3,15.863819999999999,80.0,0.0,,39.199999999999996,106.60000000000001,-8.9,15.419039999999999,80.0,0.0,,45.8,219.2,27650,28673,3af87c0317916164835912550137dc084c6e8873fa215a06a54900a488cb6f5c,,,curated_decay_upload; acquisition run/time and selection unknown,not_confirmed,unique_eligible_for_separate_review
Datos/Med_con_Decaimientos/decaimientos.txt::block29::event29,Datos/Med_con_Decaimientos/decaimientos.txt,upload_decaimientos_sin_fecha,-1,29,29,,28674,0,0,development,1024,accepted,resolved_negative_ch1_ch2_coincidence,not_detected_above_threshold,prompt_12_no_resolved_3,207.52,1455.82,candidate,compatible_secondary_identity_unconfirmed,1,0,0,unavailable_acquisition_selected_ch2,not_validated,-6.8,17.049899999999997,80.0,0.0,,44.9,243.2,-6.3,15.863819999999999,80.0,0.0,,39.0,265.5,-7.65,12.676229999999999,80.0,0.0,,31.85,35.45,28674,29697,16de4a771cefd00c57133c017f28019b752d6cd343a98dff4301b355cd8a0715,,,curated_decay_upload; acquisition run/time and selection unknown,not_confirmed,unique_eligible_for_separate_review
Datos/Med_con_Decaimientos/decaimientos.txt::block30::event30,Datos/Med_con_Decaimientos/decaimientos.txt,upload_decaimientos_sin_fecha,-1,30,30,,29698,0,0,evaluation,1024,accepted,resolved_negative_ch1_ch2_coincidence,not_detected_above_threshold,prompt_12_no_resolved_3,207.52,1455.82,candidate,compatible_secondary_identity_unconfirmed,1,0,0,unavailable_acquisition_selected_ch2,not_validated,-7.05,18.38424,82.72908,0.0,,55.849999999999994,149.85,-7.3,15.493169999999997,80.0,0.0,,39.0,192.39999999999998,-8.0,14.15883,80.0,0.0,,41.5,38.1,29698,30721,117131c6c4c636f7602f4130acb6dd763b398016884d478f0eccad7b5de8c215,,,curated_decay_upload; acquisition run/time and selection unknown,not_confirmed,unique_eligible_for_separate_review
Datos/Med_con_Decaimientos/decaimientos.txt::block31::event31,Datos/Med_con_Decaimientos/decaimientos.txt,upload_decaimientos_sin_fecha,-1,31,31,,30722,0,0,development,1024,ambiguous,pulse_clipping,ambiguous,prompt_12_uncertain_3,207.52,1455.82,not_evaluable,initial_coincidence_ambiguous,0,3,1,unavailable_acquisition_selected_ch2,not_validated,-5.55,18.161849999999998,81.72832499999998,0.0,,45.05,494.34999999999997,-5.4,17.93946,80.72757,0.0,,52.0,494.5,-5.95,15.78969,80.0,0.0,,41.550000000000004,493.95,30722,31745,ddbfda432f12bd99c8fa3552417ef79d78bf26006b3c0f4e158b1169a671710e,,,curated_decay_upload; acquisition run/time and selection unknown,not_confirmed,unique_eligible_for_separate_review
Datos/Med_con_Decaimientos/decaimientos.txt::block32::event32,Datos/Med_con_Decaimientos/decaimientos.txt,upload_decaimientos_sin_fecha,-1,32,32,,31746,0,0,development,1024,accepted,resolved_negative_ch1_ch2_coincidence,not_detected_above_threshold,prompt_12_no_resolved_3,217.48,1445.86,candidate,compatible_secondary_identity_unconfirmed,1,1,0,unavailable_acquisition_selected_ch2,not_validated,-5.9,16.3086,80.0,0.0,,48.5,150.0,-5.8,14.97426,80.0,0.0,,41.599999999999994,206.39999999999998,-6.2,12.898619999999998,80.0,0.0,,37.9,40.199999999999996,31746,32769,fe1316834a390185af48c1100e8c7eb2589e1e03943892002281913b83c80b89,,,curated_decay_upload; acquisition run/time and selection unknown,not_confirmed,unique_eligible_for_separate_review
Datos/Med_con_Decaimientos/decaimientos.txt::block33::event33,Datos/Med_con_Decaimientos/decaimientos.txt,upload_decaimientos_sin_fecha,-1,33,33,,32770,0,0,development,1024,accepted,resolved_negative_ch1_ch2_coincidence,not_detected_above_threshold,prompt_12_no_resolved_3,205.859,1457.481,ambiguous,review_delayed_group_reasons,0,1,0,unavailable_acquisition_selected_ch2,not_validated,-6.3,16.234469999999998,80.0,0.0,,40.0,144.7,-7.2,15.122519999999998,80.0,0.0,,41.6,216.3,-8.1,11.712539999999999,80.0,0.0,,34.5,30.799999999999997,32770,33793,c7fc597c2a0cf655bb9979b4bd7c63403a63eaf71b73484a551d365fd77fdadc,,,curated_decay_upload; acquisition run/time and selection unknown,not_confirmed,unique_eligible_for_separate_review
Datos/Med_con_Decaimientos/decaimientos.txt::block34::event34,Datos/Med_con_Decaimientos/decaimientos.txt,upload_decaimientos_sin_fecha,-1,34,34,,33794,0,0,development,1024,ambiguous,pulse_clipping,detected,prompt_123,227.441,1435.899,not_evaluable,initial_coincidence_ambiguous,0,1,0,unavailable_acquisition_selected_ch2,not_validated,-6.85,18.45837,83.062665,0.0,,43.85,125.65,-6.8,16.901639999999997,80.0,0.0,,46.0,493.09999999999997,-7.45,14.307090000000002,80.0,0.0,,36.85,197.95000000000002,33794,34817,a5469aca5df23c4acbde89c608120fce168296a20d2622632a8cb08dc61e9e25,,,curated_decay_upload; acquisition run/time and selection unknown,not_confirmed,unique_eligible_for_separate_review
Datos/Med_con_Decaimientos/decaimientos.txt::block35::event35,Datos/Med_con_Decaimientos/decaimientos.txt,upload_decaimientos_sin_fecha,-1,35,35,,34818,0,0,development,1024,accepted,resolved_negative_ch1_ch2_coincidence,ambiguous,prompt_12_uncertain_3,209.18,1454.1599999999999,ambiguous,review_delayed_group_reasons,0,3,1,unavailable_acquisition_selected_ch2,not_validated,-6.8,16.45686,80.0,0.0,,57.3,140.89999999999998,-6.9,17.56881,80.0,0.0,,43.6,130.5,-7.2,16.23447,80.0,0.0,,46.2,58.8,34818,35841,1e8cbf1548aa3e94ef148f1d934fbc655de13b09870a189f5ef2ba19dc804df4,,,curated_decay_upload; acquisition run/time and selection unknown,not_confirmed,unique_eligible_for_separate_review
Datos/Med_con_Decaimientos/decaimientos.txt::block36::event36,Datos/Med_con_Decaimientos/decaimientos.txt,upload_decaimientos_sin_fecha,-1,36,36,,35842,0,0,development,1024,accepted,resolved_negative_ch1_ch2_coincidence,not_detected_above_threshold,prompt_12_no_resolved_3,217.48,1445.86,candidate,compatible_secondary_identity_unconfirmed,1,3,1,unavailable_acquisition_selected_ch2,not_validated,-5.9,13.93644,80.0,0.0,,54.699999999999996,195.79999999999998,-8.7,14.603610000000002,80.0,0.0,,57.3,122.8,-8.649999999999999,13.862309999999995,80.0,0.0,,42.85,40.15,35842,36865,acb1b974c9d3d3d0d25d638c6d388cb355dc10e92d54efc1b1860104c906e867,,,curated_decay_upload; acquisition run/time and selection unknown,not_confirmed,unique_eligible_for_separate_review
Datos/Med_con_Decaimientos/decaimientos.txt::block37::event37,Datos/Med_con_Decaimientos/decaimientos.txt,upload_decaimientos_sin_fecha,-1,37,37,,36866,0,0,evaluation,1024,accepted,resolved_negative_ch1_ch2_coincidence,detected,prompt_123,207.52,1455.82,ambiguous,review_delayed_group_reasons,0,2,0,unavailable_acquisition_selected_ch2,not_validated,-6.35,17.7912,80.0604,0.0,,53.75,122.25,-8.45,16.975769999999997,80.0,0.0,,51.75,100.25,-9.350000000000001,16.827509999999997,80.0,0.0,,41.95,229.05,36866,37889,7ee975fe0835977305372125c5721f286dea685c3206f36645a5ece620a2c24c,,,curated_decay_upload; acquisition run/time and selection unknown,not_confirmed,unique_eligible_for_separate_review
Datos/Med_con_Decaimientos/decaimientos.txt::block38::event38,Datos/Med_con_Decaimientos/decaimientos.txt,upload_decaimientos_sin_fecha,-1,38,38,,37890,0,0,development,1024,accepted,resolved_negative_ch1_ch2_coincidence,not_detected_above_threshold,prompt_12_no_resolved_3,205.859,1457.481,excluded_secondary,all_secondaries_fail_quality,0,0,2,unavailable_acquisition_selected_ch2,not_validated,-6.6,14.307089999999997,80.0,0.0,,38.800000000000004,145.9,-7.1,15.715559999999998,80.0,0.0,,48.0,136.4,-8.2,13.343399999999999,80.0,0.0,,35.0,165.9,37890,38913,b0dff0d9fe4c5012eba67f383996544e4b8fe222d89ca7bc96618f5c3dcf1e26,,,curated_decay_upload; acquisition run/time and selection unknown,not_confirmed,unique_eligible_for_separate_review
Datos/Med_con_Decaimientos/decaimientos.txt::block39::event39,Datos/Med_con_Decaimientos/decaimientos.txt,upload_decaimientos_sin_fecha,-1,39,39,,38914,0,0,development,1024,accepted,resolved_negative_ch1_ch2_coincidence,not_detected_above_threshold,prompt_12_no_resolved_3,215.82,1447.52,candidate,compatible_secondary_identity_unconfirmed,1,0,0,unavailable_acquisition_selected_ch2,not_validated,-7.0,11.416019999999998,80.0,0.0,,45.0,211.6,-7.6,15.419039999999997,80.0,0.0,,49.800000000000004,396.09999999999997,-7.9,12.15732,80.0,0.0,,42.1,34.300000000000004,38914,39937,6ce8ac93aeedc37dfc557bbc5d11199a989cce612d58ed85d97d294354988340,,,curated_decay_upload; acquisition run/time and selection unknown,not_confirmed,unique_eligible_for_separate_review
Datos/Med_con_Decaimientos/decaimientos.txt::block40::event40,Datos/Med_con_Decaimientos/decaimientos.txt,upload_decaimientos_sin_fecha,-1,40,40,,39938,0,0,evaluation,1024,accepted,resolved_negative_ch1_ch2_coincidence,detected,prompt_123,219.141,1444.1989999999998,ambiguous,review_delayed_group_reasons,0,2,1,unavailable_acquisition_selected_ch2,not_validated,-7.5,14.677739999999996,80.0,0.0,,76.3,190.8,-6.2,15.715560000000002,80.0,0.0,,46.6,340.1,-7.5,14.232959999999999,80.0,0.0,,44.7,275.9,39938,40961,6bddef51095469eab261f0d0f892cee7f8c464baf720b7fed1796dd43fd8c597,,,curated_decay_upload; acquisition run/time and selection unknown,not_confirmed,unique_eligible_for_separate_review
Datos/Med_con_Decaimientos/decaimientos.txt::block41::event41,Datos/Med_con_Decaimientos/decaimientos.txt,upload_decaimientos_sin_fecha,-1,41,41,,40962,0,0,evaluation,1024,accepted,resolved_negative_ch1_ch2_coincidence,not_detected_above_threshold,prompt_12_no_resolved_3,219.141,1444.1989999999998,candidate,compatible_secondary_identity_unconfirmed,1,0,0,unavailable_acquisition_selected_ch2,not_validated,-6.95,16.975769999999997,80.0,0.0,,42.95,185.25,-6.2,16.901640000000004,80.0,0.0,,48.5,225.10000000000002,-8.149999999999999,15.493170000000003,80.0,0.0,,44.449999999999996,36.65,40962,41985,a99f72aa88894b26f349a4a1603321cc684ba441868e2e39cfcf84831e3aafc9,,,curated_decay_upload; acquisition run/time and selection unknown,not_confirmed,unique_eligible_for_separate_review
Datos/Med_con_Decaimientos/decaimientos.txt::block42::event42,Datos/Med_con_Decaimientos/decaimientos.txt,upload_decaimientos_sin_fecha,-1,42,42,,41986,0,0,development,1024,accepted,resolved_negative_ch1_ch2_coincidence,not_detected_above_threshold,prompt_12_no_resolved_3,204.199,1459.1409999999998,ambiguous,review_delayed_group_reasons,0,1,0,unavailable_acquisition_selected_ch2,not_validated,-5.9,15.19665,80.0,0.0,,43.4,154.1,-6.65,15.04839,80.0,0.0,,37.95,216.15,-8.149999999999999,13.639919999999998,80.0,0.0,,41.55,37.75,41986,43009,2d99d464699649adf4627c87f737f7dd4d8d1a01fccea7132a1b055f13c61476,,,curated_decay_upload; acquisition run/time and selection unknown,not_confirmed,unique_eligible_for_separate_review
Datos/Med_con_Decaimientos/decaimientos.txt::block43::event43,Datos/Med_con_Decaimientos/decaimientos.txt,upload_decaimientos_sin_fecha,-1,43,43,,43010,0,0,development,1024,accepted,resolved_negative_ch1_ch2_coincidence,not_detected_above_threshold,prompt_12_no_resolved_3,217.48,1445.86,candidate,compatible_secondary_identity_unconfirmed,1,0,0,unavailable_acquisition_selected_ch2,not_validated,-7.1,18.310109999999998,82.395495,0.0,,41.4,215.3,-7.25,15.789689999999997,80.0,0.0,,37.45,331.15,-8.6,14.67774,80.0,0.0,,39.3,39.199999999999996,43010,44033,3629a8371ad9c3d7758f5cdaf2f12469dc48b9b874c00d59c677cb9563f6faa7,,,curated_decay_upload; acquisition run/time and selection unknown,not_confirmed,unique_eligible_for_separate_review
Datos/Med_con_Decaimientos/decaimientos.txt::block44::event44,Datos/Med_con_Decaimientos/decaimientos.txt,upload_decaimientos_sin_fecha,-1,44,44,,44034,0,0,development,1024,accepted,resolved_negative_ch1_ch2_coincidence,detected,prompt_123,209.18,1454.1599999999999,ambiguous,review_delayed_group_reasons,0,2,0,unavailable_acquisition_selected_ch2,not_validated,-7.2,18.23598,82.06191000000001,0.0,,41.5,120.6,-6.7,16.456860000000002,80.0,0.0,,37.7,146.9,-8.2,15.419040000000003,80.0,0.0,,43.900000000000006,196.8,44034,45057,8b91805fbf111279d4696b7ace268201c44bf3c2a4811e700a203ee69289204d,,,curated_decay_upload; acquisition run/time and selection unknown,not_confirmed,unique_eligible_for_separate_review
Datos/Med_con_Decaimientos/decaimientos.txt::block45::event45,Datos/Med_con_Decaimientos/decaimientos.txt,upload_decaimientos_sin_fecha,-1,45,45,,45058,0,0,evaluation,1024,accepted,resolved_negative_ch1_ch2_coincidence,not_detected_above_threshold,prompt_12_no_resolved_3,202.539,1460.801,candidate,compatible_secondary_identity_unconfirmed,1,0,0,unavailable_acquisition_selected_ch2,not_validated,-5.3,15.64143,80.0,0.0,,43.8,152.79999999999998,-5.55,15.122519999999998,80.0,0.0,,39.55,225.04999999999998,-6.65,13.121010000000002,80.0,0.0,,43.949999999999996,184.25,45058,46081,094bc317362f9321e7c319ae543b2e34ce86d68b3864bc0a9de68bb86fdc292a,,,curated_decay_upload; acquisition run/time and selection unknown,not_confirmed,unique_eligible_for_separate_review
Datos/Med_con_Decaimientos/decaimientos.txt::block46::event46,Datos/Med_con_Decaimientos/decaimientos.txt,upload_decaimientos_sin_fecha,-1,46,46,,46082,0,0,evaluation,1024,accepted,resolved_negative_ch1_ch2_coincidence,detected,prompt_123,212.5,1450.84,ambiguous,review_delayed_group_reasons,0,1,0,unavailable_acquisition_selected_ch2,not_validated,-6.65,15.641429999999998,80.0,0.0,,42.35,156.75,-8.5,15.863819999999999,80.0,0.0,,41.6,161.6,-8.8,15.5673,80.0,0.0,,44.2,228.29999999999998,46082,47105,642f5dbc8fd329742e8f40dae0c82fb1b311ffc8ce6620f360c786507a35b0c1,,,curated_decay_upload; acquisition run/time and selection unknown,not_confirmed,unique_eligible_for_separate_review
Datos/Med_con_Decaimientos/decaimientos.txt::block47::event47,Datos/Med_con_Decaimientos/decaimientos.txt,upload_decaimientos_sin_fecha,-1,47,47,,47106,0,0,development,1024,accepted,resolved_negative_ch1_ch2_coincidence,not_detected_above_threshold,prompt_12_no_resolved_3,217.48,1445.86,ambiguous,review_delayed_group_reasons,0,1,0,unavailable_acquisition_selected_ch2,not_validated,-6.0,14.825999999999999,80.0,0.0,,52.3,201.1,-7.2,16.3086,80.0,0.0,,51.300000000000004,268.5,-8.25,13.04688,80.0,0.0,,36.45,33.45,47106,48129,934ffe8d96bca4fe629fef350fb2a4f0f7dbdbcdee01857120aa60889e61604c,,,curated_decay_upload; acquisition run/time and selection unknown,not_confirmed,unique_eligible_for_separate_review
Datos/Med_con_Decaimientos/decaimientos.txt::block48::event48,Datos/Med_con_Decaimientos/decaimientos.txt,upload_decaimientos_sin_fecha,-1,48,48,,48130,0,0,evaluation,1024,accepted,resolved_negative_ch1_ch2_coincidence,detected,prompt_123,219.141,1444.1989999999998,ambiguous,review_delayed_group_reasons,0,1,0,unavailable_acquisition_selected_ch2,not_validated,-6.4,16.60512,80.0,0.0,,40.3,123.19999999999999,-6.85,16.01208,80.0,0.0,,41.550000000000004,108.55000000000001,-8.6,15.5673,80.0,0.0,,37.7,190.20000000000002,48130,49153,21495dfc52a48ddcabcf9d821f0c1fb1b835eca540295cb39c776f2df7a06489,,,curated_decay_upload; acquisition run/time and selection unknown,not_confirmed,unique_eligible_for_separate_review
Datos/Med_con_Decaimientos/decaimientos.txt::block49::event49,Datos/Med_con_Decaimientos/decaimientos.txt,upload_decaimientos_sin_fecha,-1,49,49,,49154,0,0,evaluation,1024,accepted,resolved_negative_ch1_ch2_coincidence,not_detected_above_threshold,prompt_12_no_resolved_3,202.539,1460.801,ambiguous,review_delayed_group_reasons,0,1,0,unavailable_acquisition_selected_ch2,not_validated,-6.5,14.0847,80.0,0.0,,41.6,222.7,-7.7,13.936440000000003,80.0,0.0,,47.7,293.5,-7.8,12.45384,80.0,0.0,,34.8,41.800000000000004,49154,50177,9b40e72b17f8b5748e425e691139f5d2a732886f392a9481f50f307d6cf46760,,,curated_decay_upload; acquisition run/time and selection unknown,not_confirmed,unique_eligible_for_separate_review
Datos/Med_con_Decaimientos/decaimientos.txt::block50::event50,Datos/Med_con_Decaimientos/decaimientos.txt,upload_decaimientos_sin_fecha,-1,50,50,,50178,0,0,development,1024,accepted,resolved_negative_ch1_ch2_coincidence,not_detected_above_threshold,prompt_12_no_resolved_3,204.199,1459.1409999999998,candidate,compatible_secondary_identity_unconfirmed,1,0,0,unavailable_acquisition_selected_ch2,not_validated,-6.65,14.75187,80.0,0.0,,42.25,204.54999999999998,-8.2,14.825999999999999,80.0,0.0,,44.400000000000006,235.8,-8.55,13.121009999999997,80.0,0.0,,33.25,108.55,50178,51201,60dba4f067947fb96e69ec510af69d2f7cfa255db29fdae7c420556db0bc7b4d,,,curated_decay_upload; acquisition run/time and selection unknown,not_confirmed,unique_eligible_for_separate_review
Datos/Med_con_Decaimientos/decaimientos.txt::block51::event51,Datos/Med_con_Decaimientos/decaimientos.txt,upload_decaimientos_sin_fecha,-1,51,51,,51202,0,0,development,1024,accepted,resolved_negative_ch1_ch2_coincidence,not_detected_above_threshold,prompt_12_no_resolved_3,207.52,1455.82,candidate,compatible_secondary_identity_unconfirmed,1,0,0,unavailable_acquisition_selected_ch2,not_validated,-6.5,13.93644,80.0,0.0,,34.4,180.1,-7.199999999999999,14.232960000000002,80.0,0.0,,42.0,277.90000000000003,-8.3,13.93644,80.0,0.0,,39.1,120.3,51202,52225,c6232ffb225f9a4075b264bb177600b3b9ac12a4f55d72f53bb9e023102a9d7a,,,curated_decay_upload; acquisition run/time and selection unknown,not_confirmed,unique_eligible_for_separate_review
Datos/Med_con_Decaimientos/decaimientos.txt::block52::event52,Datos/Med_con_Decaimientos/decaimientos.txt,upload_decaimientos_sin_fecha,-1,52,52,,52226,0,0,development,1024,accepted,resolved_negative_ch1_ch2_coincidence,not_detected_above_threshold,prompt_12_no_resolved_3,212.5,1450.84,candidate,compatible_secondary_identity_unconfirmed,1,0,0,unavailable_acquisition_selected_ch2,not_validated,-6.6,17.12403,80.0,0.0,,40.7,253.9,-7.25,17.56881,80.0,0.0,,49.75,240.35,-7.45,16.456860000000002,80.0,0.0,,44.550000000000004,38.25,52226,53249,4f02f65e856789d7f78310a0ef80d37b6461536813c135e66e0ec8945562ffa0,,,curated_decay_upload; acquisition run/time and selection unknown,not_confirmed,unique_eligible_for_separate_review
Datos/Med_con_Decaimientos/decaimientos.txt::block53::event53,Datos/Med_con_Decaimientos/decaimientos.txt,upload_decaimientos_sin_fecha,-1,53,53,,53250,0,0,development,1024,accepted,resolved_negative_ch1_ch2_coincidence,detected,prompt_123,212.5,1450.84,ambiguous,review_delayed_group_reasons,0,1,0,unavailable_acquisition_selected_ch2,not_validated,-6.85,15.641429999999998,80.0,0.0,,46.45,145.05,-6.85,18.23598,82.06191000000001,0.0,,45.25,123.85,-8.4,16.90164,80.0,0.0,,50.5,153.4,53250,54273,af86a70f6814f4c4c5d2a0738558a9df4ed537cff261910935af912481866730,,,curated_decay_upload; acquisition run/time and selection unknown,not_confirmed,unique_eligible_for_separate_review
Datos/Med_con_Decaimientos/decaimientos.txt::block54::event54,Datos/Med_con_Decaimientos/decaimientos.txt,upload_decaimientos_sin_fecha,-1,54,54,,54274,0,0,development,1024,accepted,resolved_negative_ch1_ch2_coincidence,detected,prompt_123,215.82,1447.52,ambiguous,review_delayed_group_reasons,0,1,1,unavailable_acquisition_selected_ch2,not_validated,-7.1,14.677739999999996,80.0,0.0,,50.0,182.20000000000002,-6.55,16.086209999999998,80.0,0.0,,47.449999999999996,227.85,-7.7,16.3086,80.0,0.0,,45.900000000000006,240.5,54274,55297,dbc1fbd78c0fd325fd5ddf392a5fb047e019703176b08f95de0f6d72553d00e9,,,curated_decay_upload; acquisition run/time and selection unknown,not_confirmed,unique_eligible_for_separate_review
Datos/Med_con_Decaimientos/decaimientos.txt::block55::event55,Datos/Med_con_Decaimientos/decaimientos.txt,upload_decaimientos_sin_fecha,-1,55,55,,55298,0,0,development,1024,accepted,resolved_negative_ch1_ch2_coincidence,not_detected_above_threshold,prompt_12_no_resolved_3,200.879,1462.461,candidate,compatible_secondary_identity_unconfirmed,1,0,0,unavailable_acquisition_selected_ch2,not_validated,-6.55,16.234469999999998,80.0,0.0,,47.349999999999994,220.35,-7.1,16.01208,80.0,0.0,,46.7,370.2,-7.85,14.97426,80.0,0.0,,45.35,109.75,55298,56321,e59467cd989aa110556c89de9a1af9907e3f209da53257727a18b23f42587e97,,,curated_decay_upload; acquisition run/time and selection unknown,not_confirmed,unique_eligible_for_separate_review
Datos/Med_con_Decaimientos/decaimientos.txt::block56::event56,Datos/Med_con_Decaimientos/decaimientos.txt,upload_decaimientos_sin_fecha,-1,56,56,,56322,0,0,development,1024,accepted,resolved_negative_ch1_ch2_coincidence,not_detected_above_threshold,prompt_12_no_resolved_3,209.18,1454.1599999999999,ambiguous,review_delayed_group_reasons,0,2,1,unavailable_acquisition_selected_ch2,not_validated,-6.8,14.232959999999999,80.0,0.0,,42.9,172.39999999999998,-7.1,15.270779999999997,80.0,0.0,,42.4,125.80000000000001,-9.350000000000001,13.565790000000002,80.0,0.0,,36.85,63.449999999999996,56322,57345,c85ff055867472b42d0bac1510e81bfe28036d2af3bee910afd4cadb816577c6,,,curated_decay_upload; acquisition run/time and selection unknown,not_confirmed,unique_eligible_for_separate_review
Datos/Med_con_Decaimientos/decaimientos.txt::block57::event57,Datos/Med_con_Decaimientos/decaimientos.txt,upload_decaimientos_sin_fecha,-1,57,57,,57346,0,0,evaluation,1024,accepted,resolved_negative_ch1_ch2_coincidence,not_detected_above_threshold,prompt_12_no_resolved_3,205.859,1457.481,candidate,compatible_secondary_identity_unconfirmed,1,1,0,unavailable_acquisition_selected_ch2,not_validated,-6.85,16.456860000000002,80.0,0.0,,38.15,212.15,-7.15,16.08621,80.0,0.0,,41.449999999999996,119.85,-8.25,13.343399999999999,80.0,0.0,,37.65,35.55,57346,58369,7871f120b9488e5954ed373b173f7f48e3fa116ce7fc9ce7b533a677f200e3b4,,,curated_decay_upload; acquisition run/time and selection unknown,not_confirmed,unique_eligible_for_separate_review
Datos/Med_con_Decaimientos/decaimientos.txt::block58::event58,Datos/Med_con_Decaimientos/decaimientos.txt,upload_decaimientos_sin_fecha,-1,58,58,,58370,0,0,development,1024,accepted,resolved_negative_ch1_ch2_coincidence,not_detected_above_threshold,prompt_12_no_resolved_3,219.141,1444.1989999999998,ambiguous,review_delayed_group_reasons,0,4,2,unavailable_acquisition_selected_ch2,not_validated,-6.6,17.198159999999998,80.0,0.0,,37.8,146.70000000000002,-7.1,14.826000000000002,80.0,0.0,,50.800000000000004,182.3,-7.8,12.30558,80.0,0.0,,44.5,144.1,58370,59393,e3e422a90185bdcf9d1d7068a568d822dbf50eb4815b812ca7f1f6ee9368afce,,,curated_decay_upload; acquisition run/time and selection unknown,not_confirmed,unique_eligible_for_separate_review
Datos/Med_con_Decaimientos/decaimientos.txt::block59::event59,Datos/Med_con_Decaimientos/decaimientos.txt,upload_decaimientos_sin_fecha,-1,59,59,,59394,0,0,development,1024,accepted,resolved_negative_ch1_ch2_coincidence,not_detected_above_threshold,prompt_12_no_resolved_3,217.48,1445.86,candidate,compatible_secondary_identity_unconfirmed,1,0,0,unavailable_acquisition_selected_ch2,not_validated,-6.9,16.01208,80.0,0.0,,36.9,143.79999999999998,-7.7,16.38273,80.0,0.0,,42.5,192.5,-8.3,14.381219999999999,80.0,0.0,,38.6,150.5,59394,60417,80d71e2f0bf051fecd01eb36fe76fa7b4a306c85a20bfad69faf30d6714e93c8,,,curated_decay_upload; acquisition run/time and selection unknown,not_confirmed,unique_eligible_for_separate_review
Datos/Med_con_Decaimientos/decaimientos.txt::block60::event60,Datos/Med_con_Decaimientos/decaimientos.txt,upload_decaimientos_sin_fecha,-1,60,60,,60418,0,0,development,1024,accepted,resolved_negative_ch1_ch2_coincidence,not_detected_above_threshold,prompt_12_no_resolved_3,210.84,1452.5,candidate,compatible_secondary_identity_unconfirmed,1,0,1,unavailable_acquisition_selected_ch2,not_validated,-6.5,15.122519999999998,80.0,0.0,,47.5,150.8,-7.4,15.715560000000002,80.0,0.0,,45.0,191.0,-7.35,12.231449999999999,80.0,0.0,,39.35,39.949999999999996,60418,61441,aac8fea068406083681016f0c465c41660804329ca223150f386cdc42871ab20,,,curated_decay_upload; acquisition run/time and selection unknown,not_confirmed,unique_eligible_for_separate_review
Datos/Med_con_Decaimientos/decaimientos.txt::block61::event61,Datos/Med_con_Decaimientos/decaimientos.txt,upload_decaimientos_sin_fecha,-1,61,61,,61442,0,0,evaluation,1024,accepted,resolved_negative_ch1_ch2_coincidence,not_detected_above_threshold,prompt_12_no_resolved_3,207.52,1455.82,candidate,compatible_secondary_identity_unconfirmed,1,0,0,unavailable_acquisition_selected_ch2,not_validated,-7.0,15.937949999999999,80.0,0.0,,43.6,208.9,-6.6,15.715559999999998,80.0,0.0,,36.7,299.0,-8.0,14.232960000000002,80.0,0.0,,34.3,88.4,61442,62465,80d6634a45066736cacdd97fcab88d3ab4b0b61d184b7e46d4cd685133a2cf41,,,curated_decay_upload; acquisition run/time and selection unknown,not_confirmed,unique_eligible_for_separate_review
Datos/Med_con_Decaimientos/decaimientos.txt::block62::event62,Datos/Med_con_Decaimientos/decaimientos.txt,upload_decaimientos_sin_fecha,-1,62,62,,62466,0,0,development,1024,accepted,resolved_negative_ch1_ch2_coincidence,not_detected_above_threshold,prompt_12_no_resolved_3,200.879,1462.461,ambiguous,review_delayed_group_reasons,0,2,0,unavailable_acquisition_selected_ch2,not_validated,-7.3,15.344909999999999,80.0,0.0,,52.099999999999994,211.1,-6.65,15.937949999999999,80.0,0.0,,44.05,362.05,-7.85,14.381219999999999,80.0,0.0,,40.550000000000004,36.65,62466,63489,0cb89d8c33964a33a78ea354e5c94105b5b68cd2ad14d654fba93a31accaf311,,,curated_decay_upload; acquisition run/time and selection unknown,not_confirmed,unique_eligible_for_separate_review
Datos/Med_con_Decaimientos/decaimientos.txt::block63::event63,Datos/Med_con_Decaimientos/decaimientos.txt,upload_decaimientos_sin_fecha,-1,63,63,,63490,0,0,development,1024,accepted,resolved_negative_ch1_ch2_coincidence,not_detected_above_threshold,prompt_12_no_resolved_3,212.5,1450.84,candidate,compatible_secondary_identity_unconfirmed,1,0,0,unavailable_acquisition_selected_ch2,not_validated,-7.15,16.82751,80.0,0.0,,43.55,138.85,-7.6,16.3086,80.0,0.0,,41.4,138.4,-8.7,13.49166,80.0,0.0,,38.8,43.900000000000006,63490,64513,90d5558668928f1f3642321bfc375a04b5efc04424511fa6740beda6fcc7b1e2,,,curated_decay_upload; acquisition run/time and selection unknown,not_confirmed,unique_eligible_for_separate_review
Datos/Med_con_Decaimientos/decaimientos.txt::block64::event64,Datos/Med_con_Decaimientos/decaimientos.txt,upload_decaimientos_sin_fecha,-1,64,64,,64514,0,0,evaluation,1024,accepted,resolved_negative_ch1_ch2_coincidence,not_detected_above_threshold,prompt_12_no_resolved_3,209.18,1454.1599999999999,candidate,compatible_secondary_identity_unconfirmed,1,0,1,unavailable_acquisition_selected_ch2,not_validated,-6.6,16.3086,80.0,0.0,,41.0,197.3,-8.4,14.97426,80.0,0.0,,61.9,479.20000000000005,-9.149999999999999,14.15883,80.0,0.0,,42.55,35.65,64514,65537,7577457f92f4e249b362057df573f6dd040784f9b71638644349e591b09d1ee1,,,curated_decay_upload; acquisition run/time and selection unknown,not_confirmed,unique_eligible_for_separate_review
Datos/Med_con_Decaimientos/decaimientos.txt::block65::event65,Datos/Med_con_Decaimientos/decaimientos.txt,upload_decaimientos_sin_fecha,-1,65,65,,65538,0,0,development,1024,accepted,resolved_negative_ch1_ch2_coincidence,not_detected_above_threshold,prompt_12_no_resolved_3,204.199,1459.1409999999998,candidate,compatible_secondary_identity_unconfirmed,1,2,1,unavailable_acquisition_selected_ch2,not_validated,-7.25,15.048389999999998,80.0,0.0,,40.45,187.25,-6.8,15.715559999999996,80.0,0.0,,47.099999999999994,265.7,-7.9,13.046879999999998,80.0,0.0,,44.8,108.8,65538,66561,586730e05722f41c7e644fe2a0506c69e9da87a44e537f1424887119b6042b20,,,curated_decay_upload; acquisition run/time and selection unknown,not_confirmed,unique_eligible_for_separate_review
Datos/Med_con_Decaimientos/decaimientos.txt::block66::event66,Datos/Med_con_Decaimientos/decaimientos.txt,upload_decaimientos_sin_fecha,-1,66,66,,66562,0,0,development,1024,accepted,resolved_negative_ch1_ch2_coincidence,not_detected_above_threshold,prompt_12_no_resolved_3,209.18,1454.1599999999999,candidate,compatible_secondary_identity_unconfirmed,1,0,0,unavailable_acquisition_selected_ch2,not_validated,-6.45,15.419039999999999,80.0,0.0,,52.25,179.25,-7.1,15.419039999999999,80.0,0.0,,55.6,158.1,-7.5,12.750359999999999,80.0,0.0,,50.0,38.2,66562,67585,8898f70a99c4a5844052b6be2edc8913c663c640011a686debe2ecbfd40721d9,,,curated_decay_upload; acquisition run/time and selection unknown,not_confirmed,unique_eligible_for_separate_review
Datos/Med_con_Decaimientos/decaimientos.txt::block67::event67,Datos/Med_con_Decaimientos/decaimientos.txt,upload_decaimientos_sin_fecha,-1,67,67,,67586,0,0,development,1024,accepted,resolved_negative_ch1_ch2_coincidence,not_detected_above_threshold,prompt_12_no_resolved_3,209.18,1454.1599999999999,candidate,compatible_secondary_identity_unconfirmed,1,0,0,unavailable_acquisition_selected_ch2,not_validated,-7.4,18.82902,84.73059,0.0,,46.3,184.7,-7.5,17.34642,80.0,0.0,,43.1,232.3,-8.6,15.419039999999999,80.0,0.0,,44.300000000000004,38.8,67586,68609,de1059db24f6cb75a5394b06e576805da9c2c5114bb1454484bb3fcb65cb2426,,,curated_decay_upload; acquisition run/time and selection unknown,not_confirmed,unique_eligible_for_separate_review
Datos/Med_con_Decaimientos/decaimientos.txt::block68::event68,Datos/Med_con_Decaimientos/decaimientos.txt,upload_decaimientos_sin_fecha,-1,68,68,,68610,0,0,development,1024,accepted,resolved_negative_ch1_ch2_coincidence,not_detected_above_threshold,prompt_12_no_resolved_3,220.801,1442.539,ambiguous,review_delayed_group_reasons,0,2,1,unavailable_acquisition_selected_ch2,not_validated,-7.1,14.52948,80.0,0.0,,50.0,192.8,-7.3,17.198159999999998,80.0,0.0,,40.099999999999994,103.7,-8.1,13.19514,80.0,0.0,,35.5,42.5,68610,69633,a150dee2d0433a7ded88c199b9548ded443a3d564c3c0d5bc6653d9f584e6547,,,curated_decay_upload; acquisition run/time and selection unknown,not_confirmed,unique_eligible_for_separate_review
Datos/Med_con_Decaimientos/decaimientos.txt::block69::event69,Datos/Med_con_Decaimientos/decaimientos.txt,upload_decaimientos_sin_fecha,-1,69,69,,69634,0,0,development,1024,accepted,resolved_negative_ch1_ch2_coincidence,detected,prompt_123,210.84,1452.5,ambiguous,review_delayed_group_reasons,0,1,3,unavailable_acquisition_selected_ch2,not_validated,-6.1,17.198159999999998,80.0,0.0,,61.5,127.0,-8.3,16.3086,80.0,0.0,,53.0,125.50000000000001,-7.8,14.381219999999999,80.0,0.0,,45.099999999999994,144.29999999999998,69634,70657,283ab85ad4ca9890bea5f9664568c4790c22d6c430ea92b276bcebeed7899559,,,curated_decay_upload; acquisition run/time and selection unknown,not_confirmed,unique_eligible_for_separate_review
Datos/Med_con_Decaimientos/decaimientos.txt::block70::event70,Datos/Med_con_Decaimientos/decaimientos.txt,upload_decaimientos_sin_fecha,-1,70,70,,70658,0,0,development,1024,accepted,resolved_negative_ch1_ch2_coincidence,not_detected_above_threshold,prompt_12_no_resolved_3,207.52,1455.82,candidate,compatible_secondary_identity_unconfirmed,1,0,1,unavailable_acquisition_selected_ch2,not_validated,-6.95,17.568810000000003,80.0,0.0,,45.550000000000004,244.45000000000002,-5.9,18.5325,83.39625,0.0,,50.5,249.6,-7.05,16.3086,80.0,0.0,,36.55,51.85,70658,71681,d9c3cbbd68506ea5a27a6afc67c6286e3eaa79f3b21884f5f9e784cac3a1db80,,,curated_decay_upload; acquisition run/time and selection unknown,not_confirmed,unique_eligible_for_separate_review
Datos/Med_con_Decaimientos/decaimientos.txt::block71::event71,Datos/Med_con_Decaimientos/decaimientos.txt,upload_decaimientos_sin_fecha,-1,71,71,,71682,0,0,development,1024,accepted,resolved_negative_ch1_ch2_coincidence,not_detected_above_threshold,prompt_12_no_resolved_3,205.859,1457.481,candidate,compatible_secondary_identity_unconfirmed,1,0,1,unavailable_acquisition_selected_ch2,not_validated,-6.1,16.38273,80.0,0.0,,35.9,275.79999999999995,-7.9,15.863819999999999,80.0,0.0,,45.5,178.79999999999998,-7.4,11.8608,80.0,0.0,,34.7,37.800000000000004,71682,72705,9fd0f8dc19b32b2c21177b0b4bf028605ecbee54bd0fda644ff0666f0a4d1e8f,,,curated_decay_upload; acquisition run/time and selection unknown,not_confirmed,unique_eligible_for_separate_review
Datos/Med_con_Decaimientos/decaimientos.txt::block72::event72,Datos/Med_con_Decaimientos/decaimientos.txt,upload_decaimientos_sin_fecha,-1,72,72,,72706,0,0,evaluation,1024,accepted,resolved_negative_ch1_ch2_coincidence,not_detected_above_threshold,prompt_12_no_resolved_3,207.52,1455.82,candidate,compatible_secondary_identity_unconfirmed,1,1,0,unavailable_acquisition_selected_ch2,not_validated,-7.0,15.344909999999999,80.0,0.0,,50.7,162.5,-8.3,14.825999999999999,80.0,0.0,,48.400000000000006,134.6,-7.75,13.565789999999998,80.0,0.0,,37.55,35.15,72706,73729,907dbb8ccc3f1cecc982a60d0c88581677812b283e08993089dc27e6f0a96f55,,,curated_decay_upload; acquisition run/time and selection unknown,not_confirmed,unique_eligible_for_separate_review
Datos/Med_con_Decaimientos/decaimientos.txt::block73::event73,Datos/Med_con_Decaimientos/decaimientos.txt,upload_decaimientos_sin_fecha,-1,73,73,,73730,0,0,development,1024,accepted,resolved_negative_ch1_ch2_coincidence,not_detected_above_threshold,prompt_12_no_resolved_3,204.199,1459.1409999999998,candidate,compatible_secondary_identity_unconfirmed,1,1,0,unavailable_acquisition_selected_ch2,not_validated,-7.05,19.64445,88.400025,0.0,,39.05,171.04999999999998,-7.7,17.19816,80.0,0.0,,50.400000000000006,240.0,-7.9,15.64143,80.0,0.0,,38.4,288.70000000000005,73730,74753,44006db2486b1540ff955ed98d1214d649e41e476bc098897e346f9035e3d367,,,curated_decay_upload; acquisition run/time and selection unknown,not_confirmed,unique_eligible_for_separate_review
Datos/Med_con_Decaimientos/decaimientos.txt::block74::event74,Datos/Med_con_Decaimientos/decaimientos.txt,upload_decaimientos_sin_fecha,-1,74,74,,74754,0,0,development,1024,accepted,resolved_negative_ch1_ch2_coincidence,not_detected_above_threshold,prompt_12_no_resolved_3,205.859,1457.481,candidate,compatible_secondary_identity_unconfirmed,1,0,1,unavailable_acquisition_selected_ch2,not_validated,-6.199999999999999,16.67925,80.0,0.0,,42.0,202.4,-8.6,16.75338,80.0,0.0,,47.7,297.9,-8.1,16.38273,80.0,0.0,,50.300000000000004,44.199999999999996,74754,75777,4f9ca207021a2cb00a00db0bfbac4a38f0080358b73a0a32a8e584b6a3014674,,,curated_decay_upload; acquisition run/time and selection unknown,not_confirmed,unique_eligible_for_separate_review
Datos/Med_con_Decaimientos/decaimientos.txt::block75::event75,Datos/Med_con_Decaimientos/decaimientos.txt,upload_decaimientos_sin_fecha,-1,75,75,,75778,0,0,development,1024,accepted,resolved_negative_ch1_ch2_coincidence,not_detected_above_threshold,prompt_12_no_resolved_3,217.48,1445.86,ambiguous,review_delayed_group_reasons,0,2,1,unavailable_acquisition_selected_ch2,not_validated,-6.7,15.863819999999999,80.0,0.0,,48.900000000000006,151.9,-7.15,18.75489,84.397005,0.0,,60.65,161.04999999999998,-8.2,20.0151,90.06795,0.0,,46.3,50.599999999999994,75778,76801,efedf2ce6692a61e1027b005a59999e3c3708fbf3ae4c550a6b7ab4aa26ec26b,,,curated_decay_upload; acquisition run/time and selection unknown,not_confirmed,unique_eligible_for_separate_review
Datos/Med_con_Decaimientos/decaimientos.txt::block76::event76,Datos/Med_con_Decaimientos/decaimientos.txt,upload_decaimientos_sin_fecha,-1,76,76,,76802,0,0,development,1024,accepted,resolved_negative_ch1_ch2_coincidence,ambiguous,prompt_12_uncertain_3,219.141,1444.1989999999998,ambiguous,review_delayed_group_reasons,0,1,0,unavailable_acquisition_selected_ch2,not_validated,-6.55,17.71707,80.0,0.0,,40.349999999999994,133.04999999999998,-7.4,17.049899999999997,80.0,0.0,,60.1,287.5,-8.2,15.419039999999997,80.0,0.0,,43.7,139.8,76802,77825,a41ab49e67fe57e5ea78a60dc8ae62e3d74b1aa785e2525a72054a880912755d,,,curated_decay_upload; acquisition run/time and selection unknown,not_confirmed,unique_eligible_for_separate_review
Datos/Med_con_Decaimientos/decaimientos.txt::block77::event77,Datos/Med_con_Decaimientos/decaimientos.txt,upload_decaimientos_sin_fecha,-1,77,77,,77826,0,0,development,1024,accepted,resolved_negative_ch1_ch2_coincidence,not_detected_above_threshold,prompt_12_no_resolved_3,210.84,1452.5,candidate,compatible_secondary_identity_unconfirmed,1,0,2,unavailable_acquisition_selected_ch2,not_validated,-7.3,15.19665,80.0,0.0,,46.699999999999996,156.79999999999998,-6.8,14.67774,80.0,0.0,,50.3,212.89999999999998,-8.9,12.750359999999999,80.0,0.0,,39.6,103.69999999999999,77826,78849,beaff278647581e1d445cd86ce05a972f996f93c20db9e214f00ede02542f79b,,,curated_decay_upload; acquisition run/time and selection unknown,not_confirmed,unique_eligible_for_separate_review
Datos/Med_con_Decaimientos/decaimientos.txt::block78::event78,Datos/Med_con_Decaimientos/decaimientos.txt,upload_decaimientos_sin_fecha,-1,78,78,,78850,0,0,development,1024,accepted,resolved_negative_ch1_ch2_coincidence,not_detected_above_threshold,prompt_12_no_resolved_3,204.199,1459.1409999999998,ambiguous,review_delayed_group_reasons,0,2,0,unavailable_acquisition_selected_ch2,not_validated,-6.300000000000001,16.60512,80.0,0.0,,46.599999999999994,187.89999999999998,-9.1,19.42206,87.39926999999999,0.0,,56.2,98.9,-7.85,18.75489,84.397005,0.0,,52.35,46.85,78850,79873,0294e1c021a1f0df69fe3c77fad1a1c553026edefb7758dde1dd20bcf72eb892,,,curated_decay_upload; acquisition run/time and selection unknown,not_confirmed,unique_eligible_for_separate_review
Datos/Med_con_Decaimientos/decaimientos.txt::block79::event79,Datos/Med_con_Decaimientos/decaimientos.txt,upload_decaimientos_sin_fecha,-1,79,79,,79874,0,0,development,1024,accepted,resolved_negative_ch1_ch2_coincidence,not_detected_above_threshold,prompt_12_no_resolved_3,205.859,1457.481,candidate,compatible_secondary_identity_unconfirmed,1,0,0,unavailable_acquisition_selected_ch2,not_validated,-6.8,15.27078,80.0,0.0,,43.3,224.89999999999998,-6.2,16.456860000000002,80.0,0.0,,41.7,489.1,-8.6,12.527969999999998,80.0,0.0,,39.4,36.3,79874,80897,85bfa6600b8c82ead0b58093db22341846c8ee088b6c2b35c14347badc74257a,,,curated_decay_upload; acquisition run/time and selection unknown,not_confirmed,unique_eligible_for_separate_review
Datos/Med_con_Decaimientos/decaimientos.txt::block80::event80,Datos/Med_con_Decaimientos/decaimientos.txt,upload_decaimientos_sin_fecha,-1,80,80,,80898,0,0,evaluation,1024,accepted,resolved_negative_ch1_ch2_coincidence,not_detected_above_threshold,prompt_12_no_resolved_3,209.18,1454.1599999999999,excluded_secondary,all_secondaries_fail_quality,0,0,1,unavailable_acquisition_selected_ch2,not_validated,-6.0,18.5325,83.39625,0.0,,42.7,141.1,-8.6,17.49468,80.0,0.0,,54.9,92.30000000000001,-8.1,16.3086,80.0,0.0,,52.4,92.5,80898,81921,c717ed0ca1734e1f1124d370ca8c1b462e903c1af6cda2eb18895873945ffaf9,,,curated_decay_upload; acquisition run/time and selection unknown,not_confirmed,unique_eligible_for_separate_review
Datos/Med_con_Decaimientos/decaimientos.txt::block81::event81,Datos/Med_con_Decaimientos/decaimientos.txt,upload_decaimientos_sin_fecha,-1,81,81,,81922,0,0,evaluation,1024,accepted,resolved_negative_ch1_ch2_coincidence,not_detected_above_threshold,prompt_12_no_resolved_3,217.48,1445.86,no_secondary_above_threshold,absence_is_not_no_decay,0,0,0,unavailable_acquisition_selected_ch2,not_validated,-7.199999999999999,19.273799999999998,86.73209999999999,0.0,,59.400000000000006,163.9,-6.25,20.08923,90.401535,0.0,,48.95,163.05,-8.1,16.753379999999996,80.0,0.0,,46.2,38.4,81922,82945,9fe3d81d1b53e29898f75dc18379e56091334f2927e71aafd76e95056e34b07c,,,curated_decay_upload; acquisition run/time and selection unknown,not_confirmed,unique_eligible_for_separate_review
Datos/Med_con_Decaimientos/decaimientos.txt::block82::event82,Datos/Med_con_Decaimientos/decaimientos.txt,upload_decaimientos_sin_fecha,-1,82,82,,82946,0,0,development,1024,accepted,resolved_negative_ch1_ch2_coincidence,not_detected_above_threshold,prompt_12_no_resolved_3,209.18,1454.1599999999999,candidate,compatible_secondary_identity_unconfirmed,1,1,0,unavailable_acquisition_selected_ch2,not_validated,-7.1,17.939459999999997,80.72756999999999,0.0,,44.5,193.6,-5.95,17.27229,80.0,0.0,,40.550000000000004,230.65,-8.2,16.901640000000004,80.0,0.0,,46.7,186.60000000000002,82946,83969,c417e8d2acec1c54d4dd27c40a01b36e5d807233aff9aa5c01dcc18b82c0dd84,,,curated_decay_upload; acquisition run/time and selection unknown,not_confirmed,unique_eligible_for_separate_review
Datos/Med_con_Decaimientos/decaimientos.txt::block83::event83,Datos/Med_con_Decaimientos/decaimientos.txt,upload_decaimientos_sin_fecha,-1,83,83,,83970,0,0,development,1024,accepted,resolved_negative_ch1_ch2_coincidence,detected,prompt_123,224.121,1439.2189999999998,ambiguous,review_delayed_group_reasons,0,3,0,unavailable_acquisition_selected_ch2,not_validated,-6.2,16.901640000000004,80.0,0.0,,52.800000000000004,116.3,-8.3,18.23598,82.06191000000001,0.0,,55.8,130.89999999999998,-7.7,16.3086,80.0,0.0,,48.900000000000006,108.3,83970,84993,126e7832c9b79e8871599a8ee225ae203da9cf0de02a5b7085bda86cb315541c,,,curated_decay_upload; acquisition run/time and selection unknown,not_confirmed,unique_eligible_for_separate_review
Datos/Med_con_Decaimientos/decaimientos.txt::block84::event84,Datos/Med_con_Decaimientos/decaimientos.txt,upload_decaimientos_sin_fecha,-1,84,84,,84994,0,0,evaluation,1024,accepted,resolved_negative_ch1_ch2_coincidence,not_detected_above_threshold,prompt_12_no_resolved_3,205.859,1457.481,ambiguous,review_delayed_group_reasons,0,2,0,unavailable_acquisition_selected_ch2,not_validated,-6.4,18.60663,83.729835,0.0,,43.4,281.3,-7.7,14.974260000000001,80.0,0.0,,47.0,209.60000000000002,-8.3,15.19665,80.0,0.0,,41.900000000000006,46.3,84994,86017,01f1713e59a83da6662c640d0d53bb095964ce5a50348ade9ee4a98fb41d902a,,,curated_decay_upload; acquisition run/time and selection unknown,not_confirmed,unique_eligible_for_separate_review
Datos/Med_con_Decaimientos/decaimientos.txt::block85::event85,Datos/Med_con_Decaimientos/decaimientos.txt,upload_decaimientos_sin_fecha,-1,85,85,,86018,0,0,evaluation,1024,accepted,resolved_negative_ch1_ch2_coincidence,not_detected_above_threshold,prompt_12_no_resolved_3,200.879,1462.461,candidate,compatible_secondary_identity_unconfirmed,1,0,0,unavailable_acquisition_selected_ch2,not_validated,-5.35,16.45686,80.0,0.0,,48.15,212.25,-5.3,17.939459999999997,80.72756999999999,0.0,,44.8,285.3,-5.05,16.45686,80.0,0.0,,43.15,48.45,86018,87041,e9f8dfd96b4b5a878a6555fb5970f7a30e8ae005c8ef15f632f2c4c32c9f60e6,,,curated_decay_upload; acquisition run/time and selection unknown,not_confirmed,unique_eligible_for_separate_review
Datos/Med_con_Decaimientos/decaimientos.txt::block86::event86,Datos/Med_con_Decaimientos/decaimientos.txt,upload_decaimientos_sin_fecha,-1,86,86,,87042,0,0,evaluation,1024,accepted,resolved_negative_ch1_ch2_coincidence,not_detected_above_threshold,prompt_12_no_resolved_3,212.5,1450.84,candidate,compatible_secondary_identity_unconfirmed,1,1,0,unavailable_acquisition_selected_ch2,not_validated,-6.8,18.087719999999997,81.39473999999998,0.0,,57.599999999999994,133.0,-8.25,18.161849999999998,81.72832499999998,0.0,,53.05,116.05,-8.8,15.715559999999996,80.0,0.0,,44.3,119.7,87042,88065,a49484de6a7a0a9051393afad27f7a1d29b75bfc4a4b2748fe98d50f1013d43e,,,curated_decay_upload; acquisition run/time and selection unknown,not_confirmed,unique_eligible_for_separate_review
Datos/Med_con_Decaimientos/decaimientos.txt::block87::event87,Datos/Med_con_Decaimientos/decaimientos.txt,upload_decaimientos_sin_fecha,-1,87,87,,88066,0,0,development,1024,accepted,resolved_negative_ch1_ch2_coincidence,detected,prompt_123,217.48,1445.86,ambiguous,review_delayed_group_reasons,0,1,0,unavailable_acquisition_selected_ch2,not_validated,-6.699999999999999,20.385749999999998,91.735875,0.0,,51.900000000000006,118.0,-7.0,18.5325,83.39625,0.0,,43.1,111.2,-8.149999999999999,15.122519999999998,80.0,0.0,,42.35,148.85,88066,89089,17f3d10c00fe5d9f76601cec58443f69a0625f0f455e7cfc8063959e1d30fcd4,,,curated_decay_upload; acquisition run/time and selection unknown,not_confirmed,unique_eligible_for_separate_review
Datos/Med_con_Decaimientos/decaimientos.txt::block88::event88,Datos/Med_con_Decaimientos/decaimientos.txt,upload_decaimientos_sin_fecha,-1,88,88,,89090,0,0,development,1024,accepted,resolved_negative_ch1_ch2_coincidence,not_detected_above_threshold,prompt_12_no_resolved_3,204.199,1459.1409999999998,candidate,compatible_secondary_identity_unconfirmed,1,4,0,unavailable_acquisition_selected_ch2,not_validated,-7.4,14.232959999999999,80.0,0.0,,60.9,211.29999999999998,-4.4,16.45686,80.0,0.0,,39.199999999999996,286.0,-7.1,18.97728,85.39776,0.0,,39.5,134.70000000000002,89090,90113,049804df7a6f6520a1b571868ef893b1e26cf1032c7302dad9333782013f98ee,,,curated_decay_upload; acquisition run/time and selection unknown,not_confirmed,unique_eligible_for_separate_review
Datos/Med_con_Decaimientos/decaimientos.txt::block89::event89,Datos/Med_con_Decaimientos/decaimientos.txt,upload_decaimientos_sin_fecha,-1,89,89,,90114,0,0,development,1024,accepted,resolved_negative_ch1_ch2_coincidence,not_detected_above_threshold,prompt_12_no_resolved_3,209.18,1454.1599999999999,candidate,compatible_secondary_identity_unconfirmed,1,1,0,unavailable_acquisition_selected_ch2,not_validated,-5.65,16.67925,80.0,0.0,,45.449999999999996,244.85,-7.5,15.715560000000002,80.0,0.0,,53.5,235.7,-7.95,15.34491,80.0,0.0,,44.050000000000004,41.15,90114,91137,49f784c81976de33ba61cbbac7c7538e439507920dce36e52a7a6e4e542ee5c0,,,curated_decay_upload; acquisition run/time and selection unknown,not_confirmed,unique_eligible_for_separate_review
Datos/Med_con_Decaimientos/decaimientos.txt::block90::event90,Datos/Med_con_Decaimientos/decaimientos.txt,upload_decaimientos_sin_fecha,-1,90,90,,91138,0,0,development,1024,accepted,resolved_negative_ch1_ch2_coincidence,not_detected_above_threshold,prompt_12_no_resolved_3,204.199,1459.1409999999998,candidate,compatible_secondary_identity_unconfirmed,1,0,1,unavailable_acquisition_selected_ch2,not_validated,-6.95,17.568810000000003,80.0,0.0,,52.85,283.75,-7.5,17.49468,80.0,0.0,,56.6,182.6,-9.4,14.97426,80.0,0.0,,44.199999999999996,38.300000000000004,91138,92161,97e1069b5400b2266d87f863025cd8dd4a9b57cb2dd75c4b1cb65444a0b4d96d,,,curated_decay_upload; acquisition run/time and selection unknown,not_confirmed,unique_eligible_for_separate_review
Datos/Med_con_Decaimientos/decaimientos.txt::block91::event91,Datos/Med_con_Decaimientos/decaimientos.txt,upload_decaimientos_sin_fecha,-1,91,91,,92162,0,0,development,1024,accepted,resolved_negative_ch1_ch2_coincidence,not_detected_above_threshold,prompt_12_no_resolved_3,210.84,1452.5,candidate,compatible_secondary_identity_unconfirmed,1,0,0,unavailable_acquisition_selected_ch2,not_validated,-6.6,19.57032,88.06644,0.0,,54.0,289.79999999999995,-7.6,18.08772,81.39474,0.0,,49.2,184.70000000000002,-9.2,14.603609999999996,80.0,0.0,,42.099999999999994,44.5,92162,93185,cbeff2c194c56979a87ce5de890699a0f42ecb3c273c122633205d70ee22b452,,,curated_decay_upload; acquisition run/time and selection unknown,not_confirmed,unique_eligible_for_separate_review
Datos/Med_con_Decaimientos/decaimientos.txt::block92::event92,Datos/Med_con_Decaimientos/decaimientos.txt,upload_decaimientos_sin_fecha,-1,92,92,,93186,0,0,development,1024,accepted,resolved_negative_ch1_ch2_coincidence,detected,prompt_123,210.84,1452.5,ambiguous,review_delayed_group_reasons,0,1,0,unavailable_acquisition_selected_ch2,not_validated,-6.45,16.82751,80.0,0.0,,55.75,167.35000000000002,-7.6,17.49468,80.0,0.0,,43.4,304.9,-8.5,12.009060000000002,80.0,0.0,,42.2,185.8,93186,94209,6f040a387c434d88df3e100b18139ba5a727aaf2f18975394b283959f2b0ef4d,,,curated_decay_upload; acquisition run/time and selection unknown,not_confirmed,unique_eligible_for_separate_review
Datos/Med_con_Decaimientos/decaimientos.txt::block93::event93,Datos/Med_con_Decaimientos/decaimientos.txt,upload_decaimientos_sin_fecha,-1,93,93,,94210,0,0,evaluation,1024,accepted,resolved_negative_ch1_ch2_coincidence,not_detected_above_threshold,prompt_12_no_resolved_3,222.461,1440.879,candidate,compatible_secondary_identity_unconfirmed,1,0,0,unavailable_acquisition_selected_ch2,not_validated,-7.05,19.64445,88.400025,0.0,,46.15,138.45,-5.55,17.568809999999996,80.0,0.0,,51.15,138.04999999999998,-9.3,15.715559999999996,80.0,0.0,,45.8,117.0,94210,95233,aae148b33d3c425f4f27b1823c3a9aca6aad3fc008c0538da5baaccb4724702c,,,curated_decay_upload; acquisition run/time and selection unknown,not_confirmed,unique_eligible_for_separate_review
Datos/Med_con_Decaimientos/decaimientos.txt::block94::event94,Datos/Med_con_Decaimientos/decaimientos.txt,upload_decaimientos_sin_fecha,-1,94,94,,95234,0,0,development,1024,accepted,resolved_negative_ch1_ch2_coincidence,not_detected_above_threshold,prompt_12_no_resolved_3,205.859,1457.481,candidate,compatible_secondary_identity_unconfirmed,1,1,1,unavailable_acquisition_selected_ch2,not_validated,-7.0,14.825999999999999,80.0,0.0,,42.4,203.8,-7.0,16.67925,80.0,0.0,,39.5,242.3,-7.7,13.195140000000002,80.0,0.0,,37.5,42.8,95234,96257,142574911e9a12bce5159b03a60011e1be8497068387d70acec785de4fcfebd3,,,curated_decay_upload; acquisition run/time and selection unknown,not_confirmed,unique_eligible_for_separate_review
Datos/Med_con_Decaimientos/decaimientos.txt::block95::event95,Datos/Med_con_Decaimientos/decaimientos.txt,upload_decaimientos_sin_fecha,-1,95,95,,96258,0,0,development,1024,accepted,resolved_negative_ch1_ch2_coincidence,detected,prompt_123,222.461,1440.879,ambiguous,review_delayed_group_reasons,0,1,0,unavailable_acquisition_selected_ch2,not_validated,-5.7,18.5325,83.39625,0.0,,59.5,174.5,-8.9,17.49468,80.0,0.0,,52.4,194.1,-7.9,16.160339999999998,80.0,0.0,,45.0,216.1,96258,97281,cef1bc6c55889ca1f80b1331c241986d7d88cdde4e4ce959a081cdf9642492b6,,,curated_decay_upload; acquisition run/time and selection unknown,not_confirmed,unique_eligible_for_separate_review
Datos/Med_con_Decaimientos/decaimientos.txt::block96::event96,Datos/Med_con_Decaimientos/decaimientos.txt,upload_decaimientos_sin_fecha,-1,96,96,,97282,0,0,development,1024,ambiguous,pulse_clipping,not_detected_above_threshold,prompt_12_no_resolved_3,210.84,1452.5,not_evaluable,initial_coincidence_ambiguous,0,1,1,unavailable_acquisition_selected_ch2,not_validated,-6.8,18.97728,85.39776,0.0,,42.9,116.2,-7.6,17.939459999999997,80.72756999999999,0.0,,64.5,492.29999999999995,-9.25,16.67925,80.0,0.0,,58.25,113.95,97282,98305,b59e4312243d2e03bf0bfe86be39687d19e36c8bd68c0eca35981e8c477c3fd7,,,curated_decay_upload; acquisition run/time and selection unknown,not_confirmed,unique_eligible_for_separate_review
Datos/Med_con_Decaimientos/decaimientos.txt::block97::event97,Datos/Med_con_Decaimientos/decaimientos.txt,upload_decaimientos_sin_fecha,-1,97,97,,98306,0,0,development,1024,accepted,resolved_negative_ch1_ch2_coincidence,not_detected_above_threshold,prompt_12_no_resolved_3,224.121,1439.2189999999998,ambiguous,review_delayed_group_reasons,0,2,1,unavailable_acquisition_selected_ch2,not_validated,-5.9,15.863819999999999,80.0,0.0,,48.1,203.9,-7.25,18.754889999999996,84.39700499999998,0.0,,38.65,267.85,-8.1,12.750359999999999,80.0,0.0,,38.8,34.8,98306,99329,e6a0b52ffb18b5b57276288921eaa1c1ef4f19ca81d329baaaf4862eeb73db7d,,,curated_decay_upload; acquisition run/time and selection unknown,not_confirmed,unique_eligible_for_separate_review
Datos/Med_con_Decaimientos/decaimientos.txt::block98::event98,Datos/Med_con_Decaimientos/decaimientos.txt,upload_decaimientos_sin_fecha,-1,98,98,,99330,0,0,development,1024,accepted,resolved_negative_ch1_ch2_coincidence,detected,prompt_123,219.141,1444.1989999999998,ambiguous,review_delayed_group_reasons,0,3,0,unavailable_acquisition_selected_ch2,not_validated,-5.8,17.642939999999996,80.0,0.0,,41.3,217.6,-7.9,18.23598,82.06191000000001,0.0,,55.3,224.4,-8.0,15.863819999999999,80.0,0.0,,45.6,239.3,99330,100353,2133e1a724691f812568c38a4937d1c185ecede6dc20bb3dd57b8eb1c2bdecf8,,,curated_decay_upload; acquisition run/time and selection unknown,not_confirmed,unique_eligible_for_separate_review
Datos/Med_con_Decaimientos/decaimientos.txt::block99::event99,Datos/Med_con_Decaimientos/decaimientos.txt,upload_decaimientos_sin_fecha,-1,99,99,,100354,0,0,development,1024,accepted,resolved_negative_ch1_ch2_coincidence,not_detected_above_threshold,prompt_12_no_resolved_3,215.82,1447.52,candidate,compatible_secondary_identity_unconfirmed,1,0,0,unavailable_acquisition_selected_ch2,not_validated,-6.7,19.49619,87.732855,0.0,,51.2,185.10000000000002,-8.05,15.78969,80.0,0.0,,50.05,175.85,-6.85,13.269269999999999,80.0,0.0,,37.25,38.65,100354,101377,4579cedf73c7d4f01c3cf064fa02de88fdb97018a1a331c0c321c7a72702526c,,,curated_decay_upload; acquisition run/time and selection unknown,not_confirmed,unique_eligible_for_separate_review
Datos/Med_con_Decaimientos/decaimientos.txt::block100::event100,Datos/Med_con_Decaimientos/decaimientos.txt,upload_decaimientos_sin_fecha,-1,100,100,,101378,0,0,development,1024,accepted,resolved_negative_ch1_ch2_coincidence,not_detected_above_threshold,prompt_12_no_resolved_3,210.84,1452.5,candidate,compatible_secondary_identity_unconfirmed,1,0,0,unavailable_acquisition_selected_ch2,not_validated,-6.65,22.387259999999998,100.74266999999999,0.0,,45.55,146.85,-7.3,19.273799999999998,86.73209999999999,0.0,,60.8,160.29999999999998,-8.45,19.64445,88.400025,0.0,,45.650000000000006,45.25,101378,102401,5799da0ca4d99dee5070d7b9e834874626d9e5d70eb30abd9bec75708e177b55,,,curated_decay_upload; acquisition run/time and selection unknown,not_confirmed,unique_eligible_for_separate_review
Datos/Med_con_Decaimientos/decaimientos.txt::block101::event101,Datos/Med_con_Decaimientos/decaimientos.txt,upload_decaimientos_sin_fecha,-1,101,101,,102402,0,0,evaluation,1024,accepted,resolved_negative_ch1_ch2_coincidence,not_detected_above_threshold,prompt_12_no_resolved_3,214.16,1449.1799999999998,ambiguous,review_delayed_group_reasons,0,1,0,unavailable_acquisition_selected_ch2,not_validated,-7.05,19.64445,88.400025,0.0,,46.349999999999994,279.84999999999997,-8.0,17.7912,80.0604,0.0,,46.5,316.4,-8.45,13.565790000000002,80.0,0.0,,35.65,34.650000000000006,102402,103425,2310c4f450dcdd0b324b1a49ccf1500267eff2986ca7046e45f636424d787e6d,,,curated_decay_upload; acquisition run/time and selection unknown,not_confirmed,unique_eligible_for_separate_review
Datos/Med_con_Decaimientos/decaimientos.txt::block102::event102,Datos/Med_con_Decaimientos/decaimientos.txt,upload_decaimientos_sin_fecha,-1,102,102,,103426,0,0,development,1024,accepted,resolved_negative_ch1_ch2_coincidence,not_detected_above_threshold,prompt_12_no_resolved_3,217.48,1445.86,candidate,compatible_secondary_identity_unconfirmed,1,0,1,unavailable_acquisition_selected_ch2,not_validated,-6.5,19.64445,88.400025,0.0,,49.1,196.1,-6.5,14.97426,80.0,0.0,,66.7,215.3,-7.8,12.750359999999995,80.0,0.0,,46.599999999999994,40.400000000000006,103426,104449,e05d4eb9539c2b3e72ae98d86cdcf557e810b94f3acf4bd805a75facded3b61e,,,curated_decay_upload; acquisition run/time and selection unknown,not_confirmed,unique_eligible_for_separate_review
Datos/Med_con_Decaimientos/decaimientos.txt::block103::event103,Datos/Med_con_Decaimientos/decaimientos.txt,upload_decaimientos_sin_fecha,-1,103,103,,104450,0,0,development,1024,accepted,resolved_negative_ch1_ch2_coincidence,not_detected_above_threshold,prompt_12_no_resolved_3,217.48,1445.86,ambiguous,review_delayed_group_reasons,0,1,0,unavailable_acquisition_selected_ch2,not_validated,-7.6,18.087719999999997,81.39473999999998,0.0,,55.0,204.20000000000002,-7.65,17.71707,80.0,0.0,,44.35,180.25,-8.0,12.157319999999999,80.0,0.0,,40.0,36.0,104450,105473,39f9543df3c41175f44f6f7c72a22c72e1730f81424e5f53bbfba38a825c0c71,,,curated_decay_upload; acquisition run/time and selection unknown,not_confirmed,unique_eligible_for_separate_review
Datos/Med_con_Decaimientos/decaimientos.txt::block104::event104,Datos/Med_con_Decaimientos/decaimientos.txt,upload_decaimientos_sin_fecha,-1,104,104,,105474,0,0,development,1024,accepted,resolved_negative_ch1_ch2_coincidence,detected,prompt_123,207.52,1455.82,ambiguous,review_delayed_group_reasons,0,1,1,unavailable_acquisition_selected_ch2,not_validated,-5.1,18.68076,84.06342,0.0,,50.5,183.8,-5.8,17.49468,80.0,0.0,,49.8,213.79999999999998,-5.8,14.0847,80.0,0.0,,38.9,138.2,105474,106497,5d72e850a40e80d99eec5589f75949a4dfb6b2d3d849ffd55c9f54eaab900fe6,,,curated_decay_upload; acquisition run/time and selection unknown,not_confirmed,unique_eligible_for_separate_review
Datos/Med_con_Decaimientos/decaimientos.txt::block105::event105,Datos/Med_con_Decaimientos/decaimientos.txt,upload_decaimientos_sin_fecha,-1,105,105,,106498,0,0,development,1024,accepted,resolved_negative_ch1_ch2_coincidence,detected,prompt_123,219.141,1444.1989999999998,ambiguous,review_delayed_group_reasons,0,1,0,unavailable_acquisition_selected_ch2,not_validated,-5.75,18.754889999999996,84.39700499999998,0.0,,45.95,161.75,-6.9,17.64294,80.0,0.0,,62.9,193.1,-7.4,15.419039999999999,80.0,0.0,,47.9,156.79999999999998,106498,107521,a2c3a481261c07cd249fd4c14847394bcd29df4759846447fb5bea307e75df75,,,curated_decay_upload; acquisition run/time and selection unknown,not_confirmed,unique_eligible_for_separate_review
Datos/Med_con_Decaimientos/decaimientos.txt::block106::event106,Datos/Med_con_Decaimientos/decaimientos.txt,upload_decaimientos_sin_fecha,-1,106,106,,107522,0,0,development,1024,accepted,resolved_negative_ch1_ch2_coincidence,not_detected_above_threshold,prompt_12_no_resolved_3,222.461,1440.879,candidate,compatible_secondary_identity_unconfirmed,1,0,0,unavailable_acquisition_selected_ch2,not_validated,-6.35,18.310109999999998,82.395495,0.0,,56.45,174.95000000000002,-8.0,19.57032,88.06644,0.0,,64.2,252.39999999999998,-9.5,19.57032,88.06644,0.0,,54.8,88.4,107522,108545,daf7d72e1a8e7e9bd53b2d180bb429ab335d73db310a435dfd03c9ee8ca5004a,,,curated_decay_upload; acquisition run/time and selection unknown,not_confirmed,unique_eligible_for_separate_review
Datos/Med_con_Decaimientos/decaimientos.txt::block107::event107,Datos/Med_con_Decaimientos/decaimientos.txt,upload_decaimientos_sin_fecha,-1,107,107,,108546,0,0,development,1024,accepted,resolved_negative_ch1_ch2_coincidence,not_detected_above_threshold,prompt_12_no_resolved_3,219.141,1444.1989999999998,ambiguous,review_delayed_group_reasons,0,1,0,unavailable_acquisition_selected_ch2,not_validated,-6.0,18.68076,84.06342,0.0,,54.4,165.5,-6.4,20.31162,91.40229000000001,0.0,,60.3,139.5,-7.1,19.57032,88.06644,0.0,,42.300000000000004,45.1,108546,109569,2ad37d97ee813c30845820d66760f182af3f397c7e455005463298633873e764,,,curated_decay_upload; acquisition run/time and selection unknown,not_confirmed,unique_eligible_for_separate_review
Datos/Med_con_Decaimientos/decaimientos.txt::block108::event108,Datos/Med_con_Decaimientos/decaimientos.txt,upload_decaimientos_sin_fecha,-1,108,108,,109570,0,0,development,1024,accepted,resolved_negative_ch1_ch2_coincidence,not_detected_above_threshold,prompt_12_no_resolved_3,220.801,1442.539,candidate,compatible_secondary_identity_unconfirmed,1,0,2,unavailable_acquisition_selected_ch2,not_validated,-5.7,17.42055,80.0,0.0,,44.800000000000004,163.4,-8.0,17.71707,80.0,0.0,,57.0,307.3,-7.0,17.049899999999997,80.0,0.0,,54.2,155.9,109570,110593,a6d405c18feff93ac07e65afdb9a82bf1a7d2c9aad9df355a4d88ed97e628acc,,,curated_decay_upload; acquisition run/time and selection unknown,not_confirmed,unique_eligible_for_separate_review
Datos/Med_con_Decaimientos/decaimientos.txt::block109::event109,Datos/Med_con_Decaimientos/decaimientos.txt,upload_decaimientos_sin_fecha,-1,109,109,,110594,0,0,development,1024,accepted,resolved_negative_ch1_ch2_coincidence,detected,prompt_123,220.801,1442.539,ambiguous,review_delayed_group_reasons,0,1,0,unavailable_acquisition_selected_ch2,not_validated,-6.7,19.49619,87.732855,0.0,,41.900000000000006,119.3,-7.1,19.79271,89.067195,0.0,,53.800000000000004,96.60000000000001,-8.1,19.2738,86.7321,0.0,,47.4,109.80000000000001,110594,111617,576086653ccbf5c9fac7f844ce632b7ad702545c4b921b01f8cdd38ee482ecc7,,,curated_decay_upload; acquisition run/time and selection unknown,not_confirmed,unique_eligible_for_separate_review
Datos/Med_con_Decaimientos/decaimientos.txt::block110::event110,Datos/Med_con_Decaimientos/decaimientos.txt,upload_decaimientos_sin_fecha,-1,110,110,,111618,0,0,development,1024,accepted,resolved_negative_ch1_ch2_coincidence,detected,prompt_123,207.52,1455.82,ambiguous,review_delayed_group_reasons,0,1,0,unavailable_acquisition_selected_ch2,not_validated,-5.85,18.60663,83.729835,0.0,,42.45,151.05,-7.4,17.049899999999997,80.0,0.0,,42.199999999999996,128.9,-8.9,15.419039999999999,80.0,0.0,,45.699999999999996,243.4,111618,112641,1945c997253d968654606e41a78d5a56ab6725f1efe1aae06065ad67e3bd1f03,,,curated_decay_upload; acquisition run/time and selection unknown,not_confirmed,unique_eligible_for_separate_review
Datos/Med_con_Decaimientos/decaimientos.txt::block111::event111,Datos/Med_con_Decaimientos/decaimientos.txt,upload_decaimientos_sin_fecha,-1,111,111,,112642,0,0,development,1024,accepted,resolved_negative_ch1_ch2_coincidence,not_detected_above_threshold,prompt_12_no_resolved_3,220.801,1442.539,candidate,compatible_secondary_identity_unconfirmed,1,0,0,unavailable_acquisition_selected_ch2,not_validated,-7.0,17.642939999999996,80.0,0.0,,48.2,181.1,-8.149999999999999,18.31011,82.39549500000001,0.0,,48.85,249.35,-6.95,16.160339999999998,80.0,0.0,,50.35,41.75,112642,113665,21957a83d3a350f712c489bc03a935b5c7dd63aee4df542e53a6660406dc9023,,,curated_decay_upload; acquisition run/time and selection unknown,not_confirmed,unique_eligible_for_separate_review
Datos/Med_con_Decaimientos/decaimientos.txt::block112::event112,Datos/Med_con_Decaimientos/decaimientos.txt,upload_decaimientos_sin_fecha,-1,112,112,,113666,0,0,evaluation,1024,accepted,resolved_negative_ch1_ch2_coincidence,not_detected_above_threshold,prompt_12_no_resolved_3,217.48,1445.86,candidate,compatible_secondary_identity_unconfirmed,1,1,0,unavailable_acquisition_selected_ch2,not_validated,-7.3,17.34642,80.0,0.0,,54.599999999999994,174.29999999999998,-6.95,16.01208,80.0,0.0,,49.35,315.15000000000003,-7.6,14.90013,80.0,0.0,,40.4,35.8,113666,114689,f3bf5057fee978ca314f5df9e512d88c7a103dc069be32eb2a54bf7063944774,,,curated_decay_upload; acquisition run/time and selection unknown,not_confirmed,unique_eligible_for_separate_review
Datos/Med_con_Decaimientos/decaimientos.txt::block113::event113,Datos/Med_con_Decaimientos/decaimientos.txt,upload_decaimientos_sin_fecha,-1,113,113,,114690,0,0,development,1024,accepted,resolved_negative_ch1_ch2_coincidence,detected,prompt_123,217.48,1445.86,ambiguous,review_delayed_group_reasons,0,1,0,unavailable_acquisition_selected_ch2,not_validated,-6.8,17.198159999999998,80.0,0.0,,44.5,225.5,-6.7,15.863819999999999,80.0,0.0,,41.6,199.20000000000002,-7.0,13.19514,80.0,0.0,,32.3,266.2,114690,115713,fb7d4e3c4d181e263eb462e0b41a2c753dd606504825e46eb662a18ffa3d05a6,,,curated_decay_upload; acquisition run/time and selection unknown,not_confirmed,unique_eligible_for_separate_review
Datos/Med_con_Decaimientos/decaimientos.txt::block114::event114,Datos/Med_con_Decaimientos/decaimientos.txt,upload_decaimientos_sin_fecha,-1,114,114,,115714,0,0,development,1024,accepted,resolved_negative_ch1_ch2_coincidence,not_detected_above_threshold,prompt_12_no_resolved_3,212.5,1450.84,candidate,compatible_secondary_identity_unconfirmed,1,0,0,unavailable_acquisition_selected_ch2,not_validated,-5.75,17.86533,80.393985,0.0,,45.75,113.75,-7.1,16.160339999999998,80.0,0.0,,45.6,264.7,-8.1,13.19514,80.0,0.0,,44.9,37.3,115714,116737,0f0839f35e25e35b7f794075f8dbe41917ddcb87e8d5a52f9492b894d52e705e,,,curated_decay_upload; acquisition run/time and selection unknown,not_confirmed,unique_eligible_for_separate_review
Datos/Med_con_Decaimientos/decaimientos.txt::block115::event115,Datos/Med_con_Decaimientos/decaimientos.txt,upload_decaimientos_sin_fecha,-1,115,115,,116738,0,0,development,1024,accepted,resolved_negative_ch1_ch2_coincidence,not_detected_above_threshold,prompt_12_no_resolved_3,209.18,1454.1599999999999,candidate,compatible_secondary_identity_unconfirmed,1,0,0,unavailable_acquisition_selected_ch2,not_validated,-5.55,20.237489999999998,91.068705,0.0,,39.15,151.54999999999998,-8.3,15.27078,80.0,0.0,,46.0,213.1,-7.4,12.898620000000001,80.0,0.0,,33.2,111.8,116738,117761,6147bb43eabccc1dba59636f87b860ec7b7717e5bc1ca18a4daaa314ca09702f,,,curated_decay_upload; acquisition run/time and selection unknown,not_confirmed,unique_eligible_for_separate_review
Datos/Med_con_Decaimientos/decaimientos.txt::block116::event116,Datos/Med_con_Decaimientos/decaimientos.txt,upload_decaimientos_sin_fecha,-1,116,116,,117762,0,0,development,1024,accepted,resolved_negative_ch1_ch2_coincidence,not_detected_above_threshold,prompt_12_no_resolved_3,225.781,1437.559,ambiguous,review_delayed_group_reasons,0,1,0,unavailable_acquisition_selected_ch2,not_validated,-7.0,15.715560000000002,80.0,0.0,,54.3,166.8,-7.300000000000001,17.7912,80.0604,0.0,,52.900000000000006,129.89999999999998,-8.3,12.898619999999998,80.0,0.0,,36.0,145.0,117762,118785,290bc1d179c71af0711357b218dc821b71021c5d673ad32c1f57570147f501e2,,,curated_decay_upload; acquisition run/time and selection unknown,not_confirmed,unique_eligible_for_separate_review
Datos/Med_con_Decaimientos/decaimientos.txt::block117::event117,Datos/Med_con_Decaimientos/decaimientos.txt,upload_decaimientos_sin_fecha,-1,117,117,,118786,0,0,evaluation,1024,accepted,resolved_negative_ch1_ch2_coincidence,detected,prompt_123,222.461,1440.879,ambiguous,review_delayed_group_reasons,0,2,1,unavailable_acquisition_selected_ch2,not_validated,-6.1,12.6021,80.0,0.0,,45.300000000000004,154.20000000000002,-6.4,15.863819999999999,80.0,0.0,,41.1,149.1,-8.4,14.30709,80.0,0.0,,40.6,171.29999999999998,118786,119809,db5f6bbbfffb820a6639d7c1eb85a9b8f3f5edaa944a9169879f4b3acabb944f,,,curated_decay_upload; acquisition run/time and selection unknown,not_confirmed,unique_eligible_for_separate_review
Datos/Med_con_Decaimientos/decaimientos.txt::block118::event118,Datos/Med_con_Decaimientos/decaimientos.txt,upload_decaimientos_sin_fecha,-1,118,118,,119810,0,0,evaluation,1024,accepted,resolved_negative_ch1_ch2_coincidence,not_detected_above_threshold,prompt_12_no_resolved_3,210.84,1452.5,candidate,compatible_secondary_identity_unconfirmed,1,0,0,unavailable_acquisition_selected_ch2,not_validated,-6.75,16.53099,80.0,0.0,,51.15,227.65,-7.0,14.0847,80.0,0.0,,44.6,314.5,-7.25,12.527969999999998,80.0,0.0,,37.45,32.75,119810,120833,6f089a99a30feb088cf83a1123f0fcdea9713b4e940e63d57b7d90ab944e6f53,,,curated_decay_upload; acquisition run/time and selection unknown,not_confirmed,unique_eligible_for_separate_review
Datos/Med_con_Decaimientos/decaimientos.txt::block119::event119,Datos/Med_con_Decaimientos/decaimientos.txt,upload_decaimientos_sin_fecha,-1,119,119,,120834,0,0,development,1024,accepted,resolved_negative_ch1_ch2_coincidence,not_detected_above_threshold,prompt_12_no_resolved_3,220.801,1442.539,candidate,compatible_secondary_identity_unconfirmed,1,0,1,unavailable_acquisition_selected_ch2,not_validated,-6.75,18.90315,85.064175,0.0,,59.95,206.85,-5.6,17.939459999999997,80.72756999999999,0.0,,46.1,345.2,-7.4,15.715560000000002,80.0,0.0,,38.9,44.0,120834,121857,590c6aea9667e35ba5f13d5436b8144abf3a97b7c1c18ea3b8ed1a2318af2950,,,curated_decay_upload; acquisition run/time and selection unknown,not_confirmed,unique_eligible_for_separate_review
Datos/Med_con_Decaimientos/decaimientos.txt::block120::event120,Datos/Med_con_Decaimientos/decaimientos.txt,upload_decaimientos_sin_fecha,-1,120,120,,121858,0,0,development,1024,accepted,resolved_negative_ch1_ch2_coincidence,ambiguous,prompt_12_uncertain_3,225.781,1437.559,ambiguous,review_delayed_group_reasons,0,1,0,unavailable_acquisition_selected_ch2,not_validated,-6.75,19.199669999999998,86.39851499999999,0.0,,49.15,222.45,-6.5,18.23598,82.06191000000001,0.0,,48.5,315.3,-8.05,17.49468,80.0,0.0,,42.75,57.35000000000001,121858,122881,4b195b08231c69f8631933f737b2f3091fe099b7b1af401cbc89520833d0a032,,,curated_decay_upload; acquisition run/time and selection unknown,not_confirmed,unique_eligible_for_separate_review
Datos/Med_con_Decaimientos/decaimientos.txt::block121::event121,Datos/Med_con_Decaimientos/decaimientos.txt,upload_decaimientos_sin_fecha,-1,121,121,,122882,0,0,development,1024,accepted,resolved_negative_ch1_ch2_coincidence,not_detected_above_threshold,prompt_12_no_resolved_3,207.52,1455.82,candidate,compatible_secondary_identity_unconfirmed,1,0,1,unavailable_acquisition_selected_ch2,not_validated,-6.2,17.34642,80.0,0.0,,42.0,270.1,-6.2,16.90164,80.0,0.0,,41.400000000000006,304.40000000000003,-7.95,19.05141,85.731345,0.0,,49.75,44.65,122882,123905,bfda9418c916e542aa58af44f836e3efa00a209847942d0c0b9a5e567032f2a5,,,curated_decay_upload; acquisition run/time and selection unknown,not_confirmed,unique_eligible_for_separate_review
Datos/Med_con_Decaimientos/decaimientos.txt::block122::event122,Datos/Med_con_Decaimientos/decaimientos.txt,upload_decaimientos_sin_fecha,-1,122,122,,123906,0,0,development,1024,accepted,resolved_negative_ch1_ch2_coincidence,detected,prompt_123,207.52,1455.82,ambiguous,review_delayed_group_reasons,0,1,1,unavailable_acquisition_selected_ch2,not_validated,-6.9,14.381219999999999,80.0,0.0,,44.199999999999996,156.29999999999998,-8.0,15.863819999999999,80.0,0.0,,44.7,192.0,-8.1,14.084700000000002,80.0,0.0,,36.7,196.8,123906,124929,67c3130f4f192eae8666ca570550b058cec07aef40c5520ab02ff618e786f6af,,,curated_decay_upload; acquisition run/time and selection unknown,not_confirmed,unique_eligible_for_separate_review
Datos/Med_con_Decaimientos/decaimientos.txt::block123::event123,Datos/Med_con_Decaimientos/decaimientos.txt,upload_decaimientos_sin_fecha,-1,123,123,,124930,0,0,development,1024,accepted,resolved_negative_ch1_ch2_coincidence,detected,prompt_123,207.52,1455.82,ambiguous,review_delayed_group_reasons,0,1,1,unavailable_acquisition_selected_ch2,not_validated,-7.2,15.27078,80.0,0.0,,41.300000000000004,282.0,-7.6,16.012079999999997,80.0,0.0,,43.4,322.09999999999997,-8.8,15.27078,80.0,0.0,,41.099999999999994,212.5,124930,125953,3dd2d53e84eee4cea900cf6a408d68e4586007b432123dab604171fdb0f53511,,,curated_decay_upload; acquisition run/time and selection unknown,not_confirmed,unique_eligible_for_separate_review
Datos/Med_con_Decaimientos/decaimientos.txt::block124::event124,Datos/Med_con_Decaimientos/decaimientos.txt,upload_decaimientos_sin_fecha,-1,124,124,,125954,0,0,development,1024,accepted,resolved_negative_ch1_ch2_coincidence,not_detected_above_threshold,prompt_12_no_resolved_3,217.48,1445.86,candidate,compatible_secondary_identity_unconfirmed,1,0,0,unavailable_acquisition_selected_ch2,not_validated,-6.9,16.160339999999998,80.0,0.0,,45.199999999999996,141.9,-7.4,15.64143,80.0,0.0,,39.8,257.1,-7.5,13.56579,80.0,0.0,,42.7,36.6,125954,126977,57b3815e53ca5176b3b3345175c82d57aadec94d1e046cfc1fdde31dfc4dfb5b,,,curated_decay_upload; acquisition run/time and selection unknown,not_confirmed,unique_eligible_for_separate_review
Datos/Med_con_Decaimientos/decaimientos.txt::block125::event125,Datos/Med_con_Decaimientos/decaimientos.txt,upload_decaimientos_sin_fecha,-1,125,125,,126978,0,0,development,1024,accepted,resolved_negative_ch1_ch2_coincidence,detected,prompt_123,215.82,1447.52,ambiguous,review_delayed_group_reasons,0,1,0,unavailable_acquisition_selected_ch2,not_validated,-6.9,14.15883,80.0,0.0,,45.3,135.6,-8.3,12.750359999999995,80.0,0.0,,44.099999999999994,105.2,-8.3,13.491659999999996,80.0,0.0,,35.0,181.6,126978,128001,06b425247ee5c97a4a922a78ff863d51c3a2448a8cbbe5deb09a1fba513acc16,,,curated_decay_upload; acquisition run/time and selection unknown,not_confirmed,unique_eligible_for_separate_review
Datos/Med_con_Decaimientos/decaimientos.txt::block126::event126,Datos/Med_con_Decaimientos/decaimientos.txt,upload_decaimientos_sin_fecha,-1,126,126,,128002,0,0,development,1024,accepted,resolved_negative_ch1_ch2_coincidence,not_detected_above_threshold,prompt_12_no_resolved_3,209.18,1454.1599999999999,candidate,compatible_secondary_identity_unconfirmed,1,0,0,unavailable_acquisition_selected_ch2,not_validated,-6.15,14.0847,80.0,0.0,,43.65,179.04999999999998,-5.6,14.825999999999999,80.0,0.0,,34.4,98.2,-8.2,11.712539999999999,80.0,0.0,,30.8,153.60000000000002,128002,129025,9167042aaefa1895c1a5b98bafa8b9866380c55809529ec55d48c5a45e91ae82,,,curated_decay_upload; acquisition run/time and selection unknown,not_confirmed,unique_eligible_for_separate_review
Datos/Med_con_Decaimientos/decaimientos.txt::block127::event127,Datos/Med_con_Decaimientos/decaimientos.txt,upload_decaimientos_sin_fecha,-1,127,127,,129026,0,0,development,1024,accepted,resolved_negative_ch1_ch2_coincidence,detected,prompt_123,210.84,1452.5,ambiguous,review_delayed_group_reasons,0,1,0,unavailable_acquisition_selected_ch2,not_validated,-5.8,16.3086,80.0,0.0,,44.199999999999996,151.39999999999998,-7.9,14.751869999999998,80.0,0.0,,38.9,122.0,-7.55,15.344909999999995,80.0,0.0,,40.849999999999994,152.64999999999998,129026,130049,8694f707c9f915a9404d8a9d9ccca22578d7eac6c2d7c0d9216110c8e9161e29,,,curated_decay_upload; acquisition run/time and selection unknown,not_confirmed,unique_eligible_for_separate_review
Datos/Med_con_Decaimientos/decaimientos.txt::block128::event128,Datos/Med_con_Decaimientos/decaimientos.txt,upload_decaimientos_sin_fecha,-1,128,128,,130050,0,0,development,1024,accepted,resolved_negative_ch1_ch2_coincidence,not_detected_above_threshold,prompt_12_no_resolved_3,214.16,1449.1799999999998,candidate,compatible_secondary_identity_unconfirmed,1,0,0,unavailable_acquisition_selected_ch2,not_validated,-6.95,14.307090000000002,80.0,0.0,,43.650000000000006,136.25,-8.9,13.93644,80.0,0.0,,45.6,100.39999999999999,-9.2,12.45384,80.0,0.0,,35.9,34.099999999999994,130050,131073,a83bed7bddc0713376f934922ca7b4a858d83bc67ff9eac660c6a1a86b5fd79e,,,curated_decay_upload; acquisition run/time and selection unknown,not_confirmed,unique_eligible_for_separate_review
Datos/Med_con_Decaimientos/decaimientos.txt::block129::event129,Datos/Med_con_Decaimientos/decaimientos.txt,upload_decaimientos_sin_fecha,-1,129,129,,131074,0,0,evaluation,1024,accepted,resolved_negative_ch1_ch2_coincidence,not_detected_above_threshold,prompt_12_no_resolved_3,210.84,1452.5,ambiguous,review_delayed_group_reasons,0,1,0,unavailable_acquisition_selected_ch2,not_validated,-7.3,14.52948,80.0,0.0,,47.4,212.29999999999998,-7.4,14.825999999999997,80.0,0.0,,40.4,250.1,-7.25,12.97275,80.0,0.0,,35.75,36.75,131074,132097,fe4fedbf249fc658f1502b0fc4f3163af91679d0464bab5237279ac243f7a9c9,,,curated_decay_upload; acquisition run/time and selection unknown,not_confirmed,unique_eligible_for_separate_review
Datos/Med_con_Decaimientos/decaimientos.txt::block130::event130,Datos/Med_con_Decaimientos/decaimientos.txt,upload_decaimientos_sin_fecha,-1,130,130,,132098,0,0,evaluation,1024,accepted,resolved_negative_ch1_ch2_coincidence,ambiguous,prompt_12_uncertain_3,237.402,1425.9379999999999,no_secondary_above_threshold,absence_is_not_no_decay,0,0,0,unavailable_acquisition_selected_ch2,not_validated,-6.5,18.013589999999997,81.06115499999999,0.0,,42.3,493.4,-5.4,17.7912,80.0604,0.0,,48.9,494.5,-6.1,13.343399999999999,80.0,0.0,,34.7,493.79999999999995,132098,133121,09c1eafc6d30f05bfda4121dd421ab88412bf1a8a7e9879546e5154abbb2bb27,,,curated_decay_upload; acquisition run/time and selection unknown,not_confirmed,unique_eligible_for_separate_review
Datos/Med_con_Decaimientos/decaimientos.txt::block131::event131,Datos/Med_con_Decaimientos/decaimientos.txt,upload_decaimientos_sin_fecha,-1,131,131,,133122,0,0,evaluation,1024,accepted,resolved_negative_ch1_ch2_coincidence,detected,prompt_123,222.461,1440.879,ambiguous,review_delayed_group_reasons,0,2,0,unavailable_acquisition_selected_ch2,not_validated,-7.05,15.344909999999999,80.0,0.0,,45.55,142.04999999999998,-7.2,14.825999999999999,80.0,0.0,,45.6,107.2,-7.9,12.750359999999999,80.0,0.0,,38.0,195.79999999999998,133122,134145,49792ecc0c91aa153d35f13779a48e7cd687c1c081294ec07e5d1c5337a9ec3e,,,curated_decay_upload; acquisition run/time and selection unknown,not_confirmed,unique_eligible_for_separate_review
Datos/Med_con_Decaimientos/decaimientos.txt::block132::event132,Datos/Med_con_Decaimientos/decaimientos.txt,upload_decaimientos_sin_fecha,-1,132,132,,134146,0,0,development,1024,accepted,resolved_negative_ch1_ch2_coincidence,detected,prompt_123,215.82,1447.52,ambiguous,review_delayed_group_reasons,0,1,1,unavailable_acquisition_selected_ch2,not_validated,-6.85,16.45686,80.0,0.0,,40.95,150.25,-8.149999999999999,17.049899999999997,80.0,0.0,,50.05,154.45,-7.2,15.419040000000003,80.0,0.0,,37.5,217.9,134146,135169,7a2b099a81931d01b8c4584635ca91319fdab60f8bfb0d662a7e20bbb0d9a852,,,curated_decay_upload; acquisition run/time and selection unknown,not_confirmed,unique_eligible_for_separate_review
Datos/Med_con_Decaimientos/decaimientos.txt::block133::event133,Datos/Med_con_Decaimientos/decaimientos.txt,upload_decaimientos_sin_fecha,-1,133,133,,135170,0,0,development,1024,ambiguous,pulse_clipping,not_detected_above_threshold,prompt_12_no_resolved_3,200.879,1462.461,not_evaluable,initial_coincidence_ambiguous,0,2,1,unavailable_acquisition_selected_ch2,not_validated,-6.1,14.52948,80.0,0.0,,58.800000000000004,421.59999999999997,-5.0,15.27078,80.0,0.0,,39.1,494.9,-6.85,12.67623,80.0,0.0,,36.35,43.75,135170,136193,cb71475ea228ecfd79384592155ee98566e002b2ec98fc1fc7a718d76e9f24c4,,,curated_decay_upload; acquisition run/time and selection unknown,not_confirmed,unique_eligible_for_separate_review
Datos/Med_con_Decaimientos/decaimientos.txt::block134::event134,Datos/Med_con_Decaimientos/decaimientos.txt,upload_decaimientos_sin_fecha,-1,134,134,,136194,0,0,development,1024,accepted,resolved_negative_ch1_ch2_coincidence,not_detected_above_threshold,prompt_12_no_resolved_3,215.82,1447.52,ambiguous,review_delayed_group_reasons,0,1,0,unavailable_acquisition_selected_ch2,not_validated,-6.9,18.5325,83.39625,0.0,,38.8,132.7,-7.9,15.419039999999999,80.0,0.0,,43.8,117.39999999999999,-9.3,16.60512,80.0,0.0,,44.0,133.79999999999998,136194,137217,d30ae3ca25411f1acf9a6a7cacc81e3437695999e7f0573f078f2a2deea806f5,,,curated_decay_upload; acquisition run/time and selection unknown,not_confirmed,unique_eligible_for_separate_review
Datos/Med_con_Decaimientos/decaimientos.txt::block135::event135,Datos/Med_con_Decaimientos/decaimientos.txt,upload_decaimientos_sin_fecha,-1,135,135,,137218,0,0,evaluation,1024,accepted,resolved_negative_ch1_ch2_coincidence,not_detected_above_threshold,prompt_12_no_resolved_3,217.48,1445.86,candidate,compatible_secondary_identity_unconfirmed,1,0,0,unavailable_acquisition_selected_ch2,not_validated,-5.8,19.273799999999998,86.73209999999999,0.0,,51.4,247.79999999999998,-6.95,14.751869999999998,80.0,0.0,,43.550000000000004,336.35,-8.5,15.5673,80.0,0.0,,42.1,42.4,137218,138241,8d32b63f92eabbdb3e9e050cd6d7700667676b5cbeca5a21fea1edd1d7d3ea1c,,,curated_decay_upload; acquisition run/time and selection unknown,not_confirmed,unique_eligible_for_separate_review
Datos/Med_con_Decaimientos/decaimientos.txt::block136::event136,Datos/Med_con_Decaimientos/decaimientos.txt,upload_decaimientos_sin_fecha,-1,136,136,,138242,0,0,development,1024,accepted,resolved_negative_ch1_ch2_coincidence,detected,prompt_123,209.18,1454.1599999999999,ambiguous,review_delayed_group_reasons,0,1,1,unavailable_acquisition_selected_ch2,not_validated,-7.2,13.639919999999998,80.0,0.0,,49.2,155.8,-7.55,13.862309999999999,80.0,0.0,,36.25,186.95,-8.25,15.789689999999997,80.0,0.0,,42.65,266.65,138242,139265,06fdc33aa4701d7a620e9dcae54696504b9e73180a5a2ad7ec80bba9fddbba32,,,curated_decay_upload; acquisition run/time and selection unknown,not_confirmed,unique_eligible_for_separate_review
Datos/Med_con_Decaimientos/decaimientos.txt::block137::event137,Datos/Med_con_Decaimientos/decaimientos.txt,upload_decaimientos_sin_fecha,-1,137,137,,139266,0,0,development,1024,accepted,resolved_negative_ch1_ch2_coincidence,detected,prompt_123,219.141,1444.1989999999998,ambiguous,review_delayed_group_reasons,0,1,0,unavailable_acquisition_selected_ch2,not_validated,-7.35,16.975769999999997,80.0,0.0,,50.45,126.45000000000002,-7.1,13.565789999999998,80.0,0.0,,39.0,134.5,-8.0,11.8608,80.0,0.0,,43.8,162.9,139266,140289,d5358ea8ab66c59c0e3192a792eb9e65a5acafef777917a5d03de623ee18336a,,,curated_decay_upload; acquisition run/time and selection unknown,not_confirmed,unique_eligible_for_separate_review
Datos/Med_con_Decaimientos/decaimientos.txt::block138::event138,Datos/Med_con_Decaimientos/decaimientos.txt,upload_decaimientos_sin_fecha,-1,138,138,,140290,0,0,development,1024,accepted,resolved_negative_ch1_ch2_coincidence,not_detected_above_threshold,prompt_12_no_resolved_3,214.16,1449.1799999999998,candidate,compatible_secondary_identity_unconfirmed,1,1,0,unavailable_acquisition_selected_ch2,not_validated,-6.45,17.49468,80.0,0.0,,48.150000000000006,136.45000000000002,-6.05,16.38273,80.0,0.0,,38.449999999999996,128.04999999999998,-7.2,18.23598,82.06191000000001,0.0,,37.9,100.0,140290,141313,573c3f0180e40a84a0a7e9b1714129f7a3ea26d1131eca09ed5814cd08344362,,,curated_decay_upload; acquisition run/time and selection unknown,not_confirmed,unique_eligible_for_separate_review
Datos/Med_con_Decaimientos/decaimientos.txt::block139::event139,Datos/Med_con_Decaimientos/decaimientos.txt,upload_decaimientos_sin_fecha,-1,139,139,,141314,0,0,development,1024,accepted,resolved_negative_ch1_ch2_coincidence,not_detected_above_threshold,prompt_12_no_resolved_3,205.859,1457.481,candidate,compatible_secondary_identity_unconfirmed,1,0,1,unavailable_acquisition_selected_ch2,not_validated,-6.9,15.64143,80.0,0.0,,42.8,170.79999999999998,-7.5,15.5673,80.0,0.0,,57.0,200.8,-8.4,16.530989999999996,80.0,0.0,,43.1,43.6,141314,142337,b2e0b44ad6ee687cd9368cb9ac141a556d0835279096a8b42084433372d9a873,,,curated_decay_upload; acquisition run/time and selection unknown,not_confirmed,unique_eligible_for_separate_review
Datos/Med_con_Decaimientos/decaimientos.txt::block140::event140,Datos/Med_con_Decaimientos/decaimientos.txt,upload_decaimientos_sin_fecha,-1,140,140,,142338,0,0,development,1024,accepted,resolved_negative_ch1_ch2_coincidence,detected,prompt_123,220.801,1442.539,ambiguous,review_delayed_group_reasons,0,1,0,unavailable_acquisition_selected_ch2,not_validated,-7.65,18.90315,85.064175,0.0,,44.05,181.15,-8.850000000000001,15.493169999999997,80.0,0.0,,47.25,291.34999999999997,-8.0,17.49468,80.0,0.0,,41.4,148.8,142338,143361,4184f64242984f695e61c9d1822fb5cbbf1ebbf58caf90ea96e765d3a4a5880d,,,curated_decay_upload; acquisition run/time and selection unknown,not_confirmed,unique_eligible_for_separate_review
Datos/Med_con_Decaimientos/decaimientos.txt::block141::event141,Datos/Med_con_Decaimientos/decaimientos.txt,upload_decaimientos_sin_fecha,-1,141,141,,143362,0,0,development,1024,accepted,resolved_negative_ch1_ch2_coincidence,detected,prompt_123,214.16,1449.1799999999998,ambiguous,review_delayed_group_reasons,0,1,0,unavailable_acquisition_selected_ch2,not_validated,-7.25,15.048389999999998,80.0,0.0,,39.95,144.35,-8.8,15.419039999999997,80.0,0.0,,50.7,235.29999999999998,-8.4,13.56579,80.0,0.0,,33.8,84.39999999999999,143362,144385,6c2622b986dc92f49361e6157cfef9d26e4c95e09afa90092cecfac6f9b597d1,,,curated_decay_upload; acquisition run/time and selection unknown,not_confirmed,unique_eligible_for_separate_review
Datos/Med_con_Decaimientos/decaimientos.txt::block142::event142,Datos/Med_con_Decaimientos/decaimientos.txt,upload_decaimientos_sin_fecha,-1,142,142,,144386,0,0,development,1024,accepted,resolved_negative_ch1_ch2_coincidence,not_detected_above_threshold,prompt_12_no_resolved_3,227.441,1435.899,ambiguous,review_delayed_group_reasons,0,2,0,unavailable_acquisition_selected_ch2,not_validated,-6.85,18.829019999999996,84.73058999999998,0.0,,46.550000000000004,116.15,-8.3,16.01208,80.0,0.0010638297872340426,,52.7,491.59999999999997,-9.25,17.42055,80.0,0.0,,47.65,40.55,144386,145409,4926fff83922e07a33033d8362e683de9b06d625ffc45024aa176c1560e41df1,,,curated_decay_upload; acquisition run/time and selection unknown,not_confirmed,unique_eligible_for_separate_review
Datos/Med_con_Decaimientos/decaimientos.txt::block143::event143,Datos/Med_con_Decaimientos/decaimientos.txt,upload_decaimientos_sin_fecha,-1,143,143,,145410,0,0,development,1024,accepted,resolved_negative_ch1_ch2_coincidence,not_detected_above_threshold,prompt_12_no_resolved_3,207.52,1455.82,candidate,compatible_secondary_identity_unconfirmed,1,0,1,unavailable_acquisition_selected_ch2,not_validated,-6.95,14.0847,80.0,0.0,,46.85,161.05,-8.05,16.530989999999996,80.0,0.0,,40.150000000000006,323.84999999999997,-8.149999999999999,15.196649999999996,80.0,0.0,,33.95,40.65,145410,146433,cf0d12b753b82c28fc1afed07dc2e664fca701673569a9c91853d27b7ff25b23,,,curated_decay_upload; acquisition run/time and selection unknown,not_confirmed,unique_eligible_for_separate_review
Datos/Med_con_Decaimientos/decaimientos.txt::block144::event144,Datos/Med_con_Decaimientos/decaimientos.txt,upload_decaimientos_sin_fecha,-1,144,144,,146434,0,0,development,1024,accepted,resolved_negative_ch1_ch2_coincidence,not_detected_above_threshold,prompt_12_no_resolved_3,202.539,1460.801,candidate,compatible_secondary_identity_unconfirmed,1,0,1,unavailable_acquisition_selected_ch2,not_validated,-6.9,15.567299999999996,80.0,0.0,,39.9,164.6,-7.1,14.0847,80.0,0.0,,38.7,175.4,-8.4,13.04688,80.0,0.0,,43.199999999999996,35.300000000000004,146434,147457,d9bfd6728774f1640fd23fa8c046cc680617e7eeb8b091dcfb3d1a33e488e089,,,curated_decay_upload; acquisition run/time and selection unknown,not_confirmed,unique_eligible_for_separate_review
Datos/Med_con_Decaimientos/decaimientos.txt::block145::event145,Datos/Med_con_Decaimientos/decaimientos.txt,upload_decaimientos_sin_fecha,-1,145,145,,147458,0,0,development,1024,accepted,resolved_negative_ch1_ch2_coincidence,not_detected_above_threshold,prompt_12_no_resolved_3,212.5,1450.84,candidate,compatible_secondary_identity_unconfirmed,1,1,0,unavailable_acquisition_selected_ch2,not_validated,-6.199999999999999,16.16034,80.0,0.0,,47.7,170.9,-7.9,16.3086,80.0,0.0,,49.5,185.5,-8.2,17.86533,80.393985,0.0,,44.7,52.8,147458,148481,720c797287eec80f6519d8ce9309dacaff6a3a0bc9634cfa6be1433a8244978e,,,curated_decay_upload; acquisition run/time and selection unknown,not_confirmed,unique_eligible_for_separate_review
Datos/Med_con_Decaimientos/decaimientos.txt::block146::event146,Datos/Med_con_Decaimientos/decaimientos.txt,upload_decaimientos_sin_fecha,-1,146,146,,148482,0,0,development,1024,accepted,resolved_negative_ch1_ch2_coincidence,detected,prompt_123,214.16,1449.1799999999998,ambiguous,review_delayed_group_reasons,0,2,0,unavailable_acquisition_selected_ch2,not_validated,-7.05,16.38273,80.0,0.0,,49.65,181.35,-9.25,14.751869999999998,80.0,0.0,,44.25,221.35,-8.8,15.715559999999996,80.0,0.0,,39.400000000000006,188.0,148482,149505,c66f946a6d19b4e7f71da4de2ffafa1fa0eab0f8bf009fd096cd1bb0c29e290d,,,curated_decay_upload; acquisition run/time and selection unknown,not_confirmed,unique_eligible_for_separate_review
Datos/Med_con_Decaimientos/decaimientos.txt::block147::event147,Datos/Med_con_Decaimientos/decaimientos.txt,upload_decaimientos_sin_fecha,-1,147,147,,149506,0,0,development,1024,accepted,resolved_negative_ch1_ch2_coincidence,not_detected_above_threshold,prompt_12_no_resolved_3,215.82,1447.52,candidate,compatible_secondary_identity_unconfirmed,1,2,0,unavailable_acquisition_selected_ch2,not_validated,-6.7,14.232959999999999,80.0,0.0,,50.0,151.9,-7.1,15.5673,80.0,0.0,,41.6,163.8,-7.6,12.750359999999999,80.0,0.0,,36.4,46.699999999999996,149506,150529,1e62d8c99ba2a455ac09a1571d87baed98f184e9a568152ee31208d7182e3290,,,curated_decay_upload; acquisition run/time and selection unknown,not_confirmed,unique_eligible_for_separate_review
Datos/Med_con_Decaimientos/decaimientos.txt::block148::event148,Datos/Med_con_Decaimientos/decaimientos.txt,upload_decaimientos_sin_fecha,-1,148,148,,150530,0,0,development,1024,accepted,resolved_negative_ch1_ch2_coincidence,not_detected_above_threshold,prompt_12_no_resolved_3,212.5,1450.84,candidate,compatible_secondary_identity_unconfirmed,1,1,1,unavailable_acquisition_selected_ch2,not_validated,-6.3,16.75338,80.0,0.0,,54.699999999999996,154.29999999999998,-7.2,15.27078,80.0,0.0,,47.400000000000006,110.89999999999999,-7.55,16.901639999999997,80.0,0.0,,42.349999999999994,48.25,150530,151553,b4bf0378c288920e1b6b1f6cd67d10e0c349897673d82379db5eb070ed31c8e1,,,curated_decay_upload; acquisition run/time and selection unknown,not_confirmed,unique_eligible_for_separate_review
Datos/Med_con_Decaimientos/decaimientos.txt::block149::event149,Datos/Med_con_Decaimientos/decaimientos.txt,upload_decaimientos_sin_fecha,-1,149,149,,151554,0,0,development,1024,accepted,resolved_negative_ch1_ch2_coincidence,not_detected_above_threshold,prompt_12_no_resolved_3,219.141,1444.1989999999998,ambiguous,review_delayed_group_reasons,0,1,1,unavailable_acquisition_selected_ch2,not_validated,-6.5,14.232960000000002,80.0,0.0,,35.1,169.9,-7.05,15.419039999999997,80.0,0.0,,41.65,264.15,-8.1,16.75338,80.0,0.0,,39.9,40.8,151554,152577,56840b106dd5aeadaf2304a115f431ee92f017a4439c10e7ebf966ac9766aac2,,,curated_decay_upload; acquisition run/time and selection unknown,not_confirmed,unique_eligible_for_separate_review
Datos/Med_con_Decaimientos/decaimientos.txt::block150::event150,Datos/Med_con_Decaimientos/decaimientos.txt,upload_decaimientos_sin_fecha,-1,150,150,,152578,0,0,development,1024,accepted,resolved_negative_ch1_ch2_coincidence,not_detected_above_threshold,prompt_12_no_resolved_3,195.898,1467.442,ambiguous,review_delayed_group_reasons,0,1,0,unavailable_acquisition_selected_ch2,not_validated,-7.0,11.119499999999999,80.0,0.0,,57.0,259.0,-7.0,10.822980000000001,80.0,0.0,,44.7,202.7,-8.5,10.822980000000001,80.0,0.0,,43.3,29.9,152578,153601,14f51fb27d13dfb3d1f3a6dbd5d82642ecfd0516bb4b6c35c6769a61dfabbec6,,,curated_decay_upload; acquisition run/time and selection unknown,not_confirmed,unique_eligible_for_separate_review
Datos/Med_con_Decaimientos/decaimientos.txt::block151::event151,Datos/Med_con_Decaimientos/decaimientos.txt,upload_decaimientos_sin_fecha,-1,151,151,,153602,0,0,development,1024,ambiguous,pulse_clipping,ambiguous,prompt_12_uncertain_3,205.859,1457.481,not_evaluable,initial_coincidence_ambiguous,0,2,0,unavailable_acquisition_selected_ch2,not_validated,-7.0,17.7912,80.0604,0.0,,47.1,492.9,-8.1,16.160339999999998,80.0,0.0,,45.2,391.5,-5.6,17.346420000000002,80.0,0.0,,49.9,494.29999999999995,153602,154625,84733542fa021ffd7024f827a58f1ccd20dd6fcd07767d21750687d22f7f3fd9,,,curated_decay_upload; acquisition run/time and selection unknown,not_confirmed,unique_eligible_for_separate_review
Datos/Med_con_Decaimientos/decaimientos.txt::block152::event152,Datos/Med_con_Decaimientos/decaimientos.txt,upload_decaimientos_sin_fecha,-1,152,152,,154626,0,0,development,1024,accepted,resolved_negative_ch1_ch2_coincidence,detected,prompt_123,215.82,1447.52,ambiguous,review_delayed_group_reasons,0,2,1,unavailable_acquisition_selected_ch2,not_validated,-6.3,16.901639999999997,80.0,0.0,,50.8,171.39999999999998,-7.300000000000001,14.67774,80.0,0.0,,55.599999999999994,314.2,-8.3,14.0847,80.0,0.0,,53.7,174.29999999999998,154626,155649,581573d65359e7d65b0bceecbb65d8f76951e0a63ac8bdc8fa96f6d83140c0cf,,,curated_decay_upload; acquisition run/time and selection unknown,not_confirmed,unique_eligible_for_separate_review
Datos/Med_con_Decaimientos/decaimientos.txt::block153::event153,Datos/Med_con_Decaimientos/decaimientos.txt,upload_decaimientos_sin_fecha,-1,153,153,,155650,0,0,development,1024,accepted,resolved_negative_ch1_ch2_coincidence,not_detected_above_threshold,prompt_12_no_resolved_3,225.781,1437.559,candidate,compatible_secondary_identity_unconfirmed,1,1,3,unavailable_acquisition_selected_ch2,not_validated,-6.7,15.5673,80.0,0.0,,51.6,132.60000000000002,-6.35,15.493170000000001,80.0,0.0,,38.45,112.85000000000001,-8.9,16.308599999999995,80.0,0.0,,54.0,141.2,155650,156673,833d1ae9094af5c9e56a88f2780a63cd7736aa7eed1dcb72616f220eb295e5d6,,,curated_decay_upload; acquisition run/time and selection unknown,not_confirmed,unique_eligible_for_separate_review
Datos/Med_con_Decaimientos/decaimientos.txt::block154::event154,Datos/Med_con_Decaimientos/decaimientos.txt,upload_decaimientos_sin_fecha,-1,154,154,,156674,0,0,development,1024,accepted,resolved_negative_ch1_ch2_coincidence,not_detected_above_threshold,prompt_12_no_resolved_3,215.82,1447.52,candidate,compatible_secondary_identity_unconfirmed,1,0,0,unavailable_acquisition_selected_ch2,not_validated,-6.85,18.45837,83.062665,0.0,,56.35,139.35,-7.8,16.75338,80.0,0.0,,59.5,140.0,-8.75,18.013589999999997,81.06115499999999,0.0,,56.65,43.85,156674,157697,6f58d84f8e314e7242f9f9de55b411dcc613f0f04582cf08a7d0f250398d5f26,,,curated_decay_upload; acquisition run/time and selection unknown,not_confirmed,unique_eligible_for_separate_review
Datos/Med_con_Decaimientos/decaimientos.txt::block155::event155,Datos/Med_con_Decaimientos/decaimientos.txt,upload_decaimientos_sin_fecha,-1,155,155,,157698,0,0,development,1024,accepted,resolved_negative_ch1_ch2_coincidence,not_detected_above_threshold,prompt_12_no_resolved_3,215.82,1447.52,candidate,compatible_secondary_identity_unconfirmed,1,2,1,unavailable_acquisition_selected_ch2,not_validated,-6.2,15.122519999999998,80.0,0.0,,59.1,198.8,-7.8,14.381219999999999,80.0,0.0,,42.0,301.3,-8.1,14.232959999999999,80.0,0.0,,48.300000000000004,43.8,157698,158721,d7a5aff3469cb2177db15c3d7c3b30b18dbeb01760f5248be808380cbcfbedf9,,,curated_decay_upload; acquisition run/time and selection unknown,not_confirmed,unique_eligible_for_separate_review
Datos/Med_con_Decaimientos/decaimientos.txt::block156::event156,Datos/Med_con_Decaimientos/decaimientos.txt,upload_decaimientos_sin_fecha,-1,156,156,,158722,0,0,evaluation,1024,accepted,resolved_negative_ch1_ch2_coincidence,not_detected_above_threshold,prompt_12_no_resolved_3,200.879,1462.461,candidate,compatible_secondary_identity_unconfirmed,1,2,1,unavailable_acquisition_selected_ch2,not_validated,-7.3,14.825999999999999,80.0,0.0,,57.0,191.7,-7.2,13.343399999999999,80.0,0.0,,37.300000000000004,211.4,-8.75,14.30709,80.0,0.0,,43.05,35.95,158722,159745,b193b4cfab322b2ba3e6b43ce4e8503ef714dac7900d17137b94abad46c8fee4,,,curated_decay_upload; acquisition run/time and selection unknown,not_confirmed,unique_eligible_for_separate_review
Datos/Med_con_Decaimientos/decaimientos.txt::block157::event157,Datos/Med_con_Decaimientos/decaimientos.txt,upload_decaimientos_sin_fecha,-1,157,157,,159746,0,0,evaluation,1024,accepted,resolved_negative_ch1_ch2_coincidence,not_detected_above_threshold,prompt_12_no_resolved_3,214.16,1449.1799999999998,candidate,compatible_secondary_identity_unconfirmed,1,0,2,unavailable_acquisition_selected_ch2,not_validated,-7.8,18.90315,85.064175,0.0,,56.5,241.1,-7.45,15.04839,80.0,0.0,,51.75,314.35,-9.1,12.305579999999997,80.0,0.0,,45.5,41.699999999999996,159746,160769,9c065c3f441a92a76c90031840bb0f753b4fb1e5da4a102d59ffe6e1a07b4be3,,,curated_decay_upload; acquisition run/time and selection unknown,not_confirmed,unique_eligible_for_separate_review
Datos/Med_con_Decaimientos/decaimientos.txt::block158::event158,Datos/Med_con_Decaimientos/decaimientos.txt,upload_decaimientos_sin_fecha,-1,158,158,,160770,0,0,development,1024,accepted,resolved_negative_ch1_ch2_coincidence,not_detected_above_threshold,prompt_12_no_resolved_3,212.5,1450.84,candidate,compatible_secondary_identity_unconfirmed,1,0,0,unavailable_acquisition_selected_ch2,not_validated,-6.65,17.272289999999998,80.0,0.0,,41.15,238.85,-7.6,15.122519999999998,80.0,0.0,,38.3,119.5,-8.6,13.19514,80.0,0.0,,38.8,38.8,160770,161793,78bd3a47cd2c962b02ce05ea126bf31369c0d2ebe07344e1f25963656d5f1eaa,,,curated_decay_upload; acquisition run/time and selection unknown,not_confirmed,unique_eligible_for_separate_review
Datos/Med_con_Decaimientos/decaimientos.txt::block159::event159,Datos/Med_con_Decaimientos/decaimientos.txt,upload_decaimientos_sin_fecha,-1,159,159,,161794,0,0,development,1024,accepted,resolved_negative_ch1_ch2_coincidence,not_detected_above_threshold,prompt_12_no_resolved_3,210.84,1452.5,ambiguous,review_delayed_group_reasons,0,1,1,unavailable_acquisition_selected_ch2,not_validated,-6.55,13.86231,80.0,0.0,,42.05,123.55,-7.7,14.52948,80.0,0.0,,55.800000000000004,173.70000000000002,-7.5,16.75338,80.0,0.0,,45.7,37.9,161794,162817,6cc6c98c2c82c9c45c8751653cc68292edede796d400a710390cabf16811870b,,,curated_decay_upload; acquisition run/time and selection unknown,not_confirmed,unique_eligible_for_separate_review
Datos/Med_con_Decaimientos/decaimientos.txt::block160::event160,Datos/Med_con_Decaimientos/decaimientos.txt,upload_decaimientos_sin_fecha,-1,160,160,,162818,0,0,development,1024,accepted,resolved_negative_ch1_ch2_coincidence,detected,prompt_123,207.52,1455.82,ambiguous,review_delayed_group_reasons,0,1,0,unavailable_acquisition_selected_ch2,not_validated,-7.0,13.19514,80.0,0.0,,45.1,150.0,-8.0,13.343399999999999,80.0,0.0,,46.8,138.1,-8.3,13.04688,80.0,0.0,,39.0,121.00000000000001,162818,163841,827008df3474387dbe17f8150fc0e6f3651400e4f21419a88e228c80cad02244,,,curated_decay_upload; acquisition run/time and selection unknown,not_confirmed,unique_eligible_for_separate_review
Datos/Med_con_Decaimientos/decaimientos.txt::block161::event161,Datos/Med_con_Decaimientos/decaimientos.txt,upload_decaimientos_sin_fecha,-1,161,161,,163842,0,0,development,1024,accepted,resolved_negative_ch1_ch2_coincidence,not_detected_above_threshold,prompt_12_no_resolved_3,215.82,1447.52,candidate,compatible_secondary_identity_unconfirmed,1,0,1,unavailable_acquisition_selected_ch2,not_validated,-6.95,16.67925,80.0,0.0,,49.95,198.45000000000002,-7.4,16.3086,80.0,0.0,,45.199999999999996,352.70000000000005,-7.2,13.04688,80.0,0.0,,40.7,38.8,163842,164865,0a2d6d64f64bd81ab16c5c79b0ceff6b51683952b6b48022c800c4bd61da2bef,,,curated_decay_upload; acquisition run/time and selection unknown,not_confirmed,unique_eligible_for_separate_review
Datos/Med_con_Decaimientos/decaimientos.txt::block162::event162,Datos/Med_con_Decaimientos/decaimientos.txt,upload_decaimientos_sin_fecha,-1,162,162,,164866,0,0,development,1024,accepted,resolved_negative_ch1_ch2_coincidence,detected,prompt_123,210.84,1452.5,ambiguous,review_delayed_group_reasons,0,1,0,unavailable_acquisition_selected_ch2,not_validated,-6.75,15.78969,80.0,0.0,,38.85,106.65,-6.7,14.381219999999999,80.0,0.0,,44.800000000000004,136.20000000000002,-7.5,12.898619999999998,80.0,0.0,,35.7,169.8,164866,165889,704bdd4776af31f95eb08789abe0ade6a01be7d507df34f1670bbdbf0a74abfc,,,curated_decay_upload; acquisition run/time and selection unknown,not_confirmed,unique_eligible_for_separate_review
Datos/Med_con_Decaimientos/decaimientos.txt::block163::event163,Datos/Med_con_Decaimientos/decaimientos.txt,upload_decaimientos_sin_fecha,-1,163,163,,165890,0,0,development,1024,accepted,resolved_negative_ch1_ch2_coincidence,not_detected_above_threshold,prompt_12_no_resolved_3,212.5,1450.84,candidate,compatible_secondary_identity_unconfirmed,1,0,1,unavailable_acquisition_selected_ch2,not_validated,-5.8,17.49468,80.0,0.0,,46.099999999999994,146.39999999999998,-7.15,16.975769999999997,80.0,0.0,,49.85,352.75,-7.15,13.714049999999999,80.0,0.0,,43.55,46.050000000000004,165890,166913,6273471c572f628d7907947927c29e42d845030935bbde562110bde440dd4512,,,curated_decay_upload; acquisition run/time and selection unknown,not_confirmed,unique_eligible_for_separate_review
Datos/Med_con_Decaimientos/decaimientos.txt::block164::event164,Datos/Med_con_Decaimientos/decaimientos.txt,upload_decaimientos_sin_fecha,-1,164,164,,166914,0,0,development,1024,accepted,resolved_negative_ch1_ch2_coincidence,not_detected_above_threshold,prompt_12_no_resolved_3,200.879,1462.461,candidate,compatible_secondary_identity_unconfirmed,1,0,1,unavailable_acquisition_selected_ch2,not_validated,-6.2,16.456860000000002,80.0,0.0,,47.1,277.6,-7.0,18.23598,82.06191000000001,0.0,,49.6,172.9,-7.6,16.901639999999997,80.0,0.0,,45.7,50.1,166914,167937,3fe655a6161c909c262f19f75959894e93d5ef2660f23861b1301108ded45168,,,curated_decay_upload; acquisition run/time and selection unknown,not_confirmed,unique_eligible_for_separate_review
Datos/Med_con_Decaimientos/decaimientos.txt::block165::event165,Datos/Med_con_Decaimientos/decaimientos.txt,upload_decaimientos_sin_fecha,-1,165,165,,167938,0,0,development,1024,accepted,resolved_negative_ch1_ch2_coincidence,not_detected_above_threshold,prompt_12_no_resolved_3,212.5,1450.84,candidate,compatible_secondary_identity_unconfirmed,1,2,1,unavailable_acquisition_selected_ch2,not_validated,-6.3,14.825999999999999,80.0,0.0,,48.599999999999994,121.5,-7.3,15.27078,80.0,0.0,,42.0,367.8,-7.7,11.41602,80.0,0.0,,33.5,38.5,167938,168961,a45b2a3c59bd005cdd618df2172cc308812d0c500b090aad6d0148e2372c20f3,,,curated_decay_upload; acquisition run/time and selection unknown,not_confirmed,unique_eligible_for_separate_review
Datos/Med_con_Decaimientos/decaimientos.txt::block166::event166,Datos/Med_con_Decaimientos/decaimientos.txt,upload_decaimientos_sin_fecha,-1,166,166,,168962,0,0,development,1024,accepted,resolved_negative_ch1_ch2_coincidence,not_detected_above_threshold,prompt_12_no_resolved_3,212.5,1450.84,candidate,compatible_secondary_identity_unconfirmed,1,0,0,unavailable_acquisition_selected_ch2,not_validated,-7.0,15.863819999999999,80.0,0.0,,43.6,210.2,-8.3,15.419039999999999,80.0,0.0,,58.3,351.7,-7.95,13.04688,80.0,0.0,,37.550000000000004,36.349999999999994,168962,169985,47fb40451522318909fd489e20c029e87ef80a6569bfa77e3a91fd9dde1cbde1,,,curated_decay_upload; acquisition run/time and selection unknown,not_confirmed,unique_eligible_for_separate_review
Datos/Med_con_Decaimientos/decaimientos.txt::block167::event167,Datos/Med_con_Decaimientos/decaimientos.txt,upload_decaimientos_sin_fecha,-1,167,167,,169986,0,0,development,1024,accepted,resolved_negative_ch1_ch2_coincidence,not_detected_above_threshold,prompt_12_no_resolved_3,209.18,1454.1599999999999,candidate,compatible_secondary_identity_unconfirmed,1,0,2,unavailable_acquisition_selected_ch2,not_validated,-6.35,15.715559999999998,80.0,0.0,,45.75,207.65,-6.4,17.791199999999996,80.06039999999999,0.0,,39.4,138.9,-7.5,15.5673,80.0,0.0,,42.6,52.6,169986,171009,de721e343e1f0b74a64d1ca4b201870d23186d1591affbef6890006c1b8b3e27,,,curated_decay_upload; acquisition run/time and selection unknown,not_confirmed,unique_eligible_for_separate_review
Datos/Med_con_Decaimientos/decaimientos.txt::block168::event168,Datos/Med_con_Decaimientos/decaimientos.txt,upload_decaimientos_sin_fecha,-1,168,168,,171010,0,0,development,1024,accepted,resolved_negative_ch1_ch2_coincidence,detected,prompt_123,224.121,1439.2189999999998,ambiguous,review_delayed_group_reasons,0,1,0,unavailable_acquisition_selected_ch2,not_validated,-7.25,17.71707,80.0,0.0,,46.85,192.05,-5.85,17.272289999999998,80.0,0.0,,38.25,163.85,-7.1,15.27078,80.0,0.0,,37.5,256.4,171010,172033,f486fba3e92a475fd4503315e67f4663316fef10ffc89ac9010f44468db6392a,,,curated_decay_upload; acquisition run/time and selection unknown,not_confirmed,unique_eligible_for_separate_review
Datos/Med_con_Decaimientos/decaimientos.txt::block169::event169,Datos/Med_con_Decaimientos/decaimientos.txt,upload_decaimientos_sin_fecha,-1,169,169,,172034,0,0,evaluation,1024,accepted,resolved_negative_ch1_ch2_coincidence,not_detected_above_threshold,prompt_12_no_resolved_3,212.5,1450.84,candidate,compatible_secondary_identity_unconfirmed,1,1,0,unavailable_acquisition_selected_ch2,not_validated,-5.7,16.16034,80.0,0.0,,37.7,228.60000000000002,-7.3,17.642939999999996,80.0,0.0,,50.699999999999996,198.0,-6.7,22.238999999999997,100.07549999999999,0.0,,45.400000000000006,50.0,172034,173057,896d0309be9e73da13425d9f53503ed46507c07a0bf373314c725334ef1f69bb,,,curated_decay_upload; acquisition run/time and selection unknown,not_confirmed,unique_eligible_for_separate_review
Datos/Med_con_Decaimientos/decaimientos.txt::block170::event170,Datos/Med_con_Decaimientos/decaimientos.txt,upload_decaimientos_sin_fecha,-1,170,170,,173058,0,0,evaluation,1024,accepted,resolved_negative_ch1_ch2_coincidence,ambiguous,prompt_12_uncertain_3,214.16,1449.1799999999998,ambiguous,review_delayed_group_reasons,0,1,1,unavailable_acquisition_selected_ch2,not_validated,-7.05,16.3086,80.0,0.0,,46.65,204.35,-5.95,14.90013,80.0,0.0,,39.95,243.85000000000002,-8.3,11.416019999999998,80.0,0.0,,40.400000000000006,101.5,173058,174081,db87a89357744c33d620a1a3fe9bf2a5709478cd770827015c1632c6b3629d26,,,curated_decay_upload; acquisition run/time and selection unknown,not_confirmed,unique_eligible_for_separate_review
Datos/Med_con_Decaimientos/decaimientos.txt::block171::event171,Datos/Med_con_Decaimientos/decaimientos.txt,upload_decaimientos_sin_fecha,-1,171,171,,174082,0,0,development,1024,accepted,resolved_negative_ch1_ch2_coincidence,detected,prompt_123,219.141,1444.1989999999998,ambiguous,review_delayed_group_reasons,0,1,0,unavailable_acquisition_selected_ch2,not_validated,-6.6,15.419039999999999,80.0,0.0,,39.0,148.6,-7.7,15.5673,80.0,0.0,,45.5,147.9,-7.8,14.751869999999998,80.0,0.0,,32.4,162.89999999999998,174082,175105,78b04fb732451218f0fba21bdaacca55130fae2ee545bfbf691ff045cde65f24,,,curated_decay_upload; acquisition run/time and selection unknown,not_confirmed,unique_eligible_for_separate_review
Datos/Med_con_Decaimientos/decaimientos.txt::block172::event172,Datos/Med_con_Decaimientos/decaimientos.txt,upload_decaimientos_sin_fecha,-1,172,172,,175106,0,0,evaluation,1024,accepted,resolved_negative_ch1_ch2_coincidence,not_detected_above_threshold,prompt_12_no_resolved_3,205.859,1457.481,ambiguous,review_delayed_group_reasons,0,1,0,unavailable_acquisition_selected_ch2,not_validated,-7.25,16.38273,80.0,0.0,,44.05,237.75,-7.0,16.90164,80.0,0.0,,47.3,331.0,-7.75,16.530989999999996,80.0,0.0,,41.85,46.95,175106,176129,d55bf1f0478490abc9742e708f7bb91aab95d93afd93bac27e1eab3f0e1dc1ee,,,curated_decay_upload; acquisition run/time and selection unknown,not_confirmed,unique_eligible_for_separate_review
Datos/Med_con_Decaimientos/decaimientos.txt::block173::event173,Datos/Med_con_Decaimientos/decaimientos.txt,upload_decaimientos_sin_fecha,-1,173,173,,176130,0,0,development,1024,accepted,resolved_negative_ch1_ch2_coincidence,detected,prompt_123,222.461,1440.879,ambiguous,review_delayed_group_reasons,0,1,0,unavailable_acquisition_selected_ch2,not_validated,-6.35,17.56881,80.0,0.0,,41.550000000000004,139.45000000000002,-8.5,16.456860000000002,80.0,0.0,,51.9,125.4,-9.4,16.012079999999997,80.0,0.0,,44.5,169.29999999999998,176130,177153,a8707ae2d09bb64ec628707841c1871237fa86ccfac5c5b80cd8106b2ed00354,,,curated_decay_upload; acquisition run/time and selection unknown,not_confirmed,unique_eligible_for_separate_review
Datos/Med_con_Decaimientos/decaimientos.txt::block174::event174,Datos/Med_con_Decaimientos/decaimientos.txt,upload_decaimientos_sin_fecha,-1,174,174,,177154,0,0,development,1024,accepted,resolved_negative_ch1_ch2_coincidence,not_detected_above_threshold,prompt_12_no_resolved_3,204.199,1459.1409999999998,ambiguous,review_delayed_group_reasons,0,1,1,unavailable_acquisition_selected_ch2,not_validated,-6.7,15.27078,80.0,0.0,,47.2,206.4,-6.3,16.45686,80.0,0.0,,41.4,166.7,-8.5,17.12403,80.0,0.0,,39.3,54.1,177154,178177,3f696002596aac6b91558a6f8e9e27c737c783b52e65b936ed0b944cb45a1275,,,curated_decay_upload; acquisition run/time and selection unknown,not_confirmed,unique_eligible_for_separate_review
Datos/Med_con_Decaimientos/decaimientos.txt::block175::event175,Datos/Med_con_Decaimientos/decaimientos.txt,upload_decaimientos_sin_fecha,-1,175,175,,178178,0,0,development,1024,accepted,resolved_negative_ch1_ch2_coincidence,not_detected_above_threshold,prompt_12_no_resolved_3,220.801,1442.539,candidate,compatible_secondary_identity_unconfirmed,1,1,0,unavailable_acquisition_selected_ch2,not_validated,-7.25,15.937949999999999,80.0,0.0,,39.95,204.15,-7.6,15.715559999999998,80.0,0.0,,53.5,230.4,-8.649999999999999,15.64143,80.0,0.0,,37.45,107.25,178178,179201,92f8b75a6daadfdded82f7d05ac10d628abbe11b347052fe9affb38d8a0acaf9,,,curated_decay_upload; acquisition run/time and selection unknown,not_confirmed,unique_eligible_for_separate_review
Datos/Med_con_Decaimientos/decaimientos.txt::block176::event176,Datos/Med_con_Decaimientos/decaimientos.txt,upload_decaimientos_sin_fecha,-1,176,176,,179202,0,0,development,1024,accepted,resolved_negative_ch1_ch2_coincidence,detected,prompt_123,210.84,1452.5,ambiguous,review_delayed_group_reasons,0,2,0,unavailable_acquisition_selected_ch2,not_validated,-6.3,15.5673,80.0,0.0,,52.099999999999994,145.89999999999998,-6.9,16.60512,80.0,0.0,,46.5,157.4,-8.0,19.125539999999997,86.06492999999999,0.0,,40.7,210.5,179202,180225,5d70d58faa9fa75a6b63f3709fd420d6394d35d4365661cdcd8dafdb218cb860,,,curated_decay_upload; acquisition run/time and selection unknown,not_confirmed,unique_eligible_for_separate_review
Datos/Med_con_Decaimientos/decaimientos.txt::block177::event177,Datos/Med_con_Decaimientos/decaimientos.txt,upload_decaimientos_sin_fecha,-1,177,177,,180226,0,0,development,1024,accepted,resolved_negative_ch1_ch2_coincidence,not_detected_above_threshold,prompt_12_no_resolved_3,207.52,1455.82,candidate,compatible_secondary_identity_unconfirmed,1,0,0,unavailable_acquisition_selected_ch2,not_validated,-6.55,16.3086,80.0,0.0,,40.75,198.54999999999998,-8.4,17.19816,80.0,0.0,,57.1,214.29999999999998,-7.9,16.60512,80.0,0.0,,43.5,44.9,180226,181249,247d89fc7b1ede261f793ed41c3c7de9098ab00b656e051e1701d8238412245d,,,curated_decay_upload; acquisition run/time and selection unknown,not_confirmed,unique_eligible_for_separate_review
Datos/Med_con_Decaimientos/decaimientos.txt::block178::event178,Datos/Med_con_Decaimientos/decaimientos.txt,upload_decaimientos_sin_fecha,-1,178,178,,181250,0,0,development,1024,accepted,resolved_negative_ch1_ch2_coincidence,not_detected_above_threshold,prompt_12_no_resolved_3,214.16,1449.1799999999998,candidate,compatible_secondary_identity_unconfirmed,1,0,0,unavailable_acquisition_selected_ch2,not_validated,-6.9,16.160339999999998,80.0,0.0,,44.3,183.5,-6.6,17.0499,80.0,0.0,,51.5,187.6,-8.05,14.90013,80.0,0.0,,36.05,43.150000000000006,181250,182273,3703e62e6b6b174125006f57e8fc4718b786feb7464f733a5231dd75442fb034,,,curated_decay_upload; acquisition run/time and selection unknown,not_confirmed,unique_eligible_for_separate_review
Datos/Med_con_Decaimientos/decaimientos.txt::block179::event179,Datos/Med_con_Decaimientos/decaimientos.txt,upload_decaimientos_sin_fecha,-1,179,179,,182274,0,0,development,1024,accepted,resolved_negative_ch1_ch2_coincidence,detected,prompt_123,215.82,1447.52,ambiguous,review_delayed_group_reasons,0,1,1,unavailable_acquisition_selected_ch2,not_validated,-7.1,14.52948,80.0,0.0,,49.7,145.4,-7.45,15.493169999999997,80.0,0.0,,48.75,164.25,-9.7,15.27078,80.0,0.0,,49.900000000000006,365.2,182274,183297,01242a5a1f534ec3dbfac7a12c6ae0ff655b0cb1d90bf2e6ad0e7e351269487f,,,curated_decay_upload; acquisition run/time and selection unknown,not_confirmed,unique_eligible_for_separate_review
Datos/Med_con_Decaimientos/decaimientos.txt::block180::event180,Datos/Med_con_Decaimientos/decaimientos.txt,upload_decaimientos_sin_fecha,-1,180,180,,183298,0,0,development,1024,accepted,resolved_negative_ch1_ch2_coincidence,not_detected_above_threshold,prompt_12_no_resolved_3,214.16,1449.1799999999998,ambiguous,review_delayed_group_reasons,0,1,0,unavailable_acquisition_selected_ch2,not_validated,-7.2,16.456860000000002,80.0,0.0,,42.800000000000004,142.3,-7.7,15.5673,80.0,0.0,,47.300000000000004,245.70000000000002,-7.3,14.751869999999998,80.0,0.0,,39.199999999999996,38.7,183298,184321,923fe90bcd2373309f3d8ea7f311614cc860ba686e2e8bdd7f4bafda327f556c,,,curated_decay_upload; acquisition run/time and selection unknown,not_confirmed,unique_eligible_for_separate_review
Datos/Med_con_Decaimientos/decaimientos.txt::block181::event181,Datos/Med_con_Decaimientos/decaimientos.txt,upload_decaimientos_sin_fecha,-1,181,181,,184322,0,0,development,1024,accepted,resolved_negative_ch1_ch2_coincidence,not_detected_above_threshold,prompt_12_no_resolved_3,217.48,1445.86,candidate,compatible_secondary_identity_unconfirmed,1,2,0,unavailable_acquisition_selected_ch2,not_validated,-6.8,16.01208,80.0,0.0,,53.3,196.2,-7.2,16.01208,80.0,0.0,,44.2,154.3,-8.4,13.121010000000002,80.0,0.0,,38.2,42.4,184322,185345,a7878d0e4174ba528618396aab5e7ffe668f498fac2066b65e465f51dd6eb833,,,curated_decay_upload; acquisition run/time and selection unknown,not_confirmed,unique_eligible_for_separate_review
Datos/Med_con_Decaimientos/decaimientos.txt::block182::event182,Datos/Med_con_Decaimientos/decaimientos.txt,upload_decaimientos_sin_fecha,-1,182,182,,185346,0,0,development,1024,accepted,resolved_negative_ch1_ch2_coincidence,not_detected_above_threshold,prompt_12_no_resolved_3,210.84,1452.5,candidate,compatible_secondary_identity_unconfirmed,1,1,1,unavailable_acquisition_selected_ch2,not_validated,-6.9,15.419039999999999,80.0,0.0,,47.8,174.1,-7.2,13.78818,80.0,0.0,,43.1,308.1,-8.3,11.1195,80.0,0.0,,32.1,39.599999999999994,185346,186369,53ab1a681aeae4e4ce62965c478d3d5284669d2b4327027a88718f725ea369f3,,,curated_decay_upload; acquisition run/time and selection unknown,not_confirmed,unique_eligible_for_separate_review
Datos/Med_con_Decaimientos/decaimientos.txt::block183::event183,Datos/Med_con_Decaimientos/decaimientos.txt,upload_decaimientos_sin_fecha,-1,183,183,,186370,0,0,development,1024,accepted,resolved_negative_ch1_ch2_coincidence,not_detected_above_threshold,prompt_12_no_resolved_3,207.52,1455.82,ambiguous,review_delayed_group_reasons,0,1,0,unavailable_acquisition_selected_ch2,not_validated,-6.5,14.381219999999999,80.0,0.0,,41.4,179.3,-7.2,16.01208,80.0,0.0,,45.300000000000004,373.2,-8.2,16.012079999999997,80.0,0.0,,37.2,37.8,186370,187393,8b220e596930a571b65ac69611effc34b385f386ba3edc22bf81a469c6f6b4ab,,,curated_decay_upload; acquisition run/time and selection unknown,not_confirmed,unique_eligible_for_separate_review
Datos/Med_con_Decaimientos/decaimientos.txt::block184::event184,Datos/Med_con_Decaimientos/decaimientos.txt,upload_decaimientos_sin_fecha,-1,184,184,,187394,0,0,development,1024,accepted,resolved_negative_ch1_ch2_coincidence,detected,prompt_123,210.84,1452.5,ambiguous,review_delayed_group_reasons,0,1,0,unavailable_acquisition_selected_ch2,not_validated,-6.95,17.86533,80.393985,0.0,,51.45,158.05,-7.05,17.12403,80.0,0.0,,44.449999999999996,191.95,-8.3,17.642939999999996,80.0,0.0,,47.5,106.0,187394,188417,46f74f9de3d49b1ffba62c68ae50ba02c814435caeca9b3fd384ed798c887b07,,,curated_decay_upload; acquisition run/time and selection unknown,not_confirmed,unique_eligible_for_separate_review
Datos/Med_con_Decaimientos/decaimientos.txt::block185::event185,Datos/Med_con_Decaimientos/decaimientos.txt,upload_decaimientos_sin_fecha,-1,185,185,,188418,0,0,evaluation,1024,accepted,resolved_negative_ch1_ch2_coincidence,not_detected_above_threshold,prompt_12_no_resolved_3,215.82,1447.52,ambiguous,review_delayed_group_reasons,0,3,1,unavailable_acquisition_selected_ch2,not_validated,-7.4,14.974260000000001,80.0,0.0,,43.1,250.4,-7.65,15.04839,80.0,0.0,,48.25,303.65000000000003,-7.3,15.715559999999998,80.0,0.0,,42.9,45.1,188418,189441,508e525ef1c6176de3f23314bc620e1334a51ad01b77115488118428a5460526,,,curated_decay_upload; acquisition run/time and selection unknown,not_confirmed,unique_eligible_for_separate_review
Datos/Med_con_Decaimientos/decaimientos.txt::block186::event186,Datos/Med_con_Decaimientos/decaimientos.txt,upload_decaimientos_sin_fecha,-1,186,186,,189442,0,0,development,1024,accepted,resolved_negative_ch1_ch2_coincidence,not_detected_above_threshold,prompt_12_no_resolved_3,204.199,1459.1409999999998,candidate,compatible_secondary_identity_unconfirmed,1,0,0,unavailable_acquisition_selected_ch2,not_validated,-6.15,16.456860000000002,80.0,0.0,,43.449999999999996,175.15,-7.2,16.45686,80.0,0.0,,43.0,123.7,-7.4,12.898620000000001,80.0,0.0,,40.8,39.9,189442,190465,037dcad18ae781004c8353bbc87b1d703f356c7384fa29a995755f72dd5129c6,,,curated_decay_upload; acquisition run/time and selection unknown,not_confirmed,unique_eligible_for_separate_review
Datos/Med_con_Decaimientos/decaimientos.txt::block187::event187,Datos/Med_con_Decaimientos/decaimientos.txt,upload_decaimientos_sin_fecha,-1,187,187,,190466,0,0,development,1024,accepted,resolved_negative_ch1_ch2_coincidence,not_detected_above_threshold,prompt_12_no_resolved_3,204.199,1459.1409999999998,candidate,compatible_secondary_identity_unconfirmed,1,1,0,unavailable_acquisition_selected_ch2,not_validated,-7.15,17.568810000000003,80.0,0.0,,58.65,201.95,-7.7,18.087719999999997,81.39473999999998,0.0,,44.300000000000004,185.9,-7.6,18.310109999999995,82.39549499999998,0.0,,44.2,47.199999999999996,190466,191489,914137e85997b3b5bcff825261941caafc5775e8c2c91f4c835b115ab72f02a8,,,curated_decay_upload; acquisition run/time and selection unknown,not_confirmed,unique_eligible_for_separate_review
Datos/Med_con_Decaimientos/decaimientos.txt::block188::event188,Datos/Med_con_Decaimientos/decaimientos.txt,upload_decaimientos_sin_fecha,-1,188,188,,191490,0,0,development,1024,accepted,resolved_negative_ch1_ch2_coincidence,not_detected_above_threshold,prompt_12_no_resolved_3,215.82,1447.52,ambiguous,review_delayed_group_reasons,0,1,0,unavailable_acquisition_selected_ch2,not_validated,-7.3,14.825999999999999,80.0,0.0,,45.5,149.7,-7.05,16.827509999999997,80.0,0.0,,48.15,205.35,-8.05,16.82751,80.0,0.0,,41.45,96.95,191490,192513,719d995276c4378526a2d820133bee55d0d4ded99995cd7a95122bfd59a81ece,,,curated_decay_upload; acquisition run/time and selection unknown,not_confirmed,unique_eligible_for_separate_review
Datos/Med_con_Decaimientos/decaimientos.txt::block189::event189,Datos/Med_con_Decaimientos/decaimientos.txt,upload_decaimientos_sin_fecha,-1,189,189,,192514,0,0,development,1024,accepted,resolved_negative_ch1_ch2_coincidence,not_detected_above_threshold,prompt_12_no_resolved_3,205.859,1457.481,candidate,compatible_secondary_identity_unconfirmed,1,0,1,unavailable_acquisition_selected_ch2,not_validated,-6.7,13.78818,80.0,0.0,,42.900000000000006,206.10000000000002,-7.45,14.90013,80.0,0.0,,59.75,263.05,-8.1,13.63992,80.0,0.0,,45.800000000000004,48.0,192514,193537,16e9f08049b64cc00b949337a4d066470dc2aa3c135ce5ff70eb596fa1582383,,,curated_decay_upload; acquisition run/time and selection unknown,not_confirmed,unique_eligible_for_separate_review
Datos/Med_con_Decaimientos/decaimientos.txt::block190::event190,Datos/Med_con_Decaimientos/decaimientos.txt,upload_decaimientos_sin_fecha,-1,190,190,,193538,0,0,development,1024,ambiguous,pulse_clipping,ambiguous,prompt_12_uncertain_3,184.277,1479.0629999999999,not_evaluable,initial_coincidence_ambiguous,0,4,1,unavailable_acquisition_selected_ch2,not_validated,-6.1,16.160339999999998,80.0,0.0,,45.9,493.79999999999995,-5.8,17.49468,80.0,0.0,,47.8,494.09999999999997,-6.8,22.387259999999994,100.74266999999998,0.0,,45.4,493.09999999999997,193538,194561,111984fe2d438fe4a78eb7baf222abd530ecda95f2210fa1c669419b385f8a12,,,curated_decay_upload; acquisition run/time and selection unknown,not_confirmed,unique_eligible_for_separate_review
Datos/Med_con_Decaimientos/decaimientos.txt::block191::event191,Datos/Med_con_Decaimientos/decaimientos.txt,upload_decaimientos_sin_fecha,-1,191,191,,194562,0,0,development,1024,accepted,resolved_negative_ch1_ch2_coincidence,not_detected_above_threshold,prompt_12_no_resolved_3,219.141,1444.1989999999998,candidate,compatible_secondary_identity_unconfirmed,1,1,0,unavailable_acquisition_selected_ch2,not_validated,-6.65,17.568810000000003,80.0,0.0,,38.949999999999996,190.35,-7.1,15.567300000000001,80.0,0.0,,47.300000000000004,269.4,-8.2,14.677739999999996,80.0,0.0,,44.3,38.599999999999994,194562,195585,352deebbf8c249587ce3c4653071d51122bc8f49d8cc33eace32a7d5ea37491c,,,curated_decay_upload; acquisition run/time and selection unknown,not_confirmed,unique_eligible_for_separate_review
Datos/Med_con_Decaimientos/decaimientos.txt::block192::event192,Datos/Med_con_Decaimientos/decaimientos.txt,upload_decaimientos_sin_fecha,-1,192,192,,195586,0,0,evaluation,1024,accepted,resolved_negative_ch1_ch2_coincidence,ambiguous,prompt_12_uncertain_3,205.859,1457.481,ambiguous,review_delayed_group_reasons,0,1,0,unavailable_acquisition_selected_ch2,not_validated,-6.9,15.27078,80.0,0.0,,47.0,137.5,-6.45,14.974260000000001,80.0,0.0,,40.95,140.45000000000002,-7.9,12.898620000000001,80.0,0.0,,36.5,99.0,195586,196609,53227b222b2d86bb7ad1299734e48e3cdb5da8ce0c50b3771e593f731fc23eac,,,curated_decay_upload; acquisition run/time and selection unknown,not_confirmed,unique_eligible_for_separate_review
Datos/Med_con_Decaimientos/decaimientos.txt::block193::event193,Datos/Med_con_Decaimientos/decaimientos.txt,upload_decaimientos_sin_fecha,-1,193,193,,196610,0,0,evaluation,1024,accepted,resolved_negative_ch1_ch2_coincidence,not_detected_above_threshold,prompt_12_no_resolved_3,219.141,1444.1989999999998,candidate,compatible_secondary_identity_unconfirmed,1,0,0,unavailable_acquisition_selected_ch2,not_validated,-6.6,14.529479999999998,80.0,0.0,,41.7,256.29999999999995,-6.75,12.37971,80.0,0.0,,47.45,328.65,-8.0,9.93342,80.0,0.0,,32.1,121.0,196610,197633,ebb2248c1ae20d7c624d6606211c779ab4ed848282309f93b4cb1e0dd9ccbf95,,,curated_decay_upload; acquisition run/time and selection unknown,not_confirmed,unique_eligible_for_separate_review
Datos/Med_con_Decaimientos/decaimientos.txt::block194::event194,Datos/Med_con_Decaimientos/decaimientos.txt,upload_decaimientos_sin_fecha,-1,194,194,,197634,0,0,development,1024,accepted,resolved_negative_ch1_ch2_coincidence,not_detected_above_threshold,prompt_12_no_resolved_3,219.141,1444.1989999999998,candidate,compatible_secondary_identity_unconfirmed,1,1,1,unavailable_acquisition_selected_ch2,not_validated,-6.7,13.19514,80.0,0.0,,49.900000000000006,165.0,-4.9,16.01208,80.0,0.0,,45.6,271.0,-7.45,20.534010000000002,92.403045,0.0,,43.35,233.45000000000002,197634,198657,95d88181b46ebd86053e9e82b3e80f262dcdb4d81fe28f3c2063be308bfaa457,,,curated_decay_upload; acquisition run/time and selection unknown,not_confirmed,unique_eligible_for_separate_review
Datos/Med_con_Decaimientos/decaimientos.txt::block195::event195,Datos/Med_con_Decaimientos/decaimientos.txt,upload_decaimientos_sin_fecha,-1,195,195,,198658,0,0,development,1024,accepted,resolved_negative_ch1_ch2_coincidence,not_detected_above_threshold,prompt_12_no_resolved_3,222.461,1440.879,candidate,compatible_secondary_identity_unconfirmed,1,0,0,unavailable_acquisition_selected_ch2,not_validated,-6.9,15.5673,80.0,0.0,,42.8,214.5,-7.65,17.42055,80.0,0.0,,41.85,118.14999999999999,-8.9,16.45686,80.0,0.0,,43.1,34.5,198658,199681,3c21aa81c581c18d3caf8bb5187e5c0af360affa6343ff48097ac91d001ec39c,,,curated_decay_upload; acquisition run/time and selection unknown,not_confirmed,unique_eligible_for_separate_review
Datos/Med_con_Decaimientos/decaimientos.txt::block196::event196,Datos/Med_con_Decaimientos/decaimientos.txt,upload_decaimientos_sin_fecha,-1,196,196,,199682,0,0,development,1024,accepted,resolved_negative_ch1_ch2_coincidence,not_detected_above_threshold,prompt_12_no_resolved_3,222.461,1440.879,candidate,compatible_secondary_identity_unconfirmed,1,2,2,unavailable_acquisition_selected_ch2,not_validated,-7.2,14.232959999999999,80.0,0.0,,50.800000000000004,159.3,-7.55,13.862309999999995,80.0,0.0,,57.55,184.35,-8.2,11.860799999999998,80.0,0.0,,39.5,30.400000000000002,199682,200705,2e64c423511b8fe4eff0abe3024e275962bc08a7aaf05112e85a370c5de00cad,,,curated_decay_upload; acquisition run/time and selection unknown,not_confirmed,unique_eligible_for_separate_review
Datos/Med_con_Decaimientos/decaimientos.txt::block197::event197,Datos/Med_con_Decaimientos/decaimientos.txt,upload_decaimientos_sin_fecha,-1,197,197,,200706,0,0,evaluation,1024,accepted,resolved_negative_ch1_ch2_coincidence,not_detected_above_threshold,prompt_12_no_resolved_3,212.5,1450.84,candidate,compatible_secondary_identity_unconfirmed,1,0,0,unavailable_acquisition_selected_ch2,not_validated,-6.8,17.7912,80.0604,0.0,,41.599999999999994,175.7,-8.3,16.90164,80.0,0.0,,47.099999999999994,204.6,-7.85,15.64143,80.0,0.0,,43.45,42.35,200706,201729,79e303d51e5832ed901f5b19d69e43a464df9c85eab1a1bde3731b8cbd8e7a92,,,curated_decay_upload; acquisition run/time and selection unknown,not_confirmed,unique_eligible_for_separate_review
Datos/Med_con_Decaimientos/decaimientos.txt::block198::event198,Datos/Med_con_Decaimientos/decaimientos.txt,upload_decaimientos_sin_fecha,-1,198,198,,201730,0,0,development,1024,accepted,resolved_negative_ch1_ch2_coincidence,detected,prompt_123,207.52,1455.82,ambiguous,review_delayed_group_reasons,0,1,0,unavailable_acquisition_selected_ch2,not_validated,-6.95,15.493169999999997,80.0,0.0,,42.95,151.55,-8.9,17.71707,80.0,0.0,,42.8,125.69999999999999,-9.0,17.34642,80.0,0.0,,45.7,152.5,201730,202753,5428d9baf1e1b47a52f05d480fcf6a7b1c35f99495ab38282f44c55fbfd983a6,,,curated_decay_upload; acquisition run/time and selection unknown,not_confirmed,unique_eligible_for_separate_review
Datos/Med_con_Decaimientos/decaimientos.txt::block199::event199,Datos/Med_con_Decaimientos/decaimientos.txt,upload_decaimientos_sin_fecha,-1,199,199,,202754,0,0,development,1024,accepted,resolved_negative_ch1_ch2_coincidence,not_detected_above_threshold,prompt_12_no_resolved_3,207.52,1455.82,candidate,compatible_secondary_identity_unconfirmed,1,2,0,unavailable_acquisition_selected_ch2,not_validated,-6.75,14.307089999999997,80.0,0.0,,42.05,165.55,-7.4,18.829019999999996,84.73058999999998,0.0,,47.8,376.8,-7.0,19.12554,86.06493,0.0,,45.7,42.3,202754,203777,6197ec37d719bf794a393604236f09ff6cf894e93dea4c7dbed182a48c700a5b,,,curated_decay_upload; acquisition run/time and selection unknown,not_confirmed,unique_eligible_for_separate_review
Datos/Med_con_Decaimientos/decaimientos.txt::block200::event200,Datos/Med_con_Decaimientos/decaimientos.txt,upload_decaimientos_sin_fecha,-1,200,200,,203778,0,0,development,1024,accepted,resolved_negative_ch1_ch2_coincidence,not_detected_above_threshold,prompt_12_no_resolved_3,214.16,1449.1799999999998,candidate,compatible_secondary_identity_unconfirmed,1,0,0,unavailable_acquisition_selected_ch2,not_validated,-7.25,16.975769999999997,80.0,0.0,,39.15,120.55,-6.6,16.60512,80.0,0.0,,46.4,226.20000000000002,-8.3,14.158829999999998,80.0,0.0,,39.7,88.10000000000001,203778,204801,791e818868ec62fa100285d98e07184f3fcbd300de780e651d360c341f0551c5,,,curated_decay_upload; acquisition run/time and selection unknown,not_confirmed,unique_eligible_for_separate_review
Datos/Med_con_Decaimientos/decaimientos.txt::block201::event201,Datos/Med_con_Decaimientos/decaimientos.txt,upload_decaimientos_sin_fecha,-1,201,201,,204802,0,0,evaluation,1024,accepted,resolved_negative_ch1_ch2_coincidence,not_detected_above_threshold,prompt_12_no_resolved_3,217.48,1445.86,no_secondary_above_threshold,absence_is_not_no_decay,0,0,0,unavailable_acquisition_selected_ch2,not_validated,-7.2,16.75338,80.0,0.0,,39.5,148.9,-8.1,17.7912,80.0604,0.0,,45.7,213.5,-7.55,15.048389999999998,80.0,0.0,,34.05,37.75,204802,205825,a0131af8eeded4a008b12ad07f471cb0d8a35897f89d34527e2eea5d91e125ae,,,curated_decay_upload; acquisition run/time and selection unknown,not_confirmed,unique_eligible_for_separate_review
Datos/Med_con_Decaimientos/decaimientos.txt::block202::event202,Datos/Med_con_Decaimientos/decaimientos.txt,upload_decaimientos_sin_fecha,-1,202,202,,205826,0,0,development,1024,accepted,resolved_negative_ch1_ch2_coincidence,not_detected_above_threshold,prompt_12_no_resolved_3,217.48,1445.86,ambiguous,review_delayed_group_reasons,0,1,0,unavailable_acquisition_selected_ch2,not_validated,-6.55,16.38273,80.0,0.0,,40.05,153.25,-7.55,14.90013,80.0,0.0,,49.55,254.14999999999998,-7.6,14.381219999999999,80.0,0.0,,34.6,39.3,205826,206849,b7418ccd2eef0864a643cab84f031947500d9ce06873914962a4f3c5fca51b2c,,,curated_decay_upload; acquisition run/time and selection unknown,not_confirmed,unique_eligible_for_separate_review
Datos/Med_con_Decaimientos/decaimientos.txt::block203::event203,Datos/Med_con_Decaimientos/decaimientos.txt,upload_decaimientos_sin_fecha,-1,203,203,,206850,0,0,development,1024,accepted,resolved_negative_ch1_ch2_coincidence,not_detected_above_threshold,prompt_12_no_resolved_3,217.48,1445.86,candidate,compatible_secondary_identity_unconfirmed,1,2,1,unavailable_acquisition_selected_ch2,not_validated,-6.2,14.825999999999999,80.0,0.0,,49.400000000000006,294.1,-7.0,16.160339999999998,80.0,0.0,,45.4,316.1,-8.5,17.93946,80.72757,0.0,,47.3,38.6,206850,207873,bbbc4543b5c9b183b9700fd36eb1eb1a091b1ad19233e788994798c8e998860f,,,curated_decay_upload; acquisition run/time and selection unknown,not_confirmed,unique_eligible_for_separate_review
Datos/Med_con_Decaimientos/decaimientos.txt::block204::event204,Datos/Med_con_Decaimientos/decaimientos.txt,upload_decaimientos_sin_fecha,-1,204,204,,207874,0,0,development,1024,accepted,resolved_negative_ch1_ch2_coincidence,not_detected_above_threshold,prompt_12_no_resolved_3,217.48,1445.86,candidate,compatible_secondary_identity_unconfirmed,1,0,0,unavailable_acquisition_selected_ch2,not_validated,-6.6,16.01208,80.0,0.0,,41.9,135.0,-6.5,16.90164,80.0,0.0,,39.5,267.3,-8.1,13.19514,80.0,0.0,,37.8,32.4,207874,208897,a68579e2b3b6fb77cfef17092e005dedf7400eddd59e851f82bdfcba40381a3e,,,curated_decay_upload; acquisition run/time and selection unknown,not_confirmed,unique_eligible_for_separate_review
Datos/Med_con_Decaimientos/decaimientos.txt::block205::event205,Datos/Med_con_Decaimientos/decaimientos.txt,upload_decaimientos_sin_fecha,-1,205,205,,208898,0,0,development,1024,accepted,resolved_negative_ch1_ch2_coincidence,not_detected_above_threshold,prompt_12_no_resolved_3,214.16,1449.1799999999998,ambiguous,review_delayed_group_reasons,0,1,0,unavailable_acquisition_selected_ch2,not_validated,-7.4,15.567299999999996,80.0,0.0,,39.2,165.79999999999998,-6.6,17.0499,80.0,0.0,,41.2,368.59999999999997,-9.2,16.753379999999996,80.0,0.0,,38.9,37.2,208898,209921,f7550f54c885d26cd7e2f56da797a492f7da7e0af1a665ec36dea514f4ac3e6a,,,curated_decay_upload; acquisition run/time and selection unknown,not_confirmed,unique_eligible_for_separate_review
Datos/Med_con_Decaimientos/decaimientos.txt::block206::event206,Datos/Med_con_Decaimientos/decaimientos.txt,upload_decaimientos_sin_fecha,-1,206,206,,209922,0,0,evaluation,1024,accepted,resolved_negative_ch1_ch2_coincidence,detected,prompt_123,215.82,1447.52,ambiguous,review_delayed_group_reasons,0,1,0,unavailable_acquisition_selected_ch2,not_validated,-6.5,16.901639999999997,80.0,0.0,,48.1,197.2,-7.55,15.937949999999999,80.0,0.0,,43.849999999999994,182.45,-8.9,15.27078,80.0,0.0,,48.4,87.69999999999999,209922,210945,20f03363b83e66b5b7cecbb5d9bd51c3642a1cc6f66bfde91cbcedf5d73f95d3,,,curated_decay_upload; acquisition run/time and selection unknown,not_confirmed,unique_eligible_for_separate_review
Datos/Med_con_Decaimientos/decaimientos.txt::block207::event207,Datos/Med_con_Decaimientos/decaimientos.txt,upload_decaimientos_sin_fecha,-1,207,207,,210946,0,0,development,1024,accepted,resolved_negative_ch1_ch2_coincidence,not_detected_above_threshold,prompt_12_no_resolved_3,214.16,1449.1799999999998,candidate,compatible_secondary_identity_unconfirmed,1,0,1,unavailable_acquisition_selected_ch2,not_validated,-6.2,17.93946,80.72757,0.0,,53.0,202.4,-6.0,17.71707,80.0,0.0,,39.2,228.6,-7.2,12.30558,80.0,0.0,,36.1,103.39999999999999,210946,211969,3d5235257c13b0ad1d568abd30a895c1a9e26616a76f45bcbc64f4124259c6ba,,,curated_decay_upload; acquisition run/time and selection unknown,not_confirmed,unique_eligible_for_separate_review
Datos/Med_con_Decaimientos/decaimientos.txt::block208::event208,Datos/Med_con_Decaimientos/decaimientos.txt,upload_decaimientos_sin_fecha,-1,208,208,,211970,0,0,development,1024,accepted,resolved_negative_ch1_ch2_coincidence,detected,prompt_123,210.84,1452.5,ambiguous,review_delayed_group_reasons,0,3,0,unavailable_acquisition_selected_ch2,not_validated,-6.0,14.825999999999999,80.0,0.0,,62.9,179.3,-5.6,15.86382,80.0,0.0,,46.5,117.60000000000001,-6.1,12.15732,80.0,0.0,,37.8,208.5,211970,212993,675fb72aa608b78fc9a77f3a29590b2dd4cec856610722858ce48cf0f57cfb30,,,curated_decay_upload; acquisition run/time and selection unknown,not_confirmed,unique_eligible_for_separate_review
Datos/Med_con_Decaimientos/decaimientos.txt::block209::event209,Datos/Med_con_Decaimientos/decaimientos.txt,upload_decaimientos_sin_fecha,-1,209,209,,212994,0,0,development,1024,accepted,resolved_negative_ch1_ch2_coincidence,not_detected_above_threshold,prompt_12_no_resolved_3,207.52,1455.82,candidate,compatible_secondary_identity_unconfirmed,1,1,0,unavailable_acquisition_selected_ch2,not_validated,-7.0,14.825999999999999,80.0,0.0,,50.2,217.7,-6.3,16.530989999999996,80.0,0.0,,41.0,236.5,-7.3,14.52948,80.0,0.0,,36.1,42.300000000000004,212994,214017,e52e1e75a09bd3220387a95f8f03a5786d95520c45c0ffc4046b94c867ebb841,,,curated_decay_upload; acquisition run/time and selection unknown,not_confirmed,unique_eligible_for_separate_review
Datos/Med_con_Decaimientos/decaimientos.txt::block210::event210,Datos/Med_con_Decaimientos/decaimientos.txt,upload_decaimientos_sin_fecha,-1,210,210,,214018,0,0,development,1024,accepted,resolved_negative_ch1_ch2_coincidence,not_detected_above_threshold,prompt_12_no_resolved_3,207.52,1455.82,candidate,compatible_secondary_identity_unconfirmed,1,0,0,unavailable_acquisition_selected_ch2,not_validated,-6.8,14.52948,80.0,0.0,,53.699999999999996,196.39999999999998,-7.1,14.232959999999999,80.0,0.0,,41.6,229.70000000000002,-8.2,13.195139999999997,80.0,0.0,,48.900000000000006,38.0,214018,215041,dd1735e039394ad0fde4a386bb45f4cdfa4bd0a785b30a5bd8a9ce7319a7ddd5,,,curated_decay_upload; acquisition run/time and selection unknown,not_confirmed,unique_eligible_for_separate_review
Datos/Med_con_Decaimientos/decaimientos.txt::block211::event211,Datos/Med_con_Decaimientos/decaimientos.txt,upload_decaimientos_sin_fecha,-1,211,211,,215042,0,0,development,1024,accepted,resolved_negative_ch1_ch2_coincidence,detected,prompt_123,215.82,1447.52,ambiguous,review_delayed_group_reasons,0,1,0,unavailable_acquisition_selected_ch2,not_validated,-6.6,15.863819999999999,80.0,0.0,,45.300000000000004,128.70000000000002,-6.6,15.5673,80.0,0.0,,38.800000000000004,113.5,-8.0,10.526459999999998,80.0,0.0,,33.6,220.0,215042,216065,d7b4b9a8a3bd2fff850848e461bcd1ae1b9e023a9f43cda1722729cb5b66b37e,,,curated_decay_upload; acquisition run/time and selection unknown,not_confirmed,unique_eligible_for_separate_review
Datos/Med_con_Decaimientos/decaimientos.txt::block212::event212,Datos/Med_con_Decaimientos/decaimientos.txt,upload_decaimientos_sin_fecha,-1,212,212,,216066,0,0,evaluation,1024,accepted,resolved_negative_ch1_ch2_coincidence,not_detected_above_threshold,prompt_12_no_resolved_3,210.84,1452.5,candidate,compatible_secondary_identity_unconfirmed,1,1,2,unavailable_acquisition_selected_ch2,not_validated,-6.4,16.160339999999998,80.0,0.0,,43.1,214.7,-7.3,16.3086,80.0,0.0,,47.0,127.8,-8.7,15.270779999999997,80.0,0.0,,45.599999999999994,40.5,216066,217089,28bad0e1883466add853e970521c2401309de61e8adf281cf4b4e4d9af9ec282,,,curated_decay_upload; acquisition run/time and selection unknown,not_confirmed,unique_eligible_for_separate_review
Datos/Med_con_Decaimientos/decaimientos.txt::block213::event213,Datos/Med_con_Decaimientos/decaimientos.txt,upload_decaimientos_sin_fecha,-1,213,213,,217090,0,0,development,1024,accepted,resolved_negative_ch1_ch2_coincidence,not_detected_above_threshold,prompt_12_no_resolved_3,219.141,1444.1989999999998,candidate,compatible_secondary_identity_unconfirmed,1,0,0,unavailable_acquisition_selected_ch2,not_validated,-6.55,14.15883,80.0,0.0,,42.05,262.95,-7.75,16.160339999999998,80.0,0.0,,44.35,100.65,-8.05,14.603609999999996,80.0,0.0,,42.05,42.150000000000006,217090,218113,98a874a3362cefe0116efe9b0b790e1ff5ba2a1bcb1a845b345a96d20eaa98eb,,,curated_decay_upload; acquisition run/time and selection unknown,not_confirmed,unique_eligible_for_separate_review
Datos/Med_con_Decaimientos/decaimientos.txt::block214::event214,Datos/Med_con_Decaimientos/decaimientos.txt,upload_decaimientos_sin_fecha,-1,214,214,,218114,0,0,development,1024,accepted,resolved_negative_ch1_ch2_coincidence,not_detected_above_threshold,prompt_12_no_resolved_3,209.18,1454.1599999999999,ambiguous,review_delayed_group_reasons,0,1,1,unavailable_acquisition_selected_ch2,not_validated,-6.6,16.75338,80.0,0.0,,39.6,149.6,-8.6,16.160339999999998,80.0,0.0,,47.7,114.9,-7.65,16.01208,80.0,0.0,,38.25,47.95,218114,219137,78aca02c0c031dcdb38a7b53cb7fbc8ac11d73d22fcd1eaa2428d64ccd9b643c,,,curated_decay_upload; acquisition run/time and selection unknown,not_confirmed,unique_eligible_for_separate_review
Datos/Med_con_Decaimientos/decaimientos.txt::block215::event215,Datos/Med_con_Decaimientos/decaimientos.txt,upload_decaimientos_sin_fecha,-1,215,215,,219138,0,0,development,1024,accepted,resolved_negative_ch1_ch2_coincidence,detected,prompt_123,209.18,1454.1599999999999,ambiguous,review_delayed_group_reasons,0,3,2,unavailable_acquisition_selected_ch2,not_validated,-7.3,14.0847,80.0,0.0,,51.8,182.2,-6.8,15.27078,80.0,0.0,,40.8,252.8,-8.8,13.78818,80.0,0.0,,39.0,175.39999999999998,219138,220161,a11303fe7d6e6ecd0f59598a7e02b22f4290d7106970c0eb9fe61c5ce22d2cb5,,,curated_decay_upload; acquisition run/time and selection unknown,not_confirmed,unique_eligible_for_separate_review
Datos/Med_con_Decaimientos/decaimientos.txt::block216::event216,Datos/Med_con_Decaimientos/decaimientos.txt,upload_decaimientos_sin_fecha,-1,216,216,,220162,0,0,evaluation,1024,accepted,resolved_negative_ch1_ch2_coincidence,detected,prompt_123,214.16,1449.1799999999998,ambiguous,review_delayed_group_reasons,0,1,0,unavailable_acquisition_selected_ch2,not_validated,-6.3,16.234469999999998,80.0,0.0,,51.8,122.60000000000001,-7.25,15.789689999999997,80.0,0.0,,45.45,121.25,-7.8,14.677739999999996,80.0,0.0,,37.8,192.2,220162,221185,aa25f996f77793301c90d10f861ae3797a1202f0d28e474cb690ea9baae3e140,,,curated_decay_upload; acquisition run/time and selection unknown,not_confirmed,unique_eligible_for_separate_review
Datos/Med_con_Decaimientos/decaimientos.txt::block217::event217,Datos/Med_con_Decaimientos/decaimientos.txt,upload_decaimientos_sin_fecha,-1,217,217,,221186,0,0,development,1024,accepted,resolved_negative_ch1_ch2_coincidence,not_detected_above_threshold,prompt_12_no_resolved_3,207.52,1455.82,candidate,compatible_secondary_identity_unconfirmed,1,0,0,unavailable_acquisition_selected_ch2,not_validated,-6.1,17.0499,80.0,0.0,,35.4,179.70000000000002,-8.0,16.160339999999998,80.0,0.0,,44.8,247.3,-8.149999999999999,17.272289999999998,80.0,0.0,,37.05,40.25,221186,222209,c51a14f542bd4654dbe8f1df3f22c0a29d34213a0ef9bc4883a9b8517047ef3d,,,curated_decay_upload; acquisition run/time and selection unknown,not_confirmed,unique_eligible_for_separate_review
Datos/Med_con_Decaimientos/decaimientos.txt::block218::event218,Datos/Med_con_Decaimientos/decaimientos.txt,upload_decaimientos_sin_fecha,-1,218,218,,222210,0,0,development,1024,accepted,resolved_negative_ch1_ch2_coincidence,detected,prompt_123,212.5,1450.84,ambiguous,review_delayed_group_reasons,0,1,2,unavailable_acquisition_selected_ch2,not_validated,-6.4,15.715559999999998,80.0,0.0,,52.3,135.6,-8.1,15.122520000000002,80.0,0.0,,43.6,223.8,-7.95,13.343399999999999,80.0,0.0,,36.95,224.25,222210,223233,06582bb107fec4f8ce10ca945fd4a3bc019f34ccdc1c08e7921c605d6b43f781,,,curated_decay_upload; acquisition run/time and selection unknown,not_confirmed,unique_eligible_for_separate_review
Datos/Med_con_Decaimientos/decaimientos.txt::block219::event219,Datos/Med_con_Decaimientos/decaimientos.txt,upload_decaimientos_sin_fecha,-1,219,219,,223234,0,0,development,1024,accepted,resolved_negative_ch1_ch2_coincidence,not_detected_above_threshold,prompt_12_no_resolved_3,210.84,1452.5,candidate,compatible_secondary_identity_unconfirmed,1,0,0,unavailable_acquisition_selected_ch2,not_validated,-7.0,15.27078,80.0,0.0,,37.0,137.3,-8.3,14.67774,80.0,0.0,,41.0,201.39999999999998,-8.6,11.638409999999999,80.0,0.0,,28.9,113.5,223234,224257,a72ae9cb146d49e6e7081ba66f9b3cc30c90e7f3c2f142827a9dfa8cd02258ab,,,curated_decay_upload; acquisition run/time and selection unknown,not_confirmed,unique_eligible_for_separate_review
Datos/Med_con_Decaimientos/decaimientos.txt::block220::event220,Datos/Med_con_Decaimientos/decaimientos.txt,upload_decaimientos_sin_fecha,-1,220,220,,224258,0,0,development,1024,ambiguous,pulse_clipping,ambiguous,prompt_12_uncertain_3,200.879,1462.461,not_evaluable,initial_coincidence_ambiguous,0,2,0,unavailable_acquisition_selected_ch2,not_validated,-7.4,14.52948,80.0,0.0,,47.0,311.8,-7.1,15.122520000000002,80.0,0.0,,42.300000000000004,492.79999999999995,-5.6,15.715559999999998,80.0,0.0,,40.4,494.29999999999995,224258,225281,8f5f8699d5f5789c7879f9fb1d0b4c4060a9d565dd1885ed831845b460f1f2ba,,,curated_decay_upload; acquisition run/time and selection unknown,not_confirmed,unique_eligible_for_separate_review
Datos/Med_con_Decaimientos/decaimientos.txt::block221::event221,Datos/Med_con_Decaimientos/decaimientos.txt,upload_decaimientos_sin_fecha,-1,221,221,,225282,0,0,development,1024,accepted,resolved_negative_ch1_ch2_coincidence,ambiguous,prompt_12_uncertain_3,214.16,1449.1799999999998,ambiguous,review_delayed_group_reasons,0,1,0,unavailable_acquisition_selected_ch2,not_validated,-6.8,16.60512,80.0,0.0,,47.3,168.39999999999998,-7.7,17.93946,80.72757,0.0,,52.400000000000006,254.0,-7.3,19.42206,87.39926999999999,0.0,,42.599999999999994,492.59999999999997,225282,226305,4851a0ef3b2d7233326847d662ba4e1bf995d4669306c4b3d0949a9d5f2eab1c,,,curated_decay_upload; acquisition run/time and selection unknown,not_confirmed,unique_eligible_for_separate_review
Datos/Med_con_Decaimientos/decaimientos.txt::block222::event222,Datos/Med_con_Decaimientos/decaimientos.txt,upload_decaimientos_sin_fecha,-1,222,222,,226306,0,0,development,1024,accepted,resolved_negative_ch1_ch2_coincidence,not_detected_above_threshold,prompt_12_no_resolved_3,205.859,1457.481,ambiguous,review_delayed_group_reasons,0,1,0,unavailable_acquisition_selected_ch2,not_validated,-6.4,15.863819999999999,80.0,0.0,,47.6,152.1,-4.3,16.75338,80.0,0.0,,39.599999999999994,183.79999999999998,-6.3,16.160339999999998,80.0,0.0,,43.699999999999996,38.900000000000006,226306,227329,c220e6558aba194d43a229b3d410331bf1f2432e98b0397e037c2681ba758b3e,,,curated_decay_upload; acquisition run/time and selection unknown,not_confirmed,unique_eligible_for_separate_review
Datos/Med_con_Decaimientos/decaimientos.txt::block223::event223,Datos/Med_con_Decaimientos/decaimientos.txt,upload_decaimientos_sin_fecha,-1,223,223,,227330,0,0,development,1024,accepted,resolved_negative_ch1_ch2_coincidence,not_detected_above_threshold,prompt_12_no_resolved_3,210.84,1452.5,candidate,compatible_secondary_identity_unconfirmed,1,0,0,unavailable_acquisition_selected_ch2,not_validated,-6.4,15.493169999999997,80.0,0.0,,45.199999999999996,166.7,-8.75,16.82751,80.0,0.0,,53.45,268.75,-8.4,13.19514,80.0,0.0,,44.199999999999996,121.1,227330,228353,6e73af477efbe7acf7c104fce3329ffddf43289c8aced649e1b337de6d2765ad,,,curated_decay_upload; acquisition run/time and selection unknown,not_confirmed,unique_eligible_for_separate_review
Datos/Med_con_Decaimientos/decaimientos.txt::block224::event224,Datos/Med_con_Decaimientos/decaimientos.txt,upload_decaimientos_sin_fecha,-1,224,224,,228354,0,0,development,1024,accepted,resolved_negative_ch1_ch2_coincidence,detected,prompt_123,210.84,1452.5,ambiguous,review_delayed_group_reasons,0,1,0,unavailable_acquisition_selected_ch2,not_validated,-6.1,15.86382,80.0,0.0,,37.2,199.5,-8.75,18.45837,83.062665,0.0,,52.35,205.35,-8.2,14.825999999999999,80.0,0.0,,37.9,169.9,228354,229377,995a2d23534500d183a737ea06010c6016e004f5e58d2d071a8a07bd81bf8f3d,,,curated_decay_upload; acquisition run/time and selection unknown,not_confirmed,unique_eligible_for_separate_review
Datos/Med_con_Decaimientos/decaimientos.txt::block225::event225,Datos/Med_con_Decaimientos/decaimientos.txt,upload_decaimientos_sin_fecha,-1,225,225,,229378,0,0,development,1024,ambiguous,pulse_clipping,not_detected_above_threshold,prompt_12_no_resolved_3,209.18,1454.1599999999999,not_evaluable,initial_coincidence_ambiguous,0,1,0,unavailable_acquisition_selected_ch2,not_validated,-7.3,18.829019999999996,84.73058999999998,0.0,,46.699999999999996,272.4,-7.9,19.57032,88.06644,0.0,,54.5,492.0,-9.6,14.010569999999998,80.0,0.0,,38.6,35.5,229378,230401,c207e84117e89c3089fc52118c7d29c91c05eba05f9ff937399d8b5ed97a5953,,,curated_decay_upload; acquisition run/time and selection unknown,not_confirmed,unique_eligible_for_separate_review
Datos/Med_con_Decaimientos/decaimientos.txt::block226::event226,Datos/Med_con_Decaimientos/decaimientos.txt,upload_decaimientos_sin_fecha,-1,226,226,,230402,0,0,evaluation,1024,accepted,resolved_negative_ch1_ch2_coincidence,not_detected_above_threshold,prompt_12_no_resolved_3,209.18,1454.1599999999999,ambiguous,review_delayed_group_reasons,0,1,0,unavailable_acquisition_selected_ch2,not_validated,-7.3,16.82751,80.0,0.0,,40.9,225.5,-8.3,17.49468,80.0,0.0,,40.1,364.7,-9.0,11.8608,80.0,0.0,,36.9,31.0,230402,231425,b9bcbf11fd1a68ceae61c18b5a66e04eeffdff6aa5f8b90bd228ef359d9273a0,,,curated_decay_upload; acquisition run/time and selection unknown,not_confirmed,unique_eligible_for_separate_review
Datos/Med_con_Decaimientos/decaimientos.txt::block227::event227,Datos/Med_con_Decaimientos/decaimientos.txt,upload_decaimientos_sin_fecha,-1,227,227,,231426,0,0,development,1024,accepted,resolved_negative_ch1_ch2_coincidence,not_detected_above_threshold,prompt_12_no_resolved_3,205.859,1457.481,ambiguous,review_delayed_group_reasons,0,1,1,unavailable_acquisition_selected_ch2,not_validated,-6.4,15.419039999999999,80.0,0.0,,42.6,240.7,-7.9,15.419039999999999,80.0,0.0,,44.699999999999996,214.6,-7.8,13.19514,80.0,0.0,,29.1,31.7,231426,232449,3378f3b233f3fd3800a6cfdc1e4537dae0c446e691485cbd9e27e103b6d2e09b,,,curated_decay_upload; acquisition run/time and selection unknown,not_confirmed,unique_eligible_for_separate_review
Datos/Med_con_Decaimientos/decaimientos.txt::block228::event228,Datos/Med_con_Decaimientos/decaimientos.txt,upload_decaimientos_sin_fecha,-1,228,228,,232450,0,0,development,1024,accepted,resolved_negative_ch1_ch2_coincidence,not_detected_above_threshold,prompt_12_no_resolved_3,209.18,1454.1599999999999,candidate,compatible_secondary_identity_unconfirmed,1,0,0,unavailable_acquisition_selected_ch2,not_validated,-6.2,17.64294,80.0,0.0,,37.800000000000004,224.60000000000002,-8.1,19.57032,88.06644,0.0,,59.2,304.4,-8.1,16.60512,80.0,0.0,,42.6,41.5,232450,233473,a253dfa9979a70045a1a96c68c328d5276fab350f61e7377e04a345a5fac0869,,,curated_decay_upload; acquisition run/time and selection unknown,not_confirmed,unique_eligible_for_separate_review
Datos/Med_con_Decaimientos/decaimientos.txt::block229::event229,Datos/Med_con_Decaimientos/decaimientos.txt,upload_decaimientos_sin_fecha,-1,229,229,,233474,0,0,development,1024,accepted,resolved_negative_ch1_ch2_coincidence,detected,prompt_123,204.199,1459.1409999999998,ambiguous,review_delayed_group_reasons,0,1,0,unavailable_acquisition_selected_ch2,not_validated,-6.1,14.38122,80.0,0.0,,39.5,149.6,-8.05,15.937949999999999,80.0,0.0,,54.150000000000006,209.64999999999998,-8.5,16.90164,80.0,0.0,,36.9,154.3,233474,234497,27ba7a8e8573368d64467ba52f24277f848a8d4d00a649227765f8591a7cdc82,,,curated_decay_upload; acquisition run/time and selection unknown,not_confirmed,unique_eligible_for_separate_review
Datos/Med_con_Decaimientos/decaimientos.txt::block230::event230,Datos/Med_con_Decaimientos/decaimientos.txt,upload_decaimientos_sin_fecha,-1,230,230,,234498,0,0,development,1024,accepted,resolved_negative_ch1_ch2_coincidence,not_detected_above_threshold,prompt_12_no_resolved_3,204.199,1459.1409999999998,candidate,compatible_secondary_identity_unconfirmed,1,0,0,unavailable_acquisition_selected_ch2,not_validated,-6.9,15.64143,80.0,0.0,,42.199999999999996,206.4,-7.0,15.5673,80.0,0.0,,42.2,228.7,-9.05,14.90013,80.0,0.0,,42.95,39.55,234498,235521,492eb38a1a890e585dad6c16991f736e2324c24549df930868ac735469c6606b,,,curated_decay_upload; acquisition run/time and selection unknown,not_confirmed,unique_eligible_for_separate_review
Datos/Med_con_Decaimientos/decaimientos.txt::block231::event231,Datos/Med_con_Decaimientos/decaimientos.txt,upload_decaimientos_sin_fecha,-1,231,231,,235522,0,0,evaluation,1024,accepted,resolved_negative_ch1_ch2_coincidence,not_detected_above_threshold,prompt_12_no_resolved_3,202.539,1460.801,ambiguous,review_delayed_group_reasons,0,1,1,unavailable_acquisition_selected_ch2,not_validated,-8.850000000000001,15.344909999999999,80.0,0.0,,44.75,264.34999999999997,-6.4,16.90164,80.0,0.0,,45.3,177.2,-9.4,16.753379999999996,80.0,0.0,,39.2,37.2,235522,236545,4d0066f9a20a0e841221629b929e3bed0f59df5471f7182c33dadfe0690cf635,,,curated_decay_upload; acquisition run/time and selection unknown,not_confirmed,unique_eligible_for_separate_review
Datos/Med_con_Decaimientos/decaimientos.txt::block232::event232,Datos/Med_con_Decaimientos/decaimientos.txt,upload_decaimientos_sin_fecha,-1,232,232,,236546,0,0,evaluation,1024,accepted,resolved_negative_ch1_ch2_coincidence,not_detected_above_threshold,prompt_12_no_resolved_3,212.5,1450.84,candidate,compatible_secondary_identity_unconfirmed,1,0,1,unavailable_acquisition_selected_ch2,not_validated,-6.3,15.27078,80.0,0.0,,42.4,314.7,-8.1,17.642939999999996,80.0,0.0,,43.5,460.9,-9.3,14.52948,80.0,0.0,,44.5,38.5,236546,237569,8cccb1520aa31a86cfd75646660f5552cd998b14988fe9d1ab1aabc8cf815d51,,,curated_decay_upload; acquisition run/time and selection unknown,not_confirmed,unique_eligible_for_separate_review
Datos/Med_con_Decaimientos/decaimientos.txt::block233::event233,Datos/Med_con_Decaimientos/decaimientos.txt,upload_decaimientos_sin_fecha,-1,233,233,,237570,0,0,development,1024,accepted,resolved_negative_ch1_ch2_coincidence,not_detected_above_threshold,prompt_12_no_resolved_3,204.199,1459.1409999999998,ambiguous,review_delayed_group_reasons,0,1,0,unavailable_acquisition_selected_ch2,not_validated,-7.2,14.825999999999999,80.0,0.0,,45.800000000000004,149.10000000000002,-8.2,17.93946,80.72757,0.0,,54.099999999999994,158.8,-9.55,19.051409999999997,85.73134499999999,0.0,,48.150000000000006,44.349999999999994,237570,238593,488e28c7c72587da40746babf742b674ddc8b6849667c52eda016ef04a05cae6,,,curated_decay_upload; acquisition run/time and selection unknown,not_confirmed,unique_eligible_for_separate_review
Datos/Med_con_Decaimientos/decaimientos.txt::block234::event234,Datos/Med_con_Decaimientos/decaimientos.txt,upload_decaimientos_sin_fecha,-1,234,234,,238594,0,0,development,1024,accepted,resolved_negative_ch1_ch2_coincidence,not_detected_above_threshold,prompt_12_no_resolved_3,202.539,1460.801,candidate,compatible_secondary_identity_unconfirmed,1,0,0,unavailable_acquisition_selected_ch2,not_validated,-6.9,16.234469999999998,80.0,0.0,,47.5,165.9,-9.4,16.90164,80.0,0.0,,45.699999999999996,305.1,-9.05,17.12403,80.0,0.0,,42.75,41.45,238594,239617,ed08fbe6509d0d8d52b3bd26be0ff2b707969949339b6cb3f8e586910a9f1512,,,curated_decay_upload; acquisition run/time and selection unknown,not_confirmed,unique_eligible_for_separate_review
Datos/Med_con_Decaimientos/decaimientos.txt::block235::event235,Datos/Med_con_Decaimientos/decaimientos.txt,upload_decaimientos_sin_fecha,-1,235,235,,239618,0,0,development,1024,accepted,resolved_negative_ch1_ch2_coincidence,detected,prompt_123,217.48,1445.86,ambiguous,review_delayed_group_reasons,0,1,0,unavailable_acquisition_selected_ch2,not_validated,-7.9,16.456860000000002,80.0,0.0,,44.4,128.79999999999998,-7.9,18.5325,83.39625,0.0,,60.699999999999996,127.69999999999999,-9.2,14.825999999999999,80.0,0.0,,38.8,106.1,239618,240641,0c7475a36123bb5c6f6e6499b451f0066727fe518c82c396736088df787e2a69,,,curated_decay_upload; acquisition run/time and selection unknown,not_confirmed,unique_eligible_for_separate_review
Datos/Med_con_Decaimientos/decaimientos.txt::block236::event236,Datos/Med_con_Decaimientos/decaimientos.txt,upload_decaimientos_sin_fecha,-1,236,236,,240642,0,0,evaluation,1024,accepted,resolved_negative_ch1_ch2_coincidence,not_detected_above_threshold,prompt_12_no_resolved_3,212.5,1450.84,candidate,compatible_secondary_identity_unconfirmed,1,0,0,unavailable_acquisition_selected_ch2,not_validated,-6.6,14.97426,80.0,0.0,,45.9,165.1,-7.0,16.456860000000002,80.0,0.0,,42.6,178.7,-8.2,12.157319999999999,80.0,0.0,,37.7,95.39999999999999,240642,241665,c8d22dcbad71edb7f0f9357a474e64a81342d6aca283bd48a82b41989155af3c,,,curated_decay_upload; acquisition run/time and selection unknown,not_confirmed,unique_eligible_for_separate_review
Datos/Med_con_Decaimientos/decaimientos.txt::block237::event237,Datos/Med_con_Decaimientos/decaimientos.txt,upload_decaimientos_sin_fecha,-1,237,237,,241666,0,0,development,1024,accepted,resolved_negative_ch1_ch2_coincidence,not_detected_above_threshold,prompt_12_no_resolved_3,209.18,1454.1599999999999,candidate,compatible_secondary_identity_unconfirmed,1,0,0,unavailable_acquisition_selected_ch2,not_validated,-6.8,15.5673,80.0,0.0,,43.5,133.7,-6.3,19.57032,88.06644,0.0,,44.8,162.1,-8.2,19.940969999999997,89.73436499999998,0.0,,45.0,43.2,241666,242689,70c5af5013bff77a60dfb4d9e07dc60b31b94bf664740a6d62ca32d8a65f3e9f,,,curated_decay_upload; acquisition run/time and selection unknown,not_confirmed,unique_eligible_for_separate_review
Datos/Med_con_Decaimientos/decaimientos.txt::block238::event238,Datos/Med_con_Decaimientos/decaimientos.txt,upload_decaimientos_sin_fecha,-1,238,238,,242690,0,0,development,1024,accepted,resolved_negative_ch1_ch2_coincidence,not_detected_above_threshold,prompt_12_no_resolved_3,202.539,1460.801,candidate,compatible_secondary_identity_unconfirmed,1,0,0,unavailable_acquisition_selected_ch2,not_validated,-6.7,14.677740000000002,80.0,0.0,,39.2,184.70000000000002,-8.4,16.456860000000002,80.0,0.0,,50.3,314.5,-9.7,16.75338,80.0,0.0,,48.900000000000006,38.2,242690,243713,2590634010ea9baa7f894fd2247a87019be1479776a703048738258f058a51b4,,,curated_decay_upload; acquisition run/time and selection unknown,not_confirmed,unique_eligible_for_separate_review
Datos/Med_con_Decaimientos/decaimientos.txt::block239::event239,Datos/Med_con_Decaimientos/decaimientos.txt,upload_decaimientos_sin_fecha,-1,239,239,,243714,0,0,development,1024,accepted,resolved_negative_ch1_ch2_coincidence,detected,prompt_123,204.199,1459.1409999999998,ambiguous,review_delayed_group_reasons,0,1,2,unavailable_acquisition_selected_ch2,not_validated,-7.6,14.97426,80.0,0.0,,54.300000000000004,162.5,-6.95,16.975769999999997,80.0,0.0,,49.35,168.35000000000002,-7.7,16.901640000000004,80.0,0.0,,41.900000000000006,230.10000000000002,243714,244737,28db016fce68832a45c868fb7b91f743bd3dc390e80104f44dcd2a6ebc47ee68,,,curated_decay_upload; acquisition run/time and selection unknown,not_confirmed,unique_eligible_for_separate_review
Datos/Med_con_Decaimientos/decaimientos.txt::block240::event240,Datos/Med_con_Decaimientos/decaimientos.txt,upload_decaimientos_sin_fecha,-1,240,240,,244738,0,0,development,1024,accepted,resolved_negative_ch1_ch2_coincidence,not_detected_above_threshold,prompt_12_no_resolved_3,212.5,1450.84,ambiguous,review_delayed_group_reasons,0,2,1,unavailable_acquisition_selected_ch2,not_validated,-6.0,17.34642,80.0,0.0,,42.7,213.5,-9.6,19.57032,88.06644,0.0,,61.5,241.20000000000002,-8.649999999999999,23.49921,105.74644500000001,0.0,,48.65,53.75,244738,245761,4c7fbc4a332ab88c0a8d0929deed631eea5774f4bd2fe69282c8edd69c14c0cf,,,curated_decay_upload; acquisition run/time and selection unknown,not_confirmed,unique_eligible_for_separate_review
Datos/Med_con_Decaimientos/decaimientos.txt::block241::event241,Datos/Med_con_Decaimientos/decaimientos.txt,upload_decaimientos_sin_fecha,-1,241,241,,245762,0,0,development,1024,accepted,resolved_negative_ch1_ch2_coincidence,detected,prompt_123,220.801,1442.539,ambiguous,review_delayed_group_reasons,0,1,0,unavailable_acquisition_selected_ch2,not_validated,-7.4,15.419039999999999,80.0,0.0,,42.4,184.1,-7.85,17.198159999999998,80.0,0.0,,48.45,240.45000000000002,-9.95,18.161849999999998,81.72832499999998,0.0,,41.75,159.55,245762,246785,5bf5dc752b80ee797b6d1ecda2148d70c651f6155a43e0aee44311d8eae5a139,,,curated_decay_upload; acquisition run/time and selection unknown,not_confirmed,unique_eligible_for_separate_review
Datos/Med_con_Decaimientos/decaimientos.txt::block242::event242,Datos/Med_con_Decaimientos/decaimientos.txt,upload_decaimientos_sin_fecha,-1,242,242,,246786,0,0,development,1024,accepted,resolved_negative_ch1_ch2_coincidence,not_detected_above_threshold,prompt_12_no_resolved_3,204.199,1459.1409999999998,ambiguous,review_delayed_group_reasons,0,1,0,unavailable_acquisition_selected_ch2,not_validated,-6.1,16.45686,80.0,0.0,,47.2,178.3,-6.8,17.198159999999994,80.0,0.0,,48.4,145.2,-7.55,13.269269999999999,80.0,0.0,,41.55,31.95,246786,247809,7511203b9832adbdf03338667199036e79ae07dfcd54cdead35bdb7d366b20ac,,,curated_decay_upload; acquisition run/time and selection unknown,not_confirmed,unique_eligible_for_separate_review
Datos/Med_con_Decaimientos/decaimientos.txt::block243::event243,Datos/Med_con_Decaimientos/decaimientos.txt,upload_decaimientos_sin_fecha,-1,243,243,,247810,0,0,development,1024,accepted,resolved_negative_ch1_ch2_coincidence,not_detected_above_threshold,prompt_12_no_resolved_3,209.18,1454.1599999999999,candidate,compatible_secondary_identity_unconfirmed,1,0,1,unavailable_acquisition_selected_ch2,not_validated,-6.7,13.78818,80.0,0.0,,35.6,302.0,-6.8,14.381219999999999,80.0,0.0,,45.8,102.3,-8.25,12.379710000000001,80.0,0.0,,35.45,35.05,247810,248833,105d5c51d1ebf26a4e0fd1d86bb888ac87c98d51784c64108872db6bc6dee99f,,,curated_decay_upload; acquisition run/time and selection unknown,not_confirmed,unique_eligible_for_separate_review
Datos/Med_con_Decaimientos/decaimientos.txt::block244::event244,Datos/Med_con_Decaimientos/decaimientos.txt,upload_decaimientos_sin_fecha,-1,244,244,,248834,0,0,development,1024,accepted,resolved_negative_ch1_ch2_coincidence,not_detected_above_threshold,prompt_12_no_resolved_3,215.82,1447.52,ambiguous,review_delayed_group_reasons,0,1,0,unavailable_acquisition_selected_ch2,not_validated,-6.9,14.603610000000002,80.0,0.0,,43.4,247.1,-7.7,13.343399999999999,80.0,0.0,,47.1,405.8,-8.2,14.307089999999997,80.0,0.0,,33.3,41.599999999999994,248834,249857,762cc888d0d80dc61c469954c437a18aa909c3ea333360ecb3ea915e0794c6ac,,,curated_decay_upload; acquisition run/time and selection unknown,not_confirmed,unique_eligible_for_separate_review
Datos/Med_con_Decaimientos/decaimientos.txt::block245::event245,Datos/Med_con_Decaimientos/decaimientos.txt,upload_decaimientos_sin_fecha,-1,245,245,,249858,0,0,development,1024,accepted,resolved_negative_ch1_ch2_coincidence,not_detected_above_threshold,prompt_12_no_resolved_3,204.199,1459.1409999999998,candidate,compatible_secondary_identity_unconfirmed,1,0,0,unavailable_acquisition_selected_ch2,not_validated,-6.75,15.122519999999998,80.0,0.0,,42.35,218.75,-7.7,16.3086,80.0,0.0,,54.2,254.2,-8.2,17.12403,80.0,0.0,,44.3,117.7,249858,250881,ab61a704891d011c321d49ce48037883218ea8b3b12a572067d0af55022a44dd,,,curated_decay_upload; acquisition run/time and selection unknown,not_confirmed,unique_eligible_for_separate_review
Datos/Med_con_Decaimientos/decaimientos.txt::block246::event246,Datos/Med_con_Decaimientos/decaimientos.txt,upload_decaimientos_sin_fecha,-1,246,246,,250882,0,0,development,1024,accepted,resolved_negative_ch1_ch2_coincidence,not_detected_above_threshold,prompt_12_no_resolved_3,212.5,1450.84,candidate,compatible_secondary_identity_unconfirmed,1,0,0,unavailable_acquisition_selected_ch2,not_validated,-6.65,13.86231,80.0,0.0,,38.35,123.25,-7.7,13.639919999999998,80.0,0.0,,40.400000000000006,288.40000000000003,-8.3,14.0847,80.0,0.0,,35.900000000000006,37.900000000000006,250882,251905,960944bb8c7cb10443119797417d5ef4ef27957ac32a96f302f9583dd31f2fc7,,,curated_decay_upload; acquisition run/time and selection unknown,not_confirmed,unique_eligible_for_separate_review
Datos/Med_con_Decaimientos/decaimientos.txt::block247::event247,Datos/Med_con_Decaimientos/decaimientos.txt,upload_decaimientos_sin_fecha,-1,247,247,,251906,0,0,development,1024,accepted,resolved_negative_ch1_ch2_coincidence,not_detected_above_threshold,prompt_12_no_resolved_3,205.859,1457.481,candidate,compatible_secondary_identity_unconfirmed,1,0,1,unavailable_acquisition_selected_ch2,not_validated,-7.3,12.157319999999999,80.0,0.0,,46.9,239.89999999999998,-8.05,14.232959999999999,80.0,0.0,,52.75,154.14999999999998,-8.6,14.97426,80.0,0.0,,33.9,39.1,251906,252929,a6e89eb77b8dbad077f9b254667ddce74b8afbea1edc9286f4ff5b7306f0d930,,,curated_decay_upload; acquisition run/time and selection unknown,not_confirmed,unique_eligible_for_separate_review
Datos/Med_con_Decaimientos/decaimientos.txt::block248::event248,Datos/Med_con_Decaimientos/decaimientos.txt,upload_decaimientos_sin_fecha,-1,248,248,,252930,0,0,development,1024,accepted,resolved_negative_ch1_ch2_coincidence,detected,prompt_123,202.539,1460.801,ambiguous,review_delayed_group_reasons,0,1,0,unavailable_acquisition_selected_ch2,not_validated,-7.0,14.825999999999999,80.0,0.0,,41.9,222.7,-7.0,15.122519999999998,80.0,0.0,,49.7,286.6,-7.75,18.087719999999997,81.39473999999998,0.0,,44.35,123.85,252930,253953,f86ff0f87134ba508dc44f3c2f7966f5b5ed2af97b8aaf73579c10ddbc5db55e,,,curated_decay_upload; acquisition run/time and selection unknown,not_confirmed,unique_eligible_for_separate_review
Datos/Med_con_Decaimientos/decaimientos.txt::block249::event249,Datos/Med_con_Decaimientos/decaimientos.txt,upload_decaimientos_sin_fecha,-1,249,249,,253954,0,0,development,1024,accepted,resolved_negative_ch1_ch2_coincidence,not_detected_above_threshold,prompt_12_no_resolved_3,209.18,1454.1599999999999,ambiguous,review_delayed_group_reasons,0,1,0,unavailable_acquisition_selected_ch2,not_validated,-6.1,15.419039999999999,80.0,0.0,,44.800000000000004,119.60000000000001,-7.5,15.863819999999999,80.0,0.0,,46.0,106.1,-7.9,12.898620000000001,80.0,0.0,,45.4,101.89999999999999,253954,254977,cdb8f7e96a34beb42477fec83152946d1cab4564493f87467b0718d4e83ee4ea,,,curated_decay_upload; acquisition run/time and selection unknown,not_confirmed,unique_eligible_for_separate_review
Datos/Med_con_Decaimientos/decaimientos.txt::block250::event250,Datos/Med_con_Decaimientos/decaimientos.txt,upload_decaimientos_sin_fecha,-1,250,250,,254978,0,0,evaluation,1024,accepted,resolved_negative_ch1_ch2_coincidence,not_detected_above_threshold,prompt_12_no_resolved_3,202.539,1460.801,candidate,compatible_secondary_identity_unconfirmed,1,0,0,unavailable_acquisition_selected_ch2,not_validated,-6.9,14.381219999999999,80.0,0.0,,45.199999999999996,190.7,-7.1,15.86382,80.0,0.0,,39.9,214.0,-7.6,12.157319999999999,80.0,0.0,,36.1,44.1,254978,256001,e2a90b8de1a350b594219cc74600b3d6922eb4b115fd007596ed89d39bd15ea3,,,curated_decay_upload; acquisition run/time and selection unknown,not_confirmed,unique_eligible_for_separate_review
Datos/Med_con_Decaimientos/decaimientos.txt::block251::event251,Datos/Med_con_Decaimientos/decaimientos.txt,upload_decaimientos_sin_fecha,-1,251,251,,256002,0,0,evaluation,1024,accepted,resolved_negative_ch1_ch2_coincidence,not_detected_above_threshold,prompt_12_no_resolved_3,204.199,1459.1409999999998,candidate,compatible_secondary_identity_unconfirmed,1,1,0,unavailable_acquisition_selected_ch2,not_validated,-6.6,15.122519999999998,80.0,0.0,,45.5,238.8,-6.15,18.60663,83.729835,0.0,,40.55,409.75,-7.5,13.417530000000001,80.0,0.0,,37.9,40.9,256002,257025,5282faef98c36d087e3a4b4246745ff00beca9e7ed6bc04ecb7a9bf12a434be8,,,curated_decay_upload; acquisition run/time and selection unknown,not_confirmed,unique_eligible_for_separate_review
Datos/Med_con_Decaimientos/decaimientos.txt::block252::event252,Datos/Med_con_Decaimientos/decaimientos.txt,upload_decaimientos_sin_fecha,-1,252,252,,257026,0,0,development,1024,accepted,resolved_negative_ch1_ch2_coincidence,not_detected_above_threshold,prompt_12_no_resolved_3,210.84,1452.5,candidate,compatible_secondary_identity_unconfirmed,1,0,0,unavailable_acquisition_selected_ch2,not_validated,-6.7,14.974260000000001,80.0,0.0,,43.5,276.40000000000003,-8.3,16.160339999999998,80.0,0.0,,38.400000000000006,272.3,-8.3,12.009060000000002,80.0,0.0,,30.900000000000002,37.400000000000006,257026,258049,c15fb7088d49d0336ed2d7857b4304cb51bfce105faea1df6ed778fe553a9771,,,curated_decay_upload; acquisition run/time and selection unknown,not_confirmed,unique_eligible_for_separate_review
Datos/Med_con_Decaimientos/decaimientos.txt::block253::event253,Datos/Med_con_Decaimientos/decaimientos.txt,upload_decaimientos_sin_fecha,-1,253,253,,258050,0,0,development,1024,accepted,resolved_negative_ch1_ch2_coincidence,not_detected_above_threshold,prompt_12_no_resolved_3,215.82,1447.52,ambiguous,review_delayed_group_reasons,0,1,0,unavailable_acquisition_selected_ch2,not_validated,-6.95,16.234469999999998,80.0,0.0,,38.75,125.95,-7.6,15.122519999999998,80.0,0.0,,44.7,128.4,-7.35,12.527969999999998,80.0,0.0,,30.85,39.949999999999996,258050,259073,08c1372d1fbbdbb65fa246ff9d7c42752334238ed4027da1c93ca358f3b29c04,,,curated_decay_upload; acquisition run/time and selection unknown,not_confirmed,unique_eligible_for_separate_review
Datos/Med_con_Decaimientos/decaimientos.txt::block254::event254,Datos/Med_con_Decaimientos/decaimientos.txt,upload_decaimientos_sin_fecha,-1,254,254,,259074,0,0,development,1024,accepted,resolved_negative_ch1_ch2_coincidence,not_detected_above_threshold,prompt_12_no_resolved_3,197.559,1465.781,candidate,compatible_secondary_identity_unconfirmed,1,0,0,unavailable_acquisition_selected_ch2,not_validated,-6.6,14.751869999999998,80.0,0.0,,43.5,293.59999999999997,-7.9,15.419039999999999,80.0,0.0,,46.3,307.3,-7.5,13.491660000000001,80.0,0.0,,36.9,43.8,259074,260097,c56cdbda08aab2d02140ef085a384a281e2522a463c78b873f4e77cdcf085e95,,,curated_decay_upload; acquisition run/time and selection unknown,not_confirmed,unique_eligible_for_separate_review
Datos/Med_con_Decaimientos/decaimientos.txt::block255::event255,Datos/Med_con_Decaimientos/decaimientos.txt,upload_decaimientos_sin_fecha,-1,255,255,,260098,0,0,development,1024,accepted,resolved_negative_ch1_ch2_coincidence,not_detected_above_threshold,prompt_12_no_resolved_3,207.52,1455.82,candidate,compatible_secondary_identity_unconfirmed,1,0,0,unavailable_acquisition_selected_ch2,not_validated,-6.8,15.122519999999998,80.0,0.0,,42.699999999999996,279.9,-8.0,14.52948,80.0,0.0,,49.6,300.3,-7.35,11.8608,80.0,0.0,,40.25,34.449999999999996,260098,261121,a1e7aa45406b65cfded271854f7eea9560f59477dabf779a5709c6558dd0406a,,,curated_decay_upload; acquisition run/time and selection unknown,not_confirmed,unique_eligible_for_separate_review
Datos/Med_con_Decaimientos/decaimientos.txt::block256::event256,Datos/Med_con_Decaimientos/decaimientos.txt,upload_decaimientos_sin_fecha,-1,256,256,,261122,0,0,evaluation,1024,accepted,resolved_negative_ch1_ch2_coincidence,not_detected_above_threshold,prompt_12_no_resolved_3,202.539,1460.801,candidate,compatible_secondary_identity_unconfirmed,1,0,0,unavailable_acquisition_selected_ch2,not_validated,-6.7,14.825999999999999,80.0,0.0,,38.4,250.2,-7.4,17.19816,80.0,0.0,,49.4,96.6,-8.0,15.122519999999998,80.0,0.0,,43.5,41.4,261122,262145,c458a0edda7760a63bf40da9ff349c23a6debcd22c1efd0cd71e38438f58a8b4,,,curated_decay_upload; acquisition run/time and selection unknown,not_confirmed,unique_eligible_for_separate_review
Datos/Med_con_Decaimientos/decaimientos.txt::block257::event257,Datos/Med_con_Decaimientos/decaimientos.txt,upload_decaimientos_sin_fecha,-1,257,257,,262146,0,0,development,1024,accepted,resolved_negative_ch1_ch2_coincidence,not_detected_above_threshold,prompt_12_no_resolved_3,207.52,1455.82,ambiguous,review_delayed_group_reasons,0,1,0,unavailable_acquisition_selected_ch2,not_validated,-6.25,14.30709,80.0,0.0,,38.75,187.85,-8.05,16.38273,80.0,0.0,,47.349999999999994,113.85000000000001,-9.4,14.67774,80.0,0.0,,40.5,110.1,262146,263169,f9eb41170347ddaa26a2528030f6a7e6e5131aabf7462e1654b6dd24b21a8732,,,curated_decay_upload; acquisition run/time and selection unknown,not_confirmed,unique_eligible_for_separate_review
Datos/Med_con_Decaimientos/decaimientos.txt::block258::event258,Datos/Med_con_Decaimientos/decaimientos.txt,upload_decaimientos_sin_fecha,-1,258,258,,263170,0,0,development,1024,accepted,resolved_negative_ch1_ch2_coincidence,not_detected_above_threshold,prompt_12_no_resolved_3,205.859,1457.481,candidate,compatible_secondary_identity_unconfirmed,1,0,0,unavailable_acquisition_selected_ch2,not_validated,-7.2,13.78818,80.0,0.0,,45.0,190.8,-6.85,15.789689999999997,80.0,0.0,,42.050000000000004,325.04999999999995,-7.9,16.012079999999997,80.0,0.0,,41.5,134.6,263170,264193,3b6a8805fe03b48165fdcad813dcbf9f563723df0c74f714b5651f5383de2988,,,curated_decay_upload; acquisition run/time and selection unknown,not_confirmed,unique_eligible_for_separate_review
Datos/Med_con_Decaimientos/decaimientos.txt::block259::event259,Datos/Med_con_Decaimientos/decaimientos.txt,upload_decaimientos_sin_fecha,-1,259,259,,264194,0,0,evaluation,1024,accepted,resolved_negative_ch1_ch2_coincidence,ambiguous,prompt_12_uncertain_3,217.48,1445.86,ambiguous,review_delayed_group_reasons,0,1,0,unavailable_acquisition_selected_ch2,not_validated,-7.85,15.27078,80.0,0.0,,44.85,132.45000000000002,-8.0,14.677739999999996,80.0,0.0,,36.7,146.4,-8.8,12.898620000000001,80.0,0.0,,46.400000000000006,49.400000000000006,264194,265217,8d9fa5706e5f1c63142e32cbe1290a8f1e7bdc1aad054cf27a36fcaf803a1c5c,,,curated_decay_upload; acquisition run/time and selection unknown,not_confirmed,unique_eligible_for_separate_review
Datos/Med_con_Decaimientos/decaimientos.txt::block260::event260,Datos/Med_con_Decaimientos/decaimientos.txt,upload_decaimientos_sin_fecha,-1,260,260,,265218,0,0,development,1024,accepted,resolved_negative_ch1_ch2_coincidence,detected,prompt_123,220.801,1442.539,ambiguous,review_delayed_group_reasons,0,1,0,unavailable_acquisition_selected_ch2,not_validated,-6.45,16.456860000000002,80.0,0.0,,38.25,168.25,-8.2,15.715559999999998,80.0,0.0,,44.7,116.5,-7.5,16.160339999999998,80.0,0.0,,38.7,255.7,265218,266241,ac1526f9aad9e6d9d2b02817fdcc188145e86fc5dda6eeadcb1c9586f645e8cd,,,curated_decay_upload; acquisition run/time and selection unknown,not_confirmed,unique_eligible_for_separate_review
Datos/Med_con_Decaimientos/decaimientos.txt::block261::event261,Datos/Med_con_Decaimientos/decaimientos.txt,upload_decaimientos_sin_fecha,-1,261,261,,266242,0,0,development,1024,accepted,resolved_negative_ch1_ch2_coincidence,not_detected_above_threshold,prompt_12_no_resolved_3,207.52,1455.82,candidate,compatible_secondary_identity_unconfirmed,1,1,0,unavailable_acquisition_selected_ch2,not_validated,-6.8,14.010569999999998,80.0,0.0,,41.4,232.0,-7.0,15.715559999999998,80.0,0.0,,48.0,374.0,-7.95,13.417530000000001,80.0,0.0,,41.050000000000004,37.949999999999996,266242,267265,92b52b0c98b3607cd1ad36729a1c496e2fcd25e48a8e76fdb7fda32c00ff5ec3,,,curated_decay_upload; acquisition run/time and selection unknown,not_confirmed,unique_eligible_for_separate_review
Datos/Med_con_Decaimientos/decaimientos.txt::block262::event262,Datos/Med_con_Decaimientos/decaimientos.txt,upload_decaimientos_sin_fecha,-1,262,262,,267266,0,0,evaluation,1024,accepted,resolved_negative_ch1_ch2_coincidence,not_detected_above_threshold,prompt_12_no_resolved_3,212.5,1450.84,candidate,compatible_secondary_identity_unconfirmed,1,0,1,unavailable_acquisition_selected_ch2,not_validated,-6.4,16.160339999999998,80.0,0.0,,46.4,129.79999999999998,-7.7,18.68076,84.06342,0.0,,47.2,128.60000000000002,-7.75,14.603610000000002,80.0,0.0,,44.95,124.44999999999999,267266,268289,e7771527a3b9cf4c15d0e7b5491d4f9721c20948b0029113431feb8d00998704,,,curated_decay_upload; acquisition run/time and selection unknown,not_confirmed,unique_eligible_for_separate_review
Datos/Med_con_Decaimientos/decaimientos.txt::block263::event263,Datos/Med_con_Decaimientos/decaimientos.txt,upload_decaimientos_sin_fecha,-1,263,263,,268290,0,0,evaluation,1024,accepted,resolved_negative_ch1_ch2_coincidence,not_detected_above_threshold,prompt_12_no_resolved_3,207.52,1455.82,candidate,compatible_secondary_identity_unconfirmed,1,1,0,unavailable_acquisition_selected_ch2,not_validated,-6.8,14.974259999999996,80.0,0.0,,55.3,258.3,-7.9,17.49468,80.0,0.0,,44.0,155.2,-8.5,14.232959999999999,80.0,0.0,,43.9,32.6,268290,269313,25f115e3b342b94937570cf80eda21c575efaccb04b04d36fdb2f99ad62402cb,,,curated_decay_upload; acquisition run/time and selection unknown,not_confirmed,unique_eligible_for_separate_review
Datos/Med_con_Decaimientos/decaimientos.txt::block264::event264,Datos/Med_con_Decaimientos/decaimientos.txt,upload_decaimientos_sin_fecha,-1,264,264,,269314,0,0,development,1024,accepted,resolved_negative_ch1_ch2_coincidence,not_detected_above_threshold,prompt_12_no_resolved_3,214.16,1449.1799999999998,candidate,compatible_secondary_identity_unconfirmed,1,0,0,unavailable_acquisition_selected_ch2,not_validated,-7.15,16.679249999999996,80.0,0.0,,43.85,154.95,-5.9,18.5325,83.39625,0.0,,54.3,94.6,-8.6,16.45686,80.0,0.0,,46.4,45.6,269314,270337,811f25b1bcb93249355157b8cded99dc7275d99c89a2754c5ba002ef134bfdbb,,,curated_decay_upload; acquisition run/time and selection unknown,not_confirmed,unique_eligible_for_separate_review
Datos/Med_con_Decaimientos/decaimientos.txt::block265::event265,Datos/Med_con_Decaimientos/decaimientos.txt,upload_decaimientos_sin_fecha,-1,265,265,,270338,0,0,development,1024,accepted,resolved_negative_ch1_ch2_coincidence,not_detected_above_threshold,prompt_12_no_resolved_3,202.539,1460.801,candidate,compatible_secondary_identity_unconfirmed,1,0,1,unavailable_acquisition_selected_ch2,not_validated,-6.25,19.051409999999997,85.73134499999999,0.0,,49.65,215.75,-7.55,18.60663,83.729835,0.0,,55.15,166.04999999999998,-7.2,16.60512,80.0,0.0,,40.300000000000004,157.10000000000002,270338,271361,8f753c361407ed8c992ac5924cfda1b7c0af93a288ba0a7ea567f02a6fd65400,,,curated_decay_upload; acquisition run/time and selection unknown,not_confirmed,unique_eligible_for_separate_review
Datos/Med_con_Decaimientos/decaimientos.txt::block266::event266,Datos/Med_con_Decaimientos/decaimientos.txt,upload_decaimientos_sin_fecha,-1,266,266,,271362,0,0,development,1024,accepted,resolved_negative_ch1_ch2_coincidence,detected,prompt_123,209.18,1454.1599999999999,no_secondary_above_threshold,absence_is_not_no_decay,0,0,0,unavailable_acquisition_selected_ch2,not_validated,-7.1,13.936439999999997,80.0,0.0,,39.4,195.0,-8.3,16.60512,80.0,0.0,,40.3,196.6,-8.45,11.71254,80.0,0.0,,36.45,138.65,271362,272385,f76b9bf2b3e2ff7f70e10b6231e022a19ac5d856d550b381044660a7105e5a6a,,,curated_decay_upload; acquisition run/time and selection unknown,not_confirmed,unique_eligible_for_separate_review
Datos/Med_con_Decaimientos/decaimientos.txt::block267::event267,Datos/Med_con_Decaimientos/decaimientos.txt,upload_decaimientos_sin_fecha,-1,267,267,,272386,0,0,development,1024,accepted,resolved_negative_ch1_ch2_coincidence,not_detected_above_threshold,prompt_12_no_resolved_3,200.879,1462.461,ambiguous,review_delayed_group_reasons,0,2,0,unavailable_acquisition_selected_ch2,not_validated,-7.0,15.19665,80.0,0.0,,49.7,205.9,-8.2,17.19816,80.0,0.0,,51.599999999999994,233.10000000000002,-7.6,16.45686,80.0,0.0,,40.2,49.9,272386,273409,003afbd198b496388418e4b1f28a960dee7be4b0898dad695b03639aef242f88,,,curated_decay_upload; acquisition run/time and selection unknown,not_confirmed,unique_eligible_for_separate_review
Datos/Med_con_Decaimientos/decaimientos.txt::block268::event268,Datos/Med_con_Decaimientos/decaimientos.txt,upload_decaimientos_sin_fecha,-1,268,268,,273410,0,0,development,1024,accepted,resolved_negative_ch1_ch2_coincidence,not_detected_above_threshold,prompt_12_no_resolved_3,205.859,1457.481,candidate,compatible_secondary_identity_unconfirmed,1,0,3,unavailable_acquisition_selected_ch2,not_validated,-7.0,17.42055,80.0,0.0,,45.9,241.9,-8.1,15.86382,80.0,0.0,,49.7,303.79999999999995,-8.95,14.38122,80.0,0.0,,37.45,33.150000000000006,273410,274433,317cfc7207f43fe4f1c1f793a5a7a2948ce90f4fd848301273fbc58e3610ddc9,,,curated_decay_upload; acquisition run/time and selection unknown,not_confirmed,unique_eligible_for_separate_review
Datos/Med_con_Decaimientos/decaimientos.txt::block269::event269,Datos/Med_con_Decaimientos/decaimientos.txt,upload_decaimientos_sin_fecha,-1,269,269,,274434,0,0,development,1024,accepted,resolved_negative_ch1_ch2_coincidence,not_detected_above_threshold,prompt_12_no_resolved_3,219.141,1444.1989999999998,candidate,compatible_secondary_identity_unconfirmed,1,1,1,unavailable_acquisition_selected_ch2,not_validated,-6.8,13.49166,80.0,0.0,,61.599999999999994,145.89999999999998,-8.1,17.939459999999997,80.72756999999999,0.0,,54.0,122.9,-8.1,15.27078,80.0,0.0,,54.6,104.7,274434,275457,9c66ef051471b652cf23ce8b060ec58ba40ff9c97c6ce2e8c30030f3e2ddb191,,,curated_decay_upload; acquisition run/time and selection unknown,not_confirmed,unique_eligible_for_separate_review
Datos/Med_con_Decaimientos/decaimientos.txt::block270::event270,Datos/Med_con_Decaimientos/decaimientos.txt,upload_decaimientos_sin_fecha,-1,270,270,,275458,0,0,development,1024,accepted,resolved_negative_ch1_ch2_coincidence,not_detected_above_threshold,prompt_12_no_resolved_3,205.859,1457.481,ambiguous,review_delayed_group_reasons,0,4,0,unavailable_acquisition_selected_ch2,not_validated,-5.6,13.862309999999999,80.0,0.0,,50.7,130.70000000000002,-6.8,15.863819999999999,80.0,0.0,,49.599999999999994,150.89999999999998,-7.3,12.750359999999999,80.0,0.0,,47.099999999999994,40.800000000000004,275458,276481,490062e6132cb7704f6f94143b1a512fcf5aa41ee157fa27f92b41f657faba3a,,,curated_decay_upload; acquisition run/time and selection unknown,not_confirmed,unique_eligible_for_separate_review
Datos/Med_con_Decaimientos/decaimientos.txt::block271::event271,Datos/Med_con_Decaimientos/decaimientos.txt,upload_decaimientos_sin_fecha,-1,271,271,,276482,0,0,evaluation,1024,accepted,resolved_negative_ch1_ch2_coincidence,not_detected_above_threshold,prompt_12_no_resolved_3,205.859,1457.481,candidate,compatible_secondary_identity_unconfirmed,1,0,0,unavailable_acquisition_selected_ch2,not_validated,-6.4,16.456860000000002,80.0,0.0,,39.6,175.29999999999998,-8.1,16.01208,80.0,0.0,,47.2,167.20000000000002,-9.7,13.78818,80.0,0.0,,40.9,113.3,276482,277505,f175c3ea5c2d5deea9ae28e132b945fef0c8284741654420ed9b59d3bf010cb2,,,curated_decay_upload; acquisition run/time and selection unknown,not_confirmed,unique_eligible_for_separate_review
Datos/Med_con_Decaimientos/decaimientos.txt::block272::event272,Datos/Med_con_Decaimientos/decaimientos.txt,upload_decaimientos_sin_fecha,-1,272,272,,277506,0,0,development,1024,accepted,resolved_negative_ch1_ch2_coincidence,not_detected_above_threshold,prompt_12_no_resolved_3,219.141,1444.1989999999998,candidate,compatible_secondary_identity_unconfirmed,1,0,0,unavailable_acquisition_selected_ch2,not_validated,-7.55,18.013589999999997,81.06115499999999,0.0,,42.25,238.45,-8.7,16.901640000000004,80.0,0.0,,63.099999999999994,261.8,-8.45,16.45686,80.0,0.0,,45.95,46.849999999999994,277506,278529,a2ca80e3ba44f83d27e69b76ae5e2069108e396833d3543e81ff943e7ecc8b3a,,,curated_decay_upload; acquisition run/time and selection unknown,not_confirmed,unique_eligible_for_separate_review
Datos/Med_con_Decaimientos/decaimientos.txt::block273::event273,Datos/Med_con_Decaimientos/decaimientos.txt,upload_decaimientos_sin_fecha,-1,273,273,,278530,0,0,development,1024,accepted,resolved_negative_ch1_ch2_coincidence,detected,prompt_123,215.82,1447.52,ambiguous,review_delayed_group_reasons,0,1,1,unavailable_acquisition_selected_ch2,not_validated,-7.05,15.937949999999999,80.0,0.0,,47.05,139.95,-8.3,17.642939999999996,80.0,0.0,,56.0,118.7,-8.8,14.232960000000002,80.0,0.0,,42.8,125.10000000000001,278530,279553,8a2a01ed4cd095b285df49e7af96dcd4cd6be780f24768d1aae15a4be244ba3c,,,curated_decay_upload; acquisition run/time and selection unknown,not_confirmed,unique_eligible_for_separate_review
Datos/Med_con_Decaimientos/decaimientos.txt::block274::event274,Datos/Med_con_Decaimientos/decaimientos.txt,upload_decaimientos_sin_fecha,-1,274,274,,279554,0,0,development,1024,accepted,resolved_negative_ch1_ch2_coincidence,not_detected_above_threshold,prompt_12_no_resolved_3,214.16,1449.1799999999998,ambiguous,review_delayed_group_reasons,0,1,0,unavailable_acquisition_selected_ch2,not_validated,-6.4,14.010569999999998,80.0,0.0,,42.199999999999996,284.40000000000003,-7.65,16.53099,80.0,0.0,,48.15,113.14999999999999,-8.3,14.38122,80.0,0.0,,51.8,64.10000000000001,279554,280577,2f712fa4e687a9cb08b2e4a1f8beacb9a37bed647c4a43900c0444a5b9c2aa56,,,curated_decay_upload; acquisition run/time and selection unknown,not_confirmed,unique_eligible_for_separate_review
Datos/Med_con_Decaimientos/decaimientos.txt::block275::event275,Datos/Med_con_Decaimientos/decaimientos.txt,upload_decaimientos_sin_fecha,-1,275,275,,280578,0,0,development,1024,accepted,resolved_negative_ch1_ch2_coincidence,not_detected_above_threshold,prompt_12_no_resolved_3,205.859,1457.481,candidate,compatible_secondary_identity_unconfirmed,1,0,1,unavailable_acquisition_selected_ch2,not_validated,-7.15,17.12403,80.0,0.0,,52.65,232.95,-6.9,17.49468,80.0,0.0,,53.0,290.90000000000003,-8.1,14.232959999999999,80.0,0.0,,48.6,46.6,280578,281601,c8f94cca2bc917f36de8a251208180c3aa5cf02c18a6564d84f3c8d0f6687780,,,curated_decay_upload; acquisition run/time and selection unknown,not_confirmed,unique_eligible_for_separate_review
Datos/Med_con_Decaimientos/decaimientos.txt::block276::event276,Datos/Med_con_Decaimientos/decaimientos.txt,upload_decaimientos_sin_fecha,-1,276,276,,281602,0,0,development,1024,accepted,resolved_negative_ch1_ch2_coincidence,not_detected_above_threshold,prompt_12_no_resolved_3,205.859,1457.481,ambiguous,review_delayed_group_reasons,0,1,0,unavailable_acquisition_selected_ch2,not_validated,-7.3,13.78818,80.0,0.0,,38.8,175.39999999999998,-7.9,16.3086,80.0,0.0,,49.4,287.70000000000005,-8.4,10.526459999999998,80.0,0.0,,42.0,34.300000000000004,281602,282625,518daf83b40076b14ebfe74381b3fdbf650a27ab14bebcdd95021abbff429a89,,,curated_decay_upload; acquisition run/time and selection unknown,not_confirmed,unique_eligible_for_separate_review
Datos/Med_con_Decaimientos/decaimientos.txt::block277::event277,Datos/Med_con_Decaimientos/decaimientos.txt,upload_decaimientos_sin_fecha,-1,277,277,,282626,0,0,development,1024,accepted,resolved_negative_ch1_ch2_coincidence,detected,prompt_123,215.82,1447.52,ambiguous,review_delayed_group_reasons,0,1,0,unavailable_acquisition_selected_ch2,not_validated,-7.0,18.23598,82.06191000000001,0.0,,49.5,144.8,-7.15,16.679249999999996,80.0,0.0,,49.15,148.45,-7.5,13.19514,80.0,0.0,,32.6,230.9,282626,283649,ab75444926e3dca7afde7dace65cb0f8ac56051ae0e14b968897e6e7c009cd68,,,curated_decay_upload; acquisition run/time and selection unknown,not_confirmed,unique_eligible_for_separate_review
Datos/Med_con_Decaimientos/decaimientos.txt::block278::event278,Datos/Med_con_Decaimientos/decaimientos.txt,upload_decaimientos_sin_fecha,-1,278,278,,283650,0,0,development,1024,accepted,resolved_negative_ch1_ch2_coincidence,not_detected_above_threshold,prompt_12_no_resolved_3,207.52,1455.82,excluded_secondary,all_secondaries_fail_quality,0,0,1,unavailable_acquisition_selected_ch2,not_validated,-5.4,18.68076,84.06342,0.0,,60.1,152.7,-5.75,16.82751,80.0,0.0,,42.85,169.55,-7.5,13.19514,80.0,0.0,,38.1,39.1,283650,284673,82e98cf6781ac07263abee691a403fd1c5dac4795ebab5698c04d9da9a6bacae,,,curated_decay_upload; acquisition run/time and selection unknown,not_confirmed,unique_eligible_for_separate_review
Datos/Med_con_Decaimientos/decaimientos.txt::block279::event279,Datos/Med_con_Decaimientos/decaimientos.txt,upload_decaimientos_sin_fecha,-1,279,279,,284674,0,0,evaluation,1024,accepted,resolved_negative_ch1_ch2_coincidence,detected,prompt_123,204.199,1459.1409999999998,ambiguous,review_delayed_group_reasons,0,1,0,unavailable_acquisition_selected_ch2,not_validated,-6.5,17.49468,80.0,0.0,,43.9,223.6,-8.3,17.42055,80.0,0.0,,53.5,223.6,-8.850000000000001,16.530989999999996,80.0,0.0,,43.550000000000004,320.95,284674,285697,81b96156356c4903b754e6fcab8fa176567e443185ffa377cf9438700254f5f2,,,curated_decay_upload; acquisition run/time and selection unknown,not_confirmed,unique_eligible_for_separate_review
Datos/Med_con_Decaimientos/decaimientos.txt::block280::event280,Datos/Med_con_Decaimientos/decaimientos.txt,upload_decaimientos_sin_fecha,-1,280,280,,285698,0,0,development,1024,accepted,resolved_negative_ch1_ch2_coincidence,detected,prompt_123,210.84,1452.5,ambiguous,review_delayed_group_reasons,0,1,1,unavailable_acquisition_selected_ch2,not_validated,-7.1,18.68076,84.06342,0.0,,50.9,119.60000000000001,-7.85,17.12403,80.0,0.0,,51.65,126.65,-8.2,17.7912,80.0604,0.0,,49.599999999999994,157.5,285698,286721,8814cbc0ed8468727534ebd7c78d16eba202b7a76050369523957be64bb6a4de,,,curated_decay_upload; acquisition run/time and selection unknown,not_confirmed,unique_eligible_for_separate_review
Datos/Med_con_Decaimientos/decaimientos.txt::block281::event281,Datos/Med_con_Decaimientos/decaimientos.txt,upload_decaimientos_sin_fecha,-1,281,281,,286722,0,0,development,1024,accepted,resolved_negative_ch1_ch2_coincidence,not_detected_above_threshold,prompt_12_no_resolved_3,199.219,1464.1209999999999,ambiguous,review_delayed_group_reasons,0,2,1,unavailable_acquisition_selected_ch2,not_validated,-7.05,14.15883,80.0,0.0,,35.85,317.25,-7.8,15.419039999999997,80.0,0.0,,46.099999999999994,139.7,-9.2,12.527970000000002,80.0,0.0,,36.099999999999994,35.599999999999994,286722,287745,dc7012828050ed6f9d7cb0f6a47eaf861149c5e6a828d4b5e207161b1d3e7301,,,curated_decay_upload; acquisition run/time and selection unknown,not_confirmed,unique_eligible_for_separate_review
Datos/Med_con_Decaimientos/decaimientos.txt::block282::event282,Datos/Med_con_Decaimientos/decaimientos.txt,upload_decaimientos_sin_fecha,-1,282,282,,287746,0,0,evaluation,1024,accepted,resolved_negative_ch1_ch2_coincidence,not_detected_above_threshold,prompt_12_no_resolved_3,209.18,1454.1599999999999,ambiguous,review_delayed_group_reasons,0,1,0,unavailable_acquisition_selected_ch2,not_validated,-6.55,16.975769999999997,80.0,0.0,,52.75,191.54999999999998,-7.0,19.57032,88.06644,0.0,,50.6,127.4,-7.5,15.715560000000002,80.0,0.0,,52.7,44.5,287746,288769,a16aef3b0ddb303e6c71038b70a516205db41dd63a65cc74578d70eaacdb169a,,,curated_decay_upload; acquisition run/time and selection unknown,not_confirmed,unique_eligible_for_separate_review
Datos/Med_con_Decaimientos/decaimientos.txt::block283::event283,Datos/Med_con_Decaimientos/decaimientos.txt,upload_decaimientos_sin_fecha,-1,283,283,,288770,0,0,development,1024,accepted,resolved_negative_ch1_ch2_coincidence,not_detected_above_threshold,prompt_12_no_resolved_3,212.5,1450.84,candidate,compatible_secondary_identity_unconfirmed,1,0,2,unavailable_acquisition_selected_ch2,not_validated,-6.1,17.49468,80.0,0.0,,42.1,192.4,-8.4,16.60512,80.0,0.0,,45.6,100.6,-8.75,16.53099,80.0,0.0,,42.15,91.45,288770,289793,f7567fe7d6546e01f9d695563b027106e692354722105610842329d35a8a62d2,,,curated_decay_upload; acquisition run/time and selection unknown,not_confirmed,unique_eligible_for_separate_review
Datos/Med_con_Decaimientos/decaimientos.txt::block284::event284,Datos/Med_con_Decaimientos/decaimientos.txt,upload_decaimientos_sin_fecha,-1,284,284,,289794,0,0,development,1024,accepted,resolved_negative_ch1_ch2_coincidence,not_detected_above_threshold,prompt_12_no_resolved_3,212.5,1450.84,candidate,compatible_secondary_identity_unconfirmed,1,0,0,unavailable_acquisition_selected_ch2,not_validated,-6.1,17.56881,80.0,0.0,,51.7,170.3,-8.8,18.161849999999998,81.72832499999998,0.0,,48.7,131.89999999999998,-7.45,12.67623,80.0,0.0,,38.550000000000004,41.349999999999994,289794,290817,397753ef2ac9a449195cf4db21319274f8bb88dff5e315e04eb452b694f05d0d,,,curated_decay_upload; acquisition run/time and selection unknown,not_confirmed,unique_eligible_for_separate_review
Datos/Med_con_Decaimientos/decaimientos.txt::block285::event285,Datos/Med_con_Decaimientos/decaimientos.txt,upload_decaimientos_sin_fecha,-1,285,285,,290818,0,0,development,1024,accepted,resolved_negative_ch1_ch2_coincidence,detected,prompt_123,225.781,1437.559,ambiguous,review_delayed_group_reasons,0,4,1,unavailable_acquisition_selected_ch2,not_validated,-7.1,15.567300000000001,80.0,0.0,,53.0,138.3,-6.4,17.34642,80.0,0.0,,53.3,94.69999999999999,-8.1,14.232959999999999,80.0,0.0,,39.3,145.1,290818,291841,ce45c0186596e0d9ac0531b41f632cfdb30871a631d8ebc49a36db8c81aca71c,,,curated_decay_upload; acquisition run/time and selection unknown,not_confirmed,unique_eligible_for_separate_review
Datos/Med_con_Decaimientos/decaimientos.txt::block286::event286,Datos/Med_con_Decaimientos/decaimientos.txt,upload_decaimientos_sin_fecha,-1,286,286,,291842,0,0,development,1024,accepted,resolved_negative_ch1_ch2_coincidence,detected,prompt_123,224.121,1439.2189999999998,ambiguous,review_delayed_group_reasons,0,1,0,unavailable_acquisition_selected_ch2,not_validated,-6.1,19.273799999999998,86.73209999999999,0.0,,41.0,137.8,-5.7,19.12554,86.06493,0.0,,50.5,145.4,-7.2,19.86684,89.40078,0.0,,48.6,136.20000000000002,291842,292865,558c24309098a3ebc95af57851a717dc9be49c594c1e199529a0fa7fd2155cd1,,,curated_decay_upload; acquisition run/time and selection unknown,not_confirmed,unique_eligible_for_separate_review
Datos/Med_con_Decaimientos/decaimientos.txt::block287::event287,Datos/Med_con_Decaimientos/decaimientos.txt,upload_decaimientos_sin_fecha,-1,287,287,,292866,0,0,evaluation,1024,accepted,resolved_negative_ch1_ch2_coincidence,not_detected_above_threshold,prompt_12_no_resolved_3,209.18,1454.1599999999999,candidate,compatible_secondary_identity_unconfirmed,1,1,1,unavailable_acquisition_selected_ch2,not_validated,-7.2,17.049899999999997,80.0,0.0,,56.300000000000004,233.4,-7.3,14.677739999999996,80.0,0.0,,60.199999999999996,275.09999999999997,-7.9,15.715560000000002,80.0,0.0,,41.4,130.5,292866,293889,c355478641a0ed256d8ad53cc016b5f109b49f7dc0c80ccf79a1146c2fb1d78f,,,curated_decay_upload; acquisition run/time and selection unknown,not_confirmed,unique_eligible_for_separate_review
Datos/Med_con_Decaimientos/decaimientos.txt::block288::event288,Datos/Med_con_Decaimientos/decaimientos.txt,upload_decaimientos_sin_fecha,-1,288,288,,293890,0,0,development,1024,accepted,resolved_negative_ch1_ch2_coincidence,detected,prompt_123,209.18,1454.1599999999999,ambiguous,review_delayed_group_reasons,0,1,0,unavailable_acquisition_selected_ch2,not_validated,-6.2,16.90164,80.0,0.0,,50.1,136.5,-5.35,18.90315,85.064175,0.0,,43.15,116.05000000000001,-7.9,13.343399999999997,80.0,0.0,,40.3,93.39999999999999,293890,294913,fb7c05ebe8ffdf7cb45f239e8e6bd46d2dcdb384ba9b6c0d48b90822e79bb07e,,,curated_decay_upload; acquisition run/time and selection unknown,not_confirmed,unique_eligible_for_separate_review
Datos/Med_con_Decaimientos/decaimientos.txt::block289::event289,Datos/Med_con_Decaimientos/decaimientos.txt,upload_decaimientos_sin_fecha,-1,289,289,,294914,0,0,development,1024,accepted,resolved_negative_ch1_ch2_coincidence,not_detected_above_threshold,prompt_12_no_resolved_3,217.48,1445.86,ambiguous,review_delayed_group_reasons,0,1,0,unavailable_acquisition_selected_ch2,not_validated,-7.5,17.49468,80.0,0.0,,47.9,187.4,-8.1,16.60512,80.0,0.0,,50.2,298.0,-8.6,14.97426,80.0,0.0,,40.5,163.70000000000002,294914,295937,5c1e73d5bd1cf0af56809793006b5ac674c879714395a96af7998ed718fe9731,,,curated_decay_upload; acquisition run/time and selection unknown,not_confirmed,unique_eligible_for_separate_review
Datos/Med_con_Decaimientos/decaimientos.txt::block290::event290,Datos/Med_con_Decaimientos/decaimientos.txt,upload_decaimientos_sin_fecha,-1,290,290,,295938,0,0,development,1024,accepted,resolved_negative_ch1_ch2_coincidence,not_detected_above_threshold,prompt_12_no_resolved_3,217.48,1445.86,candidate,compatible_secondary_identity_unconfirmed,1,1,1,unavailable_acquisition_selected_ch2,not_validated,-6.2,16.3086,80.0,0.0,,44.5,171.20000000000002,-7.2,17.49468,80.0,0.0,,59.2,121.7,-7.1,14.90013,80.0,0.0,,44.4,44.1,295938,296961,1882724f2d9423043bf6c5ac6af79ff7d0193ffc9a3f45e7ef3030994f692a25,,,curated_decay_upload; acquisition run/time and selection unknown,not_confirmed,unique_eligible_for_separate_review
Datos/Med_con_Decaimientos/decaimientos.txt::block291::event291,Datos/Med_con_Decaimientos/decaimientos.txt,upload_decaimientos_sin_fecha,-1,291,291,,296962,0,0,development,1024,accepted,resolved_negative_ch1_ch2_coincidence,ambiguous,prompt_12_uncertain_3,219.141,1444.1989999999998,ambiguous,review_delayed_group_reasons,0,1,0,unavailable_acquisition_selected_ch2,not_validated,-7.3,15.715559999999996,80.0,0.0,,44.699999999999996,140.89999999999998,-7.8,16.901639999999997,80.0,0.0,,50.8,107.2,-7.75,11.49015,80.0,0.0,,31.25,109.85,296962,297985,bbf1959fc2905a175f25efe478ff599a0e58a2df3cf3c5c9d540e82f4eec2ab4,,,curated_decay_upload; acquisition run/time and selection unknown,not_confirmed,unique_eligible_for_separate_review
Datos/Med_con_Decaimientos/decaimientos.txt::block292::event292,Datos/Med_con_Decaimientos/decaimientos.txt,upload_decaimientos_sin_fecha,-1,292,292,,297986,0,0,development,1024,accepted,resolved_negative_ch1_ch2_coincidence,not_detected_above_threshold,prompt_12_no_resolved_3,209.18,1454.1599999999999,candidate,compatible_secondary_identity_unconfirmed,1,0,0,unavailable_acquisition_selected_ch2,not_validated,-6.699999999999999,17.272289999999998,80.0,0.0,,47.0,121.0,-8.7,18.829019999999996,84.73058999999998,0.0,,48.2,173.20000000000002,-7.9,12.898620000000001,80.0,0.0,,39.3,40.7,297986,299009,6120504db8d03b34989327ec3f9957f0126a7d2d6f6bd8ea1a92a73ae11e0c5c,,,curated_decay_upload; acquisition run/time and selection unknown,not_confirmed,unique_eligible_for_separate_review
Datos/Med_con_Decaimientos/decaimientos.txt::block293::event293,Datos/Med_con_Decaimientos/decaimientos.txt,upload_decaimientos_sin_fecha,-1,293,293,,299010,0,0,development,1024,accepted,resolved_negative_ch1_ch2_coincidence,not_detected_above_threshold,prompt_12_no_resolved_3,205.859,1457.481,candidate,compatible_secondary_identity_unconfirmed,1,0,1,unavailable_acquisition_selected_ch2,not_validated,-7.0,16.82751,80.0,0.0,,44.7,193.7,-7.9,16.90164,80.0,0.0,,49.699999999999996,155.2,-8.7,13.195140000000002,80.0,0.0,,35.0,184.8,299010,300033,f62aebe3bcd6fdd61bb8ae56a39d9fc3137f7ad889ca9ebdec6e70bf7d09eeff,,,curated_decay_upload; acquisition run/time and selection unknown,not_confirmed,unique_eligible_for_separate_review
Datos/Med_con_Decaimientos/decaimientos.txt::block294::event294,Datos/Med_con_Decaimientos/decaimientos.txt,upload_decaimientos_sin_fecha,-1,294,294,,300034,0,0,development,1024,accepted,resolved_negative_ch1_ch2_coincidence,detected,prompt_123,219.141,1444.1989999999998,ambiguous,review_delayed_group_reasons,0,2,1,unavailable_acquisition_selected_ch2,not_validated,-6.7,17.49468,80.0,0.0,,48.1,162.8,-6.2,20.7564,93.40379999999999,0.0,,48.400000000000006,135.20000000000002,-7.5,16.234469999999998,80.0,0.0,,42.0,87.4,300034,301057,e64c961f55aa5f8e0bc14539e119e17be030d0332590c6b3cf5ab782a2b64c5b,,,curated_decay_upload; acquisition run/time and selection unknown,not_confirmed,unique_eligible_for_separate_review
Datos/Med_con_Decaimientos/decaimientos.txt::block295::event295,Datos/Med_con_Decaimientos/decaimientos.txt,upload_decaimientos_sin_fecha,-1,295,295,,301058,0,0,evaluation,1024,accepted,resolved_negative_ch1_ch2_coincidence,not_detected_above_threshold,prompt_12_no_resolved_3,209.18,1454.1599999999999,candidate,compatible_secondary_identity_unconfirmed,1,0,0,unavailable_acquisition_selected_ch2,not_validated,-7.7,17.93946,80.72757,0.0,,45.900000000000006,163.10000000000002,-9.0,17.7912,80.0604,0.0,,62.9,184.6,-8.6,14.67774,80.0,0.0,,49.4,39.699999999999996,301058,302081,366e99edc73d7db1447e05b8f8237ef9f31ccffc679a2a35d629d942337a28bb,,,curated_decay_upload; acquisition run/time and selection unknown,not_confirmed,unique_eligible_for_separate_review
Datos/Med_con_Decaimientos/decaimientos.txt::block296::event296,Datos/Med_con_Decaimientos/decaimientos.txt,upload_decaimientos_sin_fecha,-1,296,296,,302082,0,0,development,1024,accepted,resolved_negative_ch1_ch2_coincidence,not_detected_above_threshold,prompt_12_no_resolved_3,225.781,1437.559,candidate,compatible_secondary_identity_unconfirmed,1,0,0,unavailable_acquisition_selected_ch2,not_validated,-6.45,17.568810000000003,80.0,0.0,,51.95,125.85000000000001,-7.6,19.718579999999996,88.73360999999998,0.0,,62.1,128.6,-8.3,16.60512,80.0,0.0,,44.3,158.89999999999998,302082,303105,3aad94b49502c8bf715a22f27104d2953cc709c23049793992d205f99d7b549d,,,curated_decay_upload; acquisition run/time and selection unknown,not_confirmed,unique_eligible_for_separate_review
Datos/Med_con_Decaimientos/decaimientos.txt::block297::event297,Datos/Med_con_Decaimientos/decaimientos.txt,upload_decaimientos_sin_fecha,-1,297,297,,303106,0,0,evaluation,1024,accepted,resolved_negative_ch1_ch2_coincidence,detected,prompt_123,209.18,1454.1599999999999,ambiguous,review_delayed_group_reasons,0,4,0,unavailable_acquisition_selected_ch2,not_validated,-5.95,15.493169999999997,80.0,0.0,,56.75,217.35000000000002,-6.4,18.23598,82.06191000000001,0.0,,58.5,248.6,-7.6,14.529479999999998,80.0,0.0,,38.3,114.4,303106,304129,75f367e11b85d207bcd4ccf70c3f3320d15844e9c6c4989a22a11bcd1230f74a,,,curated_decay_upload; acquisition run/time and selection unknown,not_confirmed,unique_eligible_for_separate_review
Datos/Med_con_Decaimientos/decaimientos.txt::block298::event298,Datos/Med_con_Decaimientos/decaimientos.txt,upload_decaimientos_sin_fecha,-1,298,298,,304130,0,0,development,1024,accepted,resolved_negative_ch1_ch2_coincidence,detected,prompt_123,219.141,1444.1989999999998,ambiguous,review_delayed_group_reasons,0,1,0,unavailable_acquisition_selected_ch2,not_validated,-6.0,16.01208,80.0,0.0,,47.5,159.7,-7.2,15.863819999999999,80.0,0.0,,46.1,221.5,-8.9,15.122520000000002,80.0,0.0,,45.199999999999996,112.5,304130,305153,2709a52442749c03d72ef78e788d410859803894d4d76db276f9134ac8e93833,,,curated_decay_upload; acquisition run/time and selection unknown,not_confirmed,unique_eligible_for_separate_review
Datos/Med_con_Decaimientos/decaimientos.txt::block299::event299,Datos/Med_con_Decaimientos/decaimientos.txt,upload_decaimientos_sin_fecha,-1,299,299,,305154,0,0,development,1024,accepted,resolved_negative_ch1_ch2_coincidence,detected,prompt_123,219.141,1444.1989999999998,ambiguous,review_delayed_group_reasons,0,1,0,unavailable_acquisition_selected_ch2,not_validated,-7.2,17.568810000000003,80.0,0.0,,52.300000000000004,130.8,-7.7,16.01208,80.0,0.0,,50.900000000000006,115.2,-8.5,13.269269999999999,80.0,0.0,,43.2,255.3,305154,306177,f9e88bd5a79336a45799c7bbaaa26339eb856d1af868d29f87e2ed4779781c77,,,curated_decay_upload; acquisition run/time and selection unknown,not_confirmed,unique_eligible_for_separate_review
Datos/Med_con_Decaimientos/decaimientos.txt::block300::event300,Datos/Med_con_Decaimientos/decaimientos.txt,upload_decaimientos_sin_fecha,-1,300,300,,306178,0,0,development,1024,accepted,resolved_negative_ch1_ch2_coincidence,not_detected_above_threshold,prompt_12_no_resolved_3,204.199,1459.1409999999998,candidate,compatible_secondary_identity_unconfirmed,1,0,0,unavailable_acquisition_selected_ch2,not_validated,-6.9,17.86533,80.393985,0.0,,50.699999999999996,271.40000000000003,-7.9,21.942479999999996,98.74115999999998,0.0,,60.6,171.0,-8.3,15.937949999999999,80.0,0.0,,49.099999999999994,43.599999999999994,306178,307201,ff82cf9c01c0f8026f34252d8d98e407e767c58a1373d2e141a393e0e9e4cbd3,,,curated_decay_upload; acquisition run/time and selection unknown,not_confirmed,unique_eligible_for_separate_review
Datos/Med_con_Decaimientos/decaimientos.txt::block301::event301,Datos/Med_con_Decaimientos/decaimientos.txt,upload_decaimientos_sin_fecha,-1,301,301,,307202,0,0,evaluation,1024,accepted,resolved_negative_ch1_ch2_coincidence,not_detected_above_threshold,prompt_12_no_resolved_3,205.859,1457.481,candidate,compatible_secondary_identity_unconfirmed,1,2,3,unavailable_acquisition_selected_ch2,not_validated,-5.9,15.86382,80.0,0.0,,51.5,270.40000000000003,-7.65,15.863819999999999,80.0,0.0,,52.65,338.85,-7.7,12.6021,80.0,0.0,,40.800000000000004,35.4,307202,308225,150195a3b5e57a20d64ea2368dfda80d426ee6aca099c508db28b3e4d4741ec4,,,curated_decay_upload; acquisition run/time and selection unknown,not_confirmed,unique_eligible_for_separate_review
Datos/Med_con_Decaimientos/decaimientos.txt::block302::event302,Datos/Med_con_Decaimientos/decaimientos.txt,upload_decaimientos_sin_fecha,-1,302,302,,308226,0,0,development,1024,accepted,resolved_negative_ch1_ch2_coincidence,not_detected_above_threshold,prompt_12_no_resolved_3,207.52,1455.82,candidate,compatible_secondary_identity_unconfirmed,1,1,0,unavailable_acquisition_selected_ch2,not_validated,-6.8,15.715559999999998,80.0,0.0,,66.1,192.7,-8.5,18.23598,82.06191000000001,0.0,,51.7,260.3,-8.1,17.272289999999998,80.0,0.0,,45.800000000000004,42.5,308226,309249,d89b197f44d2cec1b93c182441ea84822779c73f87671ad0d7aa35f2f3acdb3a,,,curated_decay_upload; acquisition run/time and selection unknown,not_confirmed,unique_eligible_for_separate_review
Datos/Med_con_Decaimientos/decaimientos.txt::block303::event303,Datos/Med_con_Decaimientos/decaimientos.txt,upload_decaimientos_sin_fecha,-1,303,303,,309250,0,0,evaluation,1024,accepted,resolved_negative_ch1_ch2_coincidence,not_detected_above_threshold,prompt_12_no_resolved_3,214.16,1449.1799999999998,candidate,compatible_secondary_identity_unconfirmed,1,0,0,unavailable_acquisition_selected_ch2,not_validated,-5.8,17.49468,80.0,0.0,,45.3,359.59999999999997,-7.4,18.087719999999997,81.39473999999998,0.0,,43.4,173.6,-7.8,13.04688,80.0,0.0,,36.3,36.0,309250,310273,3ba58f7c66c6b32bac470dd2cac8b4e7f995b3f9ca5b2a9c35a4f38d6c93f9cb,,,curated_decay_upload; acquisition run/time and selection unknown,not_confirmed,unique_eligible_for_separate_review
Datos/Med_con_Decaimientos/decaimientos.txt::block304::event304,Datos/Med_con_Decaimientos/decaimientos.txt,upload_decaimientos_sin_fecha,-1,304,304,,310274,0,0,development,1024,accepted,resolved_negative_ch1_ch2_coincidence,not_detected_above_threshold,prompt_12_no_resolved_3,222.461,1440.879,ambiguous,review_delayed_group_reasons,0,1,0,unavailable_acquisition_selected_ch2,not_validated,-6.25,17.19816,80.0,0.0,,42.65,191.35,-5.9,20.16336,90.73512000000001,0.0,,42.699999999999996,266.20000000000005,-7.4,15.04839,80.0,0.0,,40.3,50.1,310274,311297,bacf7a3fe88a76d49ed4fb15f5ab907c699b1e68e0fed88786b0bd4604ce767d,,,curated_decay_upload; acquisition run/time and selection unknown,not_confirmed,unique_eligible_for_separate_review
Datos/Med_con_Decaimientos/decaimientos.txt::block305::event305,Datos/Med_con_Decaimientos/decaimientos.txt,upload_decaimientos_sin_fecha,-1,305,305,,311298,0,0,development,1024,accepted,resolved_negative_ch1_ch2_coincidence,not_detected_above_threshold,prompt_12_no_resolved_3,212.5,1450.84,candidate,compatible_secondary_identity_unconfirmed,1,1,0,unavailable_acquisition_selected_ch2,not_validated,-7.2,11.712539999999999,80.0,0.0,,41.6,175.8,-8.7,14.0847,80.0,0.0,,58.2,183.60000000000002,-8.55,14.90013,80.0,0.0,,42.75,32.75,311298,312321,6c409203770ec3f6a5edc1095b627ee134ad11b8e93dcfa03698ffad2d0341d0,,,curated_decay_upload; acquisition run/time and selection unknown,not_confirmed,unique_eligible_for_separate_review
Datos/Med_con_Decaimientos/decaimientos.txt::block306::event306,Datos/Med_con_Decaimientos/decaimientos.txt,upload_decaimientos_sin_fecha,-1,306,306,,312322,0,0,development,1024,accepted,resolved_negative_ch1_ch2_coincidence,detected,prompt_123,205.859,1457.481,ambiguous,review_delayed_group_reasons,0,1,0,unavailable_acquisition_selected_ch2,not_validated,-7.6,18.087719999999997,81.39473999999998,0.0,,52.5,208.4,-8.4,17.791199999999996,80.06039999999999,0.0,,53.8,280.5,-7.85,13.56579,80.0,0.0,,42.65,347.75,312322,313345,6ea4108be6864356f424e3e5d3b37db583bb275d72690778baa95d7b2f1a8113,,,curated_decay_upload; acquisition run/time and selection unknown,not_confirmed,unique_eligible_for_separate_review
Datos/Med_con_Decaimientos/decaimientos.txt::block307::event307,Datos/Med_con_Decaimientos/decaimientos.txt,upload_decaimientos_sin_fecha,-1,307,307,,313346,0,0,development,1024,accepted,resolved_negative_ch1_ch2_coincidence,detected,prompt_123,212.5,1450.84,ambiguous,review_delayed_group_reasons,0,1,0,unavailable_acquisition_selected_ch2,not_validated,-6.0,18.45837,83.062665,0.0,,45.1,144.6,-5.45,17.346420000000002,80.0,0.0,,47.650000000000006,275.45,-7.4,16.90164,80.0,0.0,,41.699999999999996,172.29999999999998,313346,314369,0b478da5cad8beed60748cd1c8a074c3f80edce85aec243d0e4ffda5583de828,,,curated_decay_upload; acquisition run/time and selection unknown,not_confirmed,unique_eligible_for_separate_review
Datos/Med_con_Decaimientos/decaimientos.txt::block308::event308,Datos/Med_con_Decaimientos/decaimientos.txt,upload_decaimientos_sin_fecha,-1,308,308,,314370,0,0,development,1024,accepted,resolved_negative_ch1_ch2_coincidence,not_detected_above_threshold,prompt_12_no_resolved_3,204.199,1459.1409999999998,candidate,compatible_secondary_identity_unconfirmed,1,0,0,unavailable_acquisition_selected_ch2,not_validated,-6.75,17.71707,80.0,0.0,,48.35,188.35,-8.7,17.93946,80.72757,0.0,,56.599999999999994,264.40000000000003,-8.350000000000001,15.937949999999999,80.0,0.0,,41.35,135.55,314370,315393,851dc38a65bc1d232ab5d9a8daab42d70d042197d4a8dce4dc4ef3ee7f9236b7,,,curated_decay_upload; acquisition run/time and selection unknown,not_confirmed,unique_eligible_for_separate_review
Datos/Med_con_Decaimientos/decaimientos.txt::block309::event309,Datos/Med_con_Decaimientos/decaimientos.txt,upload_decaimientos_sin_fecha,-1,309,309,,315394,0,0,development,1024,accepted,resolved_negative_ch1_ch2_coincidence,not_detected_above_threshold,prompt_12_no_resolved_3,219.141,1444.1989999999998,candidate,compatible_secondary_identity_unconfirmed,1,2,0,unavailable_acquisition_selected_ch2,not_validated,-6.1,17.049899999999997,80.0,0.0,,45.4,226.3,-7.4,18.23598,82.06191000000001,0.0,,68.4,149.5,-7.95,16.3086,80.0,0.0,,46.95,41.65,315394,316417,da2d21b7e3f95350ba8d26d93866c22db69acd301ed0b0d05ae2062524f67fc8,,,curated_decay_upload; acquisition run/time and selection unknown,not_confirmed,unique_eligible_for_separate_review
Datos/Med_con_Decaimientos/decaimientos.txt::block310::event310,Datos/Med_con_Decaimientos/decaimientos.txt,upload_decaimientos_sin_fecha,-1,310,310,,316418,0,0,development,1024,accepted,resolved_negative_ch1_ch2_coincidence,not_detected_above_threshold,prompt_12_no_resolved_3,212.5,1450.84,candidate,compatible_secondary_identity_unconfirmed,1,0,0,unavailable_acquisition_selected_ch2,not_validated,-6.5,16.75338,80.0,0.0,,46.3,184.1,-7.5,18.5325,83.39625,0.0,,58.3,191.2,-8.2,14.97426,80.0,0.0,,48.5,41.400000000000006,316418,317441,4ae961891705b8c5d3109c662b1693786d7714ca526e736e5bed598a70c6f298,,,curated_decay_upload; acquisition run/time and selection unknown,not_confirmed,unique_eligible_for_separate_review
Datos/Med_con_Decaimientos/decaimientos.txt::block311::event311,Datos/Med_con_Decaimientos/decaimientos.txt,upload_decaimientos_sin_fecha,-1,311,311,,317442,0,0,development,1024,accepted,resolved_negative_ch1_ch2_coincidence,detected,prompt_123,215.82,1447.52,ambiguous,review_delayed_group_reasons,0,2,0,unavailable_acquisition_selected_ch2,not_validated,-5.9,17.198159999999998,80.0,0.0,,52.699999999999996,137.79999999999998,-6.8,21.645959999999995,97.40681999999998,0.0,,46.8,142.89999999999998,-7.6,16.45686,80.0,0.0,,41.0,251.29999999999998,317442,318465,b5e79668c5c461ae7e9c0ed4d43f2f57824e829995d9b6cfd47f760afa1c518e,,,curated_decay_upload; acquisition run/time and selection unknown,not_confirmed,unique_eligible_for_separate_review
Datos/Med_con_Decaimientos/decaimientos.txt::block312::event312,Datos/Med_con_Decaimientos/decaimientos.txt,upload_decaimientos_sin_fecha,-1,312,312,,318466,0,0,development,1024,accepted,resolved_negative_ch1_ch2_coincidence,not_detected_above_threshold,prompt_12_no_resolved_3,217.48,1445.86,candidate,compatible_secondary_identity_unconfirmed,1,2,0,unavailable_acquisition_selected_ch2,not_validated,-6.15,18.45837,83.062665,0.0,,53.85,186.75,-7.05,18.38424,82.72908,0.0,,60.349999999999994,153.54999999999998,-7.5,18.68076,84.06342,0.0,,52.6,131.7,318466,319489,79af0187d9f44749eb025dd83a0527f896398ba0d346d588b121b04a45783250,,,curated_decay_upload; acquisition run/time and selection unknown,not_confirmed,unique_eligible_for_separate_review
Datos/Med_con_Decaimientos/decaimientos.txt::block313::event313,Datos/Med_con_Decaimientos/decaimientos.txt,upload_decaimientos_sin_fecha,-1,313,313,,319490,0,0,development,1024,accepted,resolved_negative_ch1_ch2_coincidence,ambiguous,prompt_12_uncertain_3,215.82,1447.52,ambiguous,review_delayed_group_reasons,0,1,1,unavailable_acquisition_selected_ch2,not_validated,-7.05,13.269269999999999,80.0,0.0,,41.349999999999994,131.95,-6.5,16.53099,80.0,0.0,,36.9,152.6,-9.6,20.0151,90.06795,0.0,,46.4,171.3,319490,320513,cd860a5c87fcb8788615381b96bbdecdfb783c3eec326306ae48c64b6fc8e268,,,curated_decay_upload; acquisition run/time and selection unknown,not_confirmed,unique_eligible_for_separate_review
Datos/Med_con_Decaimientos/decaimientos.txt::block314::event314,Datos/Med_con_Decaimientos/decaimientos.txt,upload_decaimientos_sin_fecha,-1,314,314,,320514,0,0,development,1024,accepted,resolved_negative_ch1_ch2_coincidence,not_detected_above_threshold,prompt_12_no_resolved_3,205.859,1457.481,candidate,compatible_secondary_identity_unconfirmed,1,4,0,unavailable_acquisition_selected_ch2,not_validated,-6.85,14.603609999999998,80.0,0.0,,53.75,140.05,-8.0,17.42055,80.0,0.0,,53.5,198.9,-7.9,12.898620000000001,80.0,0.0,,41.9,43.1,320514,321537,7fb219bedfc3f6685963033587a382cc1ebaf38dd580e2bb2c2d9b29108ad2d0,,,curated_decay_upload; acquisition run/time and selection unknown,not_confirmed,unique_eligible_for_separate_review
Datos/Med_con_Decaimientos/decaimientos.txt::block315::event315,Datos/Med_con_Decaimientos/decaimientos.txt,upload_decaimientos_sin_fecha,-1,315,315,,321538,0,0,evaluation,1024,accepted,resolved_negative_ch1_ch2_coincidence,not_detected_above_threshold,prompt_12_no_resolved_3,224.121,1439.2189999999998,candidate,compatible_secondary_identity_unconfirmed,1,0,0,unavailable_acquisition_selected_ch2,not_validated,-6.95,16.67925,80.0,0.0,,49.35,167.85000000000002,-7.1,18.235979999999998,82.06190999999998,0.0,,50.7,188.1,-7.5,13.491660000000001,80.0,0.0,,33.3,36.4,321538,322561,2cd48a828426422308024a622983eb9b93ba717dc39e74b68c494ae913b8cb1b,,,curated_decay_upload; acquisition run/time and selection unknown,not_confirmed,unique_eligible_for_separate_review
Datos/Med_con_Decaimientos/decaimientos.txt::block316::event316,Datos/Med_con_Decaimientos/decaimientos.txt,upload_decaimientos_sin_fecha,-1,316,316,,322562,0,0,development,1024,accepted,resolved_negative_ch1_ch2_coincidence,not_detected_above_threshold,prompt_12_no_resolved_3,207.52,1455.82,candidate,compatible_secondary_identity_unconfirmed,1,0,0,unavailable_acquisition_selected_ch2,not_validated,-6.4,17.93946,80.72757,0.0,,46.4,202.0,-6.15,19.273799999999998,86.73209999999999,0.0,,47.75,286.85,-7.25,14.010569999999998,80.0,0.0,,38.05,42.85,322562,323585,ec2b9409fe6e7eb040c49d933c0945389f686168658335c3ef77a063ee94df42,,,curated_decay_upload; acquisition run/time and selection unknown,not_confirmed,unique_eligible_for_separate_review
Datos/Med_con_Decaimientos/decaimientos.txt::block317::event317,Datos/Med_con_Decaimientos/decaimientos.txt,upload_decaimientos_sin_fecha,-1,317,317,,323586,0,0,development,1024,accepted,resolved_negative_ch1_ch2_coincidence,ambiguous,prompt_12_uncertain_3,212.5,1450.84,ambiguous,review_delayed_group_reasons,0,1,0,unavailable_acquisition_selected_ch2,not_validated,-6.1,19.71858,88.73361,0.0,,41.9,201.4,-6.2,18.5325,83.39625,0.0,,57.1,216.4,-7.35,13.862309999999999,80.0,0.0,,36.65,71.75,323586,324609,867706d385aa02c072dad694e1877b1908eb624b0472228a17b07f29bcadaadd,,,curated_decay_upload; acquisition run/time and selection unknown,not_confirmed,unique_eligible_for_separate_review
Datos/Med_con_Decaimientos/decaimientos.txt::block318::event318,Datos/Med_con_Decaimientos/decaimientos.txt,upload_decaimientos_sin_fecha,-1,318,318,,324610,0,0,development,1024,accepted,resolved_negative_ch1_ch2_coincidence,not_detected_above_threshold,prompt_12_no_resolved_3,210.84,1452.5,candidate,compatible_secondary_identity_unconfirmed,1,1,0,unavailable_acquisition_selected_ch2,not_validated,-6.45,16.530990000000003,80.0,0.0,,48.550000000000004,187.75,-7.6,17.7912,80.0604,0.0,,43.0,187.3,-8.5,15.715560000000002,80.0,0.0,,41.8,43.2,324610,325633,b78e1e1ff7c6e6204dbc7684d87aaffc962da84535edf452b02b398add7af5cf,,,curated_decay_upload; acquisition run/time and selection unknown,not_confirmed,unique_eligible_for_separate_review
Datos/Med_con_Decaimientos/decaimientos.txt::block319::event319,Datos/Med_con_Decaimientos/decaimientos.txt,upload_decaimientos_sin_fecha,-1,319,319,,325634,0,0,development,1024,accepted,resolved_negative_ch1_ch2_coincidence,not_detected_above_threshold,prompt_12_no_resolved_3,200.879,1462.461,ambiguous,review_delayed_group_reasons,0,1,1,unavailable_acquisition_selected_ch2,not_validated,-6.55,16.975769999999997,80.0,0.0,,45.349999999999994,271.34999999999997,-8.7,16.753379999999996,80.0,0.0,,55.2,349.40000000000003,-9.1,18.38424,82.72908,0.0,,49.300000000000004,43.199999999999996,325634,326657,6171d0b0b006ed8d693690b69c4bf68ff4cc37bd8f1bb3d0d4645f9035cec7d2,,,curated_decay_upload; acquisition run/time and selection unknown,not_confirmed,unique_eligible_for_separate_review
Datos/Med_con_Decaimientos/decaimientos.txt::block320::event320,Datos/Med_con_Decaimientos/decaimientos.txt,upload_decaimientos_sin_fecha,-1,320,320,,326658,0,0,development,1024,accepted,resolved_negative_ch1_ch2_coincidence,not_detected_above_threshold,prompt_12_no_resolved_3,219.141,1444.1989999999998,candidate,compatible_secondary_identity_unconfirmed,1,0,0,unavailable_acquisition_selected_ch2,not_validated,-6.1,19.71858,88.73361,0.0,,48.9,185.20000000000002,-6.0,17.34642,80.0,0.0,,44.1,133.0,-7.5,15.122519999999998,80.0,0.0,,42.1,150.4,326658,327681,635b03addb5c878da02985db84a223118fc9d363cb843b1329092a7ff3d660af,,,curated_decay_upload; acquisition run/time and selection unknown,not_confirmed,unique_eligible_for_separate_review
Datos/Med_con_Decaimientos/decaimientos.txt::block321::event321,Datos/Med_con_Decaimientos/decaimientos.txt,upload_decaimientos_sin_fecha,-1,321,321,,327682,0,0,development,1024,accepted,resolved_negative_ch1_ch2_coincidence,not_detected_above_threshold,prompt_12_no_resolved_3,220.801,1442.539,candidate,compatible_secondary_identity_unconfirmed,1,0,0,unavailable_acquisition_selected_ch2,not_validated,-6.5,18.45837,83.062665,0.0,,48.4,150.9,-6.5,19.125539999999997,86.06492999999999,0.0,,49.1,187.6,-7.75,13.86231,80.0,0.0,,42.15,35.35,327682,328705,dca8eae48e3f28d914fde945ab8c99f79aa49442d2f3719df8cc460ee69ffab7,,,curated_decay_upload; acquisition run/time and selection unknown,not_confirmed,unique_eligible_for_separate_review
Datos/Med_con_Decaimientos/decaimientos.txt::block322::event322,Datos/Med_con_Decaimientos/decaimientos.txt,upload_decaimientos_sin_fecha,-1,322,322,,328706,0,0,development,1024,accepted,resolved_negative_ch1_ch2_coincidence,not_detected_above_threshold,prompt_12_no_resolved_3,217.48,1445.86,ambiguous,review_delayed_group_reasons,0,1,0,unavailable_acquisition_selected_ch2,not_validated,-6.25,18.90315,85.064175,0.0,,45.85,149.45,-8.0,19.273799999999998,86.73209999999999,0.0,,51.2,95.5,-8.05,14.30709,80.0,0.0,,37.75,43.150000000000006,328706,329729,6596938bd1a05a7edc3ca56712c3aac6c13203fa0649243f7facda5a04e8c6db,,,curated_decay_upload; acquisition run/time and selection unknown,not_confirmed,unique_eligible_for_separate_review
Datos/Med_con_Decaimientos/decaimientos.txt::block323::event323,Datos/Med_con_Decaimientos/decaimientos.txt,upload_decaimientos_sin_fecha,-1,323,323,,329730,0,0,development,1024,accepted,resolved_negative_ch1_ch2_coincidence,detected,prompt_123,215.82,1447.52,ambiguous,review_delayed_group_reasons,0,1,0,unavailable_acquisition_selected_ch2,not_validated,-6.1,17.939459999999997,80.72756999999999,0.0,,49.4,121.0,-7.35,16.23447,80.0,0.0,,50.65,106.05000000000001,-8.4,15.5673,80.0,0.0,,45.1,151.5,329730,330753,3a5a52c3cae316866ee5bdf67ce4223d3052637ff2f3334f185b192d9f2f5100,,,curated_decay_upload; acquisition run/time and selection unknown,not_confirmed,unique_eligible_for_separate_review
Datos/Med_con_Decaimientos/decaimientos.txt::block324::event324,Datos/Med_con_Decaimientos/decaimientos.txt,upload_decaimientos_sin_fecha,-1,324,324,,330754,0,0,development,1024,accepted,resolved_negative_ch1_ch2_coincidence,detected,prompt_123,210.84,1452.5,ambiguous,review_delayed_group_reasons,0,1,0,unavailable_acquisition_selected_ch2,not_validated,-6.8,16.901639999999997,80.0,0.0,,51.5,171.1,-8.5,18.97728,85.39776,0.0,,58.3,184.3,-8.149999999999999,14.751870000000004,80.0,0.0,,48.15,93.15,330754,331777,bd2137c28959aca30c7e4151c0d0acb4fa3d5a2c47f363abd369ccf0b0a624c6,,,curated_decay_upload; acquisition run/time and selection unknown,not_confirmed,unique_eligible_for_separate_review
Datos/Med_con_Decaimientos/decaimientos.txt::block325::event325,Datos/Med_con_Decaimientos/decaimientos.txt,upload_decaimientos_sin_fecha,-1,325,325,,331778,0,0,development,1024,accepted,resolved_negative_ch1_ch2_coincidence,not_detected_above_threshold,prompt_12_no_resolved_3,217.48,1445.86,ambiguous,review_delayed_group_reasons,0,6,2,unavailable_acquisition_selected_ch2,not_validated,-6.3,17.49468,80.0,0.0,,66.2,176.7,-5.7,18.5325,83.39625,0.0,,71.8,152.4,-8.1,18.01359,81.061155,0.0,,49.0,47.199999999999996,331778,332801,4bda4fcd793f3ea21ab622c6a5feea514fdc0f5eb8a09092f2c14f026eea41ed,,,curated_decay_upload; acquisition run/time and selection unknown,not_confirmed,unique_eligible_for_separate_review
Datos/Med_con_Decaimientos/decaimientos.txt::block326::event326,Datos/Med_con_Decaimientos/decaimientos.txt,upload_decaimientos_sin_fecha,-1,326,326,,332802,0,0,development,1024,accepted,resolved_negative_ch1_ch2_coincidence,not_detected_above_threshold,prompt_12_no_resolved_3,209.18,1454.1599999999999,candidate,compatible_secondary_identity_unconfirmed,1,0,0,unavailable_acquisition_selected_ch2,not_validated,-6.5,19.79271,89.067195,0.0,,43.8,236.7,-5.4,19.42206,87.39926999999999,0.0,,42.699999999999996,224.9,-6.9,14.97426,80.0,0.0,,39.5,41.0,332802,333825,ee5ca9b4334ad3b53ef23569fe43015bb9e90793ceb0378002701a6d309dea12,,,curated_decay_upload; acquisition run/time and selection unknown,not_confirmed,unique_eligible_for_separate_review
Datos/Med_con_Decaimientos/decaimientos.txt::block327::event327,Datos/Med_con_Decaimientos/decaimientos.txt,upload_decaimientos_sin_fecha,-1,327,327,,333826,0,0,development,1024,ambiguous,pulse_clipping,not_detected_above_threshold,prompt_12_no_resolved_3,212.5,1450.84,not_evaluable,initial_coincidence_ambiguous,0,1,0,unavailable_acquisition_selected_ch2,not_validated,-6.95,18.97728,85.39776,0.0,,44.650000000000006,338.25,-6.15,17.64294,80.0,0.0,,50.15,493.75,-8.149999999999999,13.49166,80.0,0.0,,36.95,40.550000000000004,333826,334849,d744a1a4a65d188d1f3f8a26a8800bc649f0f21788fba37bf64aa18fec926884,,,curated_decay_upload; acquisition run/time and selection unknown,not_confirmed,unique_eligible_for_separate_review
Datos/Med_con_Decaimientos/decaimientos.txt::block328::event328,Datos/Med_con_Decaimientos/decaimientos.txt,upload_decaimientos_sin_fecha,-1,328,328,,334850,0,0,development,1024,accepted,resolved_negative_ch1_ch2_coincidence,not_detected_above_threshold,prompt_12_no_resolved_3,209.18,1454.1599999999999,candidate,compatible_secondary_identity_unconfirmed,1,1,1,unavailable_acquisition_selected_ch2,not_validated,-6.15,16.01208,80.0,0.0,,49.449999999999996,317.65000000000003,-7.4,16.456860000000002,80.0,0.0,,55.8,218.29999999999998,-7.5,15.27078,80.0,0.0,,49.1,34.4,334850,335873,747e7a404e54a1d126e14a7653e9e4992931d3abb4d9cfaf558c746f7926b404,,,curated_decay_upload; acquisition run/time and selection unknown,not_confirmed,unique_eligible_for_separate_review
Datos/Med_con_Decaimientos/decaimientos.txt::block329::event329,Datos/Med_con_Decaimientos/decaimientos.txt,upload_decaimientos_sin_fecha,-1,329,329,,335874,0,0,development,1024,accepted,resolved_negative_ch1_ch2_coincidence,not_detected_above_threshold,prompt_12_no_resolved_3,209.18,1454.1599999999999,candidate,compatible_secondary_identity_unconfirmed,1,1,1,unavailable_acquisition_selected_ch2,not_validated,-6.35,17.642939999999996,80.0,0.0,,48.95,221.05,-7.3,18.23598,82.06191000000001,0.0,,55.599999999999994,183.89999999999998,-7.8,15.19665,80.0,0.0,,49.3,40.400000000000006,335874,336897,5c7710b076f45adb62a15ddbbf00b63d9df6395a2369315f33d5e70a48964645,,,curated_decay_upload; acquisition run/time and selection unknown,not_confirmed,unique_eligible_for_separate_review
Datos/Med_con_Decaimientos/decaimientos.txt::block330::event330,Datos/Med_con_Decaimientos/decaimientos.txt,upload_decaimientos_sin_fecha,-1,330,330,,336898,0,0,development,1024,accepted,resolved_negative_ch1_ch2_coincidence,not_detected_above_threshold,prompt_12_no_resolved_3,200.879,1462.461,candidate,compatible_secondary_identity_unconfirmed,1,0,0,unavailable_acquisition_selected_ch2,not_validated,-6.35,17.272289999999998,80.0,0.0,,43.75,296.04999999999995,-7.9,18.90315,85.064175,0.0,,57.699999999999996,118.39999999999999,-7.9,15.122519999999998,80.0,0.0,,39.0,42.5,336898,337921,eb7b2db370171b1fc8a397512fce30f6f26bd3d8824898b9835b8efb195cd0e7,,,curated_decay_upload; acquisition run/time and selection unknown,not_confirmed,unique_eligible_for_separate_review
Datos/Med_con_Decaimientos/decaimientos.txt::block331::event331,Datos/Med_con_Decaimientos/decaimientos.txt,upload_decaimientos_sin_fecha,-1,331,331,,337922,0,0,development,1024,accepted,resolved_negative_ch1_ch2_coincidence,ambiguous,prompt_12_uncertain_3,220.801,1442.539,ambiguous,review_delayed_group_reasons,0,1,0,unavailable_acquisition_selected_ch2,not_validated,-6.5,16.901639999999997,80.0,0.0,,46.2,189.1,-6.2,18.68076,84.06342,0.0,,42.7,197.20000000000002,-7.7,12.898619999999998,80.0,0.0,,40.1,56.199999999999996,337922,338945,c9a9c71f74996db2251cd9d02581873a31689eac1cfb321235e615271fd183d8,,,curated_decay_upload; acquisition run/time and selection unknown,not_confirmed,unique_eligible_for_separate_review
Datos/Med_con_Decaimientos/decaimientos.txt::block332::event332,Datos/Med_con_Decaimientos/decaimientos.txt,upload_decaimientos_sin_fecha,-1,332,332,,338946,0,0,development,1024,accepted,resolved_negative_ch1_ch2_coincidence,detected,prompt_123,224.121,1439.2189999999998,ambiguous,review_delayed_group_reasons,0,2,0,unavailable_acquisition_selected_ch2,not_validated,-7.1,16.60512,80.0,0.0,,49.0,170.20000000000002,-7.85,18.5325,83.39625,0.0,,46.95,119.95,-8.6,12.231449999999999,80.0,0.0,,34.4,145.4,338946,339969,589c1221bf51f44ce6b3272e067380855c23c8228975dcebc1e53fa5ce5ea536,,,curated_decay_upload; acquisition run/time and selection unknown,not_confirmed,unique_eligible_for_separate_review
Datos/Med_con_Decaimientos/decaimientos.txt::block333::event333,Datos/Med_con_Decaimientos/decaimientos.txt,upload_decaimientos_sin_fecha,-1,333,333,,339970,0,0,development,1024,accepted,resolved_negative_ch1_ch2_coincidence,detected,prompt_123,207.52,1455.82,ambiguous,review_delayed_group_reasons,0,3,0,unavailable_acquisition_selected_ch2,not_validated,-6.8,14.52948,80.0,0.0,,59.199999999999996,144.39999999999998,-7.9,16.753379999999996,80.0,0.0,,60.699999999999996,201.7,-8.7,15.419039999999997,80.0,0.0,,56.099999999999994,214.5,339970,340993,a754b3be6a9a1a55eaad3d90ea612497cabbf41947fcbdeffeb3158bbb91ca0e,,,curated_decay_upload; acquisition run/time and selection unknown,not_confirmed,unique_eligible_for_separate_review
Datos/Med_con_Decaimientos/decaimientos.txt::block334::event334,Datos/Med_con_Decaimientos/decaimientos.txt,upload_decaimientos_sin_fecha,-1,334,334,,340994,0,0,evaluation,1024,accepted,resolved_negative_ch1_ch2_coincidence,not_detected_above_threshold,prompt_12_no_resolved_3,224.121,1439.2189999999998,candidate,compatible_secondary_identity_unconfirmed,1,2,0,unavailable_acquisition_selected_ch2,not_validated,-6.7,17.34642,80.0,0.0,,53.1,193.4,-7.9,17.49468,80.0,0.0,,56.0,131.4,-7.55,16.67925,80.0,0.0,,45.55,56.050000000000004,340994,342017,47ab4cda1a39f7d933585a8fbf95ebf92844dd990e6dea05f44a130d7f3c61b3,,,curated_decay_upload; acquisition run/time and selection unknown,not_confirmed,unique_eligible_for_separate_review
Datos/Med_con_Decaimientos/decaimientos.txt::block335::event335,Datos/Med_con_Decaimientos/decaimientos.txt,upload_decaimientos_sin_fecha,-1,335,335,,342018,0,0,evaluation,1024,accepted,resolved_negative_ch1_ch2_coincidence,not_detected_above_threshold,prompt_12_no_resolved_3,217.48,1445.86,ambiguous,review_delayed_group_reasons,0,3,1,unavailable_acquisition_selected_ch2,not_validated,-6.0,17.198159999999998,80.0,0.0,,56.8,236.2,-6.9,20.0151,90.06795,0.0,,48.0,100.39999999999999,-7.5,13.269269999999999,80.0,0.0,,43.6,44.6,342018,343041,063ef6a4e25e20c5b87b843496d50c5167b4a168ea88f59b1fc2c9148d42563c,,,curated_decay_upload; acquisition run/time and selection unknown,not_confirmed,unique_eligible_for_separate_review
Datos/Med_con_Decaimientos/decaimientos.txt::block336::event336,Datos/Med_con_Decaimientos/decaimientos.txt,upload_decaimientos_sin_fecha,-1,336,336,,343042,0,0,development,1024,accepted,resolved_negative_ch1_ch2_coincidence,not_detected_above_threshold,prompt_12_no_resolved_3,209.18,1454.1599999999999,candidate,compatible_secondary_identity_unconfirmed,1,1,0,unavailable_acquisition_selected_ch2,not_validated,-6.0,19.49619,87.732855,0.0,,43.4,159.6,-6.3,19.125539999999997,86.06492999999999,0.0,,51.4,261.7,-7.7,14.974260000000001,80.0,0.0,,43.0,110.7,343042,344065,c4ff118e3769eaa541c0db9422de0964d37bf0f7b0dd6a14bea40f52f7fef7a7,,,curated_decay_upload; acquisition run/time and selection unknown,not_confirmed,unique_eligible_for_separate_review
Datos/Med_con_Decaimientos/decaimientos.txt::block337::event337,Datos/Med_con_Decaimientos/decaimientos.txt,upload_decaimientos_sin_fecha,-1,337,337,,344066,0,0,evaluation,1024,accepted,resolved_negative_ch1_ch2_coincidence,not_detected_above_threshold,prompt_12_no_resolved_3,217.48,1445.86,candidate,compatible_secondary_identity_unconfirmed,1,0,0,unavailable_acquisition_selected_ch2,not_validated,-7.05,17.642939999999996,80.0,0.0,,50.25,245.64999999999998,-8.4,19.05141,85.731345,0.0,,57.699999999999996,358.1,-7.35,18.23598,82.06191000000001,0.0,,48.75,47.75,344066,345089,1a59824a857e752142f3d281fbfed360f8b861f9e75d6e914d5c6cf0f3495ccc,,,curated_decay_upload; acquisition run/time and selection unknown,not_confirmed,unique_eligible_for_separate_review
Datos/Med_con_Decaimientos/decaimientos.txt::block338::event338,Datos/Med_con_Decaimientos/decaimientos.txt,upload_decaimientos_sin_fecha,-1,338,338,,345090,0,0,development,1024,accepted,resolved_negative_ch1_ch2_coincidence,detected,prompt_123,209.18,1454.1599999999999,ambiguous,review_delayed_group_reasons,0,1,0,unavailable_acquisition_selected_ch2,not_validated,-7.05,17.86533,80.393985,0.0,,55.75,176.14999999999998,-7.35,17.71707,80.0,0.0,,50.75,192.75,-7.35,15.789689999999997,80.0,0.0,,43.35,217.55,345090,346113,732d141d2e518c08cbc753ca2bd089b830d3a4ca6691168edb5fda66212be2af,,,curated_decay_upload; acquisition run/time and selection unknown,not_confirmed,unique_eligible_for_separate_review
Datos/Med_con_Decaimientos/decaimientos.txt::block339::event339,Datos/Med_con_Decaimientos/decaimientos.txt,upload_decaimientos_sin_fecha,-1,339,339,,346114,0,0,development,1024,accepted,resolved_negative_ch1_ch2_coincidence,not_detected_above_threshold,prompt_12_no_resolved_3,205.859,1457.481,candidate,compatible_secondary_identity_unconfirmed,1,1,1,unavailable_acquisition_selected_ch2,not_validated,-7.0,18.087719999999997,81.39473999999998,0.0,,55.1,210.9,-8.1,16.160339999999998,80.0,0.0,,55.5,314.09999999999997,-8.9,16.01208,80.0,0.0,,43.699999999999996,42.300000000000004,346114,347137,aa66a38ee55fc1b8baf1300c56da67b850a9b3c2e0aefc381f5043a35a7541ad,,,curated_decay_upload; acquisition run/time and selection unknown,not_confirmed,unique_eligible_for_separate_review
Datos/Med_con_Decaimientos/decaimientos.txt::block340::event340,Datos/Med_con_Decaimientos/decaimientos.txt,upload_decaimientos_sin_fecha,-1,340,340,,347138,0,0,development,1024,accepted,resolved_negative_ch1_ch2_coincidence,not_detected_above_threshold,prompt_12_no_resolved_3,207.52,1455.82,candidate,compatible_secondary_identity_unconfirmed,1,0,0,unavailable_acquisition_selected_ch2,not_validated,-6.65,15.78969,80.0,0.0,,48.05,182.95,-7.55,17.42055,80.0,0.0,,51.15,339.34999999999997,-8.5,16.160339999999998,80.0,0.0,,40.5,40.0,347138,348161,8565e9ba42bb2aa81f571cc24d84ff33045d192c1ad8a07c940b795907756ffc,,,curated_decay_upload; acquisition run/time and selection unknown,not_confirmed,unique_eligible_for_separate_review
Datos/Med_con_Decaimientos/decaimientos.txt::block341::event341,Datos/Med_con_Decaimientos/decaimientos.txt,upload_decaimientos_sin_fecha,-1,341,341,,348162,0,0,development,1024,accepted,resolved_negative_ch1_ch2_coincidence,detected,prompt_123,207.52,1455.82,ambiguous,review_delayed_group_reasons,0,1,2,unavailable_acquisition_selected_ch2,not_validated,-6.3,16.901639999999997,80.0,0.0,,58.4,173.7,-7.35,19.273799999999998,86.73209999999999,0.0,,55.050000000000004,194.85,-7.2,16.01208,80.0,0.0,,48.300000000000004,123.60000000000001,348162,349185,646df42ba24752eb0285817c960e06c319b3b0c3b6eeedfaac32ca5f1d07b06d,,,curated_decay_upload; acquisition run/time and selection unknown,not_confirmed,unique_eligible_for_separate_review
Datos/Med_con_Decaimientos/decaimientos.txt::block342::event342,Datos/Med_con_Decaimientos/decaimientos.txt,upload_decaimientos_sin_fecha,-1,342,342,,349186,0,0,development,1024,accepted,resolved_negative_ch1_ch2_coincidence,not_detected_above_threshold,prompt_12_no_resolved_3,200.879,1462.461,ambiguous,review_delayed_group_reasons,0,2,2,unavailable_acquisition_selected_ch2,not_validated,-7.1,15.5673,80.0,0.0,,59.2,268.59999999999997,-7.35,17.7912,80.0604,0.0,,62.75,255.95000000000002,-7.8,17.34642,80.0,0.0,,53.9,45.6,349186,350209,c8b280c0fd78efe616805afd3834f8c62c9d4066689cc4317560774a01416031,,,curated_decay_upload; acquisition run/time and selection unknown,not_confirmed,unique_eligible_for_separate_review
Datos/Med_con_Decaimientos/decaimientos.txt::block343::event343,Datos/Med_con_Decaimientos/decaimientos.txt,upload_decaimientos_sin_fecha,-1,343,343,,350210,0,0,development,1024,accepted,resolved_negative_ch1_ch2_coincidence,not_detected_above_threshold,prompt_12_no_resolved_3,209.18,1454.1599999999999,candidate,compatible_secondary_identity_unconfirmed,1,1,1,unavailable_acquisition_selected_ch2,not_validated,-6.3,16.530989999999996,80.0,0.0,,56.199999999999996,133.0,-6.85,17.272289999999998,80.0,0.0,,47.25,135.25,-7.4,13.93644,80.0,0.0,,38.6,91.8,350210,351233,58d5380f96c28af5aed874a06cfab1d12afa8a430e4ab538aafbde7d01eea0eb,,,curated_decay_upload; acquisition run/time and selection unknown,not_confirmed,unique_eligible_for_separate_review
Datos/Med_con_Decaimientos/decaimientos.txt::block344::event344,Datos/Med_con_Decaimientos/decaimientos.txt,upload_decaimientos_sin_fecha,-1,344,344,,351234,0,0,development,1024,accepted,resolved_negative_ch1_ch2_coincidence,not_detected_above_threshold,prompt_12_no_resolved_3,217.48,1445.86,ambiguous,review_delayed_group_reasons,0,1,0,unavailable_acquisition_selected_ch2,not_validated,-6.8,16.901639999999997,80.0,0.0,,48.199999999999996,200.2,-7.85,14.603609999999998,80.0,0.0,,49.75,234.05,-7.9,13.49166,80.0,0.0,,35.8,137.79999999999998,351234,352257,1c0c67411cb27992d3b6ae031e91c4e3ce784204ac6b09a077aa836fb7928b36,,,curated_decay_upload; acquisition run/time and selection unknown,not_confirmed,unique_eligible_for_separate_review
Datos/Med_con_Decaimientos/decaimientos.txt::block345::event345,Datos/Med_con_Decaimientos/decaimientos.txt,upload_decaimientos_sin_fecha,-1,345,345,,352258,0,0,development,1024,accepted,resolved_negative_ch1_ch2_coincidence,detected,prompt_123,212.5,1450.84,ambiguous,review_delayed_group_reasons,0,1,1,unavailable_acquisition_selected_ch2,not_validated,-6.6,17.7912,80.0604,0.0,,46.9,162.1,-7.2,17.93946,80.72757,0.0,,46.400000000000006,225.5,-7.9,12.750359999999999,80.0,0.0,,34.1,131.2,352258,353281,e534d3091bf3c2f42916a6ed34fb3adf3d2dcfdefdba10f8a698597967365ae3,,,curated_decay_upload; acquisition run/time and selection unknown,not_confirmed,unique_eligible_for_separate_review
Datos/Med_con_Decaimientos/decaimientos.txt::block346::event346,Datos/Med_con_Decaimientos/decaimientos.txt,upload_decaimientos_sin_fecha,-1,346,346,,353282,0,0,development,1024,accepted,resolved_negative_ch1_ch2_coincidence,not_detected_above_threshold,prompt_12_no_resolved_3,199.219,1464.1209999999999,candidate,compatible_secondary_identity_unconfirmed,1,0,0,unavailable_acquisition_selected_ch2,not_validated,-5.35,16.45686,80.0,0.0,,49.95,310.54999999999995,-7.5,17.19816,80.0,0.0,,52.4,244.3,-7.55,13.343399999999999,80.0,0.0,,37.15,35.650000000000006,353282,354305,3a356521afcdd7a7843d5841a5ac7715ec0c73613aa628f8c5f5ff9e67b39bfe,,,curated_decay_upload; acquisition run/time and selection unknown,not_confirmed,unique_eligible_for_separate_review
Datos/Med_con_Decaimientos/decaimientos.txt::block347::event347,Datos/Med_con_Decaimientos/decaimientos.txt,upload_decaimientos_sin_fecha,-1,347,347,,354306,0,0,development,1024,accepted,resolved_negative_ch1_ch2_coincidence,not_detected_above_threshold,prompt_12_no_resolved_3,204.199,1459.1409999999998,candidate,compatible_secondary_identity_unconfirmed,1,0,0,unavailable_acquisition_selected_ch2,not_validated,-5.85,18.01359,81.061155,0.0,,52.25,256.65,-7.55,18.087719999999997,81.39473999999998,0.0,,55.449999999999996,121.85000000000001,-8.5,18.97728,85.39776,0.0,,44.1,96.9,354306,355329,cd7d54d4bc6c926669c8f6ea0837401d8c42eefad02e209f7906a81f2c2877e6,,,curated_decay_upload; acquisition run/time and selection unknown,not_confirmed,unique_eligible_for_separate_review
Datos/Med_con_Decaimientos/decaimientos.txt::block348::event348,Datos/Med_con_Decaimientos/decaimientos.txt,upload_decaimientos_sin_fecha,-1,348,348,,355330,0,0,development,1024,accepted,resolved_negative_ch1_ch2_coincidence,not_detected_above_threshold,prompt_12_no_resolved_3,217.48,1445.86,candidate,compatible_secondary_identity_unconfirmed,1,1,0,unavailable_acquisition_selected_ch2,not_validated,-6.9,15.270779999999997,80.0,0.0,,50.1,214.29999999999998,-8.4,14.67774,80.0,0.0,,45.9,205.4,-8.3,11.49015,80.0,0.0,,45.400000000000006,37.3,355330,356353,b5176385b1dd8b0ab548a5f472797facebb4848c902ffb72b6dc13c402d2f977,,,curated_decay_upload; acquisition run/time and selection unknown,not_confirmed,unique_eligible_for_separate_review
Datos/Med_con_Decaimientos/decaimientos.txt::block349::event349,Datos/Med_con_Decaimientos/decaimientos.txt,upload_decaimientos_sin_fecha,-1,349,349,,356354,0,0,development,1024,accepted,resolved_negative_ch1_ch2_coincidence,not_detected_above_threshold,prompt_12_no_resolved_3,205.859,1457.481,candidate,compatible_secondary_identity_unconfirmed,1,0,2,unavailable_acquisition_selected_ch2,not_validated,-7.0,14.15883,80.0,0.0,,40.4,170.0,-8.0,15.493169999999997,80.0,0.0,,51.0,134.2,-8.649999999999999,14.232959999999999,80.0,0.0,,40.55,45.25,356354,357377,3a2ba636a1dec41efd2fe6a45e6c5ea2874eacaf755fe6de1c63429b97f2a8c8,,,curated_decay_upload; acquisition run/time and selection unknown,not_confirmed,unique_eligible_for_separate_review
Datos/Med_con_Decaimientos/decaimientos.txt::block350::event350,Datos/Med_con_Decaimientos/decaimientos.txt,upload_decaimientos_sin_fecha,-1,350,350,,357378,0,0,development,1024,accepted,resolved_negative_ch1_ch2_coincidence,not_detected_above_threshold,prompt_12_no_resolved_3,224.121,1439.2189999999998,ambiguous,review_delayed_group_reasons,0,1,0,unavailable_acquisition_selected_ch2,not_validated,-6.85,18.90315,85.064175,0.0,,40.95,182.75,-8.0,17.86533,80.393985,0.0,,54.8,296.8,-8.3,13.04688,80.0,0.0,,36.0,33.7,357378,358401,1c3880687441bb3bc140a3b1e5c6af63d6b19e356f364b2da64f7d807721f68d,,,curated_decay_upload; acquisition run/time and selection unknown,not_confirmed,unique_eligible_for_separate_review
Datos/Med_con_Decaimientos/decaimientos.txt::block351::event351,Datos/Med_con_Decaimientos/decaimientos.txt,upload_decaimientos_sin_fecha,-1,351,351,,358402,0,0,evaluation,1024,accepted,resolved_negative_ch1_ch2_coincidence,not_detected_above_threshold,prompt_12_no_resolved_3,215.82,1447.52,candidate,compatible_secondary_identity_unconfirmed,1,0,0,unavailable_acquisition_selected_ch2,not_validated,-6.300000000000001,18.013589999999997,81.06115499999999,0.0,,49.900000000000006,250.09999999999997,-7.9,19.718579999999996,88.73360999999998,0.0,,49.3,381.3,-8.149999999999999,16.975769999999997,80.0,0.0,,46.55,38.25,358402,359425,2f479507aac5adb30f76c2631b219d807628207f40be92d69f5a4660ee22b04a,,,curated_decay_upload; acquisition run/time and selection unknown,not_confirmed,unique_eligible_for_separate_review
Datos/Med_con_Decaimientos/decaimientos.txt::block352::event352,Datos/Med_con_Decaimientos/decaimientos.txt,upload_decaimientos_sin_fecha,-1,352,352,,359426,0,0,evaluation,1024,ambiguous,pulse_clipping,ambiguous,prompt_12_uncertain_3,205.859,1457.481,not_evaluable,initial_coincidence_ambiguous,0,6,2,unavailable_acquisition_selected_ch2,not_validated,-6.75,16.3086,80.0,0.0,,48.95,493.15,-5.7,17.7912,80.0604,0.0,,41.5,494.2,-5.5,18.5325,83.39625,0.0,,47.5,494.4,359426,360449,763bcbb04e2f8c88263f334e85ef0c1adf3e5997a3f104587c24a6946d47b0ff,,,curated_decay_upload; acquisition run/time and selection unknown,not_confirmed,unique_eligible_for_separate_review
Datos/Med_con_Decaimientos/decaimientos.txt::block353::event353,Datos/Med_con_Decaimientos/decaimientos.txt,upload_decaimientos_sin_fecha,-1,353,353,,360450,0,0,development,1024,accepted,resolved_negative_ch1_ch2_coincidence,not_detected_above_threshold,prompt_12_no_resolved_3,205.859,1457.481,candidate,compatible_secondary_identity_unconfirmed,1,1,0,unavailable_acquisition_selected_ch2,not_validated,-6.65,17.124029999999998,80.0,0.0,,52.05,216.15,-7.1,19.42206,87.39926999999999,0.0,,55.7,296.09999999999997,-7.9,13.417530000000001,80.0,0.0,,43.6,48.800000000000004,360450,361473,6c0a7f6b47116b1e5cf89abd089b58e5defe7bbf491a179320fdc11146d1c658,,,curated_decay_upload; acquisition run/time and selection unknown,not_confirmed,unique_eligible_for_separate_review
Datos/Med_con_Decaimientos/decaimientos.txt::block354::event354,Datos/Med_con_Decaimientos/decaimientos.txt,upload_decaimientos_sin_fecha,-1,354,354,,361474,0,0,evaluation,1024,accepted,resolved_negative_ch1_ch2_coincidence,not_detected_above_threshold,prompt_12_no_resolved_3,209.18,1454.1599999999999,candidate,compatible_secondary_identity_unconfirmed,1,1,0,unavailable_acquisition_selected_ch2,not_validated,-6.1,20.311619999999998,91.40229,0.0,,45.800000000000004,332.0,-5.5,18.23598,82.06191000000001,0.0,,43.7,318.2,-8.05,16.530989999999996,80.0,0.0,,41.849999999999994,51.349999999999994,361474,362497,151ecf8d276365e5b97b4c0d8ca91e0825fbe0fda0057ebb9b73ad7828f9f9f6,,,curated_decay_upload; acquisition run/time and selection unknown,not_confirmed,unique_eligible_for_separate_review
Datos/Med_con_Decaimientos/decaimientos.txt::block355::event355,Datos/Med_con_Decaimientos/decaimientos.txt,upload_decaimientos_sin_fecha,-1,355,355,,362498,0,0,development,1024,accepted,resolved_negative_ch1_ch2_coincidence,not_detected_above_threshold,prompt_12_no_resolved_3,209.18,1454.1599999999999,ambiguous,review_delayed_group_reasons,0,1,0,unavailable_acquisition_selected_ch2,not_validated,-6.15,17.86533,80.393985,0.0,,47.15,156.95,-8.9,20.90466,94.07097,0.0,,48.3,120.1,-7.4,13.343399999999997,80.0,0.0,,38.1,41.300000000000004,362498,363521,ae1257444d864003e1624ddcb5655c0b81112b6ebaaaf45cb3d4e9aa9d69b531,,,curated_decay_upload; acquisition run/time and selection unknown,not_confirmed,unique_eligible_for_separate_review
Datos/Med_con_Decaimientos/decaimientos.txt::block356::event356,Datos/Med_con_Decaimientos/decaimientos.txt,upload_decaimientos_sin_fecha,-1,356,356,,363522,0,0,development,1024,accepted,resolved_negative_ch1_ch2_coincidence,ambiguous,prompt_12_uncertain_3,224.121,1439.2189999999998,ambiguous,review_delayed_group_reasons,0,2,0,unavailable_acquisition_selected_ch2,not_validated,-6.7,18.90315,85.064175,0.0,,48.800000000000004,130.5,-6.4,16.60512,80.0,0.0,,42.3,117.39999999999999,-8.4,14.825999999999999,80.0,0.0,,44.5,199.4,363522,364545,bf0218a70a144445e77c61f5742acb659f3e822f65287d3c16ad44bad7730c74,,,curated_decay_upload; acquisition run/time and selection unknown,not_confirmed,unique_eligible_for_separate_review
Datos/Med_con_Decaimientos/decaimientos.txt::block357::event357,Datos/Med_con_Decaimientos/decaimientos.txt,upload_decaimientos_sin_fecha,-1,357,357,,364546,0,0,evaluation,1024,accepted,resolved_negative_ch1_ch2_coincidence,detected,prompt_123,209.18,1454.1599999999999,ambiguous,review_delayed_group_reasons,0,1,0,unavailable_acquisition_selected_ch2,not_validated,-6.15,14.010569999999998,80.0,0.0,,37.85,117.94999999999999,-6.6,15.5673,80.0,0.0,,37.7,196.20000000000002,-7.8,12.009060000000002,80.0,0.0,,40.8,271.2,364546,365569,674a851d4f332e1063e38b6664af7721d602a50c6b3d8457125193f1fb8ffc07,,,curated_decay_upload; acquisition run/time and selection unknown,not_confirmed,unique_eligible_for_separate_review
Datos/Med_con_Decaimientos/decaimientos.txt::block358::event358,Datos/Med_con_Decaimientos/decaimientos.txt,upload_decaimientos_sin_fecha,-1,358,358,,365570,0,0,development,1024,accepted,resolved_negative_ch1_ch2_coincidence,not_detected_above_threshold,prompt_12_no_resolved_3,212.5,1450.84,ambiguous,review_delayed_group_reasons,0,2,0,unavailable_acquisition_selected_ch2,not_validated,-7.05,17.198159999999998,80.0,0.0,,54.949999999999996,228.35,-7.95,19.496190000000002,87.73285500000001,0.0,,53.25,324.95,-8.8,14.825999999999999,80.0,0.0,,45.0,57.60000000000001,365570,366593,d025becb809666d4532805fa3ec3d3e6c2916573394b3b0d6b89b3d8d2b1075b,,,curated_decay_upload; acquisition run/time and selection unknown,not_confirmed,unique_eligible_for_separate_review
Datos/Med_con_Decaimientos/decaimientos.txt::block359::event359,Datos/Med_con_Decaimientos/decaimientos.txt,upload_decaimientos_sin_fecha,-1,359,359,,366594,0,0,development,1024,accepted,resolved_negative_ch1_ch2_coincidence,not_detected_above_threshold,prompt_12_no_resolved_3,207.52,1455.82,candidate,compatible_secondary_identity_unconfirmed,1,0,0,unavailable_acquisition_selected_ch2,not_validated,-6.3,17.49468,80.0,0.0,,52.099999999999994,122.39999999999999,-7.1,17.939459999999997,80.72756999999999,0.0,,49.800000000000004,160.3,-7.9,14.825999999999997,80.0,0.0,,41.5,99.5,366594,367617,587cad186549b517aa3d4b7731bf65c2b9992ff2e40833a28a43ffd0c61bb1dd,,,curated_decay_upload; acquisition run/time and selection unknown,not_confirmed,unique_eligible_for_separate_review
Datos/Med_con_Decaimientos/decaimientos.txt::block360::event360,Datos/Med_con_Decaimientos/decaimientos.txt,upload_decaimientos_sin_fecha,-1,360,360,,367618,0,0,development,1024,accepted,resolved_negative_ch1_ch2_coincidence,not_detected_above_threshold,prompt_12_no_resolved_3,214.16,1449.1799999999998,candidate,compatible_secondary_identity_unconfirmed,1,0,0,unavailable_acquisition_selected_ch2,not_validated,-7.3,19.79271,89.067195,0.0,,55.699999999999996,143.0,-7.55,16.012079999999997,80.0,0.0,,53.75,193.04999999999998,-8.7,15.419039999999997,80.0,0.0,,44.7,94.8,367618,368641,5b6830f10899820e3e296f84cf8235564b83667c62b35ade41bf22f1aa97390b,,,curated_decay_upload; acquisition run/time and selection unknown,not_confirmed,unique_eligible_for_separate_review
Datos/Med_con_Decaimientos/decaimientos.txt::block361::event361,Datos/Med_con_Decaimientos/decaimientos.txt,upload_decaimientos_sin_fecha,-1,361,361,,368642,0,0,development,1024,accepted,resolved_negative_ch1_ch2_coincidence,detected,prompt_123,204.199,1459.1409999999998,ambiguous,review_delayed_group_reasons,0,1,1,unavailable_acquisition_selected_ch2,not_validated,-6.8,17.42055,80.0,0.0,,45.699999999999996,178.39999999999998,-7.4,18.38424,82.72908,0.0,,55.0,209.1,-8.5,16.75338,80.0,0.0,,41.1,298.6,368642,369665,69adf150688732086942cc92386089d6e825e231d3314259c3580a5972470d03,,,curated_decay_upload; acquisition run/time and selection unknown,not_confirmed,unique_eligible_for_separate_review
Datos/Med_con_Decaimientos/decaimientos.txt::block362::event362,Datos/Med_con_Decaimientos/decaimientos.txt,upload_decaimientos_sin_fecha,-1,362,362,,369666,0,0,development,1024,accepted,resolved_negative_ch1_ch2_coincidence,not_detected_above_threshold,prompt_12_no_resolved_3,209.18,1454.1599999999999,candidate,compatible_secondary_identity_unconfirmed,1,0,0,unavailable_acquisition_selected_ch2,not_validated,-6.7,17.64294,80.0,0.0,,39.300000000000004,234.60000000000002,-6.8,15.715559999999996,80.0,0.0,,47.8,269.59999999999997,-8.05,14.010570000000001,80.0,0.0,,40.25,125.55,369666,370689,d8352cb73430e3999803d5569bd4b31bab0918d4d8a78873b59703a637fde3b8,,,curated_decay_upload; acquisition run/time and selection unknown,not_confirmed,unique_eligible_for_separate_review
Datos/Med_con_Decaimientos/decaimientos.txt::block363::event363,Datos/Med_con_Decaimientos/decaimientos.txt,upload_decaimientos_sin_fecha,-1,363,363,,370690,0,0,development,1024,accepted,resolved_negative_ch1_ch2_coincidence,detected,prompt_123,222.461,1440.879,ambiguous,review_delayed_group_reasons,0,1,0,unavailable_acquisition_selected_ch2,not_validated,-6.8,18.45837,83.062665,0.0,,47.599999999999994,175.7,-6.75,21.57183,97.073235,0.0,,53.45,214.35,-8.5,16.3086,80.0,0.0,,42.9,155.0,370690,371713,019a76d90e533ab4b4c057e8e8d796381127d6139228e6b8a5e73160d39cbdc6,,,curated_decay_upload; acquisition run/time and selection unknown,not_confirmed,unique_eligible_for_separate_review
Datos/Med_con_Decaimientos/decaimientos.txt::block364::event364,Datos/Med_con_Decaimientos/decaimientos.txt,upload_decaimientos_sin_fecha,-1,364,364,,371714,0,0,evaluation,1024,accepted,resolved_negative_ch1_ch2_coincidence,not_detected_above_threshold,prompt_12_no_resolved_3,212.5,1450.84,candidate,compatible_secondary_identity_unconfirmed,1,0,2,unavailable_acquisition_selected_ch2,not_validated,-6.25,17.939459999999997,80.72756999999999,0.0,,44.35,150.15,-5.2,19.57032,88.06644,0.0,,47.7,195.8,-7.25,19.34793,87.065685,0.0,,42.45,47.55,371714,372737,4177199bdafd16e008fd333ad9abe843badad4dbcb1cae1d3d5da85587020918,,,curated_decay_upload; acquisition run/time and selection unknown,not_confirmed,unique_eligible_for_separate_review
Datos/Med_con_Decaimientos/decaimientos.txt::block365::event365,Datos/Med_con_Decaimientos/decaimientos.txt,upload_decaimientos_sin_fecha,-1,365,365,,372738,0,0,development,1024,accepted,resolved_negative_ch1_ch2_coincidence,not_detected_above_threshold,prompt_12_no_resolved_3,207.52,1455.82,candidate,compatible_secondary_identity_unconfirmed,1,2,2,unavailable_acquisition_selected_ch2,not_validated,-6.8,16.160339999999998,80.0,0.0,,47.3,186.6,-6.8,17.049899999999997,80.0,0.0,,56.8,160.79999999999998,-7.0,16.60512,80.0,0.0,,34.3,43.8,372738,373761,798bf7d796052d286986bea7798b1bde572b23c2f556305d7d65b83d2db292e2,,,curated_decay_upload; acquisition run/time and selection unknown,not_confirmed,unique_eligible_for_separate_review
Datos/Med_con_Decaimientos/decaimientos.txt::block366::event366,Datos/Med_con_Decaimientos/decaimientos.txt,upload_decaimientos_sin_fecha,-1,366,366,,373762,0,0,evaluation,1024,accepted,resolved_negative_ch1_ch2_coincidence,not_detected_above_threshold,prompt_12_no_resolved_3,207.52,1455.82,candidate,compatible_secondary_identity_unconfirmed,1,0,1,unavailable_acquisition_selected_ch2,not_validated,-6.2,16.97577,80.0,0.0,,47.0,184.5,-7.7,18.829019999999996,84.73058999999998,0.0,,48.400000000000006,271.40000000000003,-6.75,16.160339999999998,80.0,0.0,,44.85,49.65,373762,374785,c8fe9613d7d6013d80aced5a459b1b5f468378993fdad448f2a3b811b10b3650,,,curated_decay_upload; acquisition run/time and selection unknown,not_confirmed,unique_eligible_for_separate_review
Datos/Med_con_Decaimientos/decaimientos.txt::block367::event367,Datos/Med_con_Decaimientos/decaimientos.txt,upload_decaimientos_sin_fecha,-1,367,367,,374786,0,0,development,1024,accepted,resolved_negative_ch1_ch2_coincidence,detected,prompt_123,215.82,1447.52,ambiguous,review_delayed_group_reasons,0,2,0,unavailable_acquisition_selected_ch2,not_validated,-7.15,19.125539999999997,86.06492999999999,0.0,,42.449999999999996,160.35,-8.4,17.939459999999997,80.72756999999999,0.0,,56.699999999999996,141.29999999999998,-9.149999999999999,15.937949999999999,80.0,0.0,,40.65,188.54999999999998,374786,375809,4a8e13c994a3a6d0003ebbb658f51c39ea35b8fcf24dc3a8e3d2f73413a3f8b9,,,curated_decay_upload; acquisition run/time and selection unknown,not_confirmed,unique_eligible_for_separate_review
Datos/Med_con_Decaimientos/decaimientos.txt::block368::event368,Datos/Med_con_Decaimientos/decaimientos.txt,upload_decaimientos_sin_fecha,-1,368,368,,375810,0,0,evaluation,1024,accepted,resolved_negative_ch1_ch2_coincidence,detected,prompt_123,224.121,1439.2189999999998,ambiguous,review_delayed_group_reasons,0,2,0,unavailable_acquisition_selected_ch2,not_validated,-6.25,18.68076,84.06342,0.0,,42.95,158.45,-6.9,18.38424,82.72908,0.0,,50.5,115.89999999999999,-8.4,17.049899999999997,80.0,0.0,,40.9,161.6,375810,376833,42db84fff289315e86690e4da846b05186111e0ffb6f84443eddd6081391824e,,,curated_decay_upload; acquisition run/time and selection unknown,not_confirmed,unique_eligible_for_separate_review
Datos/Med_con_Decaimientos/decaimientos.txt::block369::event369,Datos/Med_con_Decaimientos/decaimientos.txt,upload_decaimientos_sin_fecha,-1,369,369,,376834,0,0,development,1024,accepted,resolved_negative_ch1_ch2_coincidence,not_detected_above_threshold,prompt_12_no_resolved_3,225.781,1437.559,candidate,compatible_secondary_identity_unconfirmed,1,0,0,unavailable_acquisition_selected_ch2,not_validated,-6.5,16.67925,80.0,0.0,,51.1,137.8,-8.3,18.82902,84.73059,0.0,,57.099999999999994,361.0,-8.75,16.160339999999998,80.0,0.0,,41.25,44.35,376834,377857,ecd8f2d6ab46830aa14995d8dda4e0ee2307c742023686a76ced4def906ce081,,,curated_decay_upload; acquisition run/time and selection unknown,not_confirmed,unique_eligible_for_separate_review
Datos/Med_con_Decaimientos/decaimientos.txt::block370::event370,Datos/Med_con_Decaimientos/decaimientos.txt,upload_decaimientos_sin_fecha,-1,370,370,,377858,0,0,development,1024,accepted,resolved_negative_ch1_ch2_coincidence,not_detected_above_threshold,prompt_12_no_resolved_3,205.859,1457.481,candidate,compatible_secondary_identity_unconfirmed,1,3,0,unavailable_acquisition_selected_ch2,not_validated,-6.9,15.419039999999999,80.0,0.0,,44.6,156.4,-6.5,14.0847,80.0,0.0,,42.6,149.8,-7.2,13.78818,80.0,0.0,,34.6,38.199999999999996,377858,378881,f59d6a0d3b6d374a3aee2e16dd7ac6467c1b1a5f70b49fbdce41a3f1303d31f6,,,curated_decay_upload; acquisition run/time and selection unknown,not_confirmed,unique_eligible_for_separate_review
Datos/Med_con_Decaimientos/decaimientos.txt::block371::event371,Datos/Med_con_Decaimientos/decaimientos.txt,upload_decaimientos_sin_fecha,-1,371,371,,378882,0,0,evaluation,1024,accepted,resolved_negative_ch1_ch2_coincidence,not_detected_above_threshold,prompt_12_no_resolved_3,207.52,1455.82,candidate,compatible_secondary_identity_unconfirmed,1,0,1,unavailable_acquisition_selected_ch2,not_validated,-6.5,17.7912,80.0604,0.0,,50.4,175.4,-9.3,18.08772,81.39474,0.0,,54.0,172.89999999999998,-8.55,16.086209999999998,80.0,0.0,,47.349999999999994,38.05,378882,379905,1237b6b4ae0cd97067231047e165df20a3909e6ec91caa6ef1002abe4058b73f,,,curated_decay_upload; acquisition run/time and selection unknown,not_confirmed,unique_eligible_for_separate_review
Datos/Med_con_Decaimientos/decaimientos.txt::block372::event372,Datos/Med_con_Decaimientos/decaimientos.txt,upload_decaimientos_sin_fecha,-1,372,372,,379906,0,0,development,1024,accepted,resolved_negative_ch1_ch2_coincidence,not_detected_above_threshold,prompt_12_no_resolved_3,220.801,1442.539,candidate,compatible_secondary_identity_unconfirmed,1,4,0,unavailable_acquisition_selected_ch2,not_validated,-6.8,15.5673,80.0,0.0,,59.9,194.2,-8.0,14.52948,80.0,0.0,,55.2,165.4,-8.350000000000001,13.714049999999999,80.0,0.0,,41.65,114.25,379906,380929,24f65fe849f6b70910d9f4eb4c8e75830206a4ab86429003a37f7c7b9960bd9d,,,curated_decay_upload; acquisition run/time and selection unknown,not_confirmed,unique_eligible_for_separate_review
Datos/Med_con_Decaimientos/decaimientos.txt::block373::event373,Datos/Med_con_Decaimientos/decaimientos.txt,upload_decaimientos_sin_fecha,-1,373,373,,380930,0,0,evaluation,1024,accepted,resolved_negative_ch1_ch2_coincidence,not_detected_above_threshold,prompt_12_no_resolved_3,222.461,1440.879,ambiguous,review_delayed_group_reasons,0,1,0,unavailable_acquisition_selected_ch2,not_validated,-5.95,17.86533,80.393985,0.0,,45.150000000000006,170.65,-7.5,18.68076,84.06342,0.0,,57.5,343.1,-6.8,15.641429999999998,80.0,0.0,,36.699999999999996,42.5,380930,381953,c14228b24aea9dbad953b0ca3ff65e628a1af0e5ece833f33299c2251ebe57a1,,,curated_decay_upload; acquisition run/time and selection unknown,not_confirmed,unique_eligible_for_separate_review
Datos/Med_con_Decaimientos/decaimientos.txt::block374::event374,Datos/Med_con_Decaimientos/decaimientos.txt,upload_decaimientos_sin_fecha,-1,374,374,,381954,0,0,development,1024,accepted,resolved_negative_ch1_ch2_coincidence,not_detected_above_threshold,prompt_12_no_resolved_3,210.84,1452.5,candidate,compatible_secondary_identity_unconfirmed,1,2,0,unavailable_acquisition_selected_ch2,not_validated,-6.8,14.97426,80.0,0.0,,58.199999999999996,143.39999999999998,-7.75,19.940969999999997,89.73436499999998,0.0,,48.25,157.05,-8.9,11.71254,80.0,0.0,,39.7,83.69999999999999,381954,382977,49f264771007534634d6c02a910e6a85221240d90ab57e3703ce5499dd93f0bf,,,curated_decay_upload; acquisition run/time and selection unknown,not_confirmed,unique_eligible_for_separate_review
Datos/Med_con_Decaimientos/decaimientos.txt::block375::event375,Datos/Med_con_Decaimientos/decaimientos.txt,upload_decaimientos_sin_fecha,-1,375,375,,382978,0,0,development,1024,accepted,resolved_negative_ch1_ch2_coincidence,detected,prompt_123,207.52,1455.82,ambiguous,review_delayed_group_reasons,0,1,0,unavailable_acquisition_selected_ch2,not_validated,-6.65,17.42055,80.0,0.0,,37.65,164.75,-6.75,17.56881,80.0,0.0,,43.45,128.55,-7.45,14.974260000000001,80.0,0.0,,37.050000000000004,255.95,382978,384001,cc368faa1ca89583a550dc2ae83df9764e3531b3ec88d5c52f66fe19f664ce8c,,,curated_decay_upload; acquisition run/time and selection unknown,not_confirmed,unique_eligible_for_separate_review
Datos/Med_con_Decaimientos/decaimientos.txt::block376::event376,Datos/Med_con_Decaimientos/decaimientos.txt,upload_decaimientos_sin_fecha,-1,376,376,,384002,0,0,development,1024,accepted,resolved_negative_ch1_ch2_coincidence,not_detected_above_threshold,prompt_12_no_resolved_3,217.48,1445.86,ambiguous,review_delayed_group_reasons,0,1,0,unavailable_acquisition_selected_ch2,not_validated,-7.6,17.049899999999997,80.0,0.0,,52.5,327.59999999999997,-6.2,17.71707,80.0,0.0,,46.6,458.5,-8.1,13.93644,80.0,0.0,,36.6,40.0,384002,385025,e8b45e741265d239c35ab736ded7b403f7f533b296f9d49192faa42277ef57af,,,curated_decay_upload; acquisition run/time and selection unknown,not_confirmed,unique_eligible_for_separate_review
Datos/Med_con_Decaimientos/decaimientos.txt::block377::event377,Datos/Med_con_Decaimientos/decaimientos.txt,upload_decaimientos_sin_fecha,-1,377,377,,385026,0,0,development,1024,accepted,resolved_negative_ch1_ch2_coincidence,not_detected_above_threshold,prompt_12_no_resolved_3,205.859,1457.481,ambiguous,review_delayed_group_reasons,0,1,1,unavailable_acquisition_selected_ch2,not_validated,-6.65,16.82751,80.0,0.0,,43.15,180.35,-6.699999999999999,19.125539999999997,86.06492999999999,0.0,,51.599999999999994,296.5,-6.6,12.750359999999999,80.0,0.0,,40.7,38.199999999999996,385026,386049,d357c9368a2b49f97fb38d527b32e4c2947633bb55636189a1f862d6ab238bdb,,,curated_decay_upload; acquisition run/time and selection unknown,not_confirmed,unique_eligible_for_separate_review
Datos/Med_con_Decaimientos/decaimientos.txt::block378::event378,Datos/Med_con_Decaimientos/decaimientos.txt,upload_decaimientos_sin_fecha,-1,378,378,,386050,0,0,development,1024,accepted,resolved_negative_ch1_ch2_coincidence,not_detected_above_threshold,prompt_12_no_resolved_3,212.5,1450.84,candidate,compatible_secondary_identity_unconfirmed,1,0,0,unavailable_acquisition_selected_ch2,not_validated,-6.4,17.124029999999998,80.0,0.0,,46.9,210.5,-7.65,17.42055,80.0,0.0,,53.449999999999996,210.85,-8.4,12.602099999999997,80.0,0.0,,40.5,31.0,386050,387073,a54a340192ec67accf8dd258fd3d91670f9a19e9a99832212177b1fe7666649a,,,curated_decay_upload; acquisition run/time and selection unknown,not_confirmed,unique_eligible_for_separate_review
Datos/Med_con_Decaimientos/decaimientos.txt::block379::event379,Datos/Med_con_Decaimientos/decaimientos.txt,upload_decaimientos_sin_fecha,-1,379,379,,387074,0,0,evaluation,1024,accepted,resolved_negative_ch1_ch2_coincidence,not_detected_above_threshold,prompt_12_no_resolved_3,212.5,1450.84,candidate,compatible_secondary_identity_unconfirmed,1,0,0,unavailable_acquisition_selected_ch2,not_validated,-7.1,13.343400000000003,80.0,0.0,,39.0,122.20000000000002,-7.9,13.714049999999999,80.0,0.0,,45.3,113.0,-8.6,11.564279999999998,80.0,0.0,,29.200000000000003,173.3,387074,388097,096182ddefa2008a66e27cd69323d9ae791b7179022d26fc7aeccdb53c946a8e,,,curated_decay_upload; acquisition run/time and selection unknown,not_confirmed,unique_eligible_for_separate_review
Datos/Med_con_Decaimientos/decaimientos.txt::block380::event380,Datos/Med_con_Decaimientos/decaimientos.txt,upload_decaimientos_sin_fecha,-1,380,380,,388098,0,0,development,1024,accepted,resolved_negative_ch1_ch2_coincidence,not_detected_above_threshold,prompt_12_no_resolved_3,209.18,1454.1599999999999,candidate,compatible_secondary_identity_unconfirmed,1,1,3,unavailable_acquisition_selected_ch2,not_validated,-6.6,15.19665,80.0,0.0,,50.6,131.4,-8.05,17.7912,80.0604,0.0,,48.25,151.14999999999998,-7.7,12.009059999999998,80.0,0.0,,34.7,47.9,388098,389121,c6c4aba5fc0c0d827c2528e85cbd5349ec1c8eaabc286782750dc1da44947a2b,,,curated_decay_upload; acquisition run/time and selection unknown,not_confirmed,unique_eligible_for_separate_review
Datos/Med_con_Decaimientos/decaimientos.txt::block381::event381,Datos/Med_con_Decaimientos/decaimientos.txt,upload_decaimientos_sin_fecha,-1,381,381,,389122,0,0,development,1024,accepted,resolved_negative_ch1_ch2_coincidence,not_detected_above_threshold,prompt_12_no_resolved_3,224.121,1439.2189999999998,candidate,compatible_secondary_identity_unconfirmed,1,1,3,unavailable_acquisition_selected_ch2,not_validated,-6.4,14.974260000000001,80.0,0.0,,46.0,131.4,-7.2,18.90315,85.064175,0.0,,46.6,189.9,-7.7,13.56579,80.0,0.0,,40.2,46.5,389122,390145,7a713cf86f1a594fdf1084d1cdf44018c677ac55328d5e188e635bd12d48965b,,,curated_decay_upload; acquisition run/time and selection unknown,not_confirmed,unique_eligible_for_separate_review
Datos/Med_con_Decaimientos/decaimientos.txt::block382::event382,Datos/Med_con_Decaimientos/decaimientos.txt,upload_decaimientos_sin_fecha,-1,382,382,,390146,0,0,development,1024,accepted,resolved_negative_ch1_ch2_coincidence,not_detected_above_threshold,prompt_12_no_resolved_3,212.5,1450.84,ambiguous,review_delayed_group_reasons,0,2,0,unavailable_acquisition_selected_ch2,not_validated,-6.9,16.82751,80.0,0.0,,47.1,132.7,-7.2,17.34642,80.0,0.0,,47.800000000000004,182.0,-8.7,12.453839999999998,80.0,0.0,,31.099999999999998,104.0,390146,391169,ea6eb2de64d8843883b888ec81d4ee86f32592a983ed251b70558a96821097b2,,,curated_decay_upload; acquisition run/time and selection unknown,not_confirmed,unique_eligible_for_separate_review
Datos/Med_con_Decaimientos/decaimientos.txt::block383::event383,Datos/Med_con_Decaimientos/decaimientos.txt,upload_decaimientos_sin_fecha,-1,383,383,,391170,0,0,development,1024,accepted,resolved_negative_ch1_ch2_coincidence,not_detected_above_threshold,prompt_12_no_resolved_3,220.801,1442.539,candidate,compatible_secondary_identity_unconfirmed,1,2,1,unavailable_acquisition_selected_ch2,not_validated,-6.2,15.419039999999999,80.0,0.0,,45.400000000000006,141.0,-6.65,16.456860000000002,80.0,0.0,,42.449999999999996,322.65000000000003,-7.65,15.19665,80.0,0.0,,43.949999999999996,38.65,391170,392193,2da5f627578f9f7997ce03d49b403fb8c4d5154f7dd7bd49c51c87d60441d277,,,curated_decay_upload; acquisition run/time and selection unknown,not_confirmed,unique_eligible_for_separate_review
Datos/Med_con_Decaimientos/decaimientos.txt::block384::event384,Datos/Med_con_Decaimientos/decaimientos.txt,upload_decaimientos_sin_fecha,-1,384,384,,392194,0,0,development,1024,accepted,resolved_negative_ch1_ch2_coincidence,not_detected_above_threshold,prompt_12_no_resolved_3,204.199,1459.1409999999998,candidate,compatible_secondary_identity_unconfirmed,1,0,0,unavailable_acquisition_selected_ch2,not_validated,-7.0,16.60512,80.0,0.0,,52.7,236.1,-6.9,18.08772,81.39474,0.0,,47.5,126.9,-8.1,19.05141,85.731345,0.0,,52.1,55.6,392194,393217,eada8082a7c9404cbc44487ba4c2728bc1bf4f9d6d4172b66ee013a9929a458d,,,curated_decay_upload; acquisition run/time and selection unknown,not_confirmed,unique_eligible_for_separate_review
Datos/Med_con_Decaimientos/decaimientos.txt::block385::event385,Datos/Med_con_Decaimientos/decaimientos.txt,upload_decaimientos_sin_fecha,-1,385,385,,393218,0,0,evaluation,1024,ambiguous,pulse_clipping,not_detected_above_threshold,prompt_12_no_resolved_3,209.18,1454.1599999999999,not_evaluable,initial_coincidence_ambiguous,0,1,0,unavailable_acquisition_selected_ch2,not_validated,-8.0,16.901639999999997,80.0,0.0,,51.3,204.4,-8.7,17.939459999999997,80.72756999999999,0.0,,63.900000000000006,491.2,-7.8,16.3086,80.0,0.0,,53.599999999999994,41.0,393218,394241,5266831139c1ebf26ba6716346f7aea2da0ce91a927ede0d67246b80f7002e70,,,curated_decay_upload; acquisition run/time and selection unknown,not_confirmed,unique_eligible_for_separate_review
Datos/Med_con_Decaimientos/decaimientos.txt::block386::event386,Datos/Med_con_Decaimientos/decaimientos.txt,upload_decaimientos_sin_fecha,-1,386,386,,394242,0,0,development,1024,accepted,resolved_negative_ch1_ch2_coincidence,not_detected_above_threshold,prompt_12_no_resolved_3,202.539,1460.801,ambiguous,review_delayed_group_reasons,0,1,0,unavailable_acquisition_selected_ch2,not_validated,-7.3,17.049899999999997,80.0,0.0,,54.8,270.09999999999997,-7.7,15.27078,80.0,0.0,,55.2,459.5,-8.0,13.93644,80.0,0.0,,41.6,43.4,394242,395265,b4715795e1172f4b259b1decb7c3cd916277ce02a1bd9245e021a46ae3cedfe5,,,curated_decay_upload; acquisition run/time and selection unknown,not_confirmed,unique_eligible_for_separate_review
Datos/Med_con_Decaimientos/decaimientos.txt::block387::event387,Datos/Med_con_Decaimientos/decaimientos.txt,upload_decaimientos_sin_fecha,-1,387,387,,395266,0,0,development,1024,accepted,resolved_negative_ch1_ch2_coincidence,detected,prompt_123,209.18,1454.1599999999999,ambiguous,review_delayed_group_reasons,0,2,0,unavailable_acquisition_selected_ch2,not_validated,-6.85,17.049899999999997,80.0,0.0,,50.050000000000004,123.15,-8.4,18.97728,85.39776,0.0,,64.8,154.4,-9.2,18.829019999999996,84.73058999999998,0.0,,45.2,178.10000000000002,395266,396289,86541cd71be4b1bba34a5491630ad90f95ed67a36c41e787622f8d0eed249dad,,,curated_decay_upload; acquisition run/time and selection unknown,not_confirmed,unique_eligible_for_separate_review
Datos/Med_con_Decaimientos/decaimientos.txt::block388::event388,Datos/Med_con_Decaimientos/decaimientos.txt,upload_decaimientos_sin_fecha,-1,388,388,,396290,0,0,development,1024,accepted,resolved_negative_ch1_ch2_coincidence,not_detected_above_threshold,prompt_12_no_resolved_3,204.199,1459.1409999999998,candidate,compatible_secondary_identity_unconfirmed,1,0,0,unavailable_acquisition_selected_ch2,not_validated,-6.25,16.75338,80.0,0.0,,40.25,233.55,-8.3,17.64294,80.0,0.0,,53.400000000000006,363.4,-8.2,16.753379999999996,80.0,0.0,,39.2,46.2,396290,397313,6c790f6b6e91c047d1f5cc415371fad98af270222b7ff09a3f1480538782d06b,,,curated_decay_upload; acquisition run/time and selection unknown,not_confirmed,unique_eligible_for_separate_review
Datos/Med_con_Decaimientos/decaimientos.txt::block389::event389,Datos/Med_con_Decaimientos/decaimientos.txt,upload_decaimientos_sin_fecha,-1,389,389,,397314,0,0,development,1024,accepted,resolved_negative_ch1_ch2_coincidence,not_detected_above_threshold,prompt_12_no_resolved_3,214.16,1449.1799999999998,ambiguous,review_delayed_group_reasons,0,4,2,unavailable_acquisition_selected_ch2,not_validated,-6.95,16.975769999999997,80.0,0.0,,50.45,121.95,-7.6,15.715559999999998,80.0,0.0,,46.300000000000004,122.0,-8.5,15.27078,80.0,0.0,,44.1,46.0,397314,398337,db39b5994a896f678d64ddca268b2a9beb6245117fa3e1e843ced23f0a2f4fc1,,,curated_decay_upload; acquisition run/time and selection unknown,not_confirmed,unique_eligible_for_separate_review
Datos/Med_con_Decaimientos/decaimientos.txt::block390::event390,Datos/Med_con_Decaimientos/decaimientos.txt,upload_decaimientos_sin_fecha,-1,390,390,,398338,0,0,development,1024,accepted,resolved_negative_ch1_ch2_coincidence,not_detected_above_threshold,prompt_12_no_resolved_3,215.82,1447.52,ambiguous,review_delayed_group_reasons,0,6,2,unavailable_acquisition_selected_ch2,not_validated,-7.15,14.751869999999998,80.0,0.0,,51.949999999999996,161.25,-7.9,16.67925,80.0,0.0,,55.4,240.5,-7.45,15.34491,80.0,0.0,,42.550000000000004,41.849999999999994,398338,399361,289427846c28179885fcc3a252d408b98f88669e5c04a31f6131e4da2696fddb,,,curated_decay_upload; acquisition run/time and selection unknown,not_confirmed,unique_eligible_for_separate_review
Datos/Med_con_Decaimientos/decaimientos.txt::block391::event391,Datos/Med_con_Decaimientos/decaimientos.txt,upload_decaimientos_sin_fecha,-1,391,391,,399362,0,0,development,1024,accepted,resolved_negative_ch1_ch2_coincidence,detected,prompt_123,209.18,1454.1599999999999,ambiguous,review_delayed_group_reasons,0,1,0,unavailable_acquisition_selected_ch2,not_validated,-7.0,19.12554,86.06493,0.0,,49.1,145.2,-8.3,19.199669999999998,86.39851499999999,0.0,,56.5,197.1,-8.7,15.27078,80.0,0.0,,42.099999999999994,242.3,399362,400385,b604345d4ece437c50525d0fd84123123044d4beb06b8efb0fccc8ba5a50a1c0,,,curated_decay_upload; acquisition run/time and selection unknown,not_confirmed,unique_eligible_for_separate_review
Datos/Med_con_Decaimientos/decaimientos.txt::block392::event392,Datos/Med_con_Decaimientos/decaimientos.txt,upload_decaimientos_sin_fecha,-1,392,392,,400386,0,0,development,1024,accepted,resolved_negative_ch1_ch2_coincidence,ambiguous,prompt_12_uncertain_3,205.859,1457.481,ambiguous,review_delayed_group_reasons,0,2,1,unavailable_acquisition_selected_ch2,not_validated,-6.75,16.234469999999998,80.0,0.0,,49.55,222.35,-7.35,16.975769999999997,80.0,0.0,,57.050000000000004,309.75,-7.35,15.937950000000003,80.0,0.0,,50.25,64.55000000000001,400386,401409,cad167d544c477b993ff94c7a69d99246f6a58613c528e48dd8a3dc21e73bee9,,,curated_decay_upload; acquisition run/time and selection unknown,not_confirmed,unique_eligible_for_separate_review
Datos/Med_con_Decaimientos/decaimientos.txt::block393::event393,Datos/Med_con_Decaimientos/decaimientos.txt,upload_decaimientos_sin_fecha,-1,393,393,,401410,0,0,evaluation,1024,accepted,resolved_negative_ch1_ch2_coincidence,not_detected_above_threshold,prompt_12_no_resolved_3,200.879,1462.461,candidate,compatible_secondary_identity_unconfirmed,1,1,1,unavailable_acquisition_selected_ch2,not_validated,-6.0,15.419039999999997,80.0,0.0,,59.8,255.10000000000002,-9.1,15.863819999999999,80.0,0.0,,59.0,197.5,-8.350000000000001,14.455350000000001,80.0,0.0,,40.550000000000004,38.449999999999996,401410,402433,1e077a3b531d4fd2a003e64a7ffa7ec1166085fcc757d3ce60b046c734ac5a39,,,curated_decay_upload; acquisition run/time and selection unknown,not_confirmed,unique_eligible_for_separate_review
Datos/Med_con_Decaimientos/decaimientos.txt::block394::event394,Datos/Med_con_Decaimientos/decaimientos.txt,upload_decaimientos_sin_fecha,-1,394,394,,402434,0,0,development,1024,accepted,resolved_negative_ch1_ch2_coincidence,not_detected_above_threshold,prompt_12_no_resolved_3,214.16,1449.1799999999998,candidate,compatible_secondary_identity_unconfirmed,1,0,1,unavailable_acquisition_selected_ch2,not_validated,-6.35,14.751869999999998,80.0,0.0,,35.35,122.65,-7.95,15.04839,80.0,0.0,,53.45,182.95000000000002,-8.95,15.493169999999997,80.0,0.0,,43.150000000000006,42.849999999999994,402434,403457,6abc6119791b1938c9bdbe2573b6b2d26a020e4b7b46b6055cfc7366ce0fb8a4,,,curated_decay_upload; acquisition run/time and selection unknown,not_confirmed,unique_eligible_for_separate_review
Datos/Med_con_Decaimientos/decaimientos.txt::block395::event395,Datos/Med_con_Decaimientos/decaimientos.txt,upload_decaimientos_sin_fecha,-1,395,395,,403458,0,0,evaluation,1024,accepted,resolved_negative_ch1_ch2_coincidence,not_detected_above_threshold,prompt_12_no_resolved_3,200.879,1462.461,candidate,compatible_secondary_identity_unconfirmed,1,0,0,unavailable_acquisition_selected_ch2,not_validated,-6.4,14.381219999999999,80.0,0.0,,37.6,164.9,-8.1,14.825999999999999,80.0,0.0,,41.7,215.70000000000002,-7.9,14.67774,80.0,0.0,,38.9,38.300000000000004,403458,404481,3c53c8c8b8617c148628666a1a108fef3704b781c60d9e25ede08eacf30b9e56,,,curated_decay_upload; acquisition run/time and selection unknown,not_confirmed,unique_eligible_for_separate_review
Datos/Med_con_Decaimientos/decaimientos.txt::block396::event396,Datos/Med_con_Decaimientos/decaimientos.txt,upload_decaimientos_sin_fecha,-1,396,396,,404482,0,0,development,1024,accepted,resolved_negative_ch1_ch2_coincidence,detected,prompt_123,217.48,1445.86,ambiguous,review_delayed_group_reasons,0,2,1,unavailable_acquisition_selected_ch2,not_validated,-6.4,16.160339999999998,80.0,0.0,,49.3,183.6,-9.3,16.160339999999998,80.0,0.0,,55.400000000000006,189.5,-8.4,15.86382,80.0,0.0,,46.699999999999996,113.69999999999999,404482,405505,2978a755f0103b8dd9f074ba6e87f14c373b22162a1509ab4e5eb4004f59fa5e,,,curated_decay_upload; acquisition run/time and selection unknown,not_confirmed,unique_eligible_for_separate_review
Datos/Med_con_Decaimientos/decaimientos.txt::block397::event397,Datos/Med_con_Decaimientos/decaimientos.txt,upload_decaimientos_sin_fecha,-1,397,397,,405506,0,0,development,1024,accepted,resolved_negative_ch1_ch2_coincidence,not_detected_above_threshold,prompt_12_no_resolved_3,214.16,1449.1799999999998,ambiguous,review_delayed_group_reasons,0,1,0,unavailable_acquisition_selected_ch2,not_validated,-6.3,16.901639999999997,80.0,0.0,,45.0,184.29999999999998,-6.75,19.05141,85.731345,0.0,,55.65,286.25,-7.9,15.122519999999998,80.0,0.0,,43.1,38.5,405506,406529,9357fa6b9d00d078dc872ffb82b954b9ef76c3cfeb89316fd6392f4c0bc5f1e2,,,curated_decay_upload; acquisition run/time and selection unknown,not_confirmed,unique_eligible_for_separate_review
Datos/Med_con_Decaimientos/decaimientos.txt::block398::event398,Datos/Med_con_Decaimientos/decaimientos.txt,upload_decaimientos_sin_fecha,-1,398,398,,406530,0,0,development,1024,accepted,resolved_negative_ch1_ch2_coincidence,detected,prompt_123,219.141,1444.1989999999998,ambiguous,review_delayed_group_reasons,0,4,1,unavailable_acquisition_selected_ch2,not_validated,-7.0,15.5673,80.0,0.0,,63.9,214.0,-7.0,16.01208,80.0,0.0,,58.0,284.2,-8.3,17.49468,80.0,0.0,,46.099999999999994,265.9,406530,407553,77603224e53b7e2494eed57864c40b2ae5d0587535cae6e8928747d144a7745e,,,curated_decay_upload; acquisition run/time and selection unknown,not_confirmed,unique_eligible_for_separate_review
Datos/Med_con_Decaimientos/decaimientos.txt::block399::event399,Datos/Med_con_Decaimientos/decaimientos.txt,upload_decaimientos_sin_fecha,-1,399,399,,407554,0,0,development,1024,accepted,resolved_negative_ch1_ch2_coincidence,not_detected_above_threshold,prompt_12_no_resolved_3,207.52,1455.82,candidate,compatible_secondary_identity_unconfirmed,1,0,0,unavailable_acquisition_selected_ch2,not_validated,-6.6,17.049899999999997,80.0,0.0,,44.1,183.9,-5.6,20.60814,92.73662999999999,0.0,,41.7,160.3,-8.1,17.12403,80.0,0.0,,42.7,100.2,407554,408577,be64e9dab0bef0092dc6f067cba71c84ee7a243e96207d1fe2d35326ddafffaf,,,curated_decay_upload; acquisition run/time and selection unknown,not_confirmed,unique_eligible_for_separate_review
Datos/Med_con_Decaimientos/decaimientos.txt::block400::event400,Datos/Med_con_Decaimientos/decaimientos.txt,upload_decaimientos_sin_fecha,-1,400,400,,408578,0,0,development,1024,accepted,resolved_negative_ch1_ch2_coincidence,not_detected_above_threshold,prompt_12_no_resolved_3,200.879,1462.461,candidate,compatible_secondary_identity_unconfirmed,1,0,0,unavailable_acquisition_selected_ch2,not_validated,-6.5,19.422060000000002,87.39927,0.0,,49.5,306.4,-8.3,19.86684,89.40078,0.0,,57.7,317.59999999999997,-7.8,13.343399999999999,80.0,0.0,,43.3,39.300000000000004,408578,409601,0daf524c5b38b70666d1ce4e0e4fac44febc9b87f20e495093228bf90838e0f5,,,curated_decay_upload; acquisition run/time and selection unknown,not_confirmed,unique_eligible_for_separate_review
Datos/Med_con_Decaimientos/decaimientos.txt::block401::event401,Datos/Med_con_Decaimientos/decaimientos.txt,upload_decaimientos_sin_fecha,-1,401,401,,409602,0,0,development,1024,accepted,resolved_negative_ch1_ch2_coincidence,not_detected_above_threshold,prompt_12_no_resolved_3,212.5,1450.84,candidate,compatible_secondary_identity_unconfirmed,1,2,0,unavailable_acquisition_selected_ch2,not_validated,-6.2,15.122519999999998,80.0,0.0,,47.6,153.3,-6.8,20.90466,94.07097,0.0,,48.199999999999996,132.39999999999998,-7.6,14.826000000000002,80.0,0.0,,45.6,44.199999999999996,409602,410625,2a09de3557e0c0c1411c70c5ff5f846cc94968a578deede1e4f43e3d4213c04e,,,curated_decay_upload; acquisition run/time and selection unknown,not_confirmed,unique_eligible_for_separate_review
Datos/Med_con_Decaimientos/decaimientos.txt::block402::event402,Datos/Med_con_Decaimientos/decaimientos.txt,upload_decaimientos_sin_fecha,-1,402,402,,410626,0,0,development,1024,accepted,resolved_negative_ch1_ch2_coincidence,not_detected_above_threshold,prompt_12_no_resolved_3,207.52,1455.82,candidate,compatible_secondary_identity_unconfirmed,1,1,2,unavailable_acquisition_selected_ch2,not_validated,-7.05,14.751869999999998,80.0,0.0,,54.25,287.34999999999997,-8.05,18.45837,83.062665,0.0,,55.150000000000006,321.34999999999997,-8.149999999999999,18.977279999999997,85.39775999999999,0.0,,45.949999999999996,43.85,410626,411649,fff3769dd32d8888480532eff58a3017b28f5f46f3ba2e10d6ea2df5c5c7276f,,,curated_decay_upload; acquisition run/time and selection unknown,not_confirmed,unique_eligible_for_separate_review
Datos/Med_con_Decaimientos/decaimientos.txt::block403::event403,Datos/Med_con_Decaimientos/decaimientos.txt,upload_decaimientos_sin_fecha,-1,403,403,,411650,0,0,development,1024,accepted,resolved_negative_ch1_ch2_coincidence,not_detected_above_threshold,prompt_12_no_resolved_3,215.82,1447.52,ambiguous,review_delayed_group_reasons,0,4,3,unavailable_acquisition_selected_ch2,not_validated,-6.65,17.272289999999998,80.0,0.0,,51.25,127.35,-7.3,15.715559999999996,80.0,0.0,,44.8,147.6,-7.6,13.343399999999999,80.0,0.0,,34.6,69.4,411650,412673,042b5d837f4b793db5a6b892441787763882b61f9a3451bd17ee2112e97c4c22,,,curated_decay_upload; acquisition run/time and selection unknown,not_confirmed,unique_eligible_for_separate_review
Datos/Med_con_Decaimientos/decaimientos.txt::block404::event404,Datos/Med_con_Decaimientos/decaimientos.txt,upload_decaimientos_sin_fecha,-1,404,404,,412674,0,0,evaluation,1024,accepted,resolved_negative_ch1_ch2_coincidence,detected,prompt_123,217.48,1445.86,ambiguous,review_delayed_group_reasons,0,1,0,unavailable_acquisition_selected_ch2,not_validated,-6.7,16.75338,80.0,0.0,,48.5,191.8,-6.3,19.273799999999998,86.73209999999999,0.0,,38.3,196.5,-8.7,14.381219999999999,80.0,0.0,,41.3,153.60000000000002,412674,413697,17387c78b1205f1d2cfec7f6984703f69fa34918abf0d6f418ff4ea28282849e,,,curated_decay_upload; acquisition run/time and selection unknown,not_confirmed,unique_eligible_for_separate_review
Datos/Med_con_Decaimientos/decaimientos.txt::block405::event405,Datos/Med_con_Decaimientos/decaimientos.txt,upload_decaimientos_sin_fecha,-1,405,405,,413698,0,0,development,1024,accepted,resolved_negative_ch1_ch2_coincidence,detected,prompt_123,209.18,1454.1599999999999,ambiguous,review_delayed_group_reasons,0,2,1,unavailable_acquisition_selected_ch2,not_validated,-6.5,16.975769999999997,80.0,0.0,,43.3,183.2,-6.9,14.974260000000001,80.0,0.0,,54.6,329.70000000000005,-7.4,16.01208,80.0,0.0,,43.9,283.0,413698,414721,578bd343f840842bfdddc715946d45b5a370e32c80c8561c59a9b7d4353b3d84,,,curated_decay_upload; acquisition run/time and selection unknown,not_confirmed,unique_eligible_for_separate_review
Datos/Med_con_Decaimientos/decaimientos.txt::block406::event406,Datos/Med_con_Decaimientos/decaimientos.txt,upload_decaimientos_sin_fecha,-1,406,406,,414722,0,0,evaluation,1024,accepted,resolved_negative_ch1_ch2_coincidence,not_detected_above_threshold,prompt_12_no_resolved_3,210.84,1452.5,candidate,compatible_secondary_identity_unconfirmed,1,0,0,unavailable_acquisition_selected_ch2,not_validated,-6.800000000000001,16.45686,80.0,0.0,,46.0,151.2,-6.15,18.38424,82.72908,0.0,,45.05,447.95000000000005,-8.5,14.825999999999999,80.0,0.0,,42.2,43.4,414722,415745,2bad28f03580d2c809cabaa339ccc569a99a7d60dcf047ee171382d713cfea8c,,,curated_decay_upload; acquisition run/time and selection unknown,not_confirmed,unique_eligible_for_separate_review
Datos/Med_con_Decaimientos/decaimientos.txt::block407::event407,Datos/Med_con_Decaimientos/decaimientos.txt,upload_decaimientos_sin_fecha,-1,407,407,,415746,0,0,development,1024,accepted,resolved_negative_ch1_ch2_coincidence,not_detected_above_threshold,prompt_12_no_resolved_3,207.52,1455.82,candidate,compatible_secondary_identity_unconfirmed,1,3,1,unavailable_acquisition_selected_ch2,not_validated,-6.8,16.45686,80.0,0.0,,54.199999999999996,221.7,-7.2,18.384240000000002,82.72908000000001,0.0,,47.800000000000004,160.8,-8.1,12.750359999999999,80.0,0.0,,44.5,41.0,415746,416769,b4773f4375ab249482ed3fe2cb9bd23c5b29e61f21fa80240d9b3a0e3f80b6c5,,,curated_decay_upload; acquisition run/time and selection unknown,not_confirmed,unique_eligible_for_separate_review
Datos/Med_con_Decaimientos/decaimientos.txt::block408::event408,Datos/Med_con_Decaimientos/decaimientos.txt,upload_decaimientos_sin_fecha,-1,408,408,,416770,0,0,development,1024,accepted,resolved_negative_ch1_ch2_coincidence,not_detected_above_threshold,prompt_12_no_resolved_3,219.141,1444.1989999999998,ambiguous,review_delayed_group_reasons,0,1,1,unavailable_acquisition_selected_ch2,not_validated,-6.8,16.901639999999997,80.0,0.0,,52.699999999999996,148.2,-6.449999999999999,17.198159999999994,80.0,0.0,,48.55,269.55,-7.75,14.15883,80.0,0.0,,40.25,40.85,416770,417793,929d2ef0e29f7038fc0ed31851ecad5487fbc58cacedb5c2b462a4cedc6f4c82,,,curated_decay_upload; acquisition run/time and selection unknown,not_confirmed,unique_eligible_for_separate_review
Datos/Med_con_Decaimientos/decaimientos.txt::block409::event409,Datos/Med_con_Decaimientos/decaimientos.txt,upload_decaimientos_sin_fecha,-1,409,409,,417794,0,0,development,1024,accepted,resolved_negative_ch1_ch2_coincidence,not_detected_above_threshold,prompt_12_no_resolved_3,217.48,1445.86,candidate,compatible_secondary_identity_unconfirmed,1,0,0,unavailable_acquisition_selected_ch2,not_validated,-6.5,16.60512,80.0,0.0,,52.6,141.0,-7.2,18.68076,84.06342,0.0,,46.6,203.0,-7.2,13.26927,80.0,0.0,,35.9,39.8,417794,418817,a45d02e5a69c872f5d0b877a94da9eeb6f78dc424d2e23f0271a3c96e570299e,,,curated_decay_upload; acquisition run/time and selection unknown,not_confirmed,unique_eligible_for_separate_review
Datos/Med_con_Decaimientos/decaimientos.txt::block410::event410,Datos/Med_con_Decaimientos/decaimientos.txt,upload_decaimientos_sin_fecha,-1,410,410,,418818,0,0,evaluation,1024,accepted,resolved_negative_ch1_ch2_coincidence,not_detected_above_threshold,prompt_12_no_resolved_3,199.219,1464.1209999999999,candidate,compatible_secondary_identity_unconfirmed,1,0,0,unavailable_acquisition_selected_ch2,not_validated,-6.45,14.010569999999998,80.0,0.0,,43.85,380.25,-8.3,14.825999999999999,80.0,0.0,,44.599999999999994,319.0,-9.0,14.0847,80.0,0.0,,41.3,40.0,418818,419841,d9bd5058126e67b20753cedd3665bd4c8b721129a749d63be61baafab68525a7,,,curated_decay_upload; acquisition run/time and selection unknown,not_confirmed,unique_eligible_for_separate_review
Datos/Med_con_Decaimientos/decaimientos.txt::block411::event411,Datos/Med_con_Decaimientos/decaimientos.txt,upload_decaimientos_sin_fecha,-1,411,411,,419842,0,0,development,1024,accepted,resolved_negative_ch1_ch2_coincidence,detected,prompt_123,215.82,1447.52,ambiguous,review_delayed_group_reasons,0,1,0,unavailable_acquisition_selected_ch2,not_validated,-6.85,14.75187,80.0,0.0,,38.65,210.25,-6.55,13.56579,80.0,0.0,,40.65,270.25,-8.350000000000001,14.90013,80.0,0.0,,36.25,141.75,419842,420865,83dc28633c4b008de6760092cac8c579df0938f9c6f54b524aa6b12edf1725a1,,,curated_decay_upload; acquisition run/time and selection unknown,not_confirmed,unique_eligible_for_separate_review
Datos/Med_con_Decaimientos/decaimientos.txt::block412::event412,Datos/Med_con_Decaimientos/decaimientos.txt,upload_decaimientos_sin_fecha,-1,412,412,,420866,0,0,evaluation,1024,accepted,resolved_negative_ch1_ch2_coincidence,detected,prompt_123,214.16,1449.1799999999998,ambiguous,review_delayed_group_reasons,0,1,0,unavailable_acquisition_selected_ch2,not_validated,-6.15,16.82751,80.0,0.0,,52.65,184.15,-6.7,17.19816,80.0,0.0,,55.300000000000004,293.7,-7.2,16.3086,80.0,0.0,,45.5,150.3,420866,421889,af495b442b80c282e1e5ceefd2136f6dcbd085c639e16f3a196675fbacbb1dd7,,,curated_decay_upload; acquisition run/time and selection unknown,not_confirmed,unique_eligible_for_separate_review
Datos/Med_con_Decaimientos/decaimientos.txt::block413::event413,Datos/Med_con_Decaimientos/decaimientos.txt,upload_decaimientos_sin_fecha,-1,413,413,,421890,0,0,development,1024,accepted,resolved_negative_ch1_ch2_coincidence,detected,prompt_123,219.141,1444.1989999999998,ambiguous,review_delayed_group_reasons,0,1,0,unavailable_acquisition_selected_ch2,not_validated,-6.65,18.5325,83.39625,0.0,,43.05,121.25,-6.7,22.38726,100.74267,0.0,,47.400000000000006,320.0,-8.149999999999999,15.641429999999998,80.0,0.0,,43.35,81.35,421890,422913,eed422031aaab78377e9bb8cdcea1f62b06678940958ccde2ec558a67fa7eb23,,,curated_decay_upload; acquisition run/time and selection unknown,not_confirmed,unique_eligible_for_separate_review
Datos/Med_con_Decaimientos/decaimientos.txt::block414::event414,Datos/Med_con_Decaimientos/decaimientos.txt,upload_decaimientos_sin_fecha,-1,414,414,,422914,0,0,development,1024,accepted,resolved_negative_ch1_ch2_coincidence,not_detected_above_threshold,prompt_12_no_resolved_3,215.82,1447.52,candidate,compatible_secondary_identity_unconfirmed,1,1,0,unavailable_acquisition_selected_ch2,not_validated,-7.0,16.160339999999998,80.0,0.0,,53.3,156.2,-6.9,16.456860000000002,80.0,0.0,,60.6,189.1,-7.2,15.419040000000003,80.0,0.0,,42.1,44.8,422914,423937,53394d090f4f076f7a0c10adca3883b5221f276fc785bfe25f83d5ad4cf81679,,,curated_decay_upload; acquisition run/time and selection unknown,not_confirmed,unique_eligible_for_separate_review
Datos/Med_con_Decaimientos/decaimientos.txt::block415::event415,Datos/Med_con_Decaimientos/decaimientos.txt,upload_decaimientos_sin_fecha,-1,415,415,,423938,0,0,development,1024,accepted,resolved_negative_ch1_ch2_coincidence,not_detected_above_threshold,prompt_12_no_resolved_3,209.18,1454.1599999999999,candidate,compatible_secondary_identity_unconfirmed,1,2,0,unavailable_acquisition_selected_ch2,not_validated,-6.4,17.71707,80.0,0.0,,47.6,203.79999999999998,-7.7,18.5325,83.39625,0.0,,49.7,229.3,-7.65,15.641429999999998,80.0,0.0,,42.05,45.25,423938,424961,8bd8aca198010999b7b89cfaad29341248577eee85f3e52d1760720ba611d528,,,curated_decay_upload; acquisition run/time and selection unknown,not_confirmed,unique_eligible_for_separate_review
Datos/Med_con_Decaimientos/decaimientos.txt::block416::event416,Datos/Med_con_Decaimientos/decaimientos.txt,upload_decaimientos_sin_fecha,-1,416,416,,424962,0,0,development,1024,accepted,resolved_negative_ch1_ch2_coincidence,detected,prompt_123,214.16,1449.1799999999998,ambiguous,review_delayed_group_reasons,0,5,2,unavailable_acquisition_selected_ch2,not_validated,-6.6,16.60512,80.0,0.0,,55.800000000000004,153.5,-6.55,15.122519999999998,80.0,0.0,,47.949999999999996,251.25,-7.5,15.5673,80.0,0.0,,40.8,103.3,424962,425985,92a1262222f77fb523362dcce1b4ebcb5e9892ce70d444e0298380a54aaadce4,,,curated_decay_upload; acquisition run/time and selection unknown,not_confirmed,unique_eligible_for_separate_review
Datos/Med_con_Decaimientos/decaimientos.txt::block417::event417,Datos/Med_con_Decaimientos/decaimientos.txt,upload_decaimientos_sin_fecha,-1,417,417,,425986,0,0,evaluation,1024,accepted,resolved_negative_ch1_ch2_coincidence,not_detected_above_threshold,prompt_12_no_resolved_3,209.18,1454.1599999999999,candidate,compatible_secondary_identity_unconfirmed,1,0,0,unavailable_acquisition_selected_ch2,not_validated,-7.35,13.936439999999997,80.0,0.0,,43.45,155.05,-8.3,16.75338,80.0,0.0,,48.599999999999994,209.6,-8.6,13.93644,80.0,0.0,,35.7,124.30000000000001,425986,427009,5f687ad6ad9ecb5c070aa32ec954106a8ea33b104c2ff2c3222964cb5e333b58,,,curated_decay_upload; acquisition run/time and selection unknown,not_confirmed,unique_eligible_for_separate_review
Datos/Med_con_Decaimientos/decaimientos.txt::block418::event418,Datos/Med_con_Decaimientos/decaimientos.txt,upload_decaimientos_sin_fecha,-1,418,418,,427010,0,0,development,1024,accepted,resolved_negative_ch1_ch2_coincidence,not_detected_above_threshold,prompt_12_no_resolved_3,212.5,1450.84,no_secondary_above_threshold,absence_is_not_no_decay,0,0,0,unavailable_acquisition_selected_ch2,not_validated,-7.0,17.049899999999997,80.0,0.0,,48.7,159.4,-6.1,19.940969999999997,89.73436499999998,0.0,,45.7,307.09999999999997,-7.9,13.121010000000002,80.0,0.0,,41.0,39.2,427010,428033,c80b69d266069387af27190e1893dd8600e4b490daa8f469b3cf48b6e40cea47,,,curated_decay_upload; acquisition run/time and selection unknown,not_confirmed,unique_eligible_for_separate_review
Datos/Med_con_Decaimientos/decaimientos.txt::block419::event419,Datos/Med_con_Decaimientos/decaimientos.txt,upload_decaimientos_sin_fecha,-1,419,419,,428034,0,0,development,1024,accepted,resolved_negative_ch1_ch2_coincidence,detected,prompt_123,209.18,1454.1599999999999,ambiguous,review_delayed_group_reasons,0,1,0,unavailable_acquisition_selected_ch2,not_validated,-6.8,17.49468,80.0,0.0,,46.599999999999994,204.39999999999998,-7.6,18.08772,81.39474,0.0,,57.4,323.79999999999995,-9.0,14.677739999999996,80.0,0.0,,38.2,162.4,428034,429057,c90b3fdaa3697c44f7e1b19c7c24aaa7f680b3afd56acbdd8fd7f0e6924cede2,,,curated_decay_upload; acquisition run/time and selection unknown,not_confirmed,unique_eligible_for_separate_review
Datos/Med_con_Decaimientos/decaimientos.txt::block420::event420,Datos/Med_con_Decaimientos/decaimientos.txt,upload_decaimientos_sin_fecha,-1,420,420,,429058,0,0,development,1024,accepted,resolved_negative_ch1_ch2_coincidence,not_detected_above_threshold,prompt_12_no_resolved_3,209.18,1454.1599999999999,candidate,compatible_secondary_identity_unconfirmed,1,0,0,unavailable_acquisition_selected_ch2,not_validated,-7.1,18.45837,83.062665,0.0,,48.0,161.3,-8.05,18.087719999999997,81.39473999999998,0.0,,54.45,95.25,-8.2,15.270779999999997,80.0,0.0,,42.400000000000006,91.5,429058,430081,1e625e4bef539f6e48e76d9bbd5ef0a95be027551617ddeab150e3ef49fbcdad,,,curated_decay_upload; acquisition run/time and selection unknown,not_confirmed,unique_eligible_for_separate_review
Datos/Med_con_Decaimientos/decaimientos.txt::block421::event421,Datos/Med_con_Decaimientos/decaimientos.txt,upload_decaimientos_sin_fecha,-1,421,421,,430082,0,0,development,1024,accepted,resolved_negative_ch1_ch2_coincidence,not_detected_above_threshold,prompt_12_no_resolved_3,202.539,1460.801,candidate,compatible_secondary_identity_unconfirmed,1,1,0,unavailable_acquisition_selected_ch2,not_validated,-6.2,16.23447,80.0,0.0,,46.800000000000004,179.5,-6.4,19.940969999999997,89.73436499999998,0.0,,44.8,366.6,-7.5,18.68076,84.06342,0.0,,41.8,46.2,430082,431105,ec2d04b485c4c75c18b172aa5cec8feed36521dd09a3d9f711c730fcf44d807f,,,curated_decay_upload; acquisition run/time and selection unknown,not_confirmed,unique_eligible_for_separate_review
Datos/Med_con_Decaimientos/decaimientos.txt::block422::event422,Datos/Med_con_Decaimientos/decaimientos.txt,upload_decaimientos_sin_fecha,-1,422,422,,431106,0,0,development,1024,accepted,resolved_negative_ch1_ch2_coincidence,detected,prompt_123,207.52,1455.82,ambiguous,review_delayed_group_reasons,0,1,0,unavailable_acquisition_selected_ch2,not_validated,-7.1,15.344909999999999,80.0,0.0,,44.0,151.3,-7.0,18.97728,85.39776,0.0,,45.6,193.3,-7.8,14.232959999999999,80.0,0.0,,37.199999999999996,128.6,431106,432129,2fbd5d2fda4a85c9cf2b3fee092bd3da9f53273445bd37dc47e616c461184ab8,,,curated_decay_upload; acquisition run/time and selection unknown,not_confirmed,unique_eligible_for_separate_review
Datos/Med_con_Decaimientos/decaimientos.txt::block423::event423,Datos/Med_con_Decaimientos/decaimientos.txt,upload_decaimientos_sin_fecha,-1,423,423,,432130,0,0,evaluation,1024,accepted,resolved_negative_ch1_ch2_coincidence,not_detected_above_threshold,prompt_12_no_resolved_3,214.16,1449.1799999999998,candidate,compatible_secondary_identity_unconfirmed,1,0,0,unavailable_acquisition_selected_ch2,not_validated,-5.95,18.161849999999998,81.72832499999998,0.0,,45.45,251.65000000000003,-7.15,18.5325,83.39625,0.0,,43.55,282.15000000000003,-7.7,13.491660000000001,80.0,0.0,,35.1,94.0,432130,433153,7b8084b13434e74e990860b42c2fbcba40aa8bf31dd8808e107bdfd339a64fb9,,,curated_decay_upload; acquisition run/time and selection unknown,not_confirmed,unique_eligible_for_separate_review
Datos/Med_con_Decaimientos/decaimientos.txt::block424::event424,Datos/Med_con_Decaimientos/decaimientos.txt,upload_decaimientos_sin_fecha,-1,424,424,,433154,0,0,evaluation,1024,accepted,resolved_negative_ch1_ch2_coincidence,detected,prompt_123,220.801,1442.539,ambiguous,review_delayed_group_reasons,0,1,0,unavailable_acquisition_selected_ch2,not_validated,-6.6,18.5325,83.39625,0.0,,50.7,157.0,-7.0,18.75489,84.397005,0.0,,57.7,278.7,-7.3,14.825999999999999,80.0,0.0,,39.8,171.79999999999998,433154,434177,a9c5de1265feb59474747de5731515dde36cdb6fd9c7def5eb20a9abaa636c41,,,curated_decay_upload; acquisition run/time and selection unknown,not_confirmed,unique_eligible_for_separate_review
Datos/Med_con_Decaimientos/decaimientos.txt::block425::event425,Datos/Med_con_Decaimientos/decaimientos.txt,upload_decaimientos_sin_fecha,-1,425,425,,434178,0,0,development,1024,accepted,resolved_negative_ch1_ch2_coincidence,not_detected_above_threshold,prompt_12_no_resolved_3,209.18,1454.1599999999999,candidate,compatible_secondary_identity_unconfirmed,1,0,1,unavailable_acquisition_selected_ch2,not_validated,-7.1,14.381219999999999,80.0,0.0,,49.4,220.0,-7.0,17.93946,80.72757,0.0,,54.9,372.8,-6.6,15.715559999999998,80.0,0.0,,41.1,44.9,434178,435201,8b144c4630fe1ea5975f0c90d885cd40121cfe69414c92ecdede3f07c370bd5b,,,curated_decay_upload; acquisition run/time and selection unknown,not_confirmed,unique_eligible_for_separate_review
Datos/Med_con_Decaimientos/decaimientos.txt::block426::event426,Datos/Med_con_Decaimientos/decaimientos.txt,upload_decaimientos_sin_fecha,-1,426,426,,435202,0,0,development,1024,accepted,resolved_negative_ch1_ch2_coincidence,detected,prompt_123,209.18,1454.1599999999999,ambiguous,review_delayed_group_reasons,0,2,0,unavailable_acquisition_selected_ch2,not_validated,-6.0,17.34642,80.0,0.0,,54.4,139.1,-6.8,19.273799999999998,86.73209999999999,0.0,,43.3,126.89999999999999,-8.0,15.27078,80.0,0.0,,40.7,153.6,435202,436225,318cb38f9d2205cf4b4dac94a989b3cb9fca7a63b8d559ccbe229b5abf736105,,,curated_decay_upload; acquisition run/time and selection unknown,not_confirmed,unique_eligible_for_separate_review
Datos/Med_con_Decaimientos/decaimientos.txt::block427::event427,Datos/Med_con_Decaimientos/decaimientos.txt,upload_decaimientos_sin_fecha,-1,427,427,,436226,0,0,evaluation,1024,accepted,resolved_negative_ch1_ch2_coincidence,not_detected_above_threshold,prompt_12_no_resolved_3,207.52,1455.82,ambiguous,review_delayed_group_reasons,0,1,0,unavailable_acquisition_selected_ch2,not_validated,-6.6,19.42206,87.39926999999999,0.0,,47.6,147.1,-8.45,19.199669999999998,86.39851499999999,0.0,,45.349999999999994,174.15,-8.6,17.049899999999997,80.0,0.0,,44.6,61.800000000000004,436226,437249,e24c315b880073af58e3bdf4fe9ec72854058346ddcc89450fa5fe12e2be1707,,,curated_decay_upload; acquisition run/time and selection unknown,not_confirmed,unique_eligible_for_separate_review
Datos/Med_con_Decaimientos/decaimientos.txt::block428::event428,Datos/Med_con_Decaimientos/decaimientos.txt,upload_decaimientos_sin_fecha,-1,428,428,,437250,0,0,development,1024,accepted,resolved_negative_ch1_ch2_coincidence,not_detected_above_threshold,prompt_12_no_resolved_3,214.16,1449.1799999999998,candidate,compatible_secondary_identity_unconfirmed,1,0,0,unavailable_acquisition_selected_ch2,not_validated,-6.8,15.715559999999996,80.0,0.0,,46.8,135.29999999999998,-5.7,17.7912,80.0604,0.0,,46.800000000000004,318.1,-9.05,14.97426,80.0,0.0,,44.75,41.650000000000006,437250,438273,26ba236322af06ff5b366d314116f87a84a1664625ccabfd115eea0f7afe627d,,,curated_decay_upload; acquisition run/time and selection unknown,not_confirmed,unique_eligible_for_separate_review
Datos/Med_con_Decaimientos/decaimientos.txt::block429::event429,Datos/Med_con_Decaimientos/decaimientos.txt,upload_decaimientos_sin_fecha,-1,429,429,,438274,0,0,development,1024,accepted,resolved_negative_ch1_ch2_coincidence,not_detected_above_threshold,prompt_12_no_resolved_3,217.48,1445.86,ambiguous,review_delayed_group_reasons,0,1,0,unavailable_acquisition_selected_ch2,not_validated,-6.35,16.38273,80.0,0.0,,48.550000000000004,146.95000000000002,-6.4,17.346420000000002,80.0,0.0,,43.6,206.29999999999998,-7.45,13.269269999999999,80.0,0.0,,42.150000000000006,111.64999999999999,438274,439297,47836b83ecb2ca9eaec539b3a18e4eb128029a9a3f87c9f2cccdab7844270993,,,curated_decay_upload; acquisition run/time and selection unknown,not_confirmed,unique_eligible_for_separate_review
Datos/Med_con_Decaimientos/decaimientos.txt::block430::event430,Datos/Med_con_Decaimientos/decaimientos.txt,upload_decaimientos_sin_fecha,-1,430,430,,439298,0,0,development,1024,accepted,resolved_negative_ch1_ch2_coincidence,detected,prompt_123,217.48,1445.86,ambiguous,review_delayed_group_reasons,0,1,0,unavailable_acquisition_selected_ch2,not_validated,-7.25,16.75338,80.0,0.0,,49.65,128.55,-7.0,17.19816,80.0,0.0,,46.7,120.0,-8.4,12.527969999999998,80.0,0.0,,38.2,229.29999999999998,439298,440321,d7004a553ad64e6075c01de76d87678233651a4a87b5399d4652af52775b8bcb,,,curated_decay_upload; acquisition run/time and selection unknown,not_confirmed,unique_eligible_for_separate_review
Datos/Med_con_Decaimientos/decaimientos.txt::block431::event431,Datos/Med_con_Decaimientos/decaimientos.txt,upload_decaimientos_sin_fecha,-1,431,431,,440322,0,0,development,1024,accepted,resolved_negative_ch1_ch2_coincidence,not_detected_above_threshold,prompt_12_no_resolved_3,219.141,1444.1989999999998,ambiguous,review_delayed_group_reasons,0,3,0,unavailable_acquisition_selected_ch2,not_validated,-6.3,17.049899999999997,80.0,0.0,,62.199999999999996,165.1,-7.4,17.19816,80.0,0.0,,62.4,289.70000000000005,-8.0,15.5673,80.0,0.0,,42.9,137.8,440322,441345,464b96d34c74d7c08d0e9d6d83b797b966f64caecb7bab4777f896cccd10ae37,,,curated_decay_upload; acquisition run/time and selection unknown,not_confirmed,unique_eligible_for_separate_review
Datos/Med_con_Decaimientos/decaimientos.txt::block432::event432,Datos/Med_con_Decaimientos/decaimientos.txt,upload_decaimientos_sin_fecha,-1,432,432,,441346,0,0,development,1024,accepted,resolved_negative_ch1_ch2_coincidence,detected,prompt_123,215.82,1447.52,ambiguous,review_delayed_group_reasons,0,3,1,unavailable_acquisition_selected_ch2,not_validated,-6.0,17.049899999999997,80.0,0.0,,48.2,154.1,-6.0,16.67925,80.0,0.0,,40.5,181.0,-8.2,15.419040000000003,80.0,0.0,,44.5,186.9,441346,442369,4c6bc67d83a49d01704a6316cfb9b1835580eb6eb3413d2d69dcc00d19d64e75,,,curated_decay_upload; acquisition run/time and selection unknown,not_confirmed,unique_eligible_for_separate_review
Datos/Med_con_Decaimientos/decaimientos.txt::block433::event433,Datos/Med_con_Decaimientos/decaimientos.txt,upload_decaimientos_sin_fecha,-1,433,433,,442370,0,0,development,1024,accepted,resolved_negative_ch1_ch2_coincidence,not_detected_above_threshold,prompt_12_no_resolved_3,219.141,1444.1989999999998,candidate,compatible_secondary_identity_unconfirmed,1,0,0,unavailable_acquisition_selected_ch2,not_validated,-6.75,18.45837,83.062665,0.0,,51.65,205.85,-7.8,16.901639999999997,80.0,0.0,,44.099999999999994,133.79999999999998,-8.05,13.862309999999995,80.0,0.0,,32.45,38.150000000000006,442370,443393,a7dbb9d0ea2c46ec9bd214f149efd0282e0836f6cc1ac5395bd7a9b17017e7eb,,,curated_decay_upload; acquisition run/time and selection unknown,not_confirmed,unique_eligible_for_separate_review
Datos/Med_con_Decaimientos/decaimientos.txt::block434::event434,Datos/Med_con_Decaimientos/decaimientos.txt,upload_decaimientos_sin_fecha,-1,434,434,,443394,0,0,evaluation,1024,accepted,resolved_negative_ch1_ch2_coincidence,not_detected_above_threshold,prompt_12_no_resolved_3,209.18,1454.1599999999999,candidate,compatible_secondary_identity_unconfirmed,1,0,0,unavailable_acquisition_selected_ch2,not_validated,-4.4,16.90164,80.0,0.0,,52.1,140.6,-5.5,18.68076,84.06342,0.0,,57.3,153.9,-6.4,16.01208,80.0,0.0,,41.9,39.0,443394,444417,e308875572419754f08e683284e6ae70f8e5da84385e3b5540165117cb0bae08,,,curated_decay_upload; acquisition run/time and selection unknown,not_confirmed,unique_eligible_for_separate_review
Datos/Med_con_Decaimientos/decaimientos.txt::block435::event435,Datos/Med_con_Decaimientos/decaimientos.txt,upload_decaimientos_sin_fecha,-1,435,435,,444418,0,0,evaluation,1024,accepted,resolved_negative_ch1_ch2_coincidence,not_detected_above_threshold,prompt_12_no_resolved_3,219.141,1444.1989999999998,ambiguous,review_delayed_group_reasons,0,1,0,unavailable_acquisition_selected_ch2,not_validated,-6.9,17.049899999999997,80.0,0.0,,43.5,181.0,-7.35,16.75338,80.0,0.0,,51.35,259.65,-8.0,12.37971,80.0,0.0,,40.9,32.3,444418,445441,309e836ae47c1a00d5ddfcbce3889557aad70721330d65eaac281dec139b0de1,,,curated_decay_upload; acquisition run/time and selection unknown,not_confirmed,unique_eligible_for_separate_review
Datos/Med_con_Decaimientos/decaimientos.txt::block436::event436,Datos/Med_con_Decaimientos/decaimientos.txt,upload_decaimientos_sin_fecha,-1,436,436,,445442,0,0,development,1024,accepted,resolved_negative_ch1_ch2_coincidence,not_detected_above_threshold,prompt_12_no_resolved_3,224.121,1439.2189999999998,candidate,compatible_secondary_identity_unconfirmed,1,0,0,unavailable_acquisition_selected_ch2,not_validated,-6.6,16.086209999999998,80.0,0.0,,47.4,189.3,-7.7,17.7912,80.0604,0.0,,62.400000000000006,243.9,-7.199999999999999,18.829019999999996,84.73058999999998,0.0,,38.5,49.599999999999994,445442,446465,3b906939f0af2ee48547c92ce35363c21cf1bcc07a9ef89088bfdbcf180fa1f4,,,curated_decay_upload; acquisition run/time and selection unknown,not_confirmed,unique_eligible_for_separate_review
Datos/Med_con_Decaimientos/decaimientos.txt::block437::event437,Datos/Med_con_Decaimientos/decaimientos.txt,upload_decaimientos_sin_fecha,-1,437,437,,446466,0,0,development,1024,accepted,resolved_negative_ch1_ch2_coincidence,detected,prompt_123,204.199,1459.1409999999998,ambiguous,review_delayed_group_reasons,0,2,1,unavailable_acquisition_selected_ch2,not_validated,-6.6,17.49468,80.0,0.0,,45.5,182.8,-7.7,15.715559999999998,80.0,0.0,,48.900000000000006,259.40000000000003,-7.75,15.493169999999997,80.0,0.0,,35.55,82.35,446466,447489,e4db478a9cafa8c18bc83b34832028a8d977e3a0c0d4e8b38b3fcc77c7a5e5e7,,,curated_decay_upload; acquisition run/time and selection unknown,not_confirmed,unique_eligible_for_separate_review
Datos/Med_con_Decaimientos/decaimientos.txt::block438::event438,Datos/Med_con_Decaimientos/decaimientos.txt,upload_decaimientos_sin_fecha,-1,438,438,,447490,0,0,evaluation,1024,accepted,resolved_negative_ch1_ch2_coincidence,not_detected_above_threshold,prompt_12_no_resolved_3,204.199,1459.1409999999998,candidate,compatible_secondary_identity_unconfirmed,1,0,0,unavailable_acquisition_selected_ch2,not_validated,-7.3,18.829019999999996,84.73058999999998,0.0,,39.599999999999994,164.79999999999998,-8.0,20.60814,92.73662999999999,0.0,,58.7,247.5,-7.55,15.64143,80.0,0.0,,37.35,37.75,447490,448513,2ac2ddc0ffec5d184eb5397ae0165783b86578bf1778374060a2edbba4aea4cc,,,curated_decay_upload; acquisition run/time and selection unknown,not_confirmed,unique_eligible_for_separate_review
Datos/Med_con_Decaimientos/decaimientos.txt::block439::event439,Datos/Med_con_Decaimientos/decaimientos.txt,upload_decaimientos_sin_fecha,-1,439,439,,448514,0,0,development,1024,accepted,resolved_negative_ch1_ch2_coincidence,detected,prompt_123,214.16,1449.1799999999998,ambiguous,review_delayed_group_reasons,0,1,0,unavailable_acquisition_selected_ch2,not_validated,-6.8,16.901639999999997,80.0,0.0,,47.599999999999994,183.6,-6.3,18.754889999999996,84.39700499999998,0.0,,47.9,290.2,-8.1,11.267759999999999,80.0,0.0,,37.0,236.20000000000002,448514,449537,5acc21cea16f40aef864fb40df774d9e6cb350b0699f6412ea149e6908f19c34,,,curated_decay_upload; acquisition run/time and selection unknown,not_confirmed,unique_eligible_for_separate_review
Datos/Med_con_Decaimientos/decaimientos.txt::block440::event440,Datos/Med_con_Decaimientos/decaimientos.txt,upload_decaimientos_sin_fecha,-1,440,440,,449538,0,0,development,1024,accepted,resolved_negative_ch1_ch2_coincidence,not_detected_above_threshold,prompt_12_no_resolved_3,214.16,1449.1799999999998,ambiguous,review_delayed_group_reasons,0,2,0,unavailable_acquisition_selected_ch2,not_validated,-6.75,16.975769999999997,80.0,0.0,,52.05,270.55,-8.25,18.161849999999998,81.72832499999998,0.0,,43.95,160.05,-8.25,13.121010000000002,80.0,0.0,,41.05,30.65,449538,450561,8e539960871bb7ba2bdbdc0cf421c17195a6aa82f269d4b728600d16eceff82e,,,curated_decay_upload; acquisition run/time and selection unknown,not_confirmed,unique_eligible_for_separate_review
Datos/Med_con_Decaimientos/decaimientos.txt::block441::event441,Datos/Med_con_Decaimientos/decaimientos.txt,upload_decaimientos_sin_fecha,-1,441,441,,450562,0,0,development,1024,accepted,resolved_negative_ch1_ch2_coincidence,not_detected_above_threshold,prompt_12_no_resolved_3,215.82,1447.52,ambiguous,review_delayed_group_reasons,0,1,0,unavailable_acquisition_selected_ch2,not_validated,-6.8,17.56881,80.0,0.0,,46.099999999999994,232.5,-8.1,19.273799999999998,86.73209999999999,0.0,,49.800000000000004,272.4,-8.1,13.862309999999999,80.0,0.0,,41.2,32.5,450562,451585,1998fc411254dd2ae8da378870301a2000b22d789ed933ccc1746f7aca61a54e,,,curated_decay_upload; acquisition run/time and selection unknown,not_confirmed,unique_eligible_for_separate_review
Datos/Med_con_Decaimientos/decaimientos.txt::block442::event442,Datos/Med_con_Decaimientos/decaimientos.txt,upload_decaimientos_sin_fecha,-1,442,442,,451586,0,0,evaluation,1024,ambiguous,pulse_clipping,ambiguous,prompt_12_uncertain_3,182.617,1480.723,not_evaluable,initial_coincidence_ambiguous,0,9,0,unavailable_acquisition_selected_ch2,not_validated,-5.4,17.71707,80.0,0.0,,52.1,494.5,-6.1,19.940969999999997,89.73436499999998,0.0,,46.800000000000004,493.79999999999995,-5.3,12.45384,80.0,0.0,,37.8,494.59999999999997,451586,452609,5461d4ad380b023c4c5034dd1d6c19c46231d2572511955ed552b51471c9db3e,,,curated_decay_upload; acquisition run/time and selection unknown,not_confirmed,unique_eligible_for_separate_review
Datos/Med_con_Decaimientos/decaimientos.txt::block443::event443,Datos/Med_con_Decaimientos/decaimientos.txt,upload_decaimientos_sin_fecha,-1,443,443,,452610,0,0,development,1024,accepted,resolved_negative_ch1_ch2_coincidence,not_detected_above_threshold,prompt_12_no_resolved_3,207.52,1455.82,candidate,compatible_secondary_identity_unconfirmed,1,3,0,unavailable_acquisition_selected_ch2,not_validated,-6.65,14.30709,80.0,0.0,,65.25,230.04999999999998,-7.1,18.087719999999997,81.39473999999998,0.0,,51.800000000000004,274.4,-8.1,12.45384,80.0,0.0,,49.7,101.30000000000001,452610,453633,c6b8e381a2740935d44828e80ff135a600aae34d057765e1c392e14090ac2be6,,,curated_decay_upload; acquisition run/time and selection unknown,not_confirmed,unique_eligible_for_separate_review
Datos/Med_con_Decaimientos/decaimientos.txt::block444::event444,Datos/Med_con_Decaimientos/decaimientos.txt,upload_decaimientos_sin_fecha,-1,444,444,,453634,0,0,development,1024,accepted,resolved_negative_ch1_ch2_coincidence,not_detected_above_threshold,prompt_12_no_resolved_3,212.5,1450.84,ambiguous,review_delayed_group_reasons,0,1,0,unavailable_acquisition_selected_ch2,not_validated,-5.8,18.5325,83.39625,0.0,,45.199999999999996,124.39999999999999,-6.3,20.237489999999998,91.068705,0.0,,50.099999999999994,142.6,-8.5,10.97124,80.0,0.0,,34.1,96.1,453634,454657,5bbdf487d4061cc41a57e9b969f2471cd7ea1e87e1be4f994d9e14dc8a8a00e9,,,curated_decay_upload; acquisition run/time and selection unknown,not_confirmed,unique_eligible_for_separate_review
Datos/Med_con_Decaimientos/decaimientos.txt::block445::event445,Datos/Med_con_Decaimientos/decaimientos.txt,upload_decaimientos_sin_fecha,-1,445,445,,454658,0,0,development,1024,accepted,resolved_negative_ch1_ch2_coincidence,not_detected_above_threshold,prompt_12_no_resolved_3,214.16,1449.1799999999998,candidate,compatible_secondary_identity_unconfirmed,1,0,0,unavailable_acquisition_selected_ch2,not_validated,-7.2,17.19816,80.0,0.0,,47.400000000000006,254.7,-6.7,18.829019999999996,84.73058999999998,0.0,,55.300000000000004,401.6,-7.6,15.419039999999997,80.0,0.0,,39.4,36.699999999999996,454658,455681,1113e67de301b58719ba1e12718363133c49ca7d572cd17417d2e276e75be10f,,,curated_decay_upload; acquisition run/time and selection unknown,not_confirmed,unique_eligible_for_separate_review
Datos/Med_con_Decaimientos/decaimientos.txt::block446::event446,Datos/Med_con_Decaimientos/decaimientos.txt,upload_decaimientos_sin_fecha,-1,446,446,,455682,0,0,development,1024,accepted,resolved_negative_ch1_ch2_coincidence,not_detected_above_threshold,prompt_12_no_resolved_3,210.84,1452.5,candidate,compatible_secondary_identity_unconfirmed,1,0,0,unavailable_acquisition_selected_ch2,not_validated,-6.6,18.60663,83.729835,0.0,,62.5,146.8,-6.3,18.829019999999996,84.73058999999998,0.0,,55.8,143.39999999999998,-8.5,18.38424,82.72908,0.0,,48.0,110.1,455682,456705,ea596ce36a5a882dc7817950e8babb9ab67be05fa12b5490daeacd939471513d,,,curated_decay_upload; acquisition run/time and selection unknown,not_confirmed,unique_eligible_for_separate_review
Datos/Med_con_Decaimientos/decaimientos.txt::block447::event447,Datos/Med_con_Decaimientos/decaimientos.txt,upload_decaimientos_sin_fecha,-1,447,447,,456706,0,0,development,1024,accepted,resolved_negative_ch1_ch2_coincidence,detected,prompt_123,210.84,1452.5,ambiguous,review_delayed_group_reasons,0,3,0,unavailable_acquisition_selected_ch2,not_validated,-6.85,15.048389999999998,80.0,0.0,,52.65,138.65,-6.6,18.97728,85.39776,0.0,,54.5,208.4,-7.6,15.863819999999999,80.0,0.0,,37.9,129.4,456706,457729,d5c2f223c1269f31d8f9298edb9aa9d79d8990af01224ea9a0e9d25e25d60b39,,,curated_decay_upload; acquisition run/time and selection unknown,not_confirmed,unique_eligible_for_separate_review
Datos/Med_con_Decaimientos/decaimientos.txt::block448::event448,Datos/Med_con_Decaimientos/decaimientos.txt,upload_decaimientos_sin_fecha,-1,448,448,,457730,0,0,development,1024,accepted,resolved_negative_ch1_ch2_coincidence,not_detected_above_threshold,prompt_12_no_resolved_3,224.121,1439.2189999999998,no_secondary_above_threshold,absence_is_not_no_decay,0,0,0,unavailable_acquisition_selected_ch2,not_validated,-7.15,18.60663,83.729835,0.0,,43.05,157.35,-8.2,15.715560000000002,80.0,0.0,,50.5,220.8,-7.15,12.67623,80.0,0.0,,30.85,33.550000000000004,457730,458753,217dd32325f2f0e165567d04c8ff1389b8bc0b272079cae4495c707396c4e784,,,curated_decay_upload; acquisition run/time and selection unknown,not_confirmed,unique_eligible_for_separate_review
Datos/Med_con_Decaimientos/decaimientos.txt::block449::event449,Datos/Med_con_Decaimientos/decaimientos.txt,upload_decaimientos_sin_fecha,-1,449,449,,458754,0,0,development,1024,accepted,resolved_negative_ch1_ch2_coincidence,not_detected_above_threshold,prompt_12_no_resolved_3,204.199,1459.1409999999998,candidate,compatible_secondary_identity_unconfirmed,1,2,0,unavailable_acquisition_selected_ch2,not_validated,-6.5,18.310109999999998,82.395495,0.0,,40.8,198.3,-7.3,15.715559999999998,80.0,0.0,,57.199999999999996,327.5,-7.8,15.122519999999998,80.0,0.0,,32.5,41.400000000000006,458754,459777,fca847d2119802ed1ea70fd28b9d49a55ff496f6ef77e263562a63eca67fb57c,,,curated_decay_upload; acquisition run/time and selection unknown,not_confirmed,unique_eligible_for_separate_review
Datos/Med_con_Decaimientos/decaimientos.txt::block450::event450,Datos/Med_con_Decaimientos/decaimientos.txt,upload_decaimientos_sin_fecha,-1,450,450,,459778,0,0,evaluation,1024,accepted,resolved_negative_ch1_ch2_coincidence,not_detected_above_threshold,prompt_12_no_resolved_3,209.18,1454.1599999999999,ambiguous,review_delayed_group_reasons,0,1,0,unavailable_acquisition_selected_ch2,not_validated,-7.2,18.23598,82.06191000000001,0.0,,48.6,201.10000000000002,-7.35,17.049899999999997,80.0,0.0,,50.75,160.15,-8.350000000000001,12.527970000000002,80.0,0.0,,31.75,100.55000000000001,459778,460801,c7e0c8e4d2519edc3eea35c331e2ec85cefe0bb3e3b15481306528818b6a7bb1,,,curated_decay_upload; acquisition run/time and selection unknown,not_confirmed,unique_eligible_for_separate_review
Datos/Med_con_Decaimientos/decaimientos.txt::block451::event451,Datos/Med_con_Decaimientos/decaimientos.txt,upload_decaimientos_sin_fecha,-1,451,451,,460802,0,0,evaluation,1024,accepted,resolved_negative_ch1_ch2_coincidence,not_detected_above_threshold,prompt_12_no_resolved_3,219.141,1444.1989999999998,candidate,compatible_secondary_identity_unconfirmed,1,1,1,unavailable_acquisition_selected_ch2,not_validated,-7.1,16.530989999999996,80.0,0.0,,54.6,188.1,-7.45,17.42055,80.0,0.0,,48.650000000000006,288.45,-8.0,14.974260000000001,80.0,0.0,,34.1,38.9,460802,461825,56478401256e5528c6fadd960c069d75fd756ce20cf89a5f7e826f1cba99d8cf,,,curated_decay_upload; acquisition run/time and selection unknown,not_confirmed,unique_eligible_for_separate_review
Datos/Med_con_Decaimientos/decaimientos.txt::block452::event452,Datos/Med_con_Decaimientos/decaimientos.txt,upload_decaimientos_sin_fecha,-1,452,452,,461826,0,0,development,1024,accepted,resolved_negative_ch1_ch2_coincidence,not_detected_above_threshold,prompt_12_no_resolved_3,210.84,1452.5,candidate,compatible_secondary_identity_unconfirmed,1,1,0,unavailable_acquisition_selected_ch2,not_validated,-7.3,16.160339999999998,80.0,0.0,,55.5,154.0,-8.6,17.346420000000002,80.0,0.0,,58.300000000000004,139.8,-8.3,15.419039999999997,80.0,0.0,,43.099999999999994,39.099999999999994,461826,462849,bfbb76b9c7fd5c538f07bc143f93d38b54cec288381903bca8e02bd70bc9d379,,,curated_decay_upload; acquisition run/time and selection unknown,not_confirmed,unique_eligible_for_separate_review
Datos/Med_con_Decaimientos/decaimientos.txt::block453::event453,Datos/Med_con_Decaimientos/decaimientos.txt,upload_decaimientos_sin_fecha,-1,453,453,,462850,0,0,development,1024,accepted,resolved_negative_ch1_ch2_coincidence,not_detected_above_threshold,prompt_12_no_resolved_3,214.16,1449.1799999999998,candidate,compatible_secondary_identity_unconfirmed,1,0,0,unavailable_acquisition_selected_ch2,not_validated,-7.05,19.34793,87.065685,0.0,,41.449999999999996,182.75,-6.6,17.939459999999997,80.72756999999999,0.0,,48.1,217.3,-8.5,12.6021,80.0,0.0,,39.6,35.6,462850,463873,1d36f26bdc6cb41a2da3ea0806ce294914e947892405c513f305731e05141757,,,curated_decay_upload; acquisition run/time and selection unknown,not_confirmed,unique_eligible_for_separate_review
Datos/Med_con_Decaimientos/decaimientos.txt::block454::event454,Datos/Med_con_Decaimientos/decaimientos.txt,upload_decaimientos_sin_fecha,-1,454,454,,463874,0,0,evaluation,1024,accepted,resolved_negative_ch1_ch2_coincidence,not_detected_above_threshold,prompt_12_no_resolved_3,215.82,1447.52,candidate,compatible_secondary_identity_unconfirmed,1,1,0,unavailable_acquisition_selected_ch2,not_validated,-6.8,15.27078,80.0,0.0,,37.699999999999996,263.4,-7.3,15.715559999999998,80.0,0.0,,47.099999999999994,327.5,-8.75,16.975769999999997,80.0,0.0,,43.45,41.85,463874,464897,1dc11da578d3a477f838677550bf66d6ca2dab2bd3c789453d03a86f8017f1cf,,,curated_decay_upload; acquisition run/time and selection unknown,not_confirmed,unique_eligible_for_separate_review
Datos/Med_con_Decaimientos/decaimientos.txt::block455::event455,Datos/Med_con_Decaimientos/decaimientos.txt,upload_decaimientos_sin_fecha,-1,455,455,,464898,0,0,development,1024,accepted,resolved_negative_ch1_ch2_coincidence,not_detected_above_threshold,prompt_12_no_resolved_3,225.781,1437.559,candidate,compatible_secondary_identity_unconfirmed,1,3,0,unavailable_acquisition_selected_ch2,not_validated,-6.7,15.419040000000003,80.0,0.0,,71.7,155.70000000000002,-8.3,18.68076,84.06342,0.0,,58.3,204.7,-8.1,15.5673,80.0,0.0,,49.300000000000004,102.80000000000001,464898,465921,4fed88964c597ac4f7f72b7a8152290437b6d41b4bb6024084d2fb35cc2fba3c,,,curated_decay_upload; acquisition run/time and selection unknown,not_confirmed,unique_eligible_for_separate_review
Datos/Med_con_Decaimientos/decaimientos.txt::block456::event456,Datos/Med_con_Decaimientos/decaimientos.txt,upload_decaimientos_sin_fecha,-1,456,456,,465922,0,0,development,1024,accepted,resolved_negative_ch1_ch2_coincidence,not_detected_above_threshold,prompt_12_no_resolved_3,215.82,1447.52,candidate,compatible_secondary_identity_unconfirmed,1,0,0,unavailable_acquisition_selected_ch2,not_validated,-6.15,17.93946,80.72757,0.0,,46.55,141.95,-7.55,18.161849999999998,81.72832499999998,0.0,,53.25,116.85000000000001,-7.2,16.45686,80.0,0.0,,43.0,161.60000000000002,465922,466945,a30d895b6dad6baea208b2e84fe454f2a266c51f1081a3aa3631caefa1e0297b,,,curated_decay_upload; acquisition run/time and selection unknown,not_confirmed,unique_eligible_for_separate_review
Datos/Med_con_Decaimientos/decaimientos.txt::block457::event457,Datos/Med_con_Decaimientos/decaimientos.txt,upload_decaimientos_sin_fecha,-1,457,457,,466946,0,0,evaluation,1024,accepted,resolved_negative_ch1_ch2_coincidence,detected,prompt_123,212.5,1450.84,ambiguous,review_delayed_group_reasons,0,1,0,unavailable_acquisition_selected_ch2,not_validated,-6.7,19.273799999999998,86.73209999999999,0.0,,48.400000000000006,133.60000000000002,-7.4,17.198159999999998,80.0,0.0,,52.699999999999996,172.9,-7.6,16.3086,80.0,0.0,,40.800000000000004,151.6,466946,467969,081b1f82db324585c6503ab70750bf4f800894d53bed8a26baaba506098510bd,,,curated_decay_upload; acquisition run/time and selection unknown,not_confirmed,unique_eligible_for_separate_review
Datos/Med_con_Decaimientos/decaimientos.txt::block458::event458,Datos/Med_con_Decaimientos/decaimientos.txt,upload_decaimientos_sin_fecha,-1,458,458,,467970,0,0,development,1024,accepted,resolved_negative_ch1_ch2_coincidence,not_detected_above_threshold,prompt_12_no_resolved_3,209.18,1454.1599999999999,candidate,compatible_secondary_identity_unconfirmed,1,0,0,unavailable_acquisition_selected_ch2,not_validated,-6.5,18.23598,82.06191000000001,0.0,,54.3,338.7,-7.4,18.82902,84.73059,0.0,,47.8,136.9,-6.85,14.15883,80.0,0.0,,43.95,41.55,467970,468993,84dbd2a8cf9e8c6ea0867e8cdcac078d52516ea6eb94ed70dc0b5e7e8437b517,,,curated_decay_upload; acquisition run/time and selection unknown,not_confirmed,unique_eligible_for_separate_review
Datos/Med_con_Decaimientos/decaimientos.txt::block459::event459,Datos/Med_con_Decaimientos/decaimientos.txt,upload_decaimientos_sin_fecha,-1,459,459,,468994,0,0,development,1024,accepted,resolved_negative_ch1_ch2_coincidence,detected,prompt_123,210.84,1452.5,ambiguous,review_delayed_group_reasons,0,1,0,unavailable_acquisition_selected_ch2,not_validated,-6.2,17.568810000000003,80.0,0.0,,48.1,146.60000000000002,-9.2,18.161849999999998,81.72832499999998,0.0,,50.5,108.39999999999999,-8.05,12.67623,80.0,0.0,,44.349999999999994,157.45,468994,470017,1b23740ceca48fcdf2ddfa06d501cc0dab40cd734ad9db57aef26794d56c21f1,,,curated_decay_upload; acquisition run/time and selection unknown,not_confirmed,unique_eligible_for_separate_review
Datos/Med_con_Decaimientos/decaimientos.txt::block460::event460,Datos/Med_con_Decaimientos/decaimientos.txt,upload_decaimientos_sin_fecha,-1,460,460,,470018,0,0,development,1024,accepted,resolved_negative_ch1_ch2_coincidence,not_detected_above_threshold,prompt_12_no_resolved_3,214.16,1449.1799999999998,candidate,compatible_secondary_identity_unconfirmed,1,0,2,unavailable_acquisition_selected_ch2,not_validated,-6.55,17.568809999999996,80.0,0.0,,57.65,149.14999999999998,-8.6,18.08772,81.39474,0.0,,57.7,136.0,-8.149999999999999,12.45384,80.0,0.0,,40.25,37.45,470018,471041,7bfa7af1a4acf3647cf2287939e31912c156f17094aee0e39ac891407053a68c,,,curated_decay_upload; acquisition run/time and selection unknown,not_confirmed,unique_eligible_for_separate_review
Datos/Med_con_Decaimientos/decaimientos.txt::block461::event461,Datos/Med_con_Decaimientos/decaimientos.txt,upload_decaimientos_sin_fecha,-1,461,461,,471042,0,0,development,1024,accepted,resolved_negative_ch1_ch2_coincidence,not_detected_above_threshold,prompt_12_no_resolved_3,222.461,1440.879,candidate,compatible_secondary_identity_unconfirmed,1,1,2,unavailable_acquisition_selected_ch2,not_validated,-7.4,18.68076,84.06342,0.0,,63.699999999999996,161.29999999999998,-7.1,16.90164,80.0,0.0,,56.800000000000004,245.9,-7.3,13.93644,80.0,0.0,,41.099999999999994,162.39999999999998,471042,472065,2e27b6a8809da86dd16ca72d1b8dbc78f23a400351d5c7e5d2865bf366563691,,,curated_decay_upload; acquisition run/time and selection unknown,not_confirmed,unique_eligible_for_separate_review
Datos/Med_con_Decaimientos/decaimientos.txt::block462::event462,Datos/Med_con_Decaimientos/decaimientos.txt,upload_decaimientos_sin_fecha,-1,462,462,,472066,0,0,evaluation,1024,accepted,resolved_negative_ch1_ch2_coincidence,not_detected_above_threshold,prompt_12_no_resolved_3,210.84,1452.5,candidate,compatible_secondary_identity_unconfirmed,1,0,0,unavailable_acquisition_selected_ch2,not_validated,-6.75,17.568810000000003,80.0,0.0,,54.45,138.45,-7.1,17.642939999999996,80.0,0.0,,43.0,221.70000000000002,-8.3,14.974259999999996,80.0,0.0,,39.5,36.900000000000006,472066,473089,f95a22ccaea36c1387fbd37b0182cdbadf703dad70123829910d55abbde3226f,,,curated_decay_upload; acquisition run/time and selection unknown,not_confirmed,unique_eligible_for_separate_review
Datos/Med_con_Decaimientos/decaimientos.txt::block463::event463,Datos/Med_con_Decaimientos/decaimientos.txt,upload_decaimientos_sin_fecha,-1,463,463,,473090,0,0,development,1024,accepted,resolved_negative_ch1_ch2_coincidence,detected,prompt_123,220.801,1442.539,ambiguous,review_delayed_group_reasons,0,2,1,unavailable_acquisition_selected_ch2,not_validated,-6.7,13.93644,80.0,0.0,,54.7,240.60000000000002,-9.0,16.38273,80.0,0.0,,53.8,320.8,-8.149999999999999,16.012079999999997,80.0,0.0,,45.05,258.85,473090,474113,6937854cf7c81aba890ec92f100a922dfa4f35312b2d63b863cc9e78b1111293,,,curated_decay_upload; acquisition run/time and selection unknown,not_confirmed,unique_eligible_for_separate_review
Datos/Med_con_Decaimientos/decaimientos.txt::block464::event464,Datos/Med_con_Decaimientos/decaimientos.txt,upload_decaimientos_sin_fecha,-1,464,464,,474114,0,0,development,1024,accepted,resolved_negative_ch1_ch2_coincidence,not_detected_above_threshold,prompt_12_no_resolved_3,217.48,1445.86,candidate,compatible_secondary_identity_unconfirmed,1,0,1,unavailable_acquisition_selected_ch2,not_validated,-6.5,16.60512,80.0,0.0,,51.0,199.2,-6.9,15.27078,80.0,0.0,,47.6,312.3,-7.5,14.30709,80.0,0.0,,37.3,37.5,474114,475137,edfd13d88a83e783c3fb55c87cdd73cdb01dfd73618200f9ce38905e7261f306,,,curated_decay_upload; acquisition run/time and selection unknown,not_confirmed,unique_eligible_for_separate_review
Datos/Med_con_Decaimientos/decaimientos.txt::block465::event465,Datos/Med_con_Decaimientos/decaimientos.txt,upload_decaimientos_sin_fecha,-1,465,465,,475138,0,0,development,1024,accepted,resolved_negative_ch1_ch2_coincidence,ambiguous,prompt_12_uncertain_3,210.84,1452.5,ambiguous,review_delayed_group_reasons,0,1,0,unavailable_acquisition_selected_ch2,not_validated,-6.75,16.01208,80.0,0.0,,43.95,141.75,-6.55,16.234469999999998,80.0,0.0,,49.849999999999994,97.25,-9.3,16.3086,80.0,0.0,,48.8,117.3,475138,476161,d99138ce9ad5daca10846129f9d9a9c776ca7b21256abae09f01a95aa8c21ff9,,,curated_decay_upload; acquisition run/time and selection unknown,not_confirmed,unique_eligible_for_separate_review
Datos/Med_con_Decaimientos/decaimientos.txt::block466::event466,Datos/Med_con_Decaimientos/decaimientos.txt,upload_decaimientos_sin_fecha,-1,466,466,,476162,0,0,development,1024,ambiguous,pulse_clipping,not_detected_above_threshold,prompt_12_no_resolved_3,200.879,1462.461,not_evaluable,initial_coincidence_ambiguous,0,1,0,unavailable_acquisition_selected_ch2,not_validated,-5.800000000000001,15.5673,80.0,0.0,,47.0,320.8,-7.6,16.3086,80.0,0.0,,49.6,492.29999999999995,-8.0,18.68076,84.06342,0.0,,45.9,46.1,476162,477185,c811474215eceb7a7e80a9686a77b61abe732d0a549f0fa310580fec07913ecc,,,curated_decay_upload; acquisition run/time and selection unknown,not_confirmed,unique_eligible_for_separate_review
Datos/Med_con_Decaimientos/decaimientos.txt::block467::event467,Datos/Med_con_Decaimientos/decaimientos.txt,upload_decaimientos_sin_fecha,-1,467,467,,477186,0,0,evaluation,1024,accepted,resolved_negative_ch1_ch2_coincidence,not_detected_above_threshold,prompt_12_no_resolved_3,205.859,1457.481,candidate,compatible_secondary_identity_unconfirmed,1,3,0,unavailable_acquisition_selected_ch2,not_validated,-6.300000000000001,14.67774,80.0,0.0,,49.2,123.8,-6.95,15.64143,80.0,0.0,,40.75,105.45,-8.3,15.122520000000002,80.0,0.0,,41.8,132.5,477186,478209,12c1393b2987e8821c3b17024e82ef8062f4c64fbac88705ed84b0b7a8867b8f,,,curated_decay_upload; acquisition run/time and selection unknown,not_confirmed,unique_eligible_for_separate_review
Datos/Med_con_Decaimientos/decaimientos.txt::block468::event468,Datos/Med_con_Decaimientos/decaimientos.txt,upload_decaimientos_sin_fecha,-1,468,468,,478210,0,0,development,1024,accepted,resolved_negative_ch1_ch2_coincidence,not_detected_above_threshold,prompt_12_no_resolved_3,207.52,1455.82,candidate,compatible_secondary_identity_unconfirmed,1,0,2,unavailable_acquisition_selected_ch2,not_validated,-7.6,16.45686,80.0,0.0,,46.1,139.8,-6.65,14.455349999999996,80.0,0.0,,44.15,212.25,-7.8,13.936439999999997,80.0,0.0,,37.4,36.7,478210,479233,717cfdfdec9deffb0d4390a69f510809eb67058847f89cc53229fefcbf16868d,,,curated_decay_upload; acquisition run/time and selection unknown,not_confirmed,unique_eligible_for_separate_review
Datos/Med_con_Decaimientos/decaimientos.txt::block469::event469,Datos/Med_con_Decaimientos/decaimientos.txt,upload_decaimientos_sin_fecha,-1,469,469,,479234,0,0,development,1024,accepted,resolved_negative_ch1_ch2_coincidence,not_detected_above_threshold,prompt_12_no_resolved_3,202.539,1460.801,candidate,compatible_secondary_identity_unconfirmed,1,0,1,unavailable_acquisition_selected_ch2,not_validated,-6.75,16.975769999999997,80.0,0.0,,47.35,185.55,-7.8,17.198159999999998,80.0,0.0,,60.699999999999996,322.7,-8.5,17.049899999999997,80.0,0.0,,49.7,47.4,479234,480257,ffb0bb7e4e662b932432abaa00fe6b029a43f738638120d82301590edd671c72,,,curated_decay_upload; acquisition run/time and selection unknown,not_confirmed,unique_eligible_for_separate_review
Datos/Med_con_Decaimientos/decaimientos.txt::block470::event470,Datos/Med_con_Decaimientos/decaimientos.txt,upload_decaimientos_sin_fecha,-1,470,470,,480258,0,0,evaluation,1024,accepted,resolved_negative_ch1_ch2_coincidence,not_detected_above_threshold,prompt_12_no_resolved_3,207.52,1455.82,ambiguous,review_delayed_group_reasons,0,3,0,unavailable_acquisition_selected_ch2,not_validated,-7.2,15.419039999999999,80.0,0.0,,56.7,213.4,-8.2,16.086209999999998,80.0,0.0,,47.0,304.40000000000003,-8.0,12.157319999999999,80.0,0.0,,34.0,38.7,480258,481281,21d10b723c0b1bdda805be47254f1c8e4ba67d3a11d25ffcf1c7e09a5cac3dbd,,,curated_decay_upload; acquisition run/time and selection unknown,not_confirmed,unique_eligible_for_separate_review
Datos/Med_con_Decaimientos/decaimientos.txt::block471::event471,Datos/Med_con_Decaimientos/decaimientos.txt,upload_decaimientos_sin_fecha,-1,471,471,,481282,0,0,development,1024,accepted,resolved_negative_ch1_ch2_coincidence,not_detected_above_threshold,prompt_12_no_resolved_3,219.141,1444.1989999999998,candidate,compatible_secondary_identity_unconfirmed,1,0,1,unavailable_acquisition_selected_ch2,not_validated,-7.45,15.715560000000002,80.0,0.0,,48.45,138.55,-7.75,14.90013,80.0,0.0,,56.55,479.05,-8.0,15.863819999999999,80.0,0.0,,42.6,43.6,481282,482305,218b32cba6e860323fc9091df10d76c0712afca590de158c1c0c6a2c73291802,,,curated_decay_upload; acquisition run/time and selection unknown,not_confirmed,unique_eligible_for_separate_review
Datos/Med_con_Decaimientos/decaimientos.txt::block472::event472,Datos/Med_con_Decaimientos/decaimientos.txt,upload_decaimientos_sin_fecha,-1,472,472,,482306,0,0,development,1024,accepted,resolved_negative_ch1_ch2_coincidence,not_detected_above_threshold,prompt_12_no_resolved_3,220.801,1442.539,candidate,compatible_secondary_identity_unconfirmed,1,0,0,unavailable_acquisition_selected_ch2,not_validated,-6.6,17.198159999999998,80.0,0.0,,44.0,223.8,-6.85,17.12403,80.0,0.0,,43.25,249.35,-8.2,15.5673,80.0,0.0,,45.5,162.9,482306,483329,555f9dea9e8387e91160340c72dbf414257d97fbab0eefec54dcce096807646d,,,curated_decay_upload; acquisition run/time and selection unknown,not_confirmed,unique_eligible_for_separate_review
Datos/Med_con_Decaimientos/decaimientos.txt::block473::event473,Datos/Med_con_Decaimientos/decaimientos.txt,upload_decaimientos_sin_fecha,-1,473,473,,483330,0,0,development,1024,accepted,resolved_negative_ch1_ch2_coincidence,not_detected_above_threshold,prompt_12_no_resolved_3,205.859,1457.481,candidate,compatible_secondary_identity_unconfirmed,1,0,1,unavailable_acquisition_selected_ch2,not_validated,-5.65,17.56881,80.0,0.0,,41.15,175.65,-8.4,15.27078,80.0,0.0,,48.8,183.1,-7.8,14.677739999999996,80.0,0.0,,36.4,45.400000000000006,483330,484353,ae967e269708ed632df0e6f18111386506ca67330894f710f5f5913e696ac487,,,curated_decay_upload; acquisition run/time and selection unknown,not_confirmed,unique_eligible_for_separate_review
Datos/Med_con_Decaimientos/decaimientos.txt::block474::event474,Datos/Med_con_Decaimientos/decaimientos.txt,upload_decaimientos_sin_fecha,-1,474,474,,484354,0,0,evaluation,1024,accepted,resolved_negative_ch1_ch2_coincidence,not_detected_above_threshold,prompt_12_no_resolved_3,219.141,1444.1989999999998,candidate,compatible_secondary_identity_unconfirmed,1,0,0,unavailable_acquisition_selected_ch2,not_validated,-6.3,16.67925,80.0,0.0,,48.199999999999996,199.29999999999998,-7.0,14.381219999999999,80.0,0.0,,48.6,196.8,-7.85,13.56579,80.0,0.0,,38.75,36.05,484354,485377,8bb9e01617916eece8d7bf276d9eb20da20883be2a0091a8fae9e310fac4ce11,,,curated_decay_upload; acquisition run/time and selection unknown,not_confirmed,unique_eligible_for_separate_review
Datos/Med_con_Decaimientos/decaimientos.txt::block475::event475,Datos/Med_con_Decaimientos/decaimientos.txt,upload_decaimientos_sin_fecha,-1,475,475,,485378,0,0,evaluation,1024,accepted,resolved_negative_ch1_ch2_coincidence,not_detected_above_threshold,prompt_12_no_resolved_3,214.16,1449.1799999999998,ambiguous,review_delayed_group_reasons,0,1,2,unavailable_acquisition_selected_ch2,not_validated,-6.6,18.087719999999997,81.39473999999998,0.0,,51.7,170.70000000000002,-7.8,13.78818,80.0,0.0,,55.9,309.7,-8.0,15.27078,80.0,0.0,,50.1,36.8,485378,486401,818d926c48566cbd06ba7fedcf7a0f040fc78d79d6f330384cb9005c49f8394a,,,curated_decay_upload; acquisition run/time and selection unknown,not_confirmed,unique_eligible_for_separate_review
Datos/Med_con_Decaimientos/decaimientos.txt::block476::event476,Datos/Med_con_Decaimientos/decaimientos.txt,upload_decaimientos_sin_fecha,-1,476,476,,486402,0,0,development,1024,accepted,resolved_negative_ch1_ch2_coincidence,not_detected_above_threshold,prompt_12_no_resolved_3,215.82,1447.52,ambiguous,review_delayed_group_reasons,0,1,0,unavailable_acquisition_selected_ch2,not_validated,-6.6,17.049899999999997,80.0,0.0,,54.5,177.0,-6.5,18.829019999999996,84.73058999999998,0.0,,45.1,280.7,-7.8,12.6021,80.0,0.0,,39.1,39.0,486402,487425,3cbe9da4368e5cb31c9d0796e2b8cb03c74769b9795b813becff34a7b6d32ca9,,,curated_decay_upload; acquisition run/time and selection unknown,not_confirmed,unique_eligible_for_separate_review
Datos/Med_con_Decaimientos/decaimientos.txt::block477::event477,Datos/Med_con_Decaimientos/decaimientos.txt,upload_decaimientos_sin_fecha,-1,477,477,,487426,0,0,development,1024,accepted,resolved_negative_ch1_ch2_coincidence,detected,prompt_123,202.539,1460.801,ambiguous,review_delayed_group_reasons,0,1,0,unavailable_acquisition_selected_ch2,not_validated,-7.0,17.642939999999996,80.0,0.0,,48.4,174.5,-7.7,18.087719999999997,81.39473999999998,0.0,,38.4,257.90000000000003,-7.4,13.343399999999999,80.0,0.0,,34.0,101.0,487426,488449,4f33b5f13e032a61b70fc4f350df420760028ed8f71d3f00e4ccab38c1359a7f,,,curated_decay_upload; acquisition run/time and selection unknown,not_confirmed,unique_eligible_for_separate_review
Datos/Med_con_Decaimientos/decaimientos.txt::block478::event478,Datos/Med_con_Decaimientos/decaimientos.txt,upload_decaimientos_sin_fecha,-1,478,478,,488450,0,0,development,1024,accepted,resolved_negative_ch1_ch2_coincidence,not_detected_above_threshold,prompt_12_no_resolved_3,207.52,1455.82,candidate,compatible_secondary_identity_unconfirmed,1,2,1,unavailable_acquisition_selected_ch2,not_validated,-7.2,16.01208,80.0,0.0,,58.5,195.3,-7.7,15.715560000000002,80.0,0.0,,51.300000000000004,381.3,-7.4,12.45384,80.0,0.0,,35.5,47.1,488450,489473,32358055be1b81458d4a77d01c72894a46fd0a895694eef1132b07117a441833,,,curated_decay_upload; acquisition run/time and selection unknown,not_confirmed,unique_eligible_for_separate_review
Datos/Med_con_Decaimientos/decaimientos.txt::block479::event479,Datos/Med_con_Decaimientos/decaimientos.txt,upload_decaimientos_sin_fecha,-1,479,479,,489474,0,0,development,1024,accepted,resolved_negative_ch1_ch2_coincidence,not_detected_above_threshold,prompt_12_no_resolved_3,207.52,1455.82,candidate,compatible_secondary_identity_unconfirmed,1,1,0,unavailable_acquisition_selected_ch2,not_validated,-6.8,16.160339999999998,80.0,0.0,,42.4,135.89999999999998,-6.55,15.493169999999997,80.0,0.0,,40.75,156.14999999999998,-7.7,12.6021,80.0,0.0,,34.9,40.0,489474,490497,210b53aff6804989b58686e2b47411f3c9d23f67aeeccba0f312efe013953faf,,,curated_decay_upload; acquisition run/time and selection unknown,not_confirmed,unique_eligible_for_separate_review
Datos/Med_con_Decaimientos/decaimientos.txt::block480::event480,Datos/Med_con_Decaimientos/decaimientos.txt,upload_decaimientos_sin_fecha,-1,480,480,,490498,0,0,evaluation,1024,accepted,resolved_negative_ch1_ch2_coincidence,detected,prompt_123,209.18,1454.1599999999999,ambiguous,review_delayed_group_reasons,0,1,0,unavailable_acquisition_selected_ch2,not_validated,-6.2,17.49468,80.0,0.0,,50.300000000000004,200.70000000000002,-7.05,16.82751,80.0,0.0,,45.949999999999996,305.05,-8.4,14.825999999999997,80.0,0.0,,47.5,197.9,490498,491521,a2604312e963def803f901b73d4f7c6de8c25f03a792d438b9591f80756114d7,,,curated_decay_upload; acquisition run/time and selection unknown,not_confirmed,unique_eligible_for_separate_review
Datos/Med_con_Decaimientos/decaimientos.txt::block481::event481,Datos/Med_con_Decaimientos/decaimientos.txt,upload_decaimientos_sin_fecha,-1,481,481,,491522,0,0,development,1024,accepted,resolved_negative_ch1_ch2_coincidence,detected,prompt_123,204.199,1459.1409999999998,ambiguous,review_delayed_group_reasons,0,2,3,unavailable_acquisition_selected_ch2,not_validated,-7.5,15.27078,80.0,0.0,,49.5,191.5,-5.95,15.5673,80.0,0.0,,47.050000000000004,232.95000000000002,-8.149999999999999,16.086209999999998,80.0,0.0,,43.25,312.15000000000003,491522,492545,3ec426fb5ab95e5fe51cad1016af5b3076c7a118523bc8210c5cc45ab81835e5,,,curated_decay_upload; acquisition run/time and selection unknown,not_confirmed,unique_eligible_for_separate_review
Datos/Med_con_Decaimientos/decaimientos.txt::block482::event482,Datos/Med_con_Decaimientos/decaimientos.txt,upload_decaimientos_sin_fecha,-1,482,482,,492546,0,0,development,1024,accepted,resolved_negative_ch1_ch2_coincidence,ambiguous,prompt_12_uncertain_3,205.859,1457.481,ambiguous,review_delayed_group_reasons,0,1,0,unavailable_acquisition_selected_ch2,not_validated,-5.7,19.05141,85.731345,0.0,,47.6,281.90000000000003,-7.2,18.384240000000002,82.72908000000001,0.0,,45.300000000000004,356.2,-8.5,15.863819999999999,80.0,0.0,,39.1,184.7,492546,493569,8817b21a8ab5f125d61c43aad75fd4fda07812ae1fd973fc60f2745177470794,,,curated_decay_upload; acquisition run/time and selection unknown,not_confirmed,unique_eligible_for_separate_review
Datos/Med_con_Decaimientos/decaimientos.txt::block483::event483,Datos/Med_con_Decaimientos/decaimientos.txt,upload_decaimientos_sin_fecha,-1,483,483,,493570,0,0,evaluation,1024,accepted,resolved_negative_ch1_ch2_coincidence,not_detected_above_threshold,prompt_12_no_resolved_3,222.461,1440.879,candidate,compatible_secondary_identity_unconfirmed,1,0,1,unavailable_acquisition_selected_ch2,not_validated,-6.55,19.42206,87.39926999999999,0.0,,49.949999999999996,175.54999999999998,-7.0,15.863819999999999,80.0,0.0,,47.6,335.4,-9.05,13.788179999999997,80.0,0.0,,39.85,127.75000000000001,493570,494593,22ef9b7413ab05171e1ddb1cd669421b1f0f9d4a1475220f3aa24549bb15bd29,,,curated_decay_upload; acquisition run/time and selection unknown,not_confirmed,unique_eligible_for_separate_review
Datos/Med_con_Decaimientos/decaimientos.txt::block484::event484,Datos/Med_con_Decaimientos/decaimientos.txt,upload_decaimientos_sin_fecha,-1,484,484,,494594,0,0,development,1024,accepted,resolved_negative_ch1_ch2_coincidence,detected,prompt_123,210.84,1452.5,ambiguous,review_delayed_group_reasons,0,2,0,unavailable_acquisition_selected_ch2,not_validated,-7.3,15.937949999999999,80.0,0.0,,58.4,130.79999999999998,-6.7,15.715560000000002,80.0,0.0,,42.1,153.0,-8.649999999999999,14.307090000000002,80.0,0.0,,37.25,308.05,494594,495617,6bd10efa34c1754e3b9330d5eef881fbddf9332c1792738b9bff73d21d486e66,,,curated_decay_upload; acquisition run/time and selection unknown,not_confirmed,unique_eligible_for_separate_review
Datos/Med_con_Decaimientos/decaimientos.txt::block485::event485,Datos/Med_con_Decaimientos/decaimientos.txt,upload_decaimientos_sin_fecha,-1,485,485,,495618,0,0,development,1024,accepted,resolved_negative_ch1_ch2_coincidence,not_detected_above_threshold,prompt_12_no_resolved_3,220.801,1442.539,candidate,compatible_secondary_identity_unconfirmed,1,0,0,unavailable_acquisition_selected_ch2,not_validated,-6.55,18.754889999999996,84.39700499999998,0.0,,49.05,131.95,-5.6,16.753379999999996,80.0,0.0,,45.7,237.20000000000002,-8.2,17.7912,80.0604,0.0,,38.4,216.10000000000002,495618,496641,220feafeafa78575a286541198d29ac68b3b92c738ef9a6372fb78a0f59f8467,,,curated_decay_upload; acquisition run/time and selection unknown,not_confirmed,unique_eligible_for_separate_review
Datos/Med_con_Decaimientos/decaimientos.txt::block486::event486,Datos/Med_con_Decaimientos/decaimientos.txt,upload_decaimientos_sin_fecha,-1,486,486,,496642,0,0,development,1024,accepted,resolved_negative_ch1_ch2_coincidence,not_detected_above_threshold,prompt_12_no_resolved_3,210.84,1452.5,candidate,compatible_secondary_identity_unconfirmed,1,0,0,unavailable_acquisition_selected_ch2,not_validated,-6.75,15.19665,80.0,0.0,,42.25,180.35,-8.2,13.343399999999999,80.0,0.0,,39.3,226.8,-8.350000000000001,13.417529999999996,80.0,0.0,,36.95,37.25,496642,497665,4ffb24d4e188bc7b450087573baac982136c4a100869918feb9fcde0cf5f4a8b,,,curated_decay_upload; acquisition run/time and selection unknown,not_confirmed,unique_eligible_for_separate_review
Datos/Med_con_Decaimientos/decaimientos.txt::block487::event487,Datos/Med_con_Decaimientos/decaimientos.txt,upload_decaimientos_sin_fecha,-1,487,487,,497666,0,0,development,1024,accepted,resolved_negative_ch1_ch2_coincidence,detected,prompt_123,204.199,1459.1409999999998,ambiguous,review_delayed_group_reasons,0,2,2,unavailable_acquisition_selected_ch2,not_validated,-6.4,16.75338,80.0,0.0,,48.6,164.5,-7.2,14.751869999999998,80.0,0.0,,51.6,239.8,-7.5,10.97124,80.0,0.0,,43.4,267.9,497666,498689,63b73eae43931ce5b40aff77a99137f0c1fdbd9ba5ed399ffbfde0ce5a87a5f8,,,curated_decay_upload; acquisition run/time and selection unknown,not_confirmed,unique_eligible_for_separate_review
Datos/Med_con_Decaimientos/decaimientos.txt::block488::event488,Datos/Med_con_Decaimientos/decaimientos.txt,upload_decaimientos_sin_fecha,-1,488,488,,498690,0,0,evaluation,1024,accepted,resolved_negative_ch1_ch2_coincidence,detected,prompt_123,207.52,1455.82,ambiguous,review_delayed_group_reasons,0,1,1,unavailable_acquisition_selected_ch2,not_validated,-6.6,16.60512,80.0,0.0,,48.7,175.4,-6.6,16.90164,80.0,0.0,,45.9,209.1,-8.2,13.639919999999998,80.0,0.0,,39.9,211.5,498690,499713,b8e9eb319cac20556c5b3749d8108b13a3354be723de948b67143c36467fd6e2,,,curated_decay_upload; acquisition run/time and selection unknown,not_confirmed,unique_eligible_for_separate_review
Datos/Med_con_Decaimientos/decaimientos.txt::block489::event489,Datos/Med_con_Decaimientos/decaimientos.txt,upload_decaimientos_sin_fecha,-1,489,489,,499714,0,0,development,1024,accepted,resolved_negative_ch1_ch2_coincidence,not_detected_above_threshold,prompt_12_no_resolved_3,207.52,1455.82,candidate,compatible_secondary_identity_unconfirmed,1,0,0,unavailable_acquisition_selected_ch2,not_validated,-6.5,17.56881,80.0,0.0,,45.0,240.4,-8.55,14.45535,80.0,0.0,,45.75,423.95,-7.85,11.934929999999998,80.0,0.0,,37.25,38.05,499714,500737,b26e7bad72c75e63a2eb90d5e6a2f9fd0de340ca69dba0a8e7882c9ec3e29418,,,curated_decay_upload; acquisition run/time and selection unknown,not_confirmed,unique_eligible_for_separate_review
Datos/Med_con_Decaimientos/decaimientos.txt::block490::event490,Datos/Med_con_Decaimientos/decaimientos.txt,upload_decaimientos_sin_fecha,-1,490,490,,500738,0,0,development,1024,accepted,resolved_negative_ch1_ch2_coincidence,detected,prompt_123,210.84,1452.5,ambiguous,review_delayed_group_reasons,0,1,0,unavailable_acquisition_selected_ch2,not_validated,-7.55,15.937949999999999,80.0,0.0,,49.349999999999994,126.05,-6.6,15.863819999999999,80.0,0.0,,37.1,129.1,-8.350000000000001,12.08319,80.0,0.0,,35.150000000000006,206.35,500738,501761,09895e0e519a563a8f20c1f13a5f458acdcb1ee2f87ccde523641ef66f2f71e1,,,curated_decay_upload; acquisition run/time and selection unknown,not_confirmed,unique_eligible_for_separate_review
Datos/Med_con_Decaimientos/decaimientos.txt::block491::event491,Datos/Med_con_Decaimientos/decaimientos.txt,upload_decaimientos_sin_fecha,-1,491,491,,501762,0,0,development,1024,accepted,resolved_negative_ch1_ch2_coincidence,detected,prompt_123,214.16,1449.1799999999998,ambiguous,review_delayed_group_reasons,0,1,0,unavailable_acquisition_selected_ch2,not_validated,-6.75,18.310109999999998,82.395495,0.0,,40.05,133.05,-7.2,16.38273,80.0,0.0,,42.0,109.0,-8.0,14.603609999999998,80.0,0.0,,40.4,157.9,501762,502785,18e12d00009c4ebed66087f304ccbf7b6e1befc39adf98965ceaeb5ad5e7c370,,,curated_decay_upload; acquisition run/time and selection unknown,not_confirmed,unique_eligible_for_separate_review
Datos/Med_con_Decaimientos/decaimientos.txt::block492::event492,Datos/Med_con_Decaimientos/decaimientos.txt,upload_decaimientos_sin_fecha,-1,492,492,,502786,0,0,development,1024,accepted,resolved_negative_ch1_ch2_coincidence,not_detected_above_threshold,prompt_12_no_resolved_3,209.18,1454.1599999999999,candidate,compatible_secondary_identity_unconfirmed,1,0,0,unavailable_acquisition_selected_ch2,not_validated,-7.05,15.715559999999998,80.0,0.0,,45.15,161.95,-7.05,14.603609999999998,80.0,0.0,,42.849999999999994,151.85,-8.3,12.157319999999999,80.0,0.0,,33.6,36.099999999999994,502786,503809,8147c39f4bb9b5346f00caccc20dbad5a3838b5a29beff3a13bc960b73a87c8e,,,curated_decay_upload; acquisition run/time and selection unknown,not_confirmed,unique_eligible_for_separate_review
Datos/Med_con_Decaimientos/decaimientos.txt::block493::event493,Datos/Med_con_Decaimientos/decaimientos.txt,upload_decaimientos_sin_fecha,-1,493,493,,503810,0,0,development,1024,accepted,resolved_negative_ch1_ch2_coincidence,ambiguous,prompt_12_uncertain_3,204.199,1459.1409999999998,ambiguous,review_delayed_group_reasons,0,1,0,unavailable_acquisition_selected_ch2,not_validated,-6.4,16.75338,80.0,0.0,,41.9,131.7,-7.15,17.42055,80.0,0.0,,42.05,220.25,-8.4,17.7912,80.0604,0.0,,35.5,114.19999999999999,503810,504833,cff9d36c8b1a78f9455e5c5b24188b7a4b37e37c68c9e1913bb25c87ed359865,,,curated_decay_upload; acquisition run/time and selection unknown,not_confirmed,unique_eligible_for_separate_review
Datos/Med_con_Decaimientos/decaimientos.txt::block494::event494,Datos/Med_con_Decaimientos/decaimientos.txt,upload_decaimientos_sin_fecha,-1,494,494,,504834,0,0,development,1024,accepted,resolved_negative_ch1_ch2_coincidence,not_detected_above_threshold,prompt_12_no_resolved_3,209.18,1454.1599999999999,ambiguous,review_delayed_group_reasons,0,2,0,unavailable_acquisition_selected_ch2,not_validated,-6.35,16.38273,80.0,0.0,,48.35,159.15,-6.6,15.122520000000002,80.0,0.0,,40.7,400.09999999999997,-8.25,13.639919999999998,80.0,0.0,,41.35,39.25,504834,505857,4bd48451cf9af56b8227c9f81672c029f8052f9e805c55c991ee21077937fb04,,,curated_decay_upload; acquisition run/time and selection unknown,not_confirmed,unique_eligible_for_separate_review
Datos/Med_con_Decaimientos/decaimientos.txt::block495::event495,Datos/Med_con_Decaimientos/decaimientos.txt,upload_decaimientos_sin_fecha,-1,495,495,,505858,0,0,development,1024,accepted,resolved_negative_ch1_ch2_coincidence,detected,prompt_123,207.52,1455.82,no_secondary_above_threshold,absence_is_not_no_decay,0,0,0,unavailable_acquisition_selected_ch2,not_validated,-5.9,17.64294,80.0,0.0,,41.699999999999996,305.0,-7.3,15.5673,80.0,0.0,,50.9,357.4,-7.7,13.936440000000003,80.0,0.0,,45.900000000000006,316.2,505858,506881,a9e1d0faa7a4edb2a9019530951466a1e43ada659f198325b7058d712b81e172,,,curated_decay_upload; acquisition run/time and selection unknown,not_confirmed,unique_eligible_for_separate_review
Datos/Med_con_Decaimientos/decaimientos.txt::block496::event496,Datos/Med_con_Decaimientos/decaimientos.txt,upload_decaimientos_sin_fecha,-1,496,496,,506882,0,0,development,1024,accepted,resolved_negative_ch1_ch2_coincidence,not_detected_above_threshold,prompt_12_no_resolved_3,219.141,1444.1989999999998,candidate,compatible_secondary_identity_unconfirmed,1,0,0,unavailable_acquisition_selected_ch2,not_validated,-6.9,15.78969,80.0,0.0,,48.199999999999996,149.4,-6.4,18.08772,81.39474,0.0,,49.4,201.1,-7.7,18.829019999999996,84.73058999999998,0.0,,50.400000000000006,48.3,506882,507905,8a09c0f6a3f025b91d93ca45e4ae6742953fd143e6089ab5338627c2a74989ae,,,curated_decay_upload; acquisition run/time and selection unknown,not_confirmed,unique_eligible_for_separate_review
Datos/Med_con_Decaimientos/decaimientos.txt::block497::event497,Datos/Med_con_Decaimientos/decaimientos.txt,upload_decaimientos_sin_fecha,-1,497,497,,507906,0,0,evaluation,1024,accepted,resolved_negative_ch1_ch2_coincidence,not_detected_above_threshold,prompt_12_no_resolved_3,202.539,1460.801,candidate,compatible_secondary_identity_unconfirmed,1,0,0,unavailable_acquisition_selected_ch2,not_validated,-6.5,16.45686,80.0,0.0,,40.0,225.2,-7.2,15.863819999999999,80.0,0.0,,48.1,339.7,-8.2,15.19665,80.0,0.0,,39.099999999999994,35.0,507906,508929,26dfcd071dc31ac85b7de3859073f0f1eab978d641daa01cd93ea7a4e63bd3db,,,curated_decay_upload; acquisition run/time and selection unknown,not_confirmed,unique_eligible_for_separate_review
Datos/Med_con_Decaimientos/decaimientos.txt::block498::event498,Datos/Med_con_Decaimientos/decaimientos.txt,upload_decaimientos_sin_fecha,-1,498,498,,508930,0,0,evaluation,1024,accepted,resolved_negative_ch1_ch2_coincidence,not_detected_above_threshold,prompt_12_no_resolved_3,212.5,1450.84,candidate,compatible_secondary_identity_unconfirmed,1,0,2,unavailable_acquisition_selected_ch2,not_validated,-7.3,15.344909999999999,80.0,0.0,,51.4,129.79999999999998,-6.25,17.198159999999998,80.0,0.0,,42.25,143.25,-7.6,16.60512,80.0,0.0,,41.9,92.7,508930,509953,a73f73f07b6497f16fb1bfe08e6766390a9ca410f00e97ca7cd860c719cdbbc2,,,curated_decay_upload; acquisition run/time and selection unknown,not_confirmed,unique_eligible_for_separate_review
Datos/Med_con_Decaimientos/decaimientos.txt::block499::event499,Datos/Med_con_Decaimientos/decaimientos.txt,upload_decaimientos_sin_fecha,-1,499,499,,509954,0,0,evaluation,1024,accepted,resolved_negative_ch1_ch2_coincidence,not_detected_above_threshold,prompt_12_no_resolved_3,214.16,1449.1799999999998,candidate,compatible_secondary_identity_unconfirmed,1,0,0,unavailable_acquisition_selected_ch2,not_validated,-6.8,15.419039999999997,80.0,0.0,,47.3,142.39999999999998,-7.7,16.16034,80.0,0.0,,37.7,280.0,-8.3,9.78516,80.0,0.0,,29.0,31.400000000000002,509954,510977,cd744faaf5cc12e8867ca19e5d000a75164a9d605c669cd22a3df4bd191b1766,,,curated_decay_upload; acquisition run/time and selection unknown,not_confirmed,unique_eligible_for_separate_review
Datos/Med_con_Decaimientos/decaimientos.txt::block500::event500,Datos/Med_con_Decaimientos/decaimientos.txt,upload_decaimientos_sin_fecha,-1,500,500,,510978,0,0,evaluation,1024,accepted,resolved_negative_ch1_ch2_coincidence,detected,prompt_123,215.82,1447.52,ambiguous,review_delayed_group_reasons,0,1,2,unavailable_acquisition_selected_ch2,not_validated,-6.9,18.45837,83.062665,0.0,,44.5,130.1,-6.55,17.198159999999998,80.0,0.0,,39.449999999999996,136.95,-8.350000000000001,15.789689999999997,80.0,0.0,,41.75,108.75,510978,512001,681437c21bf4ed369fd74440661872e037c1cd32f5551afc2d74ff8c70e7e223,,,curated_decay_upload; acquisition run/time and selection unknown,not_confirmed,unique_eligible_for_separate_review
Datos/Med_con_Decaimientos/decaimientos.txt::block501::event501,Datos/Med_con_Decaimientos/decaimientos.txt,upload_decaimientos_sin_fecha,-1,501,501,,512002,0,0,evaluation,1024,accepted,resolved_negative_ch1_ch2_coincidence,not_detected_above_threshold,prompt_12_no_resolved_3,214.16,1449.1799999999998,candidate,compatible_secondary_identity_unconfirmed,1,0,0,unavailable_acquisition_selected_ch2,not_validated,-7.05,15.78969,80.0,0.0,,49.05,143.25,-7.5,16.38273,80.0,0.0,,47.8,159.9,-6.95,12.97275,80.0,0.0,,31.15,36.349999999999994,512002,513025,e1ead1feab36c5221cad5f321475cf553eb0536abec0ed76fbd8eb4e6ab8b0c4,,,curated_decay_upload; acquisition run/time and selection unknown,not_confirmed,unique_eligible_for_separate_review
Datos/Med_con_Decaimientos/decaimientos.txt::block502::event502,Datos/Med_con_Decaimientos/decaimientos.txt,upload_decaimientos_sin_fecha,-1,502,502,,513026,0,0,development,1024,accepted,resolved_negative_ch1_ch2_coincidence,detected,prompt_123,209.18,1454.1599999999999,ambiguous,review_delayed_group_reasons,0,1,0,unavailable_acquisition_selected_ch2,not_validated,-7.2,18.68076,84.06342,0.0,,55.300000000000004,175.4,-7.15,18.01359,81.061155,0.0,,49.15,279.65000000000003,-8.6,16.45686,80.0,0.0,,56.0,188.5,513026,514049,06d39592c168d8f647a4b5dbae6880a58a88e970f32971263669729516252833,,,curated_decay_upload; acquisition run/time and selection unknown,not_confirmed,unique_eligible_for_separate_review
Datos/Med_con_Decaimientos/decaimientos.txt::block503::event503,Datos/Med_con_Decaimientos/decaimientos.txt,upload_decaimientos_sin_fecha,-1,503,503,,514050,0,0,development,1024,accepted,resolved_negative_ch1_ch2_coincidence,not_detected_above_threshold,prompt_12_no_resolved_3,215.82,1447.52,candidate,compatible_secondary_identity_unconfirmed,1,0,0,unavailable_acquisition_selected_ch2,not_validated,-6.15,17.56881,80.0,0.0,,42.75,120.44999999999999,-6.55,15.64143,80.0,0.0,,41.949999999999996,207.64999999999998,-8.2,15.270779999999997,80.0,0.0,,46.599999999999994,133.3,514050,515073,cb3587a2b524d57b69f2debf1aad35ab90e2f18c9827058e72d7f91be6199737,,,curated_decay_upload; acquisition run/time and selection unknown,not_confirmed,unique_eligible_for_separate_review
Datos/Med_con_Decaimientos/decaimientos.txt::block504::event504,Datos/Med_con_Decaimientos/decaimientos.txt,upload_decaimientos_sin_fecha,-1,504,504,,515074,0,0,development,1024,accepted,resolved_negative_ch1_ch2_coincidence,not_detected_above_threshold,prompt_12_no_resolved_3,209.18,1454.1599999999999,candidate,compatible_secondary_identity_unconfirmed,1,0,0,unavailable_acquisition_selected_ch2,not_validated,-6.75,16.38273,80.0,0.0,,46.25,178.25,-8.0,15.715560000000002,80.0,0.0,,41.7,131.5,-8.4,16.086209999999998,80.0,0.0,,43.0,55.6,515074,516097,1dbdcda0b9545691b49d011b9188ad8b9f2f13635d10e91f293751787ff97f4c,,,curated_decay_upload; acquisition run/time and selection unknown,not_confirmed,unique_eligible_for_separate_review
Datos/Med_con_Decaimientos/decaimientos.txt::block505::event505,Datos/Med_con_Decaimientos/decaimientos.txt,upload_decaimientos_sin_fecha,-1,505,505,,516098,0,0,evaluation,1024,accepted,resolved_negative_ch1_ch2_coincidence,detected,prompt_123,214.16,1449.1799999999998,ambiguous,review_delayed_group_reasons,0,1,0,unavailable_acquisition_selected_ch2,not_validated,-6.5,16.3086,80.0,0.0,,40.8,123.0,-7.3,17.642939999999996,80.0,0.0,,41.3,164.2,-8.3,17.198159999999994,80.0,0.0,,45.400000000000006,140.39999999999998,516098,517121,ba9dacec1c0b70545cce579c04e870c1131e5530a7f2c48fdcc4f2f6b2109323,,,curated_decay_upload; acquisition run/time and selection unknown,not_confirmed,unique_eligible_for_separate_review
Datos/Med_con_Decaimientos/decaimientos.txt::block506::event506,Datos/Med_con_Decaimientos/decaimientos.txt,upload_decaimientos_sin_fecha,-1,506,506,,517122,0,0,development,1024,accepted,resolved_negative_ch1_ch2_coincidence,not_detected_above_threshold,prompt_12_no_resolved_3,209.18,1454.1599999999999,candidate,compatible_secondary_identity_unconfirmed,1,0,0,unavailable_acquisition_selected_ch2,not_validated,-6.65,17.420549999999995,80.0,0.0,,49.55,146.85,-7.9,15.86382,80.0,0.0,,47.199999999999996,134.5,-7.95,14.90013,80.0,0.0,,39.050000000000004,42.449999999999996,517122,518145,49b9d56a21c51eba8101ef4579127a8dcb676a5eca3107a24ddf0a3ab22592c8,,,curated_decay_upload; acquisition run/time and selection unknown,not_confirmed,unique_eligible_for_separate_review
Datos/Med_con_Decaimientos/decaimientos.txt::block507::event507,Datos/Med_con_Decaimientos/decaimientos.txt,upload_decaimientos_sin_fecha,-1,507,507,,518146,0,0,development,1024,accepted,resolved_negative_ch1_ch2_coincidence,detected,prompt_123,217.48,1445.86,no_secondary_above_threshold,absence_is_not_no_decay,0,0,0,unavailable_acquisition_selected_ch2,not_validated,-7.1,16.234469999999998,80.0,0.0,,43.300000000000004,130.9,-6.45,17.86533,80.393985,0.0,,41.35,137.05,-7.6,18.087719999999997,81.39473999999998,0.0,,46.300000000000004,206.3,518146,519169,b67869d202a0b9dfb694d22485a2a6c277e70f793a99fd1432a64e9a3aebc69e,,,curated_decay_upload; acquisition run/time and selection unknown,not_confirmed,unique_eligible_for_separate_review
Datos/Med_con_Decaimientos/decaimientos.txt::block508::event508,Datos/Med_con_Decaimientos/decaimientos.txt,upload_decaimientos_sin_fecha,-1,508,508,,519170,0,0,evaluation,1024,accepted,resolved_negative_ch1_ch2_coincidence,not_detected_above_threshold,prompt_12_no_resolved_3,212.5,1450.84,ambiguous,review_delayed_group_reasons,0,1,0,unavailable_acquisition_selected_ch2,not_validated,-7.0,17.7912,80.0604,0.0,,44.4,221.5,-7.5,16.90164,80.0,0.0,,51.1,394.6,-8.6,16.60512,80.0,0.0,,47.0,46.9,519170,520193,801ecc5b6fc0e6a5941edae4de14b8f35b03f1aaa204dd22dbaff7d87da0efc5,,,curated_decay_upload; acquisition run/time and selection unknown,not_confirmed,unique_eligible_for_separate_review
Datos/Med_con_Decaimientos/decaimientos.txt::block509::event509,Datos/Med_con_Decaimientos/decaimientos.txt,upload_decaimientos_sin_fecha,-1,509,509,,520194,0,0,development,1024,accepted,resolved_negative_ch1_ch2_coincidence,not_detected_above_threshold,prompt_12_no_resolved_3,210.84,1452.5,ambiguous,review_delayed_group_reasons,0,1,0,unavailable_acquisition_selected_ch2,not_validated,-6.65,15.715560000000002,80.0,0.0,,43.949999999999996,149.04999999999998,-7.1,16.160339999999998,80.0,0.0,,45.300000000000004,170.8,-8.649999999999999,12.379709999999996,80.0,0.0,,43.449999999999996,40.95,520194,521217,a2a007fe636fed93e257d3dd2dc21b83b472a07fb60ec2d3c9b3adaa3c1f77ca,,,curated_decay_upload; acquisition run/time and selection unknown,not_confirmed,unique_eligible_for_separate_review
Datos/Med_con_Decaimientos/decaimientos.txt::block510::event510,Datos/Med_con_Decaimientos/decaimientos.txt,upload_decaimientos_sin_fecha,-1,510,510,,521218,0,0,evaluation,1024,accepted,resolved_negative_ch1_ch2_coincidence,detected,prompt_123,205.859,1457.481,ambiguous,review_delayed_group_reasons,0,1,0,unavailable_acquisition_selected_ch2,not_validated,-6.6,11.564279999999998,80.0,0.0,,38.1,141.1,-8.6,13.639919999999998,80.0,0.0,,45.0,134.1,-8.1,11.267759999999999,80.0,0.0,,29.6,318.59999999999997,521218,522241,055cb682719f4973edb2506cafc6db1e1a30a75736ace1aefe6fda36e610971b,,,curated_decay_upload; acquisition run/time and selection unknown,not_confirmed,unique_eligible_for_separate_review
Datos/Med_con_Decaimientos/decaimientos.txt::block511::event511,Datos/Med_con_Decaimientos/decaimientos.txt,upload_decaimientos_sin_fecha,-1,511,511,,522242,0,0,development,1024,accepted,resolved_negative_ch1_ch2_coincidence,detected,prompt_123,207.52,1455.82,ambiguous,review_delayed_group_reasons,0,2,0,unavailable_acquisition_selected_ch2,not_validated,-6.75,17.568810000000003,80.0,0.0,,50.15,148.55,-7.8,16.456859999999995,80.0,0.0,,41.0,144.1,-7.9,13.417530000000001,80.0,0.0,,38.6,272.70000000000005,522242,523265,c2603414187b60c345f6416dbc900907f19698eedd0101d84226a23e6458a800,,,curated_decay_upload; acquisition run/time and selection unknown,not_confirmed,unique_eligible_for_separate_review
Datos/Med_con_Decaimientos/decaimientos.txt::block512::event512,Datos/Med_con_Decaimientos/decaimientos.txt,upload_decaimientos_sin_fecha,-1,512,512,,523266,0,0,evaluation,1024,accepted,resolved_negative_ch1_ch2_coincidence,not_detected_above_threshold,prompt_12_no_resolved_3,217.48,1445.86,candidate,compatible_secondary_identity_unconfirmed,1,1,1,unavailable_acquisition_selected_ch2,not_validated,-6.9,14.825999999999997,80.0,0.0,,50.3,134.5,-7.7,14.974260000000001,80.0,0.0,,46.2,147.60000000000002,-8.4,14.38122,80.0,0.0,,46.3,38.300000000000004,523266,524289,b9ba354a2d0c721df4e8feef22edf949eabbe1a102e92ef0e6315cd26fbed53a,,,curated_decay_upload; acquisition run/time and selection unknown,not_confirmed,unique_eligible_for_separate_review
Datos/Med_con_Decaimientos/decaimientos.txt::block513::event513,Datos/Med_con_Decaimientos/decaimientos.txt,upload_decaimientos_sin_fecha,-1,513,513,,524290,0,0,development,1024,accepted,resolved_negative_ch1_ch2_coincidence,detected,prompt_123,214.16,1449.1799999999998,ambiguous,review_delayed_group_reasons,0,1,0,unavailable_acquisition_selected_ch2,not_validated,-6.75,17.12403,80.0,0.0,,48.45,146.35,-8.1,15.5673,80.0,0.0,,41.800000000000004,156.70000000000002,-7.95,15.048390000000003,80.0,0.0,,43.550000000000004,278.45,524290,525313,30fc40e6a69fbb70d2be79e20c7dddfd0ebf88d1ccd182b54bfd5729126f2ae4,,,curated_decay_upload; acquisition run/time and selection unknown,not_confirmed,unique_eligible_for_separate_review
Datos/Med_con_Decaimientos/decaimientos.txt::block514::event514,Datos/Med_con_Decaimientos/decaimientos.txt,upload_decaimientos_sin_fecha,-1,514,514,,525314,0,0,development,1024,accepted,resolved_negative_ch1_ch2_coincidence,detected,prompt_123,209.18,1454.1599999999999,ambiguous,review_delayed_group_reasons,0,1,2,unavailable_acquisition_selected_ch2,not_validated,-6.5,16.75338,80.0,0.0,,49.5,131.3,-7.5,17.049899999999997,80.0,0.0,,51.7,185.0,-8.1,20.237489999999998,91.068705,0.0,,40.800000000000004,215.70000000000002,525314,526337,ae2f5899fa4c02897cf4892839d4884562b05f4db00eba6b3f8df81ef8ce37ba,,,curated_decay_upload; acquisition run/time and selection unknown,not_confirmed,unique_eligible_for_separate_review
Datos/Med_con_Decaimientos/decaimientos.txt::block515::event515,Datos/Med_con_Decaimientos/decaimientos.txt,upload_decaimientos_sin_fecha,-1,515,515,,526338,0,0,development,1024,accepted,resolved_negative_ch1_ch2_coincidence,not_detected_above_threshold,prompt_12_no_resolved_3,224.121,1439.2189999999998,candidate,compatible_secondary_identity_unconfirmed,1,0,0,unavailable_acquisition_selected_ch2,not_validated,-6.05,18.087719999999997,81.39473999999998,0.0,,47.65,137.64999999999998,-6.8,17.56881,80.0,0.0,,52.599999999999994,223.39999999999998,-8.149999999999999,19.273799999999998,86.73209999999999,0.0,,51.35,182.25,526338,527361,bf631e30c5ab09f848960ad1306fe59c31c20a7879c0c38219df271067fd212b,,,curated_decay_upload; acquisition run/time and selection unknown,not_confirmed,unique_eligible_for_separate_review
Datos/Med_con_Decaimientos/decaimientos.txt::block516::event516,Datos/Med_con_Decaimientos/decaimientos.txt,upload_decaimientos_sin_fecha,-1,516,516,,527362,0,0,development,1024,accepted,resolved_negative_ch1_ch2_coincidence,detected,prompt_123,210.84,1452.5,ambiguous,review_delayed_group_reasons,0,1,0,unavailable_acquisition_selected_ch2,not_validated,-5.8,18.97728,85.39776,0.0,,42.099999999999994,169.0,-8.2,17.12403,80.0,0.0,,53.400000000000006,297.0,-8.2,14.677739999999996,80.0,0.0,,45.7,147.3,527362,528385,783ce9d40c34f31efbedea74c3d2d863de8c59095cc0e6c8a4a0b56605afc745,,,curated_decay_upload; acquisition run/time and selection unknown,not_confirmed,unique_eligible_for_separate_review
Datos/Med_con_Decaimientos/decaimientos.txt::block517::event517,Datos/Med_con_Decaimientos/decaimientos.txt,upload_decaimientos_sin_fecha,-1,517,517,,528386,0,0,development,1024,accepted,resolved_negative_ch1_ch2_coincidence,not_detected_above_threshold,prompt_12_no_resolved_3,217.48,1445.86,candidate,compatible_secondary_identity_unconfirmed,1,0,0,unavailable_acquisition_selected_ch2,not_validated,-6.2,19.12554,86.06493,0.0,,45.7,134.3,-7.6,15.270779999999997,80.0,0.0,,47.4,166.3,-7.5,14.97426,80.0,0.0,,44.2,44.6,528386,529409,110079511819af9a7487d0614a0509a7c386f30822ebb8b5f5998ec2bff8b056,,,curated_decay_upload; acquisition run/time and selection unknown,not_confirmed,unique_eligible_for_separate_review
Datos/Med_con_Decaimientos/decaimientos.txt::block518::event518,Datos/Med_con_Decaimientos/decaimientos.txt,upload_decaimientos_sin_fecha,-1,518,518,,529410,0,0,evaluation,1024,accepted,resolved_negative_ch1_ch2_coincidence,not_detected_above_threshold,prompt_12_no_resolved_3,207.52,1455.82,candidate,compatible_secondary_identity_unconfirmed,1,0,2,unavailable_acquisition_selected_ch2,not_validated,-6.8,16.60512,80.0,0.0,,48.4,172.89999999999998,-7.6,13.788179999999997,80.0,0.0,,44.9,150.1,-7.7,11.564279999999998,80.0,0.0,,33.9,37.9,529410,530433,6163dbcda93ed369b848ce0ac637338893beebdfdc7e453a0fe9454e1d38229a,,,curated_decay_upload; acquisition run/time and selection unknown,not_confirmed,unique_eligible_for_separate_review
Datos/Med_con_Decaimientos/decaimientos.txt::block519::event519,Datos/Med_con_Decaimientos/decaimientos.txt,upload_decaimientos_sin_fecha,-1,519,519,,530434,0,0,development,1024,accepted,resolved_negative_ch1_ch2_coincidence,not_detected_above_threshold,prompt_12_no_resolved_3,219.141,1444.1989999999998,candidate,compatible_secondary_identity_unconfirmed,1,1,0,unavailable_acquisition_selected_ch2,not_validated,-6.2,17.049899999999997,80.0,0.0,,57.0,150.9,-7.4,16.3086,80.0,0.0,,58.199999999999996,266.6,-8.3,15.419039999999997,80.0,0.0,,47.900000000000006,39.8,530434,531457,4ee09d39f7973019568c704a849e57800c8b04b9ec8f335ac5cb9da9aca5a284,,,curated_decay_upload; acquisition run/time and selection unknown,not_confirmed,unique_eligible_for_separate_review
Datos/Med_con_Decaimientos/decaimientos.txt::block520::event520,Datos/Med_con_Decaimientos/decaimientos.txt,upload_decaimientos_sin_fecha,-1,520,520,,531458,0,0,development,1024,accepted,resolved_negative_ch1_ch2_coincidence,not_detected_above_threshold,prompt_12_no_resolved_3,209.18,1454.1599999999999,ambiguous,review_delayed_group_reasons,0,3,0,unavailable_acquisition_selected_ch2,not_validated,-7.0,18.087719999999997,81.39473999999998,0.0,,65.1,123.6,-7.9,16.753379999999996,80.0,0.0,,51.0,199.29999999999998,-7.4,15.715560000000002,80.0,0.0,,36.7,42.2,531458,532481,216d28a775702ce3ea749ee8de4b93d3cf04ad5e38c484044414f9ad2df42a0b,,,curated_decay_upload; acquisition run/time and selection unknown,not_confirmed,unique_eligible_for_separate_review
Datos/Med_con_Decaimientos/decaimientos.txt::block521::event521,Datos/Med_con_Decaimientos/decaimientos.txt,upload_decaimientos_sin_fecha,-1,521,521,,532482,0,0,development,1024,accepted,resolved_negative_ch1_ch2_coincidence,not_detected_above_threshold,prompt_12_no_resolved_3,217.48,1445.86,candidate,compatible_secondary_identity_unconfirmed,1,1,0,unavailable_acquisition_selected_ch2,not_validated,-7.0,18.161849999999998,81.72832499999998,0.0,,57.1,292.7,-6.9,15.27078,80.0,0.0,,35.5,212.29999999999998,-8.3,11.416019999999998,80.0,0.0,,31.0,31.999999999999996,532482,533505,13d316df0fb4b415d149ae35a141ed3a32d4f71cdee49101ab105ee51ccf4d8b,,,curated_decay_upload; acquisition run/time and selection unknown,not_confirmed,unique_eligible_for_separate_review
Datos/Med_con_Decaimientos/decaimientos.txt::block522::event522,Datos/Med_con_Decaimientos/decaimientos.txt,upload_decaimientos_sin_fecha,-1,522,522,,533506,0,0,development,1024,accepted,resolved_negative_ch1_ch2_coincidence,ambiguous,prompt_12_uncertain_3,209.18,1454.1599999999999,ambiguous,review_delayed_group_reasons,0,1,0,unavailable_acquisition_selected_ch2,not_validated,-6.75,18.31011,82.39549500000001,0.0,,44.15,160.65,-8.2,15.5673,80.0,0.0,,56.400000000000006,251.5,-9.2,15.344909999999999,80.0,0.0,,41.0,107.1,533506,534529,20c42f117b7074e3c14ce3c18310e55bcb83022172871b67dc2fbceb7d15e89e,,,curated_decay_upload; acquisition run/time and selection unknown,not_confirmed,unique_eligible_for_separate_review
Datos/Med_con_Decaimientos/decaimientos.txt::block523::event523,Datos/Med_con_Decaimientos/decaimientos.txt,upload_decaimientos_sin_fecha,-1,523,523,,534530,0,0,development,1024,accepted,resolved_negative_ch1_ch2_coincidence,not_detected_above_threshold,prompt_12_no_resolved_3,205.859,1457.481,candidate,compatible_secondary_identity_unconfirmed,1,0,0,unavailable_acquisition_selected_ch2,not_validated,-7.65,18.5325,83.39625,0.0,,44.949999999999996,186.65,-7.8,16.75338,80.0,0.0,,48.3,305.59999999999997,-8.8,16.01208,80.0,0.0,,42.599999999999994,38.8,534530,535553,21e07c5414b9e92abaa5cda09d18f8b00d668a34ffbb690020bede961a8bb91e,,,curated_decay_upload; acquisition run/time and selection unknown,not_confirmed,unique_eligible_for_separate_review
Datos/Med_con_Decaimientos/decaimientos.txt::block524::event524,Datos/Med_con_Decaimientos/decaimientos.txt,upload_decaimientos_sin_fecha,-1,524,524,,535554,0,0,development,1024,accepted,resolved_negative_ch1_ch2_coincidence,not_detected_above_threshold,prompt_12_no_resolved_3,210.84,1452.5,candidate,compatible_secondary_identity_unconfirmed,1,0,0,unavailable_acquisition_selected_ch2,not_validated,-5.6,17.71707,80.0,0.0,,41.7,185.1,-7.35,14.825999999999999,80.0,0.0,,35.85,370.34999999999997,-8.1,12.602100000000002,80.0,0.0,,35.5,124.4,535554,536577,afd12bc635ebed078cdc46303dce880fe35508d6335f947793e1f781cf1c9a0f,,,curated_decay_upload; acquisition run/time and selection unknown,not_confirmed,unique_eligible_for_separate_review
Datos/Med_con_Decaimientos/decaimientos.txt::block525::event525,Datos/Med_con_Decaimientos/decaimientos.txt,upload_decaimientos_sin_fecha,-1,525,525,,536578,0,0,development,1024,accepted,resolved_negative_ch1_ch2_coincidence,detected,prompt_123,209.18,1454.1599999999999,ambiguous,review_delayed_group_reasons,0,1,0,unavailable_acquisition_selected_ch2,not_validated,-6.4,16.75338,80.0,0.0,,53.0,128.5,-7.3,16.456859999999995,80.0,0.0,,52.8,130.5,-7.7,13.19514,80.0,0.0,,37.5,256.90000000000003,536578,537601,af8dbe437424738d53261ac6bf96438e350fbf420d4d9c608c282e532682a8cf,,,curated_decay_upload; acquisition run/time and selection unknown,not_confirmed,unique_eligible_for_separate_review
Datos/Med_con_Decaimientos/decaimientos.txt::block526::event526,Datos/Med_con_Decaimientos/decaimientos.txt,upload_decaimientos_sin_fecha,-1,526,526,,537602,0,0,development,1024,accepted,resolved_negative_ch1_ch2_coincidence,not_detected_above_threshold,prompt_12_no_resolved_3,210.84,1452.5,candidate,compatible_secondary_identity_unconfirmed,1,0,3,unavailable_acquisition_selected_ch2,not_validated,-6.5,16.60512,80.0,0.0,,60.9,183.5,-7.35,16.67925,80.0,0.0,,50.550000000000004,240.45000000000002,-8.5,16.3086,80.0,0.0,,48.7,189.8,537602,538625,83d5d49d1b1bd8bdba8e4b2240dddcce7a0f5a0e2f58f82be073f60676d5e68a,,,curated_decay_upload; acquisition run/time and selection unknown,not_confirmed,unique_eligible_for_separate_review
Datos/Med_con_Decaimientos/decaimientos.txt::block527::event527,Datos/Med_con_Decaimientos/decaimientos.txt,upload_decaimientos_sin_fecha,-1,527,527,,538626,0,0,evaluation,1024,accepted,resolved_negative_ch1_ch2_coincidence,detected,prompt_123,209.18,1454.1599999999999,ambiguous,review_delayed_group_reasons,0,2,0,unavailable_acquisition_selected_ch2,not_validated,-6.0,17.86533,80.393985,0.0,,46.6,173.3,-8.149999999999999,15.122519999999998,80.0,0.0,,48.35,223.65,-8.149999999999999,13.63992,80.0,0.0,,35.25,241.15,538626,539649,ff8cf9a5976957eb694a723166561968ebca948f4ef01b7daf2b26295fb6118b,,,curated_decay_upload; acquisition run/time and selection unknown,not_confirmed,unique_eligible_for_separate_review
Datos/Med_con_Decaimientos/decaimientos.txt::block528::event528,Datos/Med_con_Decaimientos/decaimientos.txt,upload_decaimientos_sin_fecha,-1,528,528,,539650,0,0,development,1024,accepted,resolved_negative_ch1_ch2_coincidence,detected,prompt_123,215.82,1447.52,ambiguous,review_delayed_group_reasons,0,1,0,unavailable_acquisition_selected_ch2,not_validated,-7.0,17.049899999999997,80.0,0.0,,40.5,135.1,-7.2,18.5325,83.39625,0.0,,59.7,143.3,-8.2,18.087719999999997,81.39473999999998,0.0,,43.3,136.10000000000002,539650,540673,f85473c8fcf50c5f1fa5920ea6431d16a048edcf48489ea7e52cc04341bce57d,,,curated_decay_upload; acquisition run/time and selection unknown,not_confirmed,unique_eligible_for_separate_review
Datos/Med_con_Decaimientos/decaimientos.txt::block529::event529,Datos/Med_con_Decaimientos/decaimientos.txt,upload_decaimientos_sin_fecha,-1,529,529,,540674,0,0,development,1024,accepted,resolved_negative_ch1_ch2_coincidence,not_detected_above_threshold,prompt_12_no_resolved_3,204.199,1459.1409999999998,candidate,compatible_secondary_identity_unconfirmed,1,2,3,unavailable_acquisition_selected_ch2,not_validated,-6.6,15.86382,80.0,0.0,,63.7,291.9,-6.8,15.863819999999999,80.0,0.0,,44.8,141.6,-7.9,15.270779999999997,80.0,0.0,,38.2,115.1,540674,541697,374867ef16b5ef91614fd8efb87a3dca55b996f5aa6974ab54182da5d07d68d3,,,curated_decay_upload; acquisition run/time and selection unknown,not_confirmed,unique_eligible_for_separate_review
Datos/Med_con_Decaimientos/decaimientos.txt::block530::event530,Datos/Med_con_Decaimientos/decaimientos.txt,upload_decaimientos_sin_fecha,-1,530,530,,541698,0,0,development,1024,accepted,resolved_negative_ch1_ch2_coincidence,not_detected_above_threshold,prompt_12_no_resolved_3,215.82,1447.52,candidate,compatible_secondary_identity_unconfirmed,1,1,1,unavailable_acquisition_selected_ch2,not_validated,-6.6,17.34642,80.0,0.0,,42.9,163.4,-7.55,14.529479999999998,80.0,0.0,,45.55,194.25,-6.95,13.121010000000002,80.0,0.0,,35.85,41.449999999999996,541698,542721,d9aa1b73744bd2336e0176cdea7f39670211917e65650d100225c010676b3961,,,curated_decay_upload; acquisition run/time and selection unknown,not_confirmed,unique_eligible_for_separate_review
Datos/Med_con_Decaimientos/decaimientos.txt::block531::event531,Datos/Med_con_Decaimientos/decaimientos.txt,upload_decaimientos_sin_fecha,-1,531,531,,542722,0,0,evaluation,1024,accepted,resolved_negative_ch1_ch2_coincidence,not_detected_above_threshold,prompt_12_no_resolved_3,220.801,1442.539,candidate,compatible_secondary_identity_unconfirmed,1,0,0,unavailable_acquisition_selected_ch2,not_validated,-6.05,19.49619,87.732855,0.0,,40.75,204.95,-7.65,16.67925,80.0,0.0,,41.25,318.55,-9.3,12.750359999999995,80.0,0.0,,37.8,123.7,542722,543745,4f85177695314fe6b39a289ebc75f65975f87f67ef23a092b0762005c169151b,,,curated_decay_upload; acquisition run/time and selection unknown,not_confirmed,unique_eligible_for_separate_review
Datos/Med_con_Decaimientos/decaimientos.txt::block532::event532,Datos/Med_con_Decaimientos/decaimientos.txt,upload_decaimientos_sin_fecha,-1,532,532,,543746,0,0,development,1024,accepted,resolved_negative_ch1_ch2_coincidence,not_detected_above_threshold,prompt_12_no_resolved_3,215.82,1447.52,ambiguous,review_delayed_group_reasons,0,1,0,unavailable_acquisition_selected_ch2,not_validated,-6.5,17.42055,80.0,0.0,,53.6,129.6,-7.2,15.863819999999999,80.0,0.0,,42.300000000000004,177.5,-8.2,13.491660000000001,80.0,0.0,,46.0,40.7,543746,544769,71ef9bea793b7c700ee45158d0083b10bab218dc470d0c08c4c62f3c9c06b8cd,,,curated_decay_upload; acquisition run/time and selection unknown,not_confirmed,unique_eligible_for_separate_review
Datos/Med_con_Decaimientos/decaimientos.txt::block533::event533,Datos/Med_con_Decaimientos/decaimientos.txt,upload_decaimientos_sin_fecha,-1,533,533,,544770,0,0,evaluation,1024,accepted,resolved_negative_ch1_ch2_coincidence,detected,prompt_123,205.859,1457.481,ambiguous,review_delayed_group_reasons,0,1,0,unavailable_acquisition_selected_ch2,not_validated,-6.8,19.125539999999997,86.06492999999999,0.0,,43.099999999999994,262.5,-7.85,17.272289999999998,80.0,0.0,,52.050000000000004,319.45,-8.0,14.974260000000001,80.0,0.0,,39.1,325.8,544770,545793,73116a93b154432c630aba13da1ef8d3e483e07d693ffc8e73a229de63c0c1b2,,,curated_decay_upload; acquisition run/time and selection unknown,not_confirmed,unique_eligible_for_separate_review
Datos/Med_con_Decaimientos/decaimientos.txt::block534::event534,Datos/Med_con_Decaimientos/decaimientos.txt,upload_decaimientos_sin_fecha,-1,534,534,,545794,0,0,development,1024,accepted,resolved_negative_ch1_ch2_coincidence,detected,prompt_123,214.16,1449.1799999999998,ambiguous,review_delayed_group_reasons,0,1,0,unavailable_acquisition_selected_ch2,not_validated,-6.3,18.087719999999997,81.39473999999998,0.0,,52.599999999999994,139.6,-6.05,17.34642,80.0,0.0,,42.55,212.64999999999998,-7.0,16.75338,80.0,0.0,,43.6,193.4,545794,546817,7b475d69fbd0caf7a2dcdd6c8eabb0a6f05ffa79a0b3da6298efa743a96626e5,,,curated_decay_upload; acquisition run/time and selection unknown,not_confirmed,unique_eligible_for_separate_review
Datos/Med_con_Decaimientos/decaimientos.txt::block535::event535,Datos/Med_con_Decaimientos/decaimientos.txt,upload_decaimientos_sin_fecha,-1,535,535,,546818,0,0,development,1024,accepted,resolved_negative_ch1_ch2_coincidence,detected,prompt_123,220.801,1442.539,ambiguous,review_delayed_group_reasons,0,1,0,unavailable_acquisition_selected_ch2,not_validated,-6.75,18.161849999999998,81.72832499999998,0.0,,49.75,117.75,-6.0,17.42055,80.0,0.0,,42.8,130.4,-8.3,13.936439999999997,80.0,0.0,,39.8,145.5,546818,547841,d6fb11f813725ba3210953688af2fd4b5a25f9f307d7eb10ce0ab7d687b2432f,,,curated_decay_upload; acquisition run/time and selection unknown,not_confirmed,unique_eligible_for_separate_review
Datos/Med_con_Decaimientos/decaimientos.txt::block536::event536,Datos/Med_con_Decaimientos/decaimientos.txt,upload_decaimientos_sin_fecha,-1,536,536,,547842,0,0,development,1024,accepted,resolved_negative_ch1_ch2_coincidence,not_detected_above_threshold,prompt_12_no_resolved_3,202.539,1460.801,candidate,compatible_secondary_identity_unconfirmed,1,1,0,unavailable_acquisition_selected_ch2,not_validated,-5.95,18.087719999999997,81.39473999999998,0.0,,52.050000000000004,211.65,-6.5,16.60512,80.0,0.0,,47.3,366.6,-6.7,13.78818,80.0,0.0,,38.5,40.699999999999996,547842,548865,38281b8d431fd540c76c0126d0f8455d2e5d5a4843d742403cce866f74dd76b9,,,curated_decay_upload; acquisition run/time and selection unknown,not_confirmed,unique_eligible_for_separate_review
Datos/Med_con_Decaimientos/decaimientos.txt::block537::event537,Datos/Med_con_Decaimientos/decaimientos.txt,upload_decaimientos_sin_fecha,-1,537,537,,548866,0,0,development,1024,accepted,resolved_negative_ch1_ch2_coincidence,not_detected_above_threshold,prompt_12_no_resolved_3,207.52,1455.82,candidate,compatible_secondary_identity_unconfirmed,1,0,1,unavailable_acquisition_selected_ch2,not_validated,-6.25,18.60663,83.729835,0.0,,42.65,261.25,-7.9,17.34642,80.0,0.0,,52.699999999999996,135.1,-7.95,18.60663,83.729835,0.0,,50.25,50.25,548866,549889,b63b6d68152e59bff178d131acb9b94d08fabd771a2c0bf509d1246586360336,,,curated_decay_upload; acquisition run/time and selection unknown,not_confirmed,unique_eligible_for_separate_review
Datos/Med_con_Decaimientos/decaimientos.txt::block538::event538,Datos/Med_con_Decaimientos/decaimientos.txt,upload_decaimientos_sin_fecha,-1,538,538,,549890,0,0,development,1024,accepted,resolved_negative_ch1_ch2_coincidence,detected,prompt_123,204.199,1459.1409999999998,ambiguous,review_delayed_group_reasons,0,1,0,unavailable_acquisition_selected_ch2,not_validated,-6.85,17.56881,80.0,0.0,,49.75,216.05,-6.1,16.75338,80.0,0.0,,47.800000000000004,230.1,-7.9,14.0847,80.0,0.0,,41.8,235.0,549890,550913,1ca6bcf4b3894d159de172c9b3f1936742b6996271bbbaf2185568ff29720124,,,curated_decay_upload; acquisition run/time and selection unknown,not_confirmed,unique_eligible_for_separate_review
Datos/Med_con_Decaimientos/decaimientos.txt::block539::event539,Datos/Med_con_Decaimientos/decaimientos.txt,upload_decaimientos_sin_fecha,-1,539,539,,550914,0,0,development,1024,accepted,resolved_negative_ch1_ch2_coincidence,not_detected_above_threshold,prompt_12_no_resolved_3,224.121,1439.2189999999998,candidate,compatible_secondary_identity_unconfirmed,1,0,0,unavailable_acquisition_selected_ch2,not_validated,-6.5,20.16336,90.73512000000001,0.0,,43.9,202.6,-6.85,18.60663,83.729835,0.0,,48.550000000000004,281.34999999999997,-8.75,14.90013,80.0,0.0,,41.15,95.75,550914,551937,833dcbb269346f2d780d04d2b38ede837aae69912393596570be8cc044f7cd81,,,curated_decay_upload; acquisition run/time and selection unknown,not_confirmed,unique_eligible_for_separate_review
Datos/Med_con_Decaimientos/decaimientos.txt::block540::event540,Datos/Med_con_Decaimientos/decaimientos.txt,upload_decaimientos_sin_fecha,-1,540,540,,551938,0,0,development,1024,accepted,resolved_negative_ch1_ch2_coincidence,not_detected_above_threshold,prompt_12_no_resolved_3,212.5,1450.84,candidate,compatible_secondary_identity_unconfirmed,1,0,0,unavailable_acquisition_selected_ch2,not_validated,-6.85,14.232959999999999,80.0,0.0,,43.95,169.15,-7.7,13.936440000000003,80.0,0.0,,43.900000000000006,139.0,-8.8,11.26776,80.0,0.0,,30.8,36.0,551938,552961,a188add7b00da16d26891568244ec6421c73274a109f589e5734263f1eb50eaa,,,curated_decay_upload; acquisition run/time and selection unknown,not_confirmed,unique_eligible_for_separate_review
Datos/Med_con_Decaimientos/decaimientos.txt::block541::event541,Datos/Med_con_Decaimientos/decaimientos.txt,upload_decaimientos_sin_fecha,-1,541,541,,552962,0,0,development,1024,accepted,resolved_negative_ch1_ch2_coincidence,not_detected_above_threshold,prompt_12_no_resolved_3,209.18,1454.1599999999999,candidate,compatible_secondary_identity_unconfirmed,1,0,0,unavailable_acquisition_selected_ch2,not_validated,-6.75,13.343399999999999,80.0,0.0,,51.15,190.65,-8.1,11.8608,80.0,0.0,,36.2,195.70000000000002,-8.350000000000001,10.304069999999998,80.0,0.0,,30.75,41.85,552962,553985,dfcb6e084ffeeb171eb90d0ba5ecd008c58729ca08653d3d730c21789a95ba7f,,,curated_decay_upload; acquisition run/time and selection unknown,not_confirmed,unique_eligible_for_separate_review
Datos/Med_con_Decaimientos/decaimientos.txt::block542::event542,Datos/Med_con_Decaimientos/decaimientos.txt,upload_decaimientos_sin_fecha,-1,542,542,,553986,0,0,development,1024,accepted,resolved_negative_ch1_ch2_coincidence,not_detected_above_threshold,prompt_12_no_resolved_3,210.84,1452.5,ambiguous,review_delayed_group_reasons,0,1,0,unavailable_acquisition_selected_ch2,not_validated,-6.35,14.603609999999998,80.0,0.0,,39.45,205.25,-7.6,11.564279999999998,80.0,0.0,,31.0,130.70000000000002,-8.5,9.117989999999999,80.0,0.0,,29.0,82.9,553986,555009,187067ea46df9ed9cc46c1e44c7170add3c39f670e801d8b0747fd083bd72edc,,,curated_decay_upload; acquisition run/time and selection unknown,not_confirmed,unique_eligible_for_separate_review
Datos/Med_con_Decaimientos/decaimientos.txt::block543::event543,Datos/Med_con_Decaimientos/decaimientos.txt,upload_decaimientos_sin_fecha,-1,543,543,,555010,0,0,evaluation,1024,accepted,resolved_negative_ch1_ch2_coincidence,not_detected_above_threshold,prompt_12_no_resolved_3,204.199,1459.1409999999998,candidate,compatible_secondary_identity_unconfirmed,1,0,0,unavailable_acquisition_selected_ch2,not_validated,-6.75,16.60512,80.0,0.0,,48.35,310.75,-7.7,14.381219999999999,80.0,0.0,,39.4,252.2,-8.1,12.305579999999997,80.0,0.0,,34.9,38.9,555010,556033,177d684a03650da7c13a844e0d0fedd4a6ea26e855a9e74414a7c704c541f5d1,,,curated_decay_upload; acquisition run/time and selection unknown,not_confirmed,unique_eligible_for_separate_review
Datos/Med_con_Decaimientos/decaimientos.txt::block544::event544,Datos/Med_con_Decaimientos/decaimientos.txt,upload_decaimientos_sin_fecha,-1,544,544,,556034,0,0,development,1024,accepted,resolved_negative_ch1_ch2_coincidence,not_detected_above_threshold,prompt_12_no_resolved_3,200.879,1462.461,ambiguous,review_delayed_group_reasons,0,1,0,unavailable_acquisition_selected_ch2,not_validated,-6.7,16.3086,80.0,0.0,,48.800000000000004,178.60000000000002,-7.1,11.416020000000001,80.0,0.0,,28.4,214.0,-8.1,10.08168,80.0,0.0,,32.4,98.9,556034,557057,4d757f271a37d6dda9e09e88de552695c7c8e736a40b6baf2b91cff55f1ca622,,,curated_decay_upload; acquisition run/time and selection unknown,not_confirmed,unique_eligible_for_separate_review
Datos/Med_con_Decaimientos/decaimientos.txt::block545::event545,Datos/Med_con_Decaimientos/decaimientos.txt,upload_decaimientos_sin_fecha,-1,545,545,,557058,0,0,development,1024,accepted,resolved_negative_ch1_ch2_coincidence,not_detected_above_threshold,prompt_12_no_resolved_3,209.18,1454.1599999999999,ambiguous,review_delayed_group_reasons,0,1,0,unavailable_acquisition_selected_ch2,not_validated,-6.5,15.863819999999999,80.0,0.0,,49.0,149.3,-7.65,13.417530000000001,80.0,0.0,,45.35,115.85,-8.3,11.04537,80.0,0.0,,30.1,31.999999999999996,557058,558081,815206e4310da6de0f5b39861b0ea38f6e3fcad4e522cddbfe5fbb49d4f8b076,,,curated_decay_upload; acquisition run/time and selection unknown,not_confirmed,unique_eligible_for_separate_review
Datos/Med_con_Decaimientos/decaimientos.txt::block546::event546,Datos/Med_con_Decaimientos/decaimientos.txt,upload_decaimientos_sin_fecha,-1,546,546,,558082,0,0,development,1024,accepted,resolved_negative_ch1_ch2_coincidence,not_detected_above_threshold,prompt_12_no_resolved_3,204.199,1459.1409999999998,candidate,compatible_secondary_identity_unconfirmed,1,0,0,unavailable_acquisition_selected_ch2,not_validated,-7.25,16.08621,80.0,0.0,,42.85,185.75,-7.7,12.453840000000003,80.0,0.0,,35.300000000000004,121.3,-7.9,10.674719999999999,80.0,0.0,,31.4,29.5,558082,559105,90d7a2cd362e7ed6d5fde8a8c86159195024d5d1e3d6de1819564bd835dbd516,,,curated_decay_upload; acquisition run/time and selection unknown,not_confirmed,unique_eligible_for_separate_review
Datos/Med_con_Decaimientos/decaimientos.txt::block547::event547,Datos/Med_con_Decaimientos/decaimientos.txt,upload_decaimientos_sin_fecha,-1,547,547,,559106,0,0,development,1024,accepted,resolved_negative_ch1_ch2_coincidence,detected,prompt_123,202.539,1460.801,ambiguous,review_delayed_group_reasons,0,2,0,unavailable_acquisition_selected_ch2,not_validated,-7.0,14.974260000000001,80.0,0.0,,53.6,141.3,-7.35,11.638409999999999,80.0,0.0,,30.15,122.05000000000001,-8.4,10.3782,80.0,0.0,,30.9,120.69999999999999,559106,560129,1705b29faf8b4f32520a5c95f7a4d83732d1dfdf5612984b1d63c3df72ecd626,,,curated_decay_upload; acquisition run/time and selection unknown,not_confirmed,unique_eligible_for_separate_review
Datos/Med_con_Decaimientos/decaimientos.txt::block548::event548,Datos/Med_con_Decaimientos/decaimientos.txt,upload_decaimientos_sin_fecha,-1,548,548,,560130,0,0,evaluation,1024,accepted,resolved_negative_ch1_ch2_coincidence,not_detected_above_threshold,prompt_12_no_resolved_3,215.82,1447.52,ambiguous,review_delayed_group_reasons,0,1,0,unavailable_acquisition_selected_ch2,not_validated,-7.0,15.863819999999999,80.0,0.0,,52.0,141.8,-7.6,13.417530000000001,80.0,0.0,,30.6,122.9,-8.45,9.414510000000002,80.0,0.0,,28.95,90.75,560130,561153,0a17c5114d485f689eec970aedd22e1b0f1df841a1a49d45273cf36728aa6c6e,,,curated_decay_upload; acquisition run/time and selection unknown,not_confirmed,unique_eligible_for_separate_review
Datos/Med_con_Decaimientos/decaimientos.txt::block549::event549,Datos/Med_con_Decaimientos/decaimientos.txt,upload_decaimientos_sin_fecha,-1,549,549,,561154,0,0,evaluation,1024,accepted,resolved_negative_ch1_ch2_coincidence,not_detected_above_threshold,prompt_12_no_resolved_3,207.52,1455.82,ambiguous,review_delayed_group_reasons,0,1,0,unavailable_acquisition_selected_ch2,not_validated,-7.15,14.010570000000001,80.0,0.0,,42.949999999999996,162.25,-8.2,11.8608,80.0,0.0,,37.5,126.3,-8.55,10.60059,80.0,0.0,,32.25,69.55,561154,562177,bf592df9fbe81ca38f4ff8c62a2a0e45a4e90c591cc2c3d8599ce88e0442105b,,,curated_decay_upload; acquisition run/time and selection unknown,not_confirmed,unique_eligible_for_separate_review
Datos/Med_con_Decaimientos/decaimientos.txt::block550::event550,Datos/Med_con_Decaimientos/decaimientos.txt,upload_decaimientos_sin_fecha,-1,550,550,,562178,0,0,evaluation,1024,accepted,resolved_negative_ch1_ch2_coincidence,not_detected_above_threshold,prompt_12_no_resolved_3,205.859,1457.481,candidate,compatible_secondary_identity_unconfirmed,1,1,0,unavailable_acquisition_selected_ch2,not_validated,-7.4,14.825999999999999,80.0,0.0,,49.4,273.1,-8.149999999999999,11.93493,80.0,0.0,,28.549999999999997,156.04999999999998,-9.1,9.933419999999998,80.0,0.0,,29.700000000000003,213.70000000000002,562178,563201,836a5573a5fa387f7159eb81ec7e48ad04fdee3697c572274b41543c8091e9a8,,,curated_decay_upload; acquisition run/time and selection unknown,not_confirmed,unique_eligible_for_separate_review
Datos/Med_con_Decaimientos/decaimientos.txt::block551::event551,Datos/Med_con_Decaimientos/decaimientos.txt,upload_decaimientos_sin_fecha,-1,551,551,,563202,0,0,development,1024,accepted,resolved_negative_ch1_ch2_coincidence,not_detected_above_threshold,prompt_12_no_resolved_3,207.52,1455.82,candidate,compatible_secondary_identity_unconfirmed,1,0,0,unavailable_acquisition_selected_ch2,not_validated,-7.0,14.30709,80.0,0.0,,45.4,197.2,-7.4,11.71254,80.0,0.0,,35.7,396.90000000000003,-8.7,10.22994,80.0,0.0,,33.2,102.2,563202,564225,f817ecb436009284d635fe91fe80433504a6232368fada55f2cd1af357d4fcec,,,curated_decay_upload; acquisition run/time and selection unknown,not_confirmed,unique_eligible_for_separate_review
Datos/Med_con_Decaimientos/decaimientos.txt::block552::event552,Datos/Med_con_Decaimientos/decaimientos.txt,upload_decaimientos_sin_fecha,-1,552,552,,564226,0,0,evaluation,1024,accepted,resolved_negative_ch1_ch2_coincidence,not_detected_above_threshold,prompt_12_no_resolved_3,200.879,1462.461,candidate,compatible_secondary_identity_unconfirmed,1,0,0,unavailable_acquisition_selected_ch2,not_validated,-7.1,16.160339999999998,80.0,0.0,,41.1,230.0,-8.2,12.750359999999999,80.0,0.0,,35.3,171.5,-8.9,11.193629999999997,80.0,0.0,,34.5,29.9,564226,565249,3b13898d6963d7cd4bcf2446da4e5f7da1ce9e9dcfe9fa17c464c17393c8c931,,,curated_decay_upload; acquisition run/time and selection unknown,not_confirmed,unique_eligible_for_separate_review
Datos/Med_con_Decaimientos/decaimientos.txt::block553::event553,Datos/Med_con_Decaimientos/decaimientos.txt,upload_decaimientos_sin_fecha,-1,553,553,,565250,0,0,development,1024,accepted,resolved_negative_ch1_ch2_coincidence,not_detected_above_threshold,prompt_12_no_resolved_3,210.84,1452.5,candidate,compatible_secondary_identity_unconfirmed,1,0,0,unavailable_acquisition_selected_ch2,not_validated,-7.4,15.78969,80.0,0.0,,45.199999999999996,160.29999999999998,-6.4,12.009059999999998,80.0,0.0,,24.6,156.79999999999998,-8.45,10.526459999999998,80.0,0.0,,27.75,166.25,565250,566273,82eaae20ebbcaf1cdb420f2d02b95db067bf0bae304862dae2b0a85af705a782,,,curated_decay_upload; acquisition run/time and selection unknown,not_confirmed,unique_eligible_for_separate_review
Datos/Med_con_Decaimientos/decaimientos.txt::block554::event554,Datos/Med_con_Decaimientos/decaimientos.txt,upload_decaimientos_sin_fecha,-1,554,554,,566274,0,0,evaluation,1024,accepted,resolved_negative_ch1_ch2_coincidence,not_detected_above_threshold,prompt_12_no_resolved_3,219.141,1444.1989999999998,candidate,compatible_secondary_identity_unconfirmed,1,1,0,unavailable_acquisition_selected_ch2,not_validated,-6.7,13.93644,80.0,0.0,,56.300000000000004,189.0,-7.5,13.195139999999997,80.0,0.0,,31.7,267.8,-8.2,10.3782,80.0,0.0,,27.8,28.599999999999998,566274,567297,00bb17660a346a3df2b5d2247c964c3fcf8a516dacdf772c4c67ab187550e1ea,,,curated_decay_upload; acquisition run/time and selection unknown,not_confirmed,unique_eligible_for_separate_review
Datos/Med_con_Decaimientos/decaimientos.txt::block555::event555,Datos/Med_con_Decaimientos/decaimientos.txt,upload_decaimientos_sin_fecha,-1,555,555,,567298,0,0,evaluation,1024,accepted,resolved_negative_ch1_ch2_coincidence,not_detected_above_threshold,prompt_12_no_resolved_3,210.84,1452.5,ambiguous,review_delayed_group_reasons,0,1,0,unavailable_acquisition_selected_ch2,not_validated,-6.2,15.863819999999999,80.0,0.0,,43.300000000000004,214.70000000000002,-7.1,11.8608,80.0,0.0,,27.1,181.4,-7.5,10.081679999999999,80.0,0.0,,25.8,102.2,567298,568321,144eb39e0c520b731cfa2e13a9715a92a85cc08da652b8a2734156e5caad78bb,,,curated_decay_upload; acquisition run/time and selection unknown,not_confirmed,unique_eligible_for_separate_review
Datos/Med_con_Decaimientos/decaimientos.txt::block556::event556,Datos/Med_con_Decaimientos/decaimientos.txt,upload_decaimientos_sin_fecha,-1,556,556,,568322,0,0,development,1024,accepted,resolved_negative_ch1_ch2_coincidence,detected,prompt_123,202.539,1460.801,ambiguous,review_delayed_group_reasons,0,1,0,unavailable_acquisition_selected_ch2,not_validated,-7.4,14.825999999999997,80.0,0.0,,42.8,122.6,-7.7,11.49015,80.0,0.0,,32.9,148.60000000000002,-8.6,10.22994,80.0,0.0,,30.299999999999997,100.10000000000001,568322,569345,cd634960227edf895874e748c33a02010f57704b083c13af822c55d0d6849651,,,curated_decay_upload; acquisition run/time and selection unknown,not_confirmed,unique_eligible_for_separate_review
Datos/Med_con_Decaimientos/decaimientos.txt::block557::event557,Datos/Med_con_Decaimientos/decaimientos.txt,upload_decaimientos_sin_fecha,-1,557,557,,569346,0,0,development,1024,accepted,resolved_negative_ch1_ch2_coincidence,detected,prompt_123,210.84,1452.5,ambiguous,review_delayed_group_reasons,0,1,0,unavailable_acquisition_selected_ch2,not_validated,-6.55,15.122519999999998,80.0,0.0,,42.449999999999996,153.54999999999998,-7.7,12.30558,80.0,0.0,,35.9,189.20000000000002,-8.9,10.67472,80.0,0.0,,27.0,95.39999999999999,569346,570369,6e1e8dab09fff85ca069d8a06f4b233ccdd75ab5e67a23a647fafd702f85f5b5,,,curated_decay_upload; acquisition run/time and selection unknown,not_confirmed,unique_eligible_for_separate_review
Datos/Med_con_Decaimientos/decaimientos.txt::block558::event558,Datos/Med_con_Decaimientos/decaimientos.txt,upload_decaimientos_sin_fecha,-1,558,558,,570370,0,0,evaluation,1024,accepted,resolved_negative_ch1_ch2_coincidence,not_detected_above_threshold,prompt_12_no_resolved_3,214.16,1449.1799999999998,candidate,compatible_secondary_identity_unconfirmed,1,0,0,unavailable_acquisition_selected_ch2,not_validated,-6.75,16.82751,80.0,0.0,,43.35,134.75,-7.3,11.26776,80.0,0.0,,37.6,126.00000000000001,-8.5,9.78516,80.0,0.0,,25.3,126.80000000000001,570370,571393,fa8eb4969f36aca21908768f1e5bbf843da302ed220e25d1993815c6d81465ed,,,curated_decay_upload; acquisition run/time and selection unknown,not_confirmed,unique_eligible_for_separate_review
Datos/Med_con_Decaimientos/decaimientos.txt::block559::event559,Datos/Med_con_Decaimientos/decaimientos.txt,upload_decaimientos_sin_fecha,-1,559,559,,571394,0,0,evaluation,1024,accepted,resolved_negative_ch1_ch2_coincidence,detected,prompt_123,215.82,1447.52,ambiguous,review_delayed_group_reasons,0,1,0,unavailable_acquisition_selected_ch2,not_validated,-7.6,17.0499,80.0,0.0,,42.5,160.5,-7.4,11.71254,80.0,0.0,,32.8,161.7,-8.6,10.30407,80.0,0.0,,30.799999999999997,225.20000000000002,571394,572417,a53b13374bcd7a0bf9bb9798acfa5e5227bebe601f6e5d167997b3b97b480f39,,,curated_decay_upload; acquisition run/time and selection unknown,not_confirmed,unique_eligible_for_separate_review
Datos/Med_con_Decaimientos/decaimientos.txt::block560::event560,Datos/Med_con_Decaimientos/decaimientos.txt,upload_decaimientos_sin_fecha,-1,560,560,,572418,0,0,evaluation,1024,accepted,resolved_negative_ch1_ch2_coincidence,not_detected_above_threshold,prompt_12_no_resolved_3,202.539,1460.801,candidate,compatible_secondary_identity_unconfirmed,1,2,0,unavailable_acquisition_selected_ch2,not_validated,-7.0,14.232959999999999,80.0,0.0,,48.9,284.6,-7.5,14.232959999999999,80.0,0.0,,31.4,347.1,-8.9,10.97124,80.0,0.0,,40.5,32.1,572418,573441,71fb73d6b64aebf9682df1b6103992e9599ec9ed67b7b8cd147308ad658d0c1e,,,curated_decay_upload; acquisition run/time and selection unknown,not_confirmed,unique_eligible_for_separate_review
Datos/Med_con_Decaimientos/decaimientos.txt::block561::event561,Datos/Med_con_Decaimientos/decaimientos.txt,upload_decaimientos_sin_fecha,-1,561,561,,573442,0,0,development,1024,accepted,resolved_negative_ch1_ch2_coincidence,detected,prompt_123,215.82,1447.52,ambiguous,review_delayed_group_reasons,0,1,0,unavailable_acquisition_selected_ch2,not_validated,-5.9,17.049899999999997,80.0,0.0,,36.4,127.5,-7.5,11.49015,80.0,0.0,,31.7,141.9,-8.3,10.45233,80.0,0.0,,28.900000000000002,136.79999999999998,573442,574465,37301ba8757fcb8384fef418f3b94095a2418c732468d45e9fe284eb688812bd,,,curated_decay_upload; acquisition run/time and selection unknown,not_confirmed,unique_eligible_for_separate_review
Datos/Med_con_Decaimientos/decaimientos.txt::block562::event562,Datos/Med_con_Decaimientos/decaimientos.txt,upload_decaimientos_sin_fecha,-1,562,562,,574466,0,0,development,1024,accepted,resolved_negative_ch1_ch2_coincidence,not_detected_above_threshold,prompt_12_no_resolved_3,200.879,1462.461,candidate,compatible_secondary_identity_unconfirmed,1,0,0,unavailable_acquisition_selected_ch2,not_validated,-7.1,14.0847,80.0,0.0,,45.6,156.3,-7.4,11.119499999999999,80.0,0.0,,39.3,410.8,-8.6,9.636899999999999,80.0,0.0,,25.700000000000003,182.70000000000002,574466,575489,5605b01189b581e7e26d8275884951076d1b4a02aba98974d74d0bf259afe570,,,curated_decay_upload; acquisition run/time and selection unknown,not_confirmed,unique_eligible_for_separate_review
Datos/Med_con_Decaimientos/decaimientos.txt::block563::event563,Datos/Med_con_Decaimientos/decaimientos.txt,upload_decaimientos_sin_fecha,-1,563,563,,575490,0,0,development,1024,accepted,resolved_negative_ch1_ch2_coincidence,not_detected_above_threshold,prompt_12_no_resolved_3,200.879,1462.461,candidate,compatible_secondary_identity_unconfirmed,1,2,0,unavailable_acquisition_selected_ch2,not_validated,-6.8,13.78818,80.0,0.0,,48.099999999999994,244.29999999999998,-7.5,11.119499999999999,80.0,0.0,,30.4,234.6,-8.6,9.19212,80.0,0.0,,36.6,36.6,575490,576513,597021ce644431d54717d51470c4f80b3ae026f79f2496d05ccf2108d3eb084e,,,curated_decay_upload; acquisition run/time and selection unknown,not_confirmed,unique_eligible_for_separate_review
Datos/Med_con_Decaimientos/decaimientos.txt::block564::event564,Datos/Med_con_Decaimientos/decaimientos.txt,upload_decaimientos_sin_fecha,-1,564,564,,576514,0,0,development,1024,accepted,resolved_negative_ch1_ch2_coincidence,not_detected_above_threshold,prompt_12_no_resolved_3,209.18,1454.1599999999999,ambiguous,review_delayed_group_reasons,0,1,0,unavailable_acquisition_selected_ch2,not_validated,-6.2,15.27078,80.0,0.0,,40.5,249.90000000000003,-7.4,11.416019999999998,80.0,0.0,,35.0,408.8,-7.9,10.97124,80.0,0.0,,29.1,113.0,576514,577537,d41147034754356ca434237330e9f6f7b2a5ea7f7241fe147406474cfe2466a1,,,curated_decay_upload; acquisition run/time and selection unknown,not_confirmed,unique_eligible_for_separate_review
Datos/Med_con_Decaimientos/decaimientos.txt::block565::event565,Datos/Med_con_Decaimientos/decaimientos.txt,upload_decaimientos_sin_fecha,-1,565,565,,577538,0,0,development,1024,accepted,resolved_negative_ch1_ch2_coincidence,detected,prompt_123,215.82,1447.52,ambiguous,review_delayed_group_reasons,0,1,0,unavailable_acquisition_selected_ch2,not_validated,-5.699999999999999,16.3086,80.0,0.0,,45.099999999999994,152.0,-6.4,12.083189999999997,80.0,0.0,,30.9,140.2,-7.8,9.933419999999998,80.0,0.0,,25.7,196.29999999999998,577538,578561,1d8c2916d1c8d52d7dfb7e5dcd068aad7d364b1516cf7139430a6454eb2785fd,,,curated_decay_upload; acquisition run/time and selection unknown,not_confirmed,unique_eligible_for_separate_review
Datos/Med_con_Decaimientos/decaimientos.txt::block566::event566,Datos/Med_con_Decaimientos/decaimientos.txt,upload_decaimientos_sin_fecha,-1,566,566,,578562,0,0,development,1024,accepted,resolved_negative_ch1_ch2_coincidence,not_detected_above_threshold,prompt_12_no_resolved_3,200.879,1462.461,candidate,compatible_secondary_identity_unconfirmed,1,0,1,unavailable_acquisition_selected_ch2,not_validated,-6.9,12.898620000000001,80.0,0.0,,52.6,261.40000000000003,-7.9,9.636899999999999,80.0,0.0,,28.799999999999997,119.6,-8.0,8.1543,80.0,0.0,,30.6,34.7,578562,579585,94148a1e96cf0b03085d3e7e03838157f48c8a5edc588980e909ada0cfb01acc,,,curated_decay_upload; acquisition run/time and selection unknown,not_confirmed,unique_eligible_for_separate_review
Datos/Med_con_Decaimientos/decaimientos.txt::block567::event567,Datos/Med_con_Decaimientos/decaimientos.txt,upload_decaimientos_sin_fecha,-1,567,567,,579586,0,0,evaluation,1024,accepted,resolved_negative_ch1_ch2_coincidence,not_detected_above_threshold,prompt_12_no_resolved_3,210.84,1452.5,ambiguous,review_delayed_group_reasons,0,1,0,unavailable_acquisition_selected_ch2,not_validated,-7.7,15.64143,80.0,0.0,,45.2,210.70000000000002,-7.2,11.26776,80.0,0.0,,34.4,286.6,-7.7,9.488639999999998,80.0,0.0,,28.7,28.7,579586,580609,85dcd5107ae2d884b15fe0592af73a0fb6be3086726cdd8a7ce47d1f33153ce9,,,curated_decay_upload; acquisition run/time and selection unknown,not_confirmed,unique_eligible_for_separate_review
Datos/Med_con_Decaimientos/decaimientos.txt::block568::event568,Datos/Med_con_Decaimientos/decaimientos.txt,upload_decaimientos_sin_fecha,-1,568,568,,580610,0,0,development,1024,accepted,resolved_negative_ch1_ch2_coincidence,not_detected_above_threshold,prompt_12_no_resolved_3,219.141,1444.1989999999998,candidate,compatible_secondary_identity_unconfirmed,1,1,0,unavailable_acquisition_selected_ch2,not_validated,-7.3,15.715559999999996,80.0,0.0,,49.8,152.29999999999998,-7.7,11.119499999999999,80.0,0.0,,36.1,144.8,-7.9,9.85929,80.0,0.0,,29.1,29.200000000000003,580610,581633,de5485d5e8b577399c756449ca9197f67abaeaf5006e58d9fa26708310c85f47,,,curated_decay_upload; acquisition run/time and selection unknown,not_confirmed,unique_eligible_for_separate_review
Datos/Med_con_Decaimientos/decaimientos.txt::block569::event569,Datos/Med_con_Decaimientos/decaimientos.txt,upload_decaimientos_sin_fecha,-1,569,569,,581634,0,0,development,1024,accepted,resolved_negative_ch1_ch2_coincidence,not_detected_above_threshold,prompt_12_no_resolved_3,204.199,1459.1409999999998,ambiguous,review_delayed_group_reasons,0,1,0,unavailable_acquisition_selected_ch2,not_validated,-6.8,14.45535,80.0,0.0,,46.3,195.0,-7.6,11.56428,80.0,0.0,,30.6,238.20000000000002,-8.4,10.674719999999999,80.0,0.0,,33.8,33.1,581634,582657,1fd69407a8da33cd8e5a93429ec9ba2f513f0167ec7b22fb71f3f84d4bb8a531,,,curated_decay_upload; acquisition run/time and selection unknown,not_confirmed,unique_eligible_for_separate_review
Datos/Med_con_Decaimientos/decaimientos.txt::block570::event570,Datos/Med_con_Decaimientos/decaimientos.txt,upload_decaimientos_sin_fecha,-1,570,570,,582658,0,0,evaluation,1024,accepted,resolved_negative_ch1_ch2_coincidence,not_detected_above_threshold,prompt_12_no_resolved_3,210.84,1452.5,candidate,compatible_secondary_identity_unconfirmed,1,0,0,unavailable_acquisition_selected_ch2,not_validated,-6.3,16.160339999999998,80.0,0.0,,42.699999999999996,157.79999999999998,-7.5,11.56428,80.0,0.0,,30.9,163.5,-8.3,10.08168,80.0,0.0,,27.900000000000002,27.900000000000002,582658,583681,d5dca72d4539b176ec67cf6bdc05acc0c7d39a60f0f29d862bbddee618521c68,,,curated_decay_upload; acquisition run/time and selection unknown,not_confirmed,unique_eligible_for_separate_review
Datos/Med_con_Decaimientos/decaimientos.txt::block571::event571,Datos/Med_con_Decaimientos/decaimientos.txt,upload_decaimientos_sin_fecha,-1,571,571,,583682,0,0,evaluation,1024,accepted,resolved_negative_ch1_ch2_coincidence,ambiguous,prompt_12_uncertain_3,217.48,1445.86,ambiguous,review_delayed_group_reasons,0,1,0,unavailable_acquisition_selected_ch2,not_validated,-7.6,16.3086,80.0,0.0,,43.300000000000004,137.20000000000002,-7.8,11.564279999999998,80.0,0.0,,33.9,143.6,-8.1,10.526459999999998,80.0,0.0,,28.799999999999997,53.3,583682,584705,faf4879d90564f3094b5f2899dc5a1aca721ca5e003df60122e4dd3f637add4a,,,curated_decay_upload; acquisition run/time and selection unknown,not_confirmed,unique_eligible_for_separate_review
Datos/Med_con_Decaimientos/decaimientos.txt::block572::event572,Datos/Med_con_Decaimientos/decaimientos.txt,upload_decaimientos_sin_fecha,-1,572,572,,584706,0,0,development,1024,accepted,resolved_negative_ch1_ch2_coincidence,not_detected_above_threshold,prompt_12_no_resolved_3,212.5,1450.84,ambiguous,review_delayed_group_reasons,0,1,0,unavailable_acquisition_selected_ch2,not_validated,-7.0,15.64143,80.0,0.0,,41.6,203.2,-8.1,13.343399999999999,80.0,0.0,,34.3,196.1,-8.45,12.15732,80.0,0.0,,34.55,79.64999999999999,584706,585729,6fb8dd11207ffb2d1cf1d1c01ad08fd4713be7009da077b45866885c1d913773,,,curated_decay_upload; acquisition run/time and selection unknown,not_confirmed,unique_eligible_for_separate_review
Datos/Med_con_Decaimientos/decaimientos.txt::block573::event573,Datos/Med_con_Decaimientos/decaimientos.txt,upload_decaimientos_sin_fecha,-1,573,573,,585730,0,0,development,1024,accepted,resolved_negative_ch1_ch2_coincidence,detected,prompt_123,202.539,1460.801,ambiguous,review_delayed_group_reasons,0,1,0,unavailable_acquisition_selected_ch2,not_validated,-7.35,14.307089999999997,80.0,0.0,,42.550000000000004,142.45000000000002,-7.5,11.56428,80.0,0.0,,30.6,161.1,-8.7,10.674719999999999,80.0,0.0,,27.9,245.5,585730,586753,31d164b51a5a731e177f35fc613ab9548ed23742920c0618facc18a98e86936c,,,curated_decay_upload; acquisition run/time and selection unknown,not_confirmed,unique_eligible_for_separate_review
Datos/Med_con_Decaimientos/decaimientos.txt::block574::event574,Datos/Med_con_Decaimientos/decaimientos.txt,upload_decaimientos_sin_fecha,-1,574,574,,586754,0,0,development,1024,accepted,resolved_negative_ch1_ch2_coincidence,not_detected_above_threshold,prompt_12_no_resolved_3,210.84,1452.5,candidate,compatible_secondary_identity_unconfirmed,1,0,0,unavailable_acquisition_selected_ch2,not_validated,-6.55,14.307089999999997,80.0,0.0,,50.15,134.54999999999998,-7.35,10.89711,80.0,0.0,,35.05,225.35,-8.6,8.450819999999998,80.0,0.0,,31.5,27.199999999999996,586754,587777,2ac16e761a79ff419c08e3b202bfb50fcb38d45b91afcf179d2e811cd7cec7fc,,,curated_decay_upload; acquisition run/time and selection unknown,not_confirmed,unique_eligible_for_separate_review
Datos/Med_con_Decaimientos/decaimientos.txt::block575::event575,Datos/Med_con_Decaimientos/decaimientos.txt,upload_decaimientos_sin_fecha,-1,575,575,,587778,0,0,development,1024,accepted,resolved_negative_ch1_ch2_coincidence,not_detected_above_threshold,prompt_12_no_resolved_3,212.5,1450.84,ambiguous,review_delayed_group_reasons,0,1,0,unavailable_acquisition_selected_ch2,not_validated,-6.6,14.677739999999996,80.0,0.0,,45.2,148.8,-7.5,10.30407,80.0,0.0,,34.5,162.1,-7.8,9.34038,80.0,0.0,,25.900000000000002,28.900000000000002,587778,588801,de53925d73a3c1b1fa71ed778a9eef8831cc9fbc188e4a82ff15f9ed37f30739,,,curated_decay_upload; acquisition run/time and selection unknown,not_confirmed,unique_eligible_for_separate_review
Datos/Med_con_Decaimientos/decaimientos.txt::block576::event576,Datos/Med_con_Decaimientos/decaimientos.txt,upload_decaimientos_sin_fecha,-1,576,576,,588802,0,0,evaluation,1024,accepted,resolved_negative_ch1_ch2_coincidence,detected,prompt_123,204.199,1459.1409999999998,ambiguous,review_delayed_group_reasons,0,1,0,unavailable_acquisition_selected_ch2,not_validated,-7.85,15.715559999999998,80.0,0.0,,42.45,149.25,-7.2,12.157319999999999,80.0,0.0,,30.3,143.8,-8.8,10.748850000000001,80.0,0.0,,28.900000000000002,225.0,588802,589825,80b59986853caefd1a8e591158d86f233344e0bc6cf205fbfb342c5f540f9a7f,,,curated_decay_upload; acquisition run/time and selection unknown,not_confirmed,unique_eligible_for_separate_review
Datos/Med_con_Decaimientos/decaimientos.txt::block577::event577,Datos/Med_con_Decaimientos/decaimientos.txt,upload_decaimientos_sin_fecha,-1,577,577,,589826,0,0,development,1024,accepted,resolved_negative_ch1_ch2_coincidence,not_detected_above_threshold,prompt_12_no_resolved_3,204.199,1459.1409999999998,candidate,compatible_secondary_identity_unconfirmed,1,0,0,unavailable_acquisition_selected_ch2,not_validated,-7.0,14.381219999999999,80.0,0.0,,40.1,244.2,-7.7,11.564279999999998,80.0,0.0,,28.3,228.3,-8.7,10.155809999999999,80.0,0.0,,30.7,29.000000000000004,589826,590849,db861ed01b4367381f08123051e7641e60c0be5b51be61c611b309bcc2dbf01d,,,curated_decay_upload; acquisition run/time and selection unknown,not_confirmed,unique_eligible_for_separate_review
Datos/Med_con_Decaimientos/decaimientos.txt::block578::event578,Datos/Med_con_Decaimientos/decaimientos.txt,upload_decaimientos_sin_fecha,-1,578,578,,590850,0,0,development,1024,accepted,resolved_negative_ch1_ch2_coincidence,not_detected_above_threshold,prompt_12_no_resolved_3,219.141,1444.1989999999998,candidate,compatible_secondary_identity_unconfirmed,1,0,0,unavailable_acquisition_selected_ch2,not_validated,-7.3,13.639919999999998,80.0,0.0,,43.099999999999994,167.5,-8.55,10.45233,80.0,0.0,,38.55,210.95,-8.9,9.340379999999998,80.0,0.0,,29.799999999999997,33.1,590850,591873,a06dffcf76e4df620e666a9045a54cfab6f5136b41190ff66a8c60540fcd71f5,,,curated_decay_upload; acquisition run/time and selection unknown,not_confirmed,unique_eligible_for_separate_review
Datos/Med_con_Decaimientos/decaimientos.txt::block579::event579,Datos/Med_con_Decaimientos/decaimientos.txt,upload_decaimientos_sin_fecha,-1,579,579,,591874,0,0,evaluation,1024,accepted,resolved_negative_ch1_ch2_coincidence,not_detected_above_threshold,prompt_12_no_resolved_3,209.18,1454.1599999999999,candidate,compatible_secondary_identity_unconfirmed,1,0,0,unavailable_acquisition_selected_ch2,not_validated,-6.65,14.15883,80.0,0.0,,41.55,119.75,-7.6,11.267759999999999,80.0,0.0,,29.799999999999997,122.0,-8.850000000000001,8.969729999999998,80.0,0.0,,23.950000000000003,87.25,591874,592897,b287022749f6d79fa2abb0cd26af837514af55608d1f77296f422849c65635e1,,,curated_decay_upload; acquisition run/time and selection unknown,not_confirmed,unique_eligible_for_separate_review
Datos/Med_con_Decaimientos/decaimientos.txt::block580::event580,Datos/Med_con_Decaimientos/decaimientos.txt,upload_decaimientos_sin_fecha,-1,580,580,,592898,0,0,development,1024,accepted,resolved_negative_ch1_ch2_coincidence,not_detected_above_threshold,prompt_12_no_resolved_3,202.539,1460.801,candidate,compatible_secondary_identity_unconfirmed,1,0,0,unavailable_acquisition_selected_ch2,not_validated,-6.8,15.048389999999998,80.0,0.0,,44.699999999999996,239.6,-7.3,11.8608,80.0,0.0,,26.400000000000002,188.7,-8.7,9.71103,80.0,0.0,,28.8,292.6,592898,593921,7d83719cf9f180de5553a49ef6fcb8123ef43f155bf671441fb17b536d8f8182,,,curated_decay_upload; acquisition run/time and selection unknown,not_confirmed,unique_eligible_for_separate_review
Datos/Med_con_Decaimientos/decaimientos.txt::block581::event581,Datos/Med_con_Decaimientos/decaimientos.txt,upload_decaimientos_sin_fecha,-1,581,581,,593922,0,0,development,1024,accepted,resolved_negative_ch1_ch2_coincidence,not_detected_above_threshold,prompt_12_no_resolved_3,200.879,1462.461,candidate,compatible_secondary_identity_unconfirmed,1,0,0,unavailable_acquisition_selected_ch2,not_validated,-6.7,15.27078,80.0,0.0,,41.1,208.8,-7.7,12.453840000000003,80.0,0.0,,33.300000000000004,298.1,-8.7,10.081679999999999,80.0,0.0,,33.0,29.000000000000004,593922,594945,72b53a55065420c44d56c2c12494de6217e744e6ad65d08ef1e2a917de3c7cfd,,,curated_decay_upload; acquisition run/time and selection unknown,not_confirmed,unique_eligible_for_separate_review
Datos/Med_con_Decaimientos/decaimientos.txt::block582::event582,Datos/Med_con_Decaimientos/decaimientos.txt,upload_decaimientos_sin_fecha,-1,582,582,,594946,0,0,evaluation,1024,accepted,resolved_negative_ch1_ch2_coincidence,not_detected_above_threshold,prompt_12_no_resolved_3,217.48,1445.86,candidate,compatible_secondary_identity_unconfirmed,1,0,1,unavailable_acquisition_selected_ch2,not_validated,-6.7,15.419039999999999,80.0,0.0,,47.300000000000004,191.3,-7.5,12.009059999999998,80.0,0.0,,32.8,229.4,-8.1,10.22994,80.0,0.0,,32.3,169.70000000000002,594946,595969,44dead80e9297db0c114a5db213b47cda1b822fb38f0e10e07f3991f649d00c6,,,curated_decay_upload; acquisition run/time and selection unknown,not_confirmed,unique_eligible_for_separate_review
Datos/Med_con_Decaimientos/decaimientos.txt::block583::event583,Datos/Med_con_Decaimientos/decaimientos.txt,upload_decaimientos_sin_fecha,-1,583,583,,595970,0,0,development,1024,accepted,resolved_negative_ch1_ch2_coincidence,not_detected_above_threshold,prompt_12_no_resolved_3,204.199,1459.1409999999998,candidate,compatible_secondary_identity_unconfirmed,1,0,0,unavailable_acquisition_selected_ch2,not_validated,-7.2,14.825999999999999,80.0,0.0,,39.1,123.60000000000001,-8.1,11.267759999999999,80.0,0.0,,34.1,96.7,-8.9,9.48864,80.0,0.0,,23.0,100.19999999999999,595970,596993,3cd479450cfa79c21ea32363459707f2fcdb0d913fdb8f690d67622f9f409d62,,,curated_decay_upload; acquisition run/time and selection unknown,not_confirmed,unique_eligible_for_separate_review
Datos/Med_con_Decaimientos/decaimientos.txt::block584::event584,Datos/Med_con_Decaimientos/decaimientos.txt,upload_decaimientos_sin_fecha,-1,584,584,,596994,0,0,development,1024,accepted,resolved_negative_ch1_ch2_coincidence,not_detected_above_threshold,prompt_12_no_resolved_3,205.859,1457.481,candidate,compatible_secondary_identity_unconfirmed,1,2,0,unavailable_acquisition_selected_ch2,not_validated,-6.8,12.30558,80.0,0.0,,53.0,163.7,-7.5,10.3782,80.0,0.0,,29.9,138.2,-8.6,9.043859999999999,80.0,0.0,,30.4,87.0,596994,598017,58fffdac9db128dd763b368e31734eda39342740bd42b0a24bc3cd06dad0a482,,,curated_decay_upload; acquisition run/time and selection unknown,not_confirmed,unique_eligible_for_separate_review
Datos/Med_con_Decaimientos/decaimientos.txt::block585::event585,Datos/Med_con_Decaimientos/decaimientos.txt,upload_decaimientos_sin_fecha,-1,585,585,,598018,0,0,development,1024,accepted,resolved_negative_ch1_ch2_coincidence,not_detected_above_threshold,prompt_12_no_resolved_3,214.16,1449.1799999999998,candidate,compatible_secondary_identity_unconfirmed,1,0,0,unavailable_acquisition_selected_ch2,not_validated,-7.55,14.15883,80.0,0.0,,47.349999999999994,327.65,-8.2,11.712539999999999,80.0,0.0,,38.5,222.20000000000002,-8.1,8.450820000000002,80.0,0.0,,24.6,30.6,598018,599041,a1e3167176d1ba9041833783e645504de934a3009bebf37cd546738364d3e03a,,,curated_decay_upload; acquisition run/time and selection unknown,not_confirmed,unique_eligible_for_separate_review
Datos/Med_con_Decaimientos/decaimientos.txt::block586::event586,Datos/Med_con_Decaimientos/decaimientos.txt,upload_decaimientos_sin_fecha,-1,586,586,,599042,0,0,development,1024,accepted,resolved_negative_ch1_ch2_coincidence,not_detected_above_threshold,prompt_12_no_resolved_3,205.859,1457.481,candidate,compatible_secondary_identity_unconfirmed,1,0,0,unavailable_acquisition_selected_ch2,not_validated,-7.2,14.0847,80.0,0.0,,47.1,275.5,-8.0,11.267759999999999,80.0,0.0,,31.7,156.2,-8.8,10.3782,80.0,0.0,,27.3,25.099999999999998,599042,600065,9d9b6fffce159344f10df27cd661824195beb97b1dec94742fb7838c5979a2dc,,,curated_decay_upload; acquisition run/time and selection unknown,not_confirmed,unique_eligible_for_separate_review
Datos/Med_con_Decaimientos/decaimientos.txt::block587::event587,Datos/Med_con_Decaimientos/decaimientos.txt,upload_decaimientos_sin_fecha,-1,587,587,,600066,0,0,development,1024,accepted,resolved_negative_ch1_ch2_coincidence,not_detected_above_threshold,prompt_12_no_resolved_3,197.559,1465.781,candidate,compatible_secondary_identity_unconfirmed,1,0,0,unavailable_acquisition_selected_ch2,not_validated,-7.45,13.121009999999998,80.0,0.0,,53.35,199.55,-7.2,11.71254,80.0,0.0,,30.2,210.8,-8.7,10.526460000000002,80.0,0.0,,30.3,85.0,600066,601089,86577f7d28bb51a268bf8ce7fd42f21c717d64436b72563e6493f6a40e1baf26,,,curated_decay_upload; acquisition run/time and selection unknown,not_confirmed,unique_eligible_for_separate_review
Datos/Med_con_Decaimientos/decaimientos.txt::block588::event588,Datos/Med_con_Decaimientos/decaimientos.txt,upload_decaimientos_sin_fecha,-1,588,588,,601090,0,0,development,1024,accepted,resolved_negative_ch1_ch2_coincidence,not_detected_above_threshold,prompt_12_no_resolved_3,210.84,1452.5,candidate,compatible_secondary_identity_unconfirmed,1,0,0,unavailable_acquisition_selected_ch2,not_validated,-6.6,15.19665,80.0,0.0,,36.9,274.9,-7.7,11.71254,80.0,0.0,,31.3,205.0,-8.8,10.08168,80.0,0.0,,32.2,24.400000000000002,601090,602113,c5093da87e43432a63a7d270266d36b0b376953156c27daaefc1ce658f55cf12,,,curated_decay_upload; acquisition run/time and selection unknown,not_confirmed,unique_eligible_for_separate_review
Datos/Med_con_Decaimientos/decaimientos.txt::block589::event589,Datos/Med_con_Decaimientos/decaimientos.txt,upload_decaimientos_sin_fecha,-1,589,589,,602114,0,0,evaluation,1024,accepted,resolved_negative_ch1_ch2_coincidence,not_detected_above_threshold,prompt_12_no_resolved_3,199.219,1464.1209999999999,ambiguous,review_delayed_group_reasons,0,1,0,unavailable_acquisition_selected_ch2,not_validated,-7.5,15.715560000000002,80.0,0.0,,44.8,218.7,-7.7,13.04688,80.0,0.0,,34.6,330.1,-8.5,12.009059999999998,80.0,0.0,,32.6,36.5,602114,603137,d252831dc250d3d0e6ed4869fda03ce1d15fbd0ced5cdef00578d3ecba0032c8,,,curated_decay_upload; acquisition run/time and selection unknown,not_confirmed,unique_eligible_for_separate_review
Datos/Med_con_Decaimientos/decaimientos.txt::block590::event590,Datos/Med_con_Decaimientos/decaimientos.txt,upload_decaimientos_sin_fecha,-1,590,590,,603138,0,0,development,1024,accepted,resolved_negative_ch1_ch2_coincidence,not_detected_above_threshold,prompt_12_no_resolved_3,197.559,1465.781,candidate,compatible_secondary_identity_unconfirmed,1,2,0,unavailable_acquisition_selected_ch2,not_validated,-7.65,14.30709,80.0,0.0,,52.25,236.95,-7.2,11.712539999999999,80.0,0.0,,37.4,142.9,-8.75,9.562769999999999,80.0,0.0,,27.45,30.25,603138,604161,1aa81a75380c5c34d1d439fc57d22dd68106880eb962908c6023bac95cf6aad8,,,curated_decay_upload; acquisition run/time and selection unknown,not_confirmed,unique_eligible_for_separate_review
Datos/Med_con_Decaimientos/decaimientos.txt::block591::event591,Datos/Med_con_Decaimientos/decaimientos.txt,upload_decaimientos_sin_fecha,-1,591,591,,604162,0,0,development,1024,accepted,resolved_negative_ch1_ch2_coincidence,not_detected_above_threshold,prompt_12_no_resolved_3,204.199,1459.1409999999998,candidate,compatible_secondary_identity_unconfirmed,1,0,0,unavailable_acquisition_selected_ch2,not_validated,-7.4,16.753379999999996,80.0,0.0,,42.5,201.1,-7.7,13.491660000000001,80.0,0.0,,33.7,141.60000000000002,-8.350000000000001,11.786669999999999,80.0,0.0,,37.150000000000006,32.55,604162,605185,d23c208d0f408a1ffd01a36a9b984c918f6c20e77fa46e3f417dbb84fb658ad1,,,curated_decay_upload; acquisition run/time and selection unknown,not_confirmed,unique_eligible_for_separate_review
Datos/Med_con_Decaimientos/decaimientos.txt::block592::event592,Datos/Med_con_Decaimientos/decaimientos.txt,upload_decaimientos_sin_fecha,-1,592,592,,605186,0,0,evaluation,1024,accepted,resolved_negative_ch1_ch2_coincidence,detected,prompt_123,200.879,1462.461,ambiguous,review_delayed_group_reasons,0,1,0,unavailable_acquisition_selected_ch2,not_validated,-7.6,13.788179999999997,80.0,0.0,,49.7,229.3,-7.85,12.009059999999998,80.0,0.0,,28.049999999999997,173.75,-8.6,9.043859999999999,80.0,0.0,,26.9,171.1,605186,606209,81880a9f0412540cc8862e6daa22eb055f324cf3f398906ba3ffc5f62c3d33cd,,,curated_decay_upload; acquisition run/time and selection unknown,not_confirmed,unique_eligible_for_separate_review
Datos/Med_con_Decaimientos/decaimientos.txt::block593::event593,Datos/Med_con_Decaimientos/decaimientos.txt,upload_decaimientos_sin_fecha,-1,593,593,,606210,0,0,development,1024,accepted,resolved_negative_ch1_ch2_coincidence,not_detected_above_threshold,prompt_12_no_resolved_3,212.5,1450.84,no_secondary_above_threshold,absence_is_not_no_decay,0,0,0,unavailable_acquisition_selected_ch2,not_validated,-6.3,17.49468,80.0,0.0,,48.599999999999994,135.7,-6.45,12.527969999999998,80.0,0.0,,32.45,428.25,-7.8,11.41602,80.0,0.0,,33.1,29.999999999999996,606210,607233,d96a9c17218e374b9d4deb4520dab8de19ed9d7c685b40daf272f79c9160a1a0,,,curated_decay_upload; acquisition run/time and selection unknown,not_confirmed,unique_eligible_for_separate_review
Datos/Med_con_Decaimientos/decaimientos.txt::block594::event594,Datos/Med_con_Decaimientos/decaimientos.txt,upload_decaimientos_sin_fecha,-1,594,594,,607234,0,0,development,1024,accepted,resolved_negative_ch1_ch2_coincidence,not_detected_above_threshold,prompt_12_no_resolved_3,214.16,1449.1799999999998,candidate,compatible_secondary_identity_unconfirmed,1,0,0,unavailable_acquisition_selected_ch2,not_validated,-6.15,15.64143,80.0,0.0,,40.55,347.75,-8.0,12.75036,80.0,0.0,,40.2,151.7,-8.8,11.638409999999999,80.0,0.0,,36.900000000000006,33.0,607234,608257,2834bd92c4b8902aaadc6af88db6304bb82ea5d560917335e08299e342f8282a,,,curated_decay_upload; acquisition run/time and selection unknown,not_confirmed,unique_eligible_for_separate_review
Datos/Med_con_Decaimientos/decaimientos.txt::block595::event595,Datos/Med_con_Decaimientos/decaimientos.txt,upload_decaimientos_sin_fecha,-1,595,595,,608258,0,0,development,1024,accepted,resolved_negative_ch1_ch2_coincidence,not_detected_above_threshold,prompt_12_no_resolved_3,205.859,1457.481,candidate,compatible_secondary_identity_unconfirmed,1,0,0,unavailable_acquisition_selected_ch2,not_validated,-6.95,15.78969,80.0,0.0,,38.35,136.75,-8.0,11.8608,80.0,0.0,,35.8,122.30000000000001,-8.1,10.45233,80.0,0.0,,31.799999999999997,29.1,608258,609281,a1246ca46136e55956db8333b4cbc772abca9a12b4bb8c48217899d53709fa0f,,,curated_decay_upload; acquisition run/time and selection unknown,not_confirmed,unique_eligible_for_separate_review
Datos/Med_con_Decaimientos/decaimientos.txt::block596::event596,Datos/Med_con_Decaimientos/decaimientos.txt,upload_decaimientos_sin_fecha,-1,596,596,,609282,0,0,development,1024,ambiguous,pulse_clipping,ambiguous,prompt_12_uncertain_3,197.559,1465.781,not_evaluable,initial_coincidence_ambiguous,0,2,0,unavailable_acquisition_selected_ch2,not_validated,-6.8,14.825999999999999,80.0,0.0,,43.8,493.09999999999997,-7.95,10.007549999999998,80.0,0.0,,33.25,491.95,-4.4,11.56428,80.0,0.0,,28.0,495.5,609282,610305,fbbff6a15b16aa9d57d7ffd9ae0041dbcdf488b44c60296567b7d5216f1b513e,,,curated_decay_upload; acquisition run/time and selection unknown,not_confirmed,unique_eligible_for_separate_review
Datos/Med_con_Decaimientos/decaimientos.txt::block597::event597,Datos/Med_con_Decaimientos/decaimientos.txt,upload_decaimientos_sin_fecha,-1,597,597,,610306,0,0,development,1024,accepted,resolved_negative_ch1_ch2_coincidence,not_detected_above_threshold,prompt_12_no_resolved_3,215.82,1447.52,candidate,compatible_secondary_identity_unconfirmed,1,0,1,unavailable_acquisition_selected_ch2,not_validated,-5.8,15.715559999999998,80.0,0.0,,45.5,252.59999999999997,-8.2,14.825999999999999,80.0,0.0,,37.3,241.8,-8.95,12.379710000000001,80.0,0.0,,31.95,32.95,610306,611329,49d9d4d3b43cbb65b1d75ad80e90bd51b22779b0abfcb770b6e993793f8b8294,,,curated_decay_upload; acquisition run/time and selection unknown,not_confirmed,unique_eligible_for_separate_review
Datos/Med_con_Decaimientos/decaimientos.txt::block598::event598,Datos/Med_con_Decaimientos/decaimientos.txt,upload_decaimientos_sin_fecha,-1,598,598,,611330,0,0,evaluation,1024,accepted,resolved_negative_ch1_ch2_coincidence,detected,prompt_123,215.82,1447.52,ambiguous,review_delayed_group_reasons,0,1,0,unavailable_acquisition_selected_ch2,not_validated,-6.5,16.08621,80.0,0.0,,38.5,146.6,-7.8,11.41602,80.0,0.0,,27.2,104.10000000000001,-8.7,9.488639999999998,80.0,0.0,,28.0,209.4,611330,612353,8c590b1c2b7dd82f51900f557fd05b36f245316bd23cd009b12e9d0f03722187,,,curated_decay_upload; acquisition run/time and selection unknown,not_confirmed,unique_eligible_for_separate_review
Datos/Med_con_Decaimientos/decaimientos.txt::block599::event599,Datos/Med_con_Decaimientos/decaimientos.txt,upload_decaimientos_sin_fecha,-1,599,599,,612354,0,0,development,1024,accepted,resolved_negative_ch1_ch2_coincidence,not_detected_above_threshold,prompt_12_no_resolved_3,209.18,1454.1599999999999,candidate,compatible_secondary_identity_unconfirmed,1,1,1,unavailable_acquisition_selected_ch2,not_validated,-7.15,15.64143,80.0,0.0,,48.85,185.95,-8.1,11.416020000000001,80.0,0.0,,39.9,241.20000000000002,-8.9,10.08168,80.0,0.0,,29.299999999999997,26.4,612354,613377,b05d32fab8eec0dabcf8b857a79da229d6c2cd1a48df89cf13e06188148645eb,,,curated_decay_upload; acquisition run/time and selection unknown,not_confirmed,unique_eligible_for_separate_review
Datos/Med_con_Decaimientos/decaimientos.txt::block600::event600,Datos/Med_con_Decaimientos/decaimientos.txt,upload_decaimientos_sin_fecha,-1,600,600,,613378,0,0,development,1024,accepted,resolved_negative_ch1_ch2_coincidence,detected,prompt_123,205.859,1457.481,ambiguous,review_delayed_group_reasons,0,1,0,unavailable_acquisition_selected_ch2,not_validated,-6.95,15.64143,80.0,0.0,,37.25,143.25,-8.6,10.971239999999998,80.0,0.0,,33.0,182.1,-8.1,9.488639999999998,80.0,0.0,,24.0,196.1,613378,614401,3b9923009112ce4d1cc74851a921f1c04dbb387bfbcbfc5cc3beefc5e3c8fec2,,,curated_decay_upload; acquisition run/time and selection unknown,not_confirmed,unique_eligible_for_separate_review
Datos/Med_con_Decaimientos/decaimientos.txt::block601::event601,Datos/Med_con_Decaimientos/decaimientos.txt,upload_decaimientos_sin_fecha,-1,601,601,,614402,0,0,evaluation,1024,accepted,resolved_negative_ch1_ch2_coincidence,ambiguous,prompt_12_uncertain_3,217.48,1445.86,ambiguous,review_delayed_group_reasons,0,1,0,unavailable_acquisition_selected_ch2,not_validated,-7.5,16.901639999999997,80.0,0.0,,44.8,119.6,-7.5,12.898619999999998,80.0,0.0,,35.2,236.2,-8.4,10.3782,80.0,0.0,,29.200000000000003,82.8,614402,615425,dcc2ca845e376ce7479519b3e06f4991fed0bee029678584f772c79fbccae567,,,curated_decay_upload; acquisition run/time and selection unknown,not_confirmed,unique_eligible_for_separate_review
Datos/Med_con_Decaimientos/decaimientos.txt::block602::event602,Datos/Med_con_Decaimientos/decaimientos.txt,upload_decaimientos_sin_fecha,-1,602,602,,615426,0,0,development,1024,accepted,resolved_negative_ch1_ch2_coincidence,not_detected_above_threshold,prompt_12_no_resolved_3,207.52,1455.82,candidate,compatible_secondary_identity_unconfirmed,1,0,0,unavailable_acquisition_selected_ch2,not_validated,-6.7,16.60512,80.0,0.0,,38.2,211.70000000000002,-7.65,13.56579,80.0,0.0,,34.85,207.95,-8.9,11.71254,80.0,0.0,,32.2,153.7,615426,616449,5587484c5a407ff29a5d2fe21e686faf5bfcf5fe1aa944e18d4db9d30776d790,,,curated_decay_upload; acquisition run/time and selection unknown,not_confirmed,unique_eligible_for_separate_review
Datos/Med_con_Decaimientos/decaimientos.txt::block603::event603,Datos/Med_con_Decaimientos/decaimientos.txt,upload_decaimientos_sin_fecha,-1,603,603,,616450,0,0,development,1024,accepted,resolved_negative_ch1_ch2_coincidence,detected,prompt_123,209.18,1454.1599999999999,ambiguous,review_delayed_group_reasons,0,1,0,unavailable_acquisition_selected_ch2,not_validated,-6.85,16.82751,80.0,0.0,,54.65,153.15,-8.1,14.381219999999999,80.0,0.0,,34.9,139.1,-8.3,11.119499999999999,80.0,0.0,,34.1,203.7,616450,617473,79c0a892b8fc60d754f30c974d34c3e5dbbcba297a2947a28239351b0248c26d,,,curated_decay_upload; acquisition run/time and selection unknown,not_confirmed,unique_eligible_for_separate_review
Datos/Med_con_Decaimientos/decaimientos.txt::block604::event604,Datos/Med_con_Decaimientos/decaimientos.txt,upload_decaimientos_sin_fecha,-1,604,604,,617474,0,0,development,1024,accepted,resolved_negative_ch1_ch2_coincidence,not_detected_above_threshold,prompt_12_no_resolved_3,204.199,1459.1409999999998,candidate,compatible_secondary_identity_unconfirmed,1,0,0,unavailable_acquisition_selected_ch2,not_validated,-7.3,17.42055,80.0,0.0,,44.699999999999996,250.3,-7.55,11.786669999999999,80.0,0.0,,39.949999999999996,257.05,-8.5,10.3782,80.0,0.0,,28.4,29.0,617474,618497,9f927962524432d86a3d13a8d81a47d0e148994bef8ed7d7fa663f48188cbc24,,,curated_decay_upload; acquisition run/time and selection unknown,not_confirmed,unique_eligible_for_separate_review
Datos/Med_con_Decaimientos/decaimientos.txt::block605::event605,Datos/Med_con_Decaimientos/decaimientos.txt,upload_decaimientos_sin_fecha,-1,605,605,,618498,0,0,development,1024,accepted,resolved_negative_ch1_ch2_coincidence,detected,prompt_123,212.5,1450.84,ambiguous,review_delayed_group_reasons,0,1,0,unavailable_acquisition_selected_ch2,not_validated,-7.6,14.0847,80.0,0.0,,51.0,126.20000000000002,-7.6,12.009059999999998,80.0,0.0,,36.0,227.3,-7.9,10.3782,80.0,0.0,,27.9,343.5,618498,619521,e0f898da0888307e78450abdea32f45bfc9ffb5917e1aa6bdd8529a425805c69,,,curated_decay_upload; acquisition run/time and selection unknown,not_confirmed,unique_eligible_for_separate_review
Datos/Med_con_Decaimientos/decaimientos.txt::block606::event606,Datos/Med_con_Decaimientos/decaimientos.txt,upload_decaimientos_sin_fecha,-1,606,606,,619522,0,0,development,1024,accepted,resolved_negative_ch1_ch2_coincidence,not_detected_above_threshold,prompt_12_no_resolved_3,210.84,1452.5,candidate,compatible_secondary_identity_unconfirmed,1,0,0,unavailable_acquisition_selected_ch2,not_validated,-6.95,15.19665,80.0,0.0,,37.75,174.65,-8.1,12.009059999999998,80.0,0.0,,29.4,180.1,-9.1,8.8956,80.0,0.0,,22.799999999999997,24.0,619522,620545,2108fac78abb01e0651a8a2b92e63349151e05ecb9c2d439a5ceb505fb3f4546,,,curated_decay_upload; acquisition run/time and selection unknown,not_confirmed,unique_eligible_for_separate_review
Datos/Med_con_Decaimientos/decaimientos.txt::block607::event607,Datos/Med_con_Decaimientos/decaimientos.txt,upload_decaimientos_sin_fecha,-1,607,607,,620546,0,0,development,1024,accepted,resolved_negative_ch1_ch2_coincidence,detected,prompt_123,214.16,1449.1799999999998,ambiguous,review_delayed_group_reasons,0,1,0,unavailable_acquisition_selected_ch2,not_validated,-7.65,15.34491,80.0,0.0,,39.85,162.15,-8.0,12.30558,80.0,0.0,,39.8,181.4,-9.2,9.933420000000002,80.0,0.0,,32.099999999999994,170.8,620546,621569,ac58246ab97013ff5944e0200cd368e47ad7afb011d48803865f2bf77a38b391,,,curated_decay_upload; acquisition run/time and selection unknown,not_confirmed,unique_eligible_for_separate_review
Datos/Med_con_Decaimientos/decaimientos.txt::block608::event608,Datos/Med_con_Decaimientos/decaimientos.txt,upload_decaimientos_sin_fecha,-1,608,608,,621570,0,0,development,1024,accepted,resolved_negative_ch1_ch2_coincidence,detected,prompt_123,217.48,1445.86,ambiguous,review_delayed_group_reasons,0,1,0,unavailable_acquisition_selected_ch2,not_validated,-6.7,15.78969,80.0,0.0,,49.800000000000004,210.9,-7.4,13.343399999999999,80.0,0.0,,36.1,239.4,-9.0,9.78516,80.0,0.0,,30.0,104.1,621570,622593,6e5669c5f733e4f1b416e0a0e20adb3a0e65a67090a7ef902b443ffbd349fe9d,,,curated_decay_upload; acquisition run/time and selection unknown,not_confirmed,unique_eligible_for_separate_review
Datos/Med_con_Decaimientos/decaimientos.txt::block609::event609,Datos/Med_con_Decaimientos/decaimientos.txt,upload_decaimientos_sin_fecha,-1,609,609,,622594,0,0,evaluation,1024,accepted,resolved_negative_ch1_ch2_coincidence,not_detected_above_threshold,prompt_12_no_resolved_3,200.879,1462.461,candidate,compatible_secondary_identity_unconfirmed,1,2,0,unavailable_acquisition_selected_ch2,not_validated,-7.4,14.084699999999996,80.0,0.0,,55.6,253.6,-8.6,13.93644,80.0,0.0,,41.7,223.1,-8.5,11.8608,80.0,0.0,,36.8,39.5,622594,623617,f0be0b34415f9dcaaa5bbe3e5a86e20373352d86ef1d17f8c60422015ce12d53,,,curated_decay_upload; acquisition run/time and selection unknown,not_confirmed,unique_eligible_for_separate_review
Datos/Med_con_Decaimientos/decaimientos.txt::block610::event610,Datos/Med_con_Decaimientos/decaimientos.txt,upload_decaimientos_sin_fecha,-1,610,610,,623618,0,0,development,1024,accepted,resolved_negative_ch1_ch2_coincidence,not_detected_above_threshold,prompt_12_no_resolved_3,207.52,1455.82,candidate,compatible_secondary_identity_unconfirmed,1,0,0,unavailable_acquisition_selected_ch2,not_validated,-6.6,15.419039999999997,80.0,0.0,,37.2,297.79999999999995,-8.2,12.453839999999998,80.0,0.0,,37.5,282.6,-8.1,10.3782,80.0,0.0,,31.1,25.299999999999997,623618,624641,e75d2e2707ebee48b8236e9d404523b077b2672e67d64eefc15a6994851b9814,,,curated_decay_upload; acquisition run/time and selection unknown,not_confirmed,unique_eligible_for_separate_review
Datos/Med_con_Decaimientos/decaimientos.txt::block611::event611,Datos/Med_con_Decaimientos/decaimientos.txt,upload_decaimientos_sin_fecha,-1,611,611,,624642,0,0,development,1024,accepted,resolved_negative_ch1_ch2_coincidence,not_detected_above_threshold,prompt_12_no_resolved_3,212.5,1450.84,candidate,compatible_secondary_identity_unconfirmed,1,1,0,unavailable_acquisition_selected_ch2,not_validated,-7.2,15.27078,80.0,0.0,,44.400000000000006,256.90000000000003,-7.3,11.41602,80.0,0.0,,30.8,257.4,-8.350000000000001,8.969729999999998,80.0,0.0,,26.650000000000002,30.049999999999997,624642,625665,39752225030bcb402726d9b7007aa5c183904142382bff96d05f6602a866d8bd,,,curated_decay_upload; acquisition run/time and selection unknown,not_confirmed,unique_eligible_for_separate_review
Datos/Med_con_Decaimientos/decaimientos.txt::block612::event612,Datos/Med_con_Decaimientos/decaimientos.txt,upload_decaimientos_sin_fecha,-1,612,612,,625666,0,0,development,1024,accepted,resolved_negative_ch1_ch2_coincidence,not_detected_above_threshold,prompt_12_no_resolved_3,207.52,1455.82,candidate,compatible_secondary_identity_unconfirmed,1,1,1,unavailable_acquisition_selected_ch2,not_validated,-7.5,14.307089999999997,80.0,0.0,,45.3,126.69999999999999,-7.5,11.119499999999999,80.0,0.0,,30.8,157.8,-8.5,9.71103,80.0,0.0,,33.4,122.30000000000001,625666,626689,6a8a98d427a94b7340a924e251e4bce15fd3b953171d11d467941c44e4325aa5,,,curated_decay_upload; acquisition run/time and selection unknown,not_confirmed,unique_eligible_for_separate_review
Datos/Med_con_Decaimientos/decaimientos.txt::block613::event613,Datos/Med_con_Decaimientos/decaimientos.txt,upload_decaimientos_sin_fecha,-1,613,613,,626690,0,0,development,1024,accepted,resolved_negative_ch1_ch2_coincidence,detected,prompt_123,205.859,1457.481,ambiguous,review_delayed_group_reasons,0,2,0,unavailable_acquisition_selected_ch2,not_validated,-6.6,15.419039999999997,80.0,0.0,,43.4,145.20000000000002,-7.65,12.67623,80.0,0.0,,35.25,138.45,-8.5,10.08168,80.0,0.0,,30.5,110.4,626690,627713,8150ced28a5b9454065cd722ef2559cdfda98391ef4f1c0fc79dbf2b36aa9c14,,,curated_decay_upload; acquisition run/time and selection unknown,not_confirmed,unique_eligible_for_separate_review
Datos/Med_con_Decaimientos/decaimientos.txt::block614::event614,Datos/Med_con_Decaimientos/decaimientos.txt,upload_decaimientos_sin_fecha,-1,614,614,,627714,0,0,evaluation,1024,ambiguous,pulse_clipping,ambiguous,prompt_12_uncertain_3,207.52,1455.82,not_evaluable,initial_coincidence_ambiguous,0,3,0,unavailable_acquisition_selected_ch2,not_validated,-7.15,17.049899999999997,80.0,0.0,,45.15,139.25,-8.3,12.750359999999995,80.0,0.0,,47.3,491.59999999999997,-6.3,11.71254,80.0,0.0,,35.199999999999996,493.59999999999997,627714,628737,d2af6cf6e338744eeb771056aa7439e30c42e0373dd9d8832a2803f6e7690c53,,,curated_decay_upload; acquisition run/time and selection unknown,not_confirmed,unique_eligible_for_separate_review
Datos/Med_con_Decaimientos/decaimientos.txt::block615::event615,Datos/Med_con_Decaimientos/decaimientos.txt,upload_decaimientos_sin_fecha,-1,615,615,,628738,0,0,development,1024,accepted,resolved_negative_ch1_ch2_coincidence,not_detected_above_threshold,prompt_12_no_resolved_3,210.84,1452.5,candidate,compatible_secondary_identity_unconfirmed,1,0,0,unavailable_acquisition_selected_ch2,not_validated,-7.75,16.67925,80.0,0.0,,51.75,164.15,-8.4,13.343399999999999,80.0,0.0,,35.6,178.1,-8.5,9.93342,80.0,0.0,,28.9,37.3,628738,629761,3da8da51cf7fec4cb28db5a0a84a84d124dd1b93cd356d34b4c7f88250900332,,,curated_decay_upload; acquisition run/time and selection unknown,not_confirmed,unique_eligible_for_separate_review
Datos/Med_con_Decaimientos/decaimientos.txt::block616::event616,Datos/Med_con_Decaimientos/decaimientos.txt,upload_decaimientos_sin_fecha,-1,616,616,,629762,0,0,development,1024,accepted,resolved_negative_ch1_ch2_coincidence,not_detected_above_threshold,prompt_12_no_resolved_3,199.219,1464.1209999999999,candidate,compatible_secondary_identity_unconfirmed,1,3,0,unavailable_acquisition_selected_ch2,not_validated,-6.7,13.49166,80.0,0.0,,49.400000000000006,184.20000000000002,-7.4,10.822980000000001,80.0,0.0,,39.4,187.5,-8.5,9.48864,80.0,0.0,,37.7,82.6,629762,630785,6f0c27b0ed719cb93727b22dcd60d5559b121a4a8f43d7f5159f7c01d2f78158,,,curated_decay_upload; acquisition run/time and selection unknown,not_confirmed,unique_eligible_for_separate_review
Datos/Med_con_Decaimientos/decaimientos.txt::block617::event617,Datos/Med_con_Decaimientos/decaimientos.txt,upload_decaimientos_sin_fecha,-1,617,617,,630786,0,0,development,1024,accepted,resolved_negative_ch1_ch2_coincidence,not_detected_above_threshold,prompt_12_no_resolved_3,219.141,1444.1989999999998,candidate,compatible_secondary_identity_unconfirmed,1,1,0,unavailable_acquisition_selected_ch2,not_validated,-6.8,18.013589999999997,81.06115499999999,0.0,,52.4,136.6,-7.65,13.862309999999999,80.0,0.0,,32.45,306.35,-8.9,10.89711,80.0,0.0,,38.0,31.4,630786,631809,4fef38bf73a2271fc38367d10da00eda3cfd297e4ac2e5ed035b975ade25fe7e,,,curated_decay_upload; acquisition run/time and selection unknown,not_confirmed,unique_eligible_for_separate_review
Datos/Med_con_Decaimientos/decaimientos.txt::block618::event618,Datos/Med_con_Decaimientos/decaimientos.txt,upload_decaimientos_sin_fecha,-1,618,618,,631810,0,0,development,1024,accepted,resolved_negative_ch1_ch2_coincidence,not_detected_above_threshold,prompt_12_no_resolved_3,202.539,1460.801,candidate,compatible_secondary_identity_unconfirmed,1,0,0,unavailable_acquisition_selected_ch2,not_validated,-6.699999999999999,17.49468,80.0,0.0,,45.0,225.8,-7.5,12.6021,80.0,0.0,,28.8,406.7,-8.4,9.340379999999998,80.0,0.0,,28.799999999999997,24.5,631810,632833,c30b4603328187101b8f9123d59e2b1683b08e068073a6dc4357bb121c38479c,,,curated_decay_upload; acquisition run/time and selection unknown,not_confirmed,unique_eligible_for_separate_review
Datos/Med_con_Decaimientos/decaimientos.txt::block619::event619,Datos/Med_con_Decaimientos/decaimientos.txt,upload_decaimientos_sin_fecha,-1,619,619,,632834,0,0,development,1024,accepted,resolved_negative_ch1_ch2_coincidence,not_detected_above_threshold,prompt_12_no_resolved_3,222.461,1440.879,candidate,compatible_secondary_identity_unconfirmed,1,0,0,unavailable_acquisition_selected_ch2,not_validated,-6.8,15.641429999999998,80.0,0.0,,48.699999999999996,113.0,-7.5,12.75036,80.0,0.0,,36.9,121.4,-8.55,9.859289999999998,80.0,0.0,,28.35,34.05,632834,633857,5d1940cd9865111f765dec13e03630416123afaf4fe5555a5e37a7cc9c1040ae,,,curated_decay_upload; acquisition run/time and selection unknown,not_confirmed,unique_eligible_for_separate_review
Datos/Med_con_Decaimientos/decaimientos.txt::block620::event620,Datos/Med_con_Decaimientos/decaimientos.txt,upload_decaimientos_sin_fecha,-1,620,620,,633858,0,0,development,1024,accepted,resolved_negative_ch1_ch2_coincidence,not_detected_above_threshold,prompt_12_no_resolved_3,200.879,1462.461,candidate,compatible_secondary_identity_unconfirmed,1,0,0,unavailable_acquisition_selected_ch2,not_validated,-6.75,17.272289999999998,80.0,0.0,,44.75,135.35,-7.85,11.93493,80.0,0.0,,37.15,169.35,-8.5,10.82298,80.0,0.0,,30.9,27.700000000000003,633858,634881,7b5386689a57ea4f38925fa4a671b1a38c05327691e89ebbc605df8a6e607c4b,,,curated_decay_upload; acquisition run/time and selection unknown,not_confirmed,unique_eligible_for_separate_review
Datos/Med_con_Decaimientos/decaimientos.txt::block621::event621,Datos/Med_con_Decaimientos/decaimientos.txt,upload_decaimientos_sin_fecha,-1,621,621,,634882,0,0,evaluation,1024,accepted,resolved_negative_ch1_ch2_coincidence,detected,prompt_123,205.859,1457.481,ambiguous,review_delayed_group_reasons,0,2,1,unavailable_acquisition_selected_ch2,not_validated,-7.85,14.010570000000001,80.0,0.0,,53.65,181.25,-7.5,11.8608,80.0,0.0,,36.6,178.0,-8.1,9.34038,80.0,0.0,,27.1,237.1,634882,635905,cfda806ce7eb554e705326fa1bc9cc81a6aa47c7dafbede8f19e71cedf91ce15,,,curated_decay_upload; acquisition run/time and selection unknown,not_confirmed,unique_eligible_for_separate_review
Datos/Med_con_Decaimientos/decaimientos.txt::block622::event622,Datos/Med_con_Decaimientos/decaimientos.txt,upload_decaimientos_sin_fecha,-1,622,622,,635906,0,0,development,1024,accepted,resolved_negative_ch1_ch2_coincidence,not_detected_above_threshold,prompt_12_no_resolved_3,199.219,1464.1209999999999,candidate,compatible_secondary_identity_unconfirmed,1,0,0,unavailable_acquisition_selected_ch2,not_validated,-5.9,16.753379999999996,80.0,0.0,,36.3,160.79999999999998,-7.4,12.6021,80.0,0.0,,32.5,151.6,-8.149999999999999,11.119499999999999,80.0,0.0,,35.75,29.65,635906,636929,b9cac88d9ce3b8c4b0fb6d39a8c712f7620f2a556c56a685fd846a11c2fba751,,,curated_decay_upload; acquisition run/time and selection unknown,not_confirmed,unique_eligible_for_separate_review
Datos/Med_con_Decaimientos/decaimientos.txt::block623::event623,Datos/Med_con_Decaimientos/decaimientos.txt,upload_decaimientos_sin_fecha,-1,623,623,,636930,0,0,development,1024,accepted,resolved_negative_ch1_ch2_coincidence,detected,prompt_123,205.859,1457.481,ambiguous,review_delayed_group_reasons,0,1,0,unavailable_acquisition_selected_ch2,not_validated,-7.7,16.3086,80.0,0.0,,45.900000000000006,166.0,-7.7,12.30558,80.0,0.0,,31.3,230.5,-7.6,10.081679999999999,80.0,0.0,,29.4,210.4,636930,637953,749c45787cc6c4d8e2350a958b9d9998fceb21af04eef5588d6028bfd499cdfa,,,curated_decay_upload; acquisition run/time and selection unknown,not_confirmed,unique_eligible_for_separate_review
Datos/Med_con_Decaimientos/decaimientos.txt::block624::event624,Datos/Med_con_Decaimientos/decaimientos.txt,upload_decaimientos_sin_fecha,-1,624,624,,637954,0,0,development,1024,accepted,resolved_negative_ch1_ch2_coincidence,detected,prompt_123,205.859,1457.481,ambiguous,review_delayed_group_reasons,0,1,0,unavailable_acquisition_selected_ch2,not_validated,-6.6,16.901639999999997,80.0,0.0,,48.800000000000004,144.5,-7.8,12.45384,80.0,0.0,,38.5,170.29999999999998,-8.5,9.636899999999999,80.0,0.0,,29.8,137.1,637954,638977,334a0be69914c531f70a28e98fcdc764aaa9707cbdf99bbd08379ff091968492,,,curated_decay_upload; acquisition run/time and selection unknown,not_confirmed,unique_eligible_for_separate_review
Datos/Med_con_Decaimientos/decaimientos.txt::block625::event625,Datos/Med_con_Decaimientos/decaimientos.txt,upload_decaimientos_sin_fecha,-1,625,625,,638978,0,0,development,1024,accepted,resolved_negative_ch1_ch2_coincidence,not_detected_above_threshold,prompt_12_no_resolved_3,205.859,1457.481,ambiguous,review_delayed_group_reasons,0,1,0,unavailable_acquisition_selected_ch2,not_validated,-7.7,15.5673,80.0,0.0,,51.1,213.5,-8.0,11.416019999999998,80.0,0.0,,37.3,384.9,-8.1,10.081679999999999,80.0,0.0,,27.799999999999997,28.5,638978,640001,73a527b48e8621b2fbfa088d731dbf9caa1ec07b7262ee1124d410d2d90e6cc8,,,curated_decay_upload; acquisition run/time and selection unknown,not_confirmed,unique_eligible_for_separate_review
Datos/Med_con_Decaimientos/decaimientos.txt::block626::event626,Datos/Med_con_Decaimientos/decaimientos.txt,upload_decaimientos_sin_fecha,-1,626,626,,640002,0,0,development,1024,accepted,resolved_negative_ch1_ch2_coincidence,not_detected_above_threshold,prompt_12_no_resolved_3,210.84,1452.5,ambiguous,review_delayed_group_reasons,0,1,0,unavailable_acquisition_selected_ch2,not_validated,-7.3,16.01208,80.0,0.0,,43.9,187.39999999999998,-7.4,12.009059999999998,80.0,0.0,,30.200000000000003,236.5,-8.8,9.636899999999999,80.0,0.0,,27.900000000000002,25.499999999999996,640002,641025,09ea4814a44ca825be71a6c9c1cb5d9562eca25be839fbb5bedb1f382b14276c,,,curated_decay_upload; acquisition run/time and selection unknown,not_confirmed,unique_eligible_for_separate_review
Datos/Med_con_Decaimientos/decaimientos.txt::block627::event627,Datos/Med_con_Decaimientos/decaimientos.txt,upload_decaimientos_sin_fecha,-1,627,627,,641026,0,0,development,1024,accepted,resolved_negative_ch1_ch2_coincidence,not_detected_above_threshold,prompt_12_no_resolved_3,219.141,1444.1989999999998,no_secondary_above_threshold,absence_is_not_no_decay,0,0,0,unavailable_acquisition_selected_ch2,not_validated,-7.25,14.45535,80.0,0.0,,45.95,147.85,-8.1,13.417530000000001,80.0,0.0,,38.1,131.0,-8.4,10.3782,80.0,0.0,,30.799999999999997,32.6,641026,642049,726405c53a15613d965d08bf0ea7d3d3a2a327b052c25e5e0b45a341f500a5a7,,,curated_decay_upload; acquisition run/time and selection unknown,not_confirmed,unique_eligible_for_separate_review
Datos/Med_con_Decaimientos/decaimientos.txt::block628::event628,Datos/Med_con_Decaimientos/decaimientos.txt,upload_decaimientos_sin_fecha,-1,628,628,,642050,0,0,development,1024,accepted,resolved_negative_ch1_ch2_coincidence,not_detected_above_threshold,prompt_12_no_resolved_3,210.84,1452.5,candidate,compatible_secondary_identity_unconfirmed,1,0,0,unavailable_acquisition_selected_ch2,not_validated,-7.15,14.455349999999996,80.0,0.0,,47.25,138.95,-8.149999999999999,12.08319,80.0,0.0,,33.349999999999994,137.35,-8.05,10.00755,80.0,0.0,,30.85,29.05,642050,643073,1fbaaa4418f45066fcd75b6bba182dcac504ac9dee8f96aff68d40f91e979d0f,,,curated_decay_upload; acquisition run/time and selection unknown,not_confirmed,unique_eligible_for_separate_review
Datos/Med_con_Decaimientos/decaimientos.txt::block629::event629,Datos/Med_con_Decaimientos/decaimientos.txt,upload_decaimientos_sin_fecha,-1,629,629,,643074,0,0,development,1024,accepted,resolved_negative_ch1_ch2_coincidence,not_detected_above_threshold,prompt_12_no_resolved_3,222.461,1440.879,candidate,compatible_secondary_identity_unconfirmed,1,0,0,unavailable_acquisition_selected_ch2,not_validated,-7.5,16.3086,80.0,0.0,,44.4,118.8,-7.4,12.45384,80.0,0.0,,32.4,156.9,-8.149999999999999,10.452329999999998,80.0,0.0,,32.05,29.25,643074,644097,428a2c3dd7b31bd82ae213c3b92130a699cd4fadad59a8f46c79b053d0c98c0f,,,curated_decay_upload; acquisition run/time and selection unknown,not_confirmed,unique_eligible_for_separate_review
Datos/Med_con_Decaimientos/decaimientos.txt::block630::event630,Datos/Med_con_Decaimientos/decaimientos.txt,upload_decaimientos_sin_fecha,-1,630,630,,644098,0,0,evaluation,1024,accepted,resolved_negative_ch1_ch2_coincidence,detected,prompt_123,212.5,1450.84,ambiguous,review_delayed_group_reasons,0,1,0,unavailable_acquisition_selected_ch2,not_validated,-7.0,16.01208,80.0,0.0,,45.4,132.6,-8.1,11.56428,80.0,0.0,,43.5,165.9,-8.4,10.52646,80.0,0.0,,25.5,213.2,644098,645121,dbdbf2cffa59b78555824a55b6da7716141a0a56553e43bdae94fd745e2d4102,,,curated_decay_upload; acquisition run/time and selection unknown,not_confirmed,unique_eligible_for_separate_review
Datos/Med_con_Decaimientos/decaimientos.txt::block631::event631,Datos/Med_con_Decaimientos/decaimientos.txt,upload_decaimientos_sin_fecha,-1,631,631,,645122,0,0,development,1024,accepted,resolved_negative_ch1_ch2_coincidence,not_detected_above_threshold,prompt_12_no_resolved_3,209.18,1454.1599999999999,candidate,compatible_secondary_identity_unconfirmed,1,0,0,unavailable_acquisition_selected_ch2,not_validated,-6.4,15.86382,80.0,0.0,,55.5,210.1,-7.35,13.56579,80.0,0.0,,30.85,273.04999999999995,-8.8,10.822980000000001,80.0,0.0,,31.5,123.3,645122,646145,723690e20eb9a30663174137e74a5381374a3c8666325f10147b5012fea436a8,,,curated_decay_upload; acquisition run/time and selection unknown,not_confirmed,unique_eligible_for_separate_review
Datos/Med_con_Decaimientos/decaimientos.txt::block632::event632,Datos/Med_con_Decaimientos/decaimientos.txt,upload_decaimientos_sin_fecha,-1,632,632,,646146,0,0,development,1024,accepted,resolved_negative_ch1_ch2_coincidence,not_detected_above_threshold,prompt_12_no_resolved_3,214.16,1449.1799999999998,candidate,compatible_secondary_identity_unconfirmed,1,0,0,unavailable_acquisition_selected_ch2,not_validated,-7.15,13.121009999999998,80.0,0.0,,42.75,241.65,-8.1,13.046879999999998,80.0,0.0,,33.5,200.20000000000002,-8.4,9.34038,80.0,0.0,,26.4,30.300000000000004,646146,647169,bdc2a06530c77461bd31228ff1a024a05efcda98d53e4e7b75bb1421b5439a53,,,curated_decay_upload; acquisition run/time and selection unknown,not_confirmed,unique_eligible_for_separate_review
Datos/Med_con_Decaimientos/decaimientos.txt::block633::event633,Datos/Med_con_Decaimientos/decaimientos.txt,upload_decaimientos_sin_fecha,-1,633,633,,647170,0,0,development,1024,accepted,resolved_negative_ch1_ch2_coincidence,not_detected_above_threshold,prompt_12_no_resolved_3,205.859,1457.481,candidate,compatible_secondary_identity_unconfirmed,1,1,0,unavailable_acquisition_selected_ch2,not_validated,-6.95,15.27078,80.0,0.0,,46.050000000000004,172.95000000000002,-8.1,12.45384,80.0,0.0,,36.4,361.0,-8.6,9.859289999999998,80.0,0.0,,30.0,30.699999999999996,647170,648193,7d0f9ddb3e9587b533026ba31ac7722e8f4d31e348cc77fbe41599943a7267df,,,curated_decay_upload; acquisition run/time and selection unknown,not_confirmed,unique_eligible_for_separate_review
Datos/Med_con_Decaimientos/decaimientos.txt::block634::event634,Datos/Med_con_Decaimientos/decaimientos.txt,upload_decaimientos_sin_fecha,-1,634,634,,648194,0,0,development,1024,accepted,resolved_negative_ch1_ch2_coincidence,not_detected_above_threshold,prompt_12_no_resolved_3,197.559,1465.781,ambiguous,review_delayed_group_reasons,0,1,0,unavailable_acquisition_selected_ch2,not_validated,-6.4,17.568810000000003,80.0,0.0,,41.699999999999996,249.79999999999998,-6.550000000000001,14.603610000000002,80.0,0.0,,39.349999999999994,107.75,-7.3,12.6021,80.0,0.0,,30.5,98.3,648194,649217,55705535434379bbb10c04b810a347c4f33724a3fd9422db4cdd75be5ff4e2d1,,,curated_decay_upload; acquisition run/time and selection unknown,not_confirmed,unique_eligible_for_separate_review
Datos/Med_con_Decaimientos/decaimientos.txt::block635::event635,Datos/Med_con_Decaimientos/decaimientos.txt,upload_decaimientos_sin_fecha,-1,635,635,,649218,0,0,evaluation,1024,ambiguous,pulse_clipping,ambiguous,prompt_12_uncertain_3,207.52,1455.82,not_evaluable,initial_coincidence_ambiguous,0,2,1,unavailable_acquisition_selected_ch2,not_validated,-6.45,16.08621,80.0,0.0,,44.550000000000004,493.45,-7.0,12.30558,80.0,0.0,,37.8,492.9,-7.0,12.157319999999999,80.0,0.0,,35.3,492.9,649218,650241,cd9aef70eeaeff31257f9b6bd0b16d1b60d95fda7cc38ed57f268430240945e6,,,curated_decay_upload; acquisition run/time and selection unknown,not_confirmed,unique_eligible_for_separate_review
Datos/Med_con_Decaimientos/decaimientos.txt::block636::event636,Datos/Med_con_Decaimientos/decaimientos.txt,upload_decaimientos_sin_fecha,-1,636,636,,650242,0,0,development,1024,accepted,resolved_negative_ch1_ch2_coincidence,detected,prompt_123,209.18,1454.1599999999999,ambiguous,review_delayed_group_reasons,0,1,2,unavailable_acquisition_selected_ch2,not_validated,-7.6,11.8608,80.0,0.0,,65.7,132.1,-7.85,10.89711,80.0,0.0,,37.25,224.45000000000002,-8.5,8.30256,80.0,0.0,,30.7,235.0,650242,651265,ff762fddb07727c812d17707b34fb29faf54a570955e67bdb375aa7f760340b8,,,curated_decay_upload; acquisition run/time and selection unknown,not_confirmed,unique_eligible_for_separate_review
Datos/Med_con_Decaimientos/decaimientos.txt::block637::event637,Datos/Med_con_Decaimientos/decaimientos.txt,upload_decaimientos_sin_fecha,-1,637,637,,651266,0,0,evaluation,1024,accepted,resolved_negative_ch1_ch2_coincidence,detected,prompt_123,207.52,1455.82,ambiguous,review_delayed_group_reasons,0,3,1,unavailable_acquisition_selected_ch2,not_validated,-6.5,14.97426,80.0,0.0,,52.8,146.6,-7.85,13.269269999999999,80.0,0.0,,35.55,104.45,-8.4,9.78516,80.0,0.0,,34.6,102.6,651266,652289,fe48203a573a658720113901607bdd0e6adf72a042aff5271bdc8d5950b2b68b,,,curated_decay_upload; acquisition run/time and selection unknown,not_confirmed,unique_eligible_for_separate_review
Datos/Med_con_Decaimientos/decaimientos.txt::block638::event638,Datos/Med_con_Decaimientos/decaimientos.txt,upload_decaimientos_sin_fecha,-1,638,638,,652290,0,0,development,1024,accepted,resolved_negative_ch1_ch2_coincidence,not_detected_above_threshold,prompt_12_no_resolved_3,205.859,1457.481,candidate,compatible_secondary_identity_unconfirmed,1,1,1,unavailable_acquisition_selected_ch2,not_validated,-6.0,16.160339999999998,80.0,0.0,,46.3,163.0,-7.3,11.8608,80.0,0.0,,28.5,294.2,-8.5,9.78516,80.0,0.0,,37.3,88.8,652290,653313,777f37ec41d3d93b34dedd7b9ed99ed46c9c32a38b7779fe6da383d8595680a6,,,curated_decay_upload; acquisition run/time and selection unknown,not_confirmed,unique_eligible_for_separate_review
Datos/Med_con_Decaimientos/decaimientos.txt::block639::event639,Datos/Med_con_Decaimientos/decaimientos.txt,upload_decaimientos_sin_fecha,-1,639,639,,653314,0,0,development,1024,accepted,resolved_negative_ch1_ch2_coincidence,not_detected_above_threshold,prompt_12_no_resolved_3,202.539,1460.801,candidate,compatible_secondary_identity_unconfirmed,1,0,0,unavailable_acquisition_selected_ch2,not_validated,-7.0,16.3086,80.0,0.0,,45.5,248.5,-7.5,13.19514,80.0,0.0,,31.2,269.9,-8.1,8.8956,80.0,0.0,,30.700000000000003,31.9,653314,654337,c6d68729908c6f84bd28f8dca3b145ac5a901e803a8f88fc6bceecf57ba9e3eb,,,curated_decay_upload; acquisition run/time and selection unknown,not_confirmed,unique_eligible_for_separate_review
Datos/Med_con_Decaimientos/decaimientos.txt::block640::event640,Datos/Med_con_Decaimientos/decaimientos.txt,upload_decaimientos_sin_fecha,-1,640,640,,654338,0,0,development,1024,accepted,resolved_negative_ch1_ch2_coincidence,ambiguous,prompt_12_uncertain_3,212.5,1450.84,ambiguous,review_delayed_group_reasons,0,1,0,unavailable_acquisition_selected_ch2,not_validated,-6.5,15.419039999999999,80.0,0.0,,41.9,134.0,-7.1,12.083189999999997,80.0,0.0,,38.9,222.0,-8.25,9.562769999999999,80.0,0.0,,23.65,182.35,654338,655361,b9938d1dd6ef8dabea4c3c981e7c097f03875c0ee202c433265895b33108e340,,,curated_decay_upload; acquisition run/time and selection unknown,not_confirmed,unique_eligible_for_separate_review
Datos/Med_con_Decaimientos/decaimientos.txt::block641::event641,Datos/Med_con_Decaimientos/decaimientos.txt,upload_decaimientos_sin_fecha,-1,641,641,,655362,0,0,development,1024,accepted,resolved_negative_ch1_ch2_coincidence,not_detected_above_threshold,prompt_12_no_resolved_3,200.879,1462.461,candidate,compatible_secondary_identity_unconfirmed,1,0,0,unavailable_acquisition_selected_ch2,not_validated,-6.7,14.97426,80.0,0.0,,40.400000000000006,146.0,-7.2,11.26776,80.0,0.0,,32.5,135.60000000000002,-8.5,9.043859999999999,80.0,0.0,,30.4,82.4,655362,656385,5355f2dc4d3631f0390fa755cae55e675e89fc9a96240cf97c82f2dcdda5ad3f,,,curated_decay_upload; acquisition run/time and selection unknown,not_confirmed,unique_eligible_for_separate_review
Datos/Med_con_Decaimientos/decaimientos.txt::block642::event642,Datos/Med_con_Decaimientos/decaimientos.txt,upload_decaimientos_sin_fecha,-1,642,642,,656386,0,0,evaluation,1024,accepted,resolved_negative_ch1_ch2_coincidence,not_detected_above_threshold,prompt_12_no_resolved_3,204.199,1459.1409999999998,ambiguous,review_delayed_group_reasons,0,1,0,unavailable_acquisition_selected_ch2,not_validated,-5.45,14.90013,80.0,0.0,,49.25,229.35000000000002,-6.45,12.97275,80.0,0.0,,34.45,121.95,-7.8,8.599079999999999,80.0,0.0,,28.8,73.0,656386,657409,fad1ec8b6583282c323cbdbfb4b6f19f049f35d6a87f7187f05fca3fa3178940,,,curated_decay_upload; acquisition run/time and selection unknown,not_confirmed,unique_eligible_for_separate_review
Datos/Med_con_Decaimientos/decaimientos.txt::block643::event643,Datos/Med_con_Decaimientos/decaimientos.txt,upload_decaimientos_sin_fecha,-1,643,643,,657410,0,0,development,1024,accepted,resolved_negative_ch1_ch2_coincidence,detected,prompt_123,222.461,1440.879,ambiguous,review_delayed_group_reasons,0,1,0,unavailable_acquisition_selected_ch2,not_validated,-7.45,17.86533,80.393985,0.0,,39.75,128.65,-8.05,12.67623,80.0,0.0,,31.35,157.54999999999998,-8.7,10.08168,80.0,0.0,,31.599999999999998,99.0,657410,658433,bc1ec26340bcee2e7b1b61b48ac5e5147d1e066acaf5d8d64627f4a84f878d4b,,,curated_decay_upload; acquisition run/time and selection unknown,not_confirmed,unique_eligible_for_separate_review
Datos/Med_con_Decaimientos/decaimientos.txt::block644::event644,Datos/Med_con_Decaimientos/decaimientos.txt,upload_decaimientos_sin_fecha,-1,644,644,,658434,0,0,evaluation,1024,accepted,resolved_negative_ch1_ch2_coincidence,not_detected_above_threshold,prompt_12_no_resolved_3,214.16,1449.1799999999998,ambiguous,review_delayed_group_reasons,0,1,0,unavailable_acquisition_selected_ch2,not_validated,-7.3,16.75338,80.0,0.0,,53.699999999999996,190.5,-8.8,12.75036,80.0,0.0,,32.3,160.5,-9.3,11.1195,80.0,0.0,,27.900000000000002,96.7,658434,659457,62d012c50d901d49c4c764227f8626a3c5ad84ba6eccecf624d130b5bd0739b9,,,curated_decay_upload; acquisition run/time and selection unknown,not_confirmed,unique_eligible_for_separate_review
Datos/Med_con_Decaimientos/decaimientos.txt::block645::event645,Datos/Med_con_Decaimientos/decaimientos.txt,upload_decaimientos_sin_fecha,-1,645,645,,659458,0,0,development,1024,accepted,resolved_negative_ch1_ch2_coincidence,not_detected_above_threshold,prompt_12_no_resolved_3,202.539,1460.801,candidate,compatible_secondary_identity_unconfirmed,1,0,0,unavailable_acquisition_selected_ch2,not_validated,-7.1,15.122519999999998,80.0,0.0,,54.9,225.9,-8.2,11.8608,80.0,0.0,,36.5,253.90000000000003,-7.9,10.22994,80.0,0.0,,30.200000000000003,27.1,659458,660481,527c4c06c31627fb42690d556012eb50661f0d88e10c131dfb748ae53bc0445e,,,curated_decay_upload; acquisition run/time and selection unknown,not_confirmed,unique_eligible_for_separate_review
Datos/Med_con_Decaimientos/decaimientos.txt::block646::event646,Datos/Med_con_Decaimientos/decaimientos.txt,upload_decaimientos_sin_fecha,-1,646,646,,660482,0,0,evaluation,1024,accepted,resolved_negative_ch1_ch2_coincidence,detected,prompt_123,215.82,1447.52,no_secondary_above_threshold,absence_is_not_no_decay,0,0,0,unavailable_acquisition_selected_ch2,not_validated,-7.2,15.419040000000003,80.0,0.0,,43.1,214.4,-7.7,11.41602,80.0,0.0,,33.2,235.8,-8.2,8.895599999999998,80.0,0.0,,24.1,258.7,660482,661505,9d1394abb21a0d3ad5088b88dd7a5d2e6fc0faaf661e4a62a45e503fb33f1760,,,curated_decay_upload; acquisition run/time and selection unknown,not_confirmed,unique_eligible_for_separate_review
Datos/Med_con_Decaimientos/decaimientos.txt::block647::event647,Datos/Med_con_Decaimientos/decaimientos.txt,upload_decaimientos_sin_fecha,-1,647,647,,661506,0,0,development,1024,accepted,resolved_negative_ch1_ch2_coincidence,not_detected_above_threshold,prompt_12_no_resolved_3,202.539,1460.801,ambiguous,review_delayed_group_reasons,0,2,0,unavailable_acquisition_selected_ch2,not_validated,-6.5,14.603609999999998,80.0,0.0,,46.5,168.4,-7.8,11.786669999999999,80.0,0.0,,32.6,185.7,-8.2,10.45233,80.0,0.0,,32.7,31.8,661506,662529,7117fb24556efe8b81a102ca4648fa599b8d785a4b0b079422a47f206b459541,,,curated_decay_upload; acquisition run/time and selection unknown,not_confirmed,unique_eligible_for_separate_review
Datos/Med_con_Decaimientos/decaimientos.txt::block648::event648,Datos/Med_con_Decaimientos/decaimientos.txt,upload_decaimientos_sin_fecha,-1,648,648,,662530,0,0,development,1024,accepted,resolved_negative_ch1_ch2_coincidence,not_detected_above_threshold,prompt_12_no_resolved_3,215.82,1447.52,candidate,compatible_secondary_identity_unconfirmed,1,0,1,unavailable_acquisition_selected_ch2,not_validated,-7.0,13.343399999999999,80.0,0.0,,55.1,193.0,-7.9,11.119499999999999,80.0,0.0,,35.0,178.79999999999998,-8.3,9.48864,80.0,0.0,,29.1,36.0,662530,663553,d016c468ac745c4bd7b25f1a9ea96b635ef0ec17094aa414d54bd85e54d7d957,,,curated_decay_upload; acquisition run/time and selection unknown,not_confirmed,unique_eligible_for_separate_review
Datos/Med_con_Decaimientos/decaimientos.txt::block649::event649,Datos/Med_con_Decaimientos/decaimientos.txt,upload_decaimientos_sin_fecha,-1,649,649,,663554,0,0,development,1024,accepted,resolved_negative_ch1_ch2_coincidence,not_detected_above_threshold,prompt_12_no_resolved_3,209.18,1454.1599999999999,ambiguous,review_delayed_group_reasons,0,1,1,unavailable_acquisition_selected_ch2,not_validated,-6.3,14.97426,80.0,0.0,,53.699999999999996,198.29999999999998,-7.7,12.009060000000002,80.0,0.0,,35.0,151.3,-8.5,10.22994,80.0,0.0,,33.1,35.7,663554,664577,c328680f48311b0e5c0886bdff2e98b6dd86c004c87357757a31558026aa3bc2,,,curated_decay_upload; acquisition run/time and selection unknown,not_confirmed,unique_eligible_for_separate_review
Datos/Med_con_Decaimientos/decaimientos.txt::block650::event650,Datos/Med_con_Decaimientos/decaimientos.txt,upload_decaimientos_sin_fecha,-1,650,650,,664578,0,0,development,1024,accepted,resolved_negative_ch1_ch2_coincidence,not_detected_above_threshold,prompt_12_no_resolved_3,204.199,1459.1409999999998,candidate,compatible_secondary_identity_unconfirmed,1,0,0,unavailable_acquisition_selected_ch2,not_validated,-6.3,16.086209999999998,80.0,0.0,,42.9,195.7,-7.5,12.898619999999998,80.0,0.0,,35.6,197.8,-8.6,11.267759999999999,80.0,0.0,,35.9,34.4,664578,665601,3c8cf37ce13295c5d501ad9675cbacf69574b29c14795a199753a9c72c62de5f,,,curated_decay_upload; acquisition run/time and selection unknown,not_confirmed,unique_eligible_for_separate_review
Datos/Med_con_Decaimientos/decaimientos.txt::block651::event651,Datos/Med_con_Decaimientos/decaimientos.txt,upload_decaimientos_sin_fecha,-1,651,651,,665602,0,0,evaluation,1024,accepted,resolved_negative_ch1_ch2_coincidence,detected,prompt_123,199.219,1464.1209999999999,ambiguous,review_delayed_group_reasons,0,1,0,unavailable_acquisition_selected_ch2,not_validated,-6.8,13.343399999999999,80.0,0.0,,48.599999999999994,154.2,-7.7,11.8608,80.0,0.0,,30.2,144.3,-8.1,10.081679999999999,80.0,0.0,,34.8,126.0,665602,666625,ba7d722e1d45581a6f6744a3b3abbce561d6dcc2a8ab589838b9fb7fd400a3a6,,,curated_decay_upload; acquisition run/time and selection unknown,not_confirmed,unique_eligible_for_separate_review
Datos/Med_con_Decaimientos/decaimientos.txt::block652::event652,Datos/Med_con_Decaimientos/decaimientos.txt,upload_decaimientos_sin_fecha,-1,652,652,,666626,0,0,development,1024,accepted,resolved_negative_ch1_ch2_coincidence,not_detected_above_threshold,prompt_12_no_resolved_3,200.879,1462.461,candidate,compatible_secondary_identity_unconfirmed,1,0,1,unavailable_acquisition_selected_ch2,not_validated,-6.1,16.97577,80.0,0.0,,55.800000000000004,265.4,-6.75,13.862309999999999,80.0,0.0,,42.95,95.65,-8.5,12.898619999999998,80.0,0.0,,45.0,37.4,666626,667649,4c9b0bf67f9213068254c95f04a69f35064e61223b49a4b755dfbfde9f77f086,,,curated_decay_upload; acquisition run/time and selection unknown,not_confirmed,unique_eligible_for_separate_review
Datos/Med_con_Decaimientos/decaimientos.txt::block653::event653,Datos/Med_con_Decaimientos/decaimientos.txt,upload_decaimientos_sin_fecha,-1,653,653,,667650,0,0,evaluation,1024,accepted,resolved_negative_ch1_ch2_coincidence,not_detected_above_threshold,prompt_12_no_resolved_3,212.5,1450.84,candidate,compatible_secondary_identity_unconfirmed,1,0,0,unavailable_acquisition_selected_ch2,not_validated,-6.9,16.45686,80.0,0.0,,50.9,229.4,-7.25,12.231449999999999,80.0,0.0,,36.15,362.65,-8.5,10.3782,80.0,0.0,,30.6,110.8,667650,668673,6f6c8a83f568ec4476ccaabb2fc06e5a626bc625aba2664913e354cdb6bdf022,,,curated_decay_upload; acquisition run/time and selection unknown,not_confirmed,unique_eligible_for_separate_review
Datos/Med_con_Decaimientos/decaimientos.txt::block654::event654,Datos/Med_con_Decaimientos/decaimientos.txt,upload_decaimientos_sin_fecha,-1,654,654,,668674,0,0,development,1024,accepted,resolved_negative_ch1_ch2_coincidence,not_detected_above_threshold,prompt_12_no_resolved_3,202.539,1460.801,candidate,compatible_secondary_identity_unconfirmed,1,0,0,unavailable_acquisition_selected_ch2,not_validated,-7.05,14.603609999999998,80.0,0.0,,47.949999999999996,200.04999999999998,-7.3,10.52646,80.0,0.0,,35.6,100.3,-7.8,8.8956,80.0,0.0,,28.2,27.7,668674,669697,a95381fd1a7b28eaa9e5d44b532e94e167908aa1276e662a2b2db7536d7c8630,,,curated_decay_upload; acquisition run/time and selection unknown,not_confirmed,unique_eligible_for_separate_review
Datos/Med_con_Decaimientos/decaimientos.txt::block655::event655,Datos/Med_con_Decaimientos/decaimientos.txt,upload_decaimientos_sin_fecha,-1,655,655,,669698,0,0,development,1024,accepted,resolved_negative_ch1_ch2_coincidence,not_detected_above_threshold,prompt_12_no_resolved_3,217.48,1445.86,candidate,compatible_secondary_identity_unconfirmed,1,0,0,unavailable_acquisition_selected_ch2,not_validated,-6.6,12.750359999999999,80.0,0.0,,49.300000000000004,174.1,-7.2,10.22994,80.0,0.0,,30.2,171.8,-8.2,8.74734,80.0,0.0,,30.7,26.900000000000002,669698,670721,fc540665482de4eb38ea0e83810a2865681f1087ff5fb79a8348b35b463e1f13,,,curated_decay_upload; acquisition run/time and selection unknown,not_confirmed,unique_eligible_for_separate_review
Datos/Med_con_Decaimientos/decaimientos.txt::block656::event656,Datos/Med_con_Decaimientos/decaimientos.txt,upload_decaimientos_sin_fecha,-1,656,656,,670722,0,0,development,1024,accepted,resolved_negative_ch1_ch2_coincidence,not_detected_above_threshold,prompt_12_no_resolved_3,214.16,1449.1799999999998,candidate,compatible_secondary_identity_unconfirmed,1,1,0,unavailable_acquisition_selected_ch2,not_validated,-6.5,17.12403,80.0,0.0,,53.7,172.9,-7.7,13.343399999999999,80.0,0.0,,35.4,136.9,-9.0,10.22994,80.0,0.0,,32.6,29.700000000000003,670722,671745,285f685e30bad85ac50d9314ef9a4bd37600bcead8d29e5856b2fb1ebc88f989,,,curated_decay_upload; acquisition run/time and selection unknown,not_confirmed,unique_eligible_for_separate_review
Datos/Med_con_Decaimientos/decaimientos.txt::block657::event657,Datos/Med_con_Decaimientos/decaimientos.txt,upload_decaimientos_sin_fecha,-1,657,657,,671746,0,0,development,1024,accepted,resolved_negative_ch1_ch2_coincidence,not_detected_above_threshold,prompt_12_no_resolved_3,209.18,1454.1599999999999,candidate,compatible_secondary_identity_unconfirmed,1,2,0,unavailable_acquisition_selected_ch2,not_validated,-6.35,14.010569999999998,80.0,0.0,,44.65,133.35,-8.1,11.416020000000001,80.0,0.0,,30.799999999999997,222.5,-9.5,8.30256,80.0,0.0,,27.6,28.5,671746,672769,c677a7c8c5f430ebd6eae08c7b86c84af568edb830c4271f05c2979e5482db79,,,curated_decay_upload; acquisition run/time and selection unknown,not_confirmed,unique_eligible_for_separate_review
Datos/Med_con_Decaimientos/decaimientos.txt::block658::event658,Datos/Med_con_Decaimientos/decaimientos.txt,upload_decaimientos_sin_fecha,-1,658,658,,672770,0,0,development,1024,accepted,resolved_negative_ch1_ch2_coincidence,not_detected_above_threshold,prompt_12_no_resolved_3,207.52,1455.82,candidate,compatible_secondary_identity_unconfirmed,1,0,0,unavailable_acquisition_selected_ch2,not_validated,-7.5,12.6021,80.0,0.0,,44.6,131.2,-8.55,11.63841,80.0,0.0,,30.650000000000002,137.64999999999998,-8.5,9.19212,80.0,0.0,,25.2,103.3,672770,673793,fa2118b8820fe79e015fe38ec1644a0ffa90b22a8ee4bb6788f9ea8d3be9c0c7,,,curated_decay_upload; acquisition run/time and selection unknown,not_confirmed,unique_eligible_for_separate_review
Datos/Med_con_Decaimientos/decaimientos.txt::block659::event659,Datos/Med_con_Decaimientos/decaimientos.txt,upload_decaimientos_sin_fecha,-1,659,659,,673794,0,0,development,1024,accepted,resolved_negative_ch1_ch2_coincidence,not_detected_above_threshold,prompt_12_no_resolved_3,205.859,1457.481,ambiguous,review_delayed_group_reasons,0,1,0,unavailable_acquisition_selected_ch2,not_validated,-6.75,16.08621,80.0,0.0,,39.45,153.75,-7.5,12.009059999999998,80.0,0.0,,30.7,120.9,-8.4,10.3782,80.0,0.0,,28.9,50.7,673794,674817,f85177a130a26ec566201166ef06ca93dc498439c664a28404234eab30c50db8,,,curated_decay_upload; acquisition run/time and selection unknown,not_confirmed,unique_eligible_for_separate_review
Datos/Med_con_Decaimientos/decaimientos.txt::block660::event660,Datos/Med_con_Decaimientos/decaimientos.txt,upload_decaimientos_sin_fecha,-1,660,660,,674818,0,0,development,1024,accepted,resolved_negative_ch1_ch2_coincidence,not_detected_above_threshold,prompt_12_no_resolved_3,214.16,1449.1799999999998,candidate,compatible_secondary_identity_unconfirmed,1,0,0,unavailable_acquisition_selected_ch2,not_validated,-6.15,15.34491,80.0,0.0,,37.25,221.54999999999998,-7.3,12.30558,80.0,0.0,,32.8,306.7,-8.6,9.043859999999999,80.0,0.0,,27.700000000000003,88.10000000000001,674818,675841,50ea6dd1c8ddd8417eeff00e55366b874d19c9be26f845ca513eb47fdd7a343f,,,curated_decay_upload; acquisition run/time and selection unknown,not_confirmed,unique_eligible_for_separate_review
Datos/Med_con_Decaimientos/decaimientos.txt::block661::event661,Datos/Med_con_Decaimientos/decaimientos.txt,upload_decaimientos_sin_fecha,-1,661,661,,675842,0,0,development,1024,accepted,resolved_negative_ch1_ch2_coincidence,not_detected_above_threshold,prompt_12_no_resolved_3,212.5,1450.84,candidate,compatible_secondary_identity_unconfirmed,1,0,0,unavailable_acquisition_selected_ch2,not_validated,-5.35,16.38273,80.0,0.0,,46.45,145.05,-8.3,11.71254,80.0,0.0,,29.6,287.8,-8.5,11.26776,80.0,0.0,,31.2,102.5,675842,676865,ce17dce90fd9bb1d500ef187d6eb3d9476257158eb06edd9d26d5f2bda67bab5,,,curated_decay_upload; acquisition run/time and selection unknown,not_confirmed,unique_eligible_for_separate_review
Datos/Med_con_Decaimientos/decaimientos.txt::block662::event662,Datos/Med_con_Decaimientos/decaimientos.txt,upload_decaimientos_sin_fecha,-1,662,662,,676866,0,0,evaluation,1024,accepted,resolved_negative_ch1_ch2_coincidence,not_detected_above_threshold,prompt_12_no_resolved_3,209.18,1454.1599999999999,candidate,compatible_secondary_identity_unconfirmed,1,0,0,unavailable_acquisition_selected_ch2,not_validated,-7.1,14.232959999999999,80.0,0.0,,46.800000000000004,122.30000000000001,-7.2,13.04688,80.0,0.0,,29.5,238.5,-8.5,9.34038,80.0,0.0,,32.8,30.4,676866,677889,502f4790a8a3b0f15206cbacc32de287615ee159300d08694f46b5b6e68a204e,,,curated_decay_upload; acquisition run/time and selection unknown,not_confirmed,unique_eligible_for_separate_review
Datos/Med_con_Decaimientos/decaimientos.txt::block663::event663,Datos/Med_con_Decaimientos/decaimientos.txt,upload_decaimientos_sin_fecha,-1,663,663,,677890,0,0,development,1024,accepted,resolved_negative_ch1_ch2_coincidence,not_detected_above_threshold,prompt_12_no_resolved_3,210.84,1452.5,candidate,compatible_secondary_identity_unconfirmed,1,0,0,unavailable_acquisition_selected_ch2,not_validated,-7.3,15.641429999999998,80.0,0.0,,48.5,260.7,-7.9,12.602099999999997,80.0,0.0,,35.5,226.2,-8.6,9.71103,80.0,0.0,,32.6,27.9,677890,678913,bf1863a43c555b82f76c7bc25eb1f1dcc3989d68e301d04697bb2ee2591dda48,,,curated_decay_upload; acquisition run/time and selection unknown,not_confirmed,unique_eligible_for_separate_review
Datos/Med_con_Decaimientos/decaimientos.txt::block664::event664,Datos/Med_con_Decaimientos/decaimientos.txt,upload_decaimientos_sin_fecha,-1,664,664,,678914,0,0,development,1024,accepted,resolved_negative_ch1_ch2_coincidence,detected,prompt_123,212.5,1450.84,ambiguous,review_delayed_group_reasons,0,1,0,unavailable_acquisition_selected_ch2,not_validated,-6.5,14.825999999999999,80.0,0.0,,44.2,131.7,-8.55,11.638409999999997,80.0,0.0,,33.95,108.85000000000001,-8.45,8.74734,80.0,0.0,,27.15,251.15000000000003,678914,679937,76726e28cbe8abf0c47f7c65148dec661043ba9f6ef1dad901a57e790c912350,,,curated_decay_upload; acquisition run/time and selection unknown,not_confirmed,unique_eligible_for_separate_review
Datos/Med_con_Decaimientos/decaimientos.txt::block665::event665,Datos/Med_con_Decaimientos/decaimientos.txt,upload_decaimientos_sin_fecha,-1,665,665,,679938,0,0,development,1024,accepted,resolved_negative_ch1_ch2_coincidence,not_detected_above_threshold,prompt_12_no_resolved_3,204.199,1459.1409999999998,candidate,compatible_secondary_identity_unconfirmed,1,0,0,unavailable_acquisition_selected_ch2,not_validated,-6.8,14.0847,80.0,0.0,,48.199999999999996,117.3,-7.9,12.6021,80.0,0.0,,35.3,101.3,-8.4,10.081679999999999,80.0,0.0,,27.0,122.29999999999998,679938,680961,2e2c82047df8a2ce7ff098dfac8e5f3b733a117d6815e5384b991d8fc601af47,,,curated_decay_upload; acquisition run/time and selection unknown,not_confirmed,unique_eligible_for_separate_review
Datos/Med_con_Decaimientos/decaimientos.txt::block666::event666,Datos/Med_con_Decaimientos/decaimientos.txt,upload_decaimientos_sin_fecha,-1,666,666,,680962,0,0,evaluation,1024,accepted,resolved_negative_ch1_ch2_coincidence,ambiguous,prompt_12_uncertain_3,199.219,1464.1209999999999,ambiguous,review_delayed_group_reasons,0,1,0,unavailable_acquisition_selected_ch2,not_validated,-6.6,14.826000000000002,80.0,0.0,,41.6,265.4,-7.0,10.526459999999998,80.0,0.0,,29.1,293.8,-8.4,10.00755,80.0,0.0,,28.799999999999997,59.6,680962,681985,86ed9defe1f995a89098fc1acb554c6902ff8e3d92fed5f87b68b1a6aebcf825,,,curated_decay_upload; acquisition run/time and selection unknown,not_confirmed,unique_eligible_for_separate_review
Datos/Med_con_Decaimientos/decaimientos.txt::block667::event667,Datos/Med_con_Decaimientos/decaimientos.txt,upload_decaimientos_sin_fecha,-1,667,667,,681986,0,0,development,1024,accepted,resolved_negative_ch1_ch2_coincidence,detected,prompt_123,224.121,1439.2189999999998,ambiguous,review_delayed_group_reasons,0,1,0,unavailable_acquisition_selected_ch2,not_validated,-7.5,13.343399999999999,80.0,0.0,,44.1,121.30000000000001,-7.7,10.674719999999999,80.0,0.0,,29.599999999999998,185.4,-9.05,9.636899999999999,80.0,0.0,,27.650000000000002,163.35,681986,683009,4c894309fec1e8af3039e1b00cac5e5b82ae1b2d41ce83d9ef32c456332aed8d,,,curated_decay_upload; acquisition run/time and selection unknown,not_confirmed,unique_eligible_for_separate_review
Datos/Med_con_Decaimientos/decaimientos.txt::block668::event668,Datos/Med_con_Decaimientos/decaimientos.txt,upload_decaimientos_sin_fecha,-1,668,668,,683010,0,0,development,1024,accepted,resolved_negative_ch1_ch2_coincidence,detected,prompt_123,207.52,1455.82,ambiguous,review_delayed_group_reasons,0,1,0,unavailable_acquisition_selected_ch2,not_validated,-6.9,15.270779999999997,80.0,0.0,,47.0,121.79999999999998,-7.5,11.56428,80.0,0.0,,30.1,118.4,-8.3,10.526459999999998,80.0,0.0,,26.1,123.60000000000001,683010,684033,213465a8268e12d39a52be1f2a549681461520e970c0be46bf7eb79c0027f85f,,,curated_decay_upload; acquisition run/time and selection unknown,not_confirmed,unique_eligible_for_separate_review
Datos/Med_con_Decaimientos/decaimientos.txt::block669::event669,Datos/Med_con_Decaimientos/decaimientos.txt,upload_decaimientos_sin_fecha,-1,669,669,,684034,0,0,development,1024,accepted,resolved_negative_ch1_ch2_coincidence,not_detected_above_threshold,prompt_12_no_resolved_3,199.219,1464.1209999999999,ambiguous,review_delayed_group_reasons,0,1,0,unavailable_acquisition_selected_ch2,not_validated,-6.35,15.122519999999998,80.0,0.0,,46.15,250.45000000000002,-7.6,9.19212,80.0,0.0,,30.200000000000003,173.6,-8.3,8.30256,80.0,0.0,,23.1,61.7,684034,685057,d4aa11100335ad86162cc1e40c8c42a9379f3b611b6693087f081090b9a5f160,,,curated_decay_upload; acquisition run/time and selection unknown,not_confirmed,unique_eligible_for_separate_review
Datos/Med_con_Decaimientos/decaimientos.txt::block670::event670,Datos/Med_con_Decaimientos/decaimientos.txt,upload_decaimientos_sin_fecha,-1,670,670,,685058,0,0,development,1024,accepted,resolved_negative_ch1_ch2_coincidence,not_detected_above_threshold,prompt_12_no_resolved_3,209.18,1454.1599999999999,candidate,compatible_secondary_identity_unconfirmed,1,4,0,unavailable_acquisition_selected_ch2,not_validated,-7.0,13.78818,80.0,0.0,,54.4,258.2,-8.3,10.82298,80.0,0.0,,40.2,151.1,-8.4,9.636899999999999,80.0,0.0,,33.6,33.9,685058,686081,c569c7f2deec32c4ef5b35df8f21cc03ab6c1de4e7066de7300a0a88a7bb442e,,,curated_decay_upload; acquisition run/time and selection unknown,not_confirmed,unique_eligible_for_separate_review
Datos/Med_con_Decaimientos/decaimientos.txt::block671::event671,Datos/Med_con_Decaimientos/decaimientos.txt,upload_decaimientos_sin_fecha,-1,671,671,,686082,0,0,development,1024,accepted,resolved_negative_ch1_ch2_coincidence,detected,prompt_123,205.859,1457.481,ambiguous,review_delayed_group_reasons,0,1,0,unavailable_acquisition_selected_ch2,not_validated,-7.6,15.567300000000001,80.0,0.0,,43.4,213.3,-7.5,12.898619999999998,80.0,0.0,,34.2,168.5,-8.1,10.22994,80.0,0.0,,31.4,229.9,686082,687105,8d97257b5b2fe7f1ca96052de997f96bd697cc514ad7ff00dd50b576a9bff1ac,,,curated_decay_upload; acquisition run/time and selection unknown,not_confirmed,unique_eligible_for_separate_review
Datos/Med_con_Decaimientos/decaimientos.txt::block672::event672,Datos/Med_con_Decaimientos/decaimientos.txt,upload_decaimientos_sin_fecha,-1,672,672,,687106,0,0,development,1024,accepted,resolved_negative_ch1_ch2_coincidence,detected,prompt_123,222.461,1440.879,ambiguous,review_delayed_group_reasons,0,1,0,unavailable_acquisition_selected_ch2,not_validated,-7.45,16.975769999999997,80.0,0.0,,46.35,139.05,-8.149999999999999,12.527969999999998,80.0,0.0,,37.55,100.44999999999999,-8.4,10.3782,80.0,0.0,,24.1,240.0,687106,688129,0007e1bc6118be4865771736acaf8515d7e6fc9224e304fd6e61c89323d0cd4b,,,curated_decay_upload; acquisition run/time and selection unknown,not_confirmed,unique_eligible_for_separate_review
Datos/Med_con_Decaimientos/decaimientos.txt::block673::event673,Datos/Med_con_Decaimientos/decaimientos.txt,upload_decaimientos_sin_fecha,-1,673,673,,688130,0,0,development,1024,accepted,resolved_negative_ch1_ch2_coincidence,not_detected_above_threshold,prompt_12_no_resolved_3,210.84,1452.5,candidate,compatible_secondary_identity_unconfirmed,1,0,0,unavailable_acquisition_selected_ch2,not_validated,-7.5,17.56881,80.0,0.0,,44.0,230.6,-8.2,10.22994,80.0,0.0,,37.8,112.0,-8.3,9.6369,80.0,0.0,,27.7,31.7,688130,689153,a8d95ff86a95baaaf360168d6bda1a4c09b1f5ab13f36503d1ca6d07beb12cc2,,,curated_decay_upload; acquisition run/time and selection unknown,not_confirmed,unique_eligible_for_separate_review
Datos/Med_con_Decaimientos/decaimientos.txt::block674::event674,Datos/Med_con_Decaimientos/decaimientos.txt,upload_decaimientos_sin_fecha,-1,674,674,,689154,0,0,development,1024,accepted,resolved_negative_ch1_ch2_coincidence,not_detected_above_threshold,prompt_12_no_resolved_3,214.16,1449.1799999999998,candidate,compatible_secondary_identity_unconfirmed,1,0,0,unavailable_acquisition_selected_ch2,not_validated,-6.8,16.38273,80.0,0.0,,37.4,223.5,-7.7,11.712539999999999,80.0,0.0,,36.4,294.40000000000003,-8.9,10.081679999999999,80.0,0.0,,29.5,27.6,689154,690177,d06e545e9bde48140ddb2b5da407d6d77f916de74c80cfcea05bdc2ee6d72537,,,curated_decay_upload; acquisition run/time and selection unknown,not_confirmed,unique_eligible_for_separate_review
Datos/Med_con_Decaimientos/decaimientos.txt::block675::event675,Datos/Med_con_Decaimientos/decaimientos.txt,upload_decaimientos_sin_fecha,-1,675,675,,690178,0,0,development,1024,accepted,resolved_negative_ch1_ch2_coincidence,not_detected_above_threshold,prompt_12_no_resolved_3,202.539,1460.801,ambiguous,review_delayed_group_reasons,0,1,0,unavailable_acquisition_selected_ch2,not_validated,-6.85,16.67925,80.0,0.0,,47.95,175.95000000000002,-7.8,11.41602,80.0,0.0,,26.3,153.39999999999998,-8.649999999999999,9.56277,80.0,0.0,,24.45,126.04999999999998,690178,691201,48f374dcb67890d55b10154136e6c192465ecc9584af9df4a0cba0eee0096709,,,curated_decay_upload; acquisition run/time and selection unknown,not_confirmed,unique_eligible_for_separate_review
Datos/Med_con_Decaimientos/decaimientos.txt::block676::event676,Datos/Med_con_Decaimientos/decaimientos.txt,upload_decaimientos_sin_fecha,-1,676,676,,691202,0,0,evaluation,1024,accepted,resolved_negative_ch1_ch2_coincidence,not_detected_above_threshold,prompt_12_no_resolved_3,209.18,1454.1599999999999,candidate,compatible_secondary_identity_unconfirmed,1,0,0,unavailable_acquisition_selected_ch2,not_validated,-6.9,16.160339999999998,80.0,0.0,,48.6,176.2,-7.2,13.714049999999999,80.0,0.0,,38.0,253.10000000000002,-8.4,11.564279999999998,80.0,0.0,,31.700000000000003,135.29999999999998,691202,692225,96a50d4ce4c5d0b6921ed88f5f99678bb426fc3a1203c854f2d511092e5ac494,,,curated_decay_upload; acquisition run/time and selection unknown,not_confirmed,unique_eligible_for_separate_review
Datos/Med_con_Decaimientos/decaimientos.txt::block677::event677,Datos/Med_con_Decaimientos/decaimientos.txt,upload_decaimientos_sin_fecha,-1,677,677,,692226,0,0,development,1024,accepted,resolved_negative_ch1_ch2_coincidence,not_detected_above_threshold,prompt_12_no_resolved_3,202.539,1460.801,ambiguous,review_delayed_group_reasons,0,1,0,unavailable_acquisition_selected_ch2,not_validated,-7.199999999999999,15.715560000000002,80.0,0.0,,52.7,226.3,-7.8,12.45384,80.0,0.0,,32.6,185.39999999999998,-8.1,9.488639999999998,80.0,0.0,,25.9,27.799999999999997,692226,693249,f016b4e3271d298216c19a9ce18f6b6587523125b5b8e11b17797aecc5eb63b5,,,curated_decay_upload; acquisition run/time and selection unknown,not_confirmed,unique_eligible_for_separate_review
Datos/Med_con_Decaimientos/decaimientos.txt::block678::event678,Datos/Med_con_Decaimientos/decaimientos.txt,upload_decaimientos_sin_fecha,-1,678,678,,693250,0,0,development,1024,accepted,resolved_negative_ch1_ch2_coincidence,detected,prompt_123,205.859,1457.481,ambiguous,review_delayed_group_reasons,0,1,0,unavailable_acquisition_selected_ch2,not_validated,-6.6,15.715559999999998,80.0,0.0,,47.2,166.70000000000002,-7.65,12.824489999999999,80.0,0.0,,28.950000000000003,146.15,-8.149999999999999,10.007550000000002,80.0,0.0,,33.849999999999994,197.65,693250,694273,43f0b153a314d00d75f2c37ebd48a53e6a2d8aa1bb5ea7ea8c95026edcd16fce,,,curated_decay_upload; acquisition run/time and selection unknown,not_confirmed,unique_eligible_for_separate_review
Datos/Med_con_Decaimientos/decaimientos.txt::block679::event679,Datos/Med_con_Decaimientos/decaimientos.txt,upload_decaimientos_sin_fecha,-1,679,679,,694274,0,0,development,1024,accepted,resolved_negative_ch1_ch2_coincidence,detected,prompt_123,210.84,1452.5,ambiguous,review_delayed_group_reasons,0,1,0,unavailable_acquisition_selected_ch2,not_validated,-6.9,16.3086,80.0,0.0,,41.699999999999996,121.9,-8.350000000000001,12.37971,80.0,0.0,,33.35,94.55000000000001,-8.6,9.859289999999998,80.0,0.0,,32.5,178.0,694274,695297,42b63d2fa5cb43497b52edbc0a28169aff2fef656a4ea6503220fe08b374040f,,,curated_decay_upload; acquisition run/time and selection unknown,not_confirmed,unique_eligible_for_separate_review
Datos/Med_con_Decaimientos/decaimientos.txt::block680::event680,Datos/Med_con_Decaimientos/decaimientos.txt,upload_decaimientos_sin_fecha,-1,680,680,,695298,0,0,development,1024,accepted,resolved_negative_ch1_ch2_coincidence,not_detected_above_threshold,prompt_12_no_resolved_3,207.52,1455.82,ambiguous,review_delayed_group_reasons,0,1,0,unavailable_acquisition_selected_ch2,not_validated,-6.6,14.826000000000002,80.0,0.0,,42.1,241.5,-6.9,13.19514,80.0,0.0,,31.4,416.3,-7.6,10.3782,80.0,0.0,,29.299999999999997,28.4,695298,696321,ec3411e1b41d1a1aa0cb65739bbe65694307da00edb03ad8e882e298eeab4d58,,,curated_decay_upload; acquisition run/time and selection unknown,not_confirmed,unique_eligible_for_separate_review
Datos/Med_con_Decaimientos/decaimientos.txt::block681::event681,Datos/Med_con_Decaimientos/decaimientos.txt,upload_decaimientos_sin_fecha,-1,681,681,,696322,0,0,development,1024,accepted,resolved_negative_ch1_ch2_coincidence,not_detected_above_threshold,prompt_12_no_resolved_3,202.539,1460.801,candidate,compatible_secondary_identity_unconfirmed,1,0,0,unavailable_acquisition_selected_ch2,not_validated,-7.4,16.160339999999998,80.0,0.0,,38.7,183.4,-8.2,12.453839999999998,80.0,0.0,,31.2,177.70000000000002,-7.8,10.22994,80.0,0.0,,27.900000000000002,30.400000000000002,696322,697345,e665240d25381b789a9c06eae747685a066d0b63b8f98b204da9d7be462e9fe2,,,curated_decay_upload; acquisition run/time and selection unknown,not_confirmed,unique_eligible_for_separate_review
Datos/Med_con_Decaimientos/decaimientos.txt::block682::event682,Datos/Med_con_Decaimientos/decaimientos.txt,upload_decaimientos_sin_fecha,-1,682,682,,697346,0,0,evaluation,1024,accepted,resolved_negative_ch1_ch2_coincidence,detected,prompt_123,204.199,1459.1409999999998,ambiguous,review_delayed_group_reasons,0,1,0,unavailable_acquisition_selected_ch2,not_validated,-6.9,16.160339999999998,80.0,0.0,,47.0,129.5,-7.9,14.67774,80.0,0.0,,40.3,138.29999999999998,-8.6,11.71254,80.0,0.0,,35.7,118.9,697346,698369,36e2ad4ab0b5a265ba21945635a611de53589284e5bbce21db72f9a63c7ee68f,,,curated_decay_upload; acquisition run/time and selection unknown,not_confirmed,unique_eligible_for_separate_review
Datos/Med_con_Decaimientos/decaimientos.txt::block683::event683,Datos/Med_con_Decaimientos/decaimientos.txt,upload_decaimientos_sin_fecha,-1,683,683,,698370,0,0,development,1024,accepted,resolved_negative_ch1_ch2_coincidence,not_detected_above_threshold,prompt_12_no_resolved_3,202.539,1460.801,candidate,compatible_secondary_identity_unconfirmed,1,1,0,unavailable_acquisition_selected_ch2,not_validated,-7.0,15.122519999999998,80.0,0.0,,55.9,140.8,-7.35,11.93493,80.0,0.0,,34.55,124.75,-8.1,9.192120000000001,80.0,0.0,,32.5,29.0,698370,699393,b4283ec3e26b1bda7c914082fe6a360b2059067b50436047c1fa5a94e9c01d02,,,curated_decay_upload; acquisition run/time and selection unknown,not_confirmed,unique_eligible_for_separate_review
Datos/Med_con_Decaimientos/decaimientos.txt::block684::event684,Datos/Med_con_Decaimientos/decaimientos.txt,upload_decaimientos_sin_fecha,-1,684,684,,699394,0,0,development,1024,accepted,resolved_negative_ch1_ch2_coincidence,not_detected_above_threshold,prompt_12_no_resolved_3,199.219,1464.1209999999999,candidate,compatible_secondary_identity_unconfirmed,1,0,2,unavailable_acquisition_selected_ch2,not_validated,-6.6,15.270779999999997,80.0,0.0,,44.800000000000004,257.29999999999995,-7.6,12.157319999999999,80.0,0.0,,34.5,348.2,-8.3,10.67472,80.0,0.0,,35.900000000000006,96.60000000000001,699394,700417,2e02da6a234499b1b5b2ae5140668d7f1e1b0ac26264cc3ebe1741dc187d1906,,,curated_decay_upload; acquisition run/time and selection unknown,not_confirmed,unique_eligible_for_separate_review
Datos/Med_con_Decaimientos/decaimientos.txt::block685::event685,Datos/Med_con_Decaimientos/decaimientos.txt,upload_decaimientos_sin_fecha,-1,685,685,,700418,0,0,development,1024,accepted,resolved_negative_ch1_ch2_coincidence,not_detected_above_threshold,prompt_12_no_resolved_3,200.879,1462.461,candidate,compatible_secondary_identity_unconfirmed,1,1,1,unavailable_acquisition_selected_ch2,not_validated,-6.2,13.639919999999998,80.0,0.0,,52.300000000000004,301.5,-7.5,12.157319999999999,80.0,0.0,,29.2,142.6,-9.05,9.56277,80.0,0.0,,32.55,33.349999999999994,700418,701441,a13ba70cce4e3bf423e1e155a9e51c306b2fc0c5d087f837f4410f2635d843b2,,,curated_decay_upload; acquisition run/time and selection unknown,not_confirmed,unique_eligible_for_separate_review
Datos/Med_con_Decaimientos/decaimientos.txt::block686::event686,Datos/Med_con_Decaimientos/decaimientos.txt,upload_decaimientos_sin_fecha,-1,686,686,,701442,0,0,development,1024,accepted,resolved_negative_ch1_ch2_coincidence,not_detected_above_threshold,prompt_12_no_resolved_3,200.879,1462.461,candidate,compatible_secondary_identity_unconfirmed,1,0,0,unavailable_acquisition_selected_ch2,not_validated,-7.0,15.863819999999999,80.0,0.0,,43.7,261.2,-7.2,12.009060000000002,80.0,0.0,,34.6,237.20000000000002,-8.25,10.60059,80.0,0.0,,29.75,33.45,701442,702465,703ea0c2f58b1da6222aac873b3c886adf5e930d776b7d47b43193940e171607,,,curated_decay_upload; acquisition run/time and selection unknown,not_confirmed,unique_eligible_for_separate_review
Datos/Med_con_Decaimientos/decaimientos.txt::block687::event687,Datos/Med_con_Decaimientos/decaimientos.txt,upload_decaimientos_sin_fecha,-1,687,687,,702466,0,0,development,1024,accepted,resolved_negative_ch1_ch2_coincidence,not_detected_above_threshold,prompt_12_no_resolved_3,212.5,1450.84,candidate,compatible_secondary_identity_unconfirmed,1,0,0,unavailable_acquisition_selected_ch2,not_validated,-6.2,15.34491,80.0,0.0,,39.400000000000006,240.3,-6.95,12.083189999999997,80.0,0.0,,32.45,259.55,-8.5,9.34038,80.0,0.0,,31.1,189.1,702466,703489,b9109e217aea8379b9c3f19d208735ab89047ba325126a36865d8740358aa679,,,curated_decay_upload; acquisition run/time and selection unknown,not_confirmed,unique_eligible_for_separate_review
Datos/Med_con_Decaimientos/decaimientos.txt::block688::event688,Datos/Med_con_Decaimientos/decaimientos.txt,upload_decaimientos_sin_fecha,-1,688,688,,703490,0,0,evaluation,1024,accepted,resolved_negative_ch1_ch2_coincidence,detected,prompt_123,217.48,1445.86,ambiguous,review_delayed_group_reasons,0,1,0,unavailable_acquisition_selected_ch2,not_validated,-7.1,14.52948,80.0,0.0,,48.4,132.1,-7.1,11.712539999999999,80.0,0.0,,43.1,101.0,-8.3,10.3782,80.0,0.0,,34.2,219.6,703490,704513,0c8881d72ce767084908e916021b42b3c7d3e317a109ab850b82d33fc110fc99,,,curated_decay_upload; acquisition run/time and selection unknown,not_confirmed,unique_eligible_for_separate_review
Datos/Med_con_Decaimientos/decaimientos.txt::block689::event689,Datos/Med_con_Decaimientos/decaimientos.txt,upload_decaimientos_sin_fecha,-1,689,689,,704514,0,0,development,1024,accepted,resolved_negative_ch1_ch2_coincidence,not_detected_above_threshold,prompt_12_no_resolved_3,217.48,1445.86,candidate,compatible_secondary_identity_unconfirmed,1,0,0,unavailable_acquisition_selected_ch2,not_validated,-7.1,16.60512,80.0,0.0,,46.0,231.70000000000002,-7.45,13.86231,80.0,0.0,,34.35,213.85000000000002,-8.2,9.78516,80.0,0.0,,28.9,26.900000000000002,704514,705537,52ab3487085577ab5987fc5a7b9eb8ac5b0e1276e5f08da60ee32e9e9f394ee6,,,curated_decay_upload; acquisition run/time and selection unknown,not_confirmed,unique_eligible_for_separate_review
Datos/Med_con_Decaimientos/decaimientos.txt::block690::event690,Datos/Med_con_Decaimientos/decaimientos.txt,upload_decaimientos_sin_fecha,-1,690,690,,705538,0,0,evaluation,1024,accepted,resolved_negative_ch1_ch2_coincidence,not_detected_above_threshold,prompt_12_no_resolved_3,205.859,1457.481,candidate,compatible_secondary_identity_unconfirmed,1,0,0,unavailable_acquisition_selected_ch2,not_validated,-6.95,17.049899999999997,80.0,0.0,,34.050000000000004,255.55,-7.9,10.526459999999998,80.0,0.0,,40.6,141.1,-8.6,8.599079999999999,80.0,0.0,,33.6,19.5,705538,706561,7a9656ac0cb51fa889ce2765f81db883261c8f15787d8a6094fd813107c0fbda,,,curated_decay_upload; acquisition run/time and selection unknown,not_confirmed,unique_eligible_for_separate_review
Datos/Med_con_Decaimientos/decaimientos.txt::block691::event691,Datos/Med_con_Decaimientos/decaimientos.txt,upload_decaimientos_sin_fecha,-1,691,691,,706562,0,0,development,1024,accepted,resolved_negative_ch1_ch2_coincidence,ambiguous,prompt_12_uncertain_3,212.5,1450.84,ambiguous,review_delayed_group_reasons,0,1,0,unavailable_acquisition_selected_ch2,not_validated,-7.35,15.937949999999999,80.0,0.0,,39.65,139.55,-8.4,10.52646,80.0,0.0,,37.8,95.69999999999999,-8.8,8.8956,80.0,0.0,,28.900000000000002,83.2,706562,707585,001b28d60d0131b427f92503cd0ce57be3d2d8c0d55dad815df75389f7e88703,,,curated_decay_upload; acquisition run/time and selection unknown,not_confirmed,unique_eligible_for_separate_review
Datos/Med_con_Decaimientos/decaimientos.txt::block692::event692,Datos/Med_con_Decaimientos/decaimientos.txt,upload_decaimientos_sin_fecha,-1,692,692,,707586,0,0,development,1024,accepted,resolved_negative_ch1_ch2_coincidence,not_detected_above_threshold,prompt_12_no_resolved_3,202.539,1460.801,candidate,compatible_secondary_identity_unconfirmed,1,0,0,unavailable_acquisition_selected_ch2,not_validated,-7.0,16.975769999999997,80.0,0.0,,42.9,247.6,-7.9,12.898620000000001,80.0,0.0,,33.2,299.20000000000005,-7.9,9.043859999999999,80.0,0.0,,23.5,23.0,707586,708609,3c8a9f365cd94382df0a0ee007a4f2a7c05e0ea12a0a7f319ad1b5d15a1946c8,,,curated_decay_upload; acquisition run/time and selection unknown,not_confirmed,unique_eligible_for_separate_review
Datos/Med_con_Decaimientos/decaimientos.txt::block693::event693,Datos/Med_con_Decaimientos/decaimientos.txt,upload_decaimientos_sin_fecha,-1,693,693,,708610,0,0,development,1024,accepted,resolved_negative_ch1_ch2_coincidence,not_detected_above_threshold,prompt_12_no_resolved_3,204.199,1459.1409999999998,ambiguous,review_delayed_group_reasons,0,1,0,unavailable_acquisition_selected_ch2,not_validated,-6.85,16.679250000000003,80.0,0.0,,48.45,172.25,-8.3,13.04688,80.0,0.0,,41.599999999999994,170.39999999999998,-8.6,11.712539999999999,80.0,0.0,,33.6,59.99999999999999,708610,709633,411a54c7b4689f16a435e327de082d141e4a13bbf80f4144edd20a1618037016,,,curated_decay_upload; acquisition run/time and selection unknown,not_confirmed,unique_eligible_for_separate_review
Datos/Med_con_Decaimientos/decaimientos.txt::block694::event694,Datos/Med_con_Decaimientos/decaimientos.txt,upload_decaimientos_sin_fecha,-1,694,694,,709634,0,0,development,1024,accepted,resolved_negative_ch1_ch2_coincidence,not_detected_above_threshold,prompt_12_no_resolved_3,204.199,1459.1409999999998,candidate,compatible_secondary_identity_unconfirmed,1,0,0,unavailable_acquisition_selected_ch2,not_validated,-6.6,15.122519999999998,80.0,0.0,,39.0,282.5,-7.8,11.8608,80.0,0.0,,26.400000000000002,201.5,-8.8,7.857779999999998,80.0,0.0,,22.8,19.0,709634,710657,b57e09ecb1db155e47e3c5ee596ac70530f6d9af2ca1a7c710a6c9e1e5b645f4,,,curated_decay_upload; acquisition run/time and selection unknown,not_confirmed,unique_eligible_for_separate_review
Datos/Med_con_Decaimientos/decaimientos.txt::block695::event695,Datos/Med_con_Decaimientos/decaimientos.txt,upload_decaimientos_sin_fecha,-1,695,695,,710658,0,0,development,1024,accepted,resolved_negative_ch1_ch2_coincidence,not_detected_above_threshold,prompt_12_no_resolved_3,207.52,1455.82,candidate,compatible_secondary_identity_unconfirmed,1,0,0,unavailable_acquisition_selected_ch2,not_validated,-7.8,16.160339999999998,80.0,0.0,,38.9,253.8,-7.4,10.674719999999999,80.0,0.0,,36.0,288.3,-9.0,8.45082,80.0,0.0,,22.4,19.8,710658,711681,253d057de5e75d3a32a2499fcb62bc6cea31010adc87c49c864e614bc0104249,,,curated_decay_upload; acquisition run/time and selection unknown,not_confirmed,unique_eligible_for_separate_review
Datos/Med_con_Decaimientos/decaimientos.txt::block696::event696,Datos/Med_con_Decaimientos/decaimientos.txt,upload_decaimientos_sin_fecha,-1,696,696,,711682,0,0,development,1024,accepted,resolved_negative_ch1_ch2_coincidence,detected,prompt_123,202.539,1460.801,ambiguous,review_delayed_group_reasons,0,1,0,unavailable_acquisition_selected_ch2,not_validated,-6.9,13.343399999999999,80.0,0.0,,52.0,170.9,-7.7,10.82298,80.0,0.0,,29.4,127.10000000000001,-8.8,7.26474,80.0,0.0,,26.2,247.5,711682,712705,245844bd90774471f54c5808149a9db8f5012327af53a03b83be92ac7e4cbe09,,,curated_decay_upload; acquisition run/time and selection unknown,not_confirmed,unique_eligible_for_separate_review
Datos/Med_con_Decaimientos/decaimientos.txt::block697::event697,Datos/Med_con_Decaimientos/decaimientos.txt,upload_decaimientos_sin_fecha,-1,697,697,,712706,0,0,development,1024,accepted,resolved_negative_ch1_ch2_coincidence,not_detected_above_threshold,prompt_12_no_resolved_3,200.879,1462.461,candidate,compatible_secondary_identity_unconfirmed,1,0,0,unavailable_acquisition_selected_ch2,not_validated,-6.3,13.714049999999999,80.0,0.0,,40.5,245.29999999999998,-7.4,9.78516,80.0,0.0,,29.799999999999997,142.6,-8.7,8.00604,80.0,0.0,,22.1,21.900000000000002,712706,713729,de6d90586ea3c2320de22062b22d071a7bab7ef0446f66f94b007febc583bb53,,,curated_decay_upload; acquisition run/time and selection unknown,not_confirmed,unique_eligible_for_separate_review
Datos/Med_con_Decaimientos/decaimientos.txt::block698::event698,Datos/Med_con_Decaimientos/decaimientos.txt,upload_decaimientos_sin_fecha,-1,698,698,,713730,0,0,development,1024,accepted,resolved_negative_ch1_ch2_coincidence,not_detected_above_threshold,prompt_12_no_resolved_3,205.859,1457.481,candidate,compatible_secondary_identity_unconfirmed,1,0,0,unavailable_acquisition_selected_ch2,not_validated,-7.1,14.677739999999996,80.0,0.0,,44.5,132.4,-7.4,12.157319999999999,80.0,0.0,,32.9,242.5,-8.4,8.37669,80.0,0.0,,27.4,24.1,713730,714753,8a1d831141c26605351f241b24ef2dd6354ef5ca81e64a5b408038a5d7e1e92e,,,curated_decay_upload; acquisition run/time and selection unknown,not_confirmed,unique_eligible_for_separate_review
Datos/Med_con_Decaimientos/decaimientos.txt::block699::event699,Datos/Med_con_Decaimientos/decaimientos.txt,upload_decaimientos_sin_fecha,-1,699,699,,714754,0,0,development,1024,accepted,resolved_negative_ch1_ch2_coincidence,not_detected_above_threshold,prompt_12_no_resolved_3,215.82,1447.52,candidate,compatible_secondary_identity_unconfirmed,1,0,0,unavailable_acquisition_selected_ch2,not_validated,-7.3,15.5673,80.0,0.0,,40.4,235.89999999999998,-7.7,10.674719999999999,80.0,0.0,,29.099999999999998,113.7,-7.8,8.45082,80.0,0.0,,19.8,22.8,714754,715777,f4de2285757c995a5345c9aff6d956c2b2e3f0358b130bd43f3bf0423dc11082,,,curated_decay_upload; acquisition run/time and selection unknown,not_confirmed,unique_eligible_for_separate_review
Datos/Med_con_Decaimientos/decaimientos.txt::block700::event700,Datos/Med_con_Decaimientos/decaimientos.txt,upload_decaimientos_sin_fecha,-1,700,700,,715778,0,0,development,1024,accepted,resolved_negative_ch1_ch2_coincidence,detected,prompt_123,220.801,1442.539,ambiguous,review_delayed_group_reasons,0,2,0,unavailable_acquisition_selected_ch2,not_validated,-6.6,12.750359999999999,80.0,0.0,,44.4,123.80000000000001,-7.45,11.193629999999999,80.0,0.0,,30.45,102.55,-7.8,7.561259999999999,80.0,0.0,,24.8,243.39999999999998,715778,716801,b83fc2f846b70ddd92eeb7205d133efd9f4b2557b00b2a0eb59b94399b594c31,,,curated_decay_upload; acquisition run/time and selection unknown,not_confirmed,unique_eligible_for_separate_review
Datos/Med_con_Decaimientos/decaimientos.txt::block701::event701,Datos/Med_con_Decaimientos/decaimientos.txt,upload_decaimientos_sin_fecha,-1,701,701,,716802,0,0,development,1024,accepted,resolved_negative_ch1_ch2_coincidence,not_detected_above_threshold,prompt_12_no_resolved_3,209.18,1454.1599999999999,candidate,compatible_secondary_identity_unconfirmed,1,0,0,unavailable_acquisition_selected_ch2,not_validated,-6.8,13.195139999999997,80.0,0.0,,41.599999999999994,185.7,-7.3,10.526459999999998,80.0,0.0,,32.199999999999996,260.0,-8.4,7.116480000000001,80.0,0.0,,22.8,84.89999999999999,716802,717825,0fcf29bdb2e0bccd8c6c780ca4eed45d8090033096977a1d599c5b145ae5f740,,,curated_decay_upload; acquisition run/time and selection unknown,not_confirmed,unique_eligible_for_separate_review
Datos/Med_con_Decaimientos/decaimientos.txt::block702::event702,Datos/Med_con_Decaimientos/decaimientos.txt,upload_decaimientos_sin_fecha,-1,702,702,,717826,0,0,development,1024,accepted,resolved_negative_ch1_ch2_coincidence,not_detected_above_threshold,prompt_12_no_resolved_3,214.16,1449.1799999999998,candidate,compatible_secondary_identity_unconfirmed,1,0,0,unavailable_acquisition_selected_ch2,not_validated,-7.1,16.60512,80.0,0.0,,51.0,182.6,-7.5,12.45384,80.0,0.0,,31.6,138.4,-8.8,8.747339999999998,80.0,0.0,,28.1,22.3,717826,718849,886e96a945ae8b2450dcc75b412777d9f19cc7dda6c853b4b484e52625c2e7ec,,,curated_decay_upload; acquisition run/time and selection unknown,not_confirmed,unique_eligible_for_separate_review
Datos/Med_con_Decaimientos/decaimientos.txt::block703::event703,Datos/Med_con_Decaimientos/decaimientos.txt,upload_decaimientos_sin_fecha,-1,703,703,,718850,0,0,development,1024,accepted,resolved_negative_ch1_ch2_coincidence,detected,prompt_123,219.141,1444.1989999999998,ambiguous,review_delayed_group_reasons,0,1,0,unavailable_acquisition_selected_ch2,not_validated,-7.1,12.6021,80.0,0.0,,46.6,125.5,-7.4,9.78516,80.0,0.0,,32.3,102.19999999999999,-8.9,8.30256,80.0,0.0,,26.299999999999997,133.9,718850,719873,e5c8f819ed43a44fbd8672953a082c0eef469dca871602e0d61e060e897d8fe9,,,curated_decay_upload; acquisition run/time and selection unknown,not_confirmed,unique_eligible_for_separate_review
Datos/Med_con_Decaimientos/decaimientos.txt::block704::event704,Datos/Med_con_Decaimientos/decaimientos.txt,upload_decaimientos_sin_fecha,-1,704,704,,719874,0,0,evaluation,1024,accepted,resolved_negative_ch1_ch2_coincidence,detected,prompt_123,210.84,1452.5,ambiguous,review_delayed_group_reasons,0,1,0,unavailable_acquisition_selected_ch2,not_validated,-7.2,17.86533,80.393985,0.0,,43.2,174.4,-7.6,12.45384,80.0,0.0,,39.800000000000004,223.4,-8.5,11.119499999999999,80.0,0.0,,34.0,83.5,719874,720897,d81d442d383515b6fe7f205a728fd614465a0c637018d914c128f41465553817,,,curated_decay_upload; acquisition run/time and selection unknown,not_confirmed,unique_eligible_for_separate_review
Datos/Med_con_Decaimientos/decaimientos.txt::block705::event705,Datos/Med_con_Decaimientos/decaimientos.txt,upload_decaimientos_sin_fecha,-1,705,705,,720898,0,0,development,1024,accepted,resolved_negative_ch1_ch2_coincidence,not_detected_above_threshold,prompt_12_no_resolved_3,204.199,1459.1409999999998,ambiguous,review_delayed_group_reasons,0,1,0,unavailable_acquisition_selected_ch2,not_validated,-7.4,17.64294,80.0,0.0,,43.699999999999996,134.0,-7.4,12.750359999999999,80.0,0.0,,27.0,192.1,-8.3,9.192120000000001,80.0,0.0,,26.0,27.599999999999998,720898,721921,7e8f60f4514557af5b4f4f91757f9f92c810c8f586921e1e1967e75f4e0aa22d,,,curated_decay_upload; acquisition run/time and selection unknown,not_confirmed,unique_eligible_for_separate_review
Datos/Med_con_Decaimientos/decaimientos.txt::block706::event706,Datos/Med_con_Decaimientos/decaimientos.txt,upload_decaimientos_sin_fecha,-1,706,706,,721922,0,0,development,1024,accepted,resolved_negative_ch1_ch2_coincidence,not_detected_above_threshold,prompt_12_no_resolved_3,210.84,1452.5,candidate,compatible_secondary_identity_unconfirmed,1,1,1,unavailable_acquisition_selected_ch2,not_validated,-6.85,13.862309999999999,80.0,0.0,,54.050000000000004,158.35,-7.5,11.267759999999999,80.0,0.0,,31.3,230.7,-8.4,8.450819999999998,80.0,0.0,,33.3,26.9,721922,722945,67701e1e5babea763c94ac3c3d2e7282034060382f3cb8cb56d325c5dd6a19a8,,,curated_decay_upload; acquisition run/time and selection unknown,not_confirmed,unique_eligible_for_separate_review
Datos/Med_con_Decaimientos/decaimientos.txt::block707::event707,Datos/Med_con_Decaimientos/decaimientos.txt,upload_decaimientos_sin_fecha,-1,707,707,,722946,0,0,development,1024,accepted,resolved_negative_ch1_ch2_coincidence,not_detected_above_threshold,prompt_12_no_resolved_3,200.879,1462.461,candidate,compatible_secondary_identity_unconfirmed,1,0,0,unavailable_acquisition_selected_ch2,not_validated,-6.55,15.64143,80.0,0.0,,43.949999999999996,173.14999999999998,-7.7,10.52646,80.0,0.0,,27.0,158.10000000000002,-7.9,9.636899999999999,80.0,0.0,,27.299999999999997,27.700000000000003,722946,723969,cc56b8239e926b42ca1bad9192d66fdfd235a6c9d35a33e354e5743f4939f2e3,,,curated_decay_upload; acquisition run/time and selection unknown,not_confirmed,unique_eligible_for_separate_review
Datos/Med_con_Decaimientos/decaimientos.txt::block708::event708,Datos/Med_con_Decaimientos/decaimientos.txt,upload_decaimientos_sin_fecha,-1,708,708,,723970,0,0,development,1024,accepted,resolved_negative_ch1_ch2_coincidence,not_detected_above_threshold,prompt_12_no_resolved_3,219.141,1444.1989999999998,candidate,compatible_secondary_identity_unconfirmed,1,4,0,unavailable_acquisition_selected_ch2,not_validated,-7.0,14.677739999999996,80.0,0.0,,55.8,123.6,-6.8,12.009059999999998,80.0,0.0,,34.0,108.0,-8.5,8.8956,80.0,0.0,,39.6,102.0,723970,724993,39805fe7883d214c96c24e84d947919ddc9af6911d095ec41e636374bb1a1d11,,,curated_decay_upload; acquisition run/time and selection unknown,not_confirmed,unique_eligible_for_separate_review
Datos/Med_con_Decaimientos/decaimientos.txt::block709::event709,Datos/Med_con_Decaimientos/decaimientos.txt,upload_decaimientos_sin_fecha,-1,709,709,,724994,0,0,development,1024,accepted,resolved_negative_ch1_ch2_coincidence,not_detected_above_threshold,prompt_12_no_resolved_3,222.461,1440.879,candidate,compatible_secondary_identity_unconfirmed,1,0,0,unavailable_acquisition_selected_ch2,not_validated,-6.6,17.049899999999997,80.0,0.0,,43.0,144.20000000000002,-8.0,12.157319999999999,80.0,0.0,,32.9,118.5,-8.4,9.933419999999998,80.0,0.0,,27.4,34.2,724994,726017,37bdb759e707a2bbab854dfebf27587eaa14dfae0f17ad1994c235c7e9b72db2,,,curated_decay_upload; acquisition run/time and selection unknown,not_confirmed,unique_eligible_for_separate_review
Datos/Med_con_Decaimientos/decaimientos.txt::block710::event710,Datos/Med_con_Decaimientos/decaimientos.txt,upload_decaimientos_sin_fecha,-1,710,710,,726018,0,0,development,1024,accepted,resolved_negative_ch1_ch2_coincidence,not_detected_above_threshold,prompt_12_no_resolved_3,200.879,1462.461,ambiguous,review_delayed_group_reasons,0,1,1,unavailable_acquisition_selected_ch2,not_validated,-7.3,15.5673,80.0,0.0,,56.199999999999996,260.2,-7.5,14.232960000000002,80.0,0.0,,42.9,149.7,-8.1,11.04537,80.0,0.0,,33.6,83.4,726018,727041,05e261ee639a64f235879b498e12d370b32c04525bd1b6b9af9abe819f82cd63,,,curated_decay_upload; acquisition run/time and selection unknown,not_confirmed,unique_eligible_for_separate_review
Datos/Med_con_Decaimientos/decaimientos.txt::block711::event711,Datos/Med_con_Decaimientos/decaimientos.txt,upload_decaimientos_sin_fecha,-1,711,711,,727042,0,0,development,1024,accepted,resolved_negative_ch1_ch2_coincidence,not_detected_above_threshold,prompt_12_no_resolved_3,219.141,1444.1989999999998,candidate,compatible_secondary_identity_unconfirmed,1,1,0,unavailable_acquisition_selected_ch2,not_validated,-6.95,15.493169999999997,80.0,0.0,,51.050000000000004,138.95000000000002,-8.0,11.8608,80.0,0.0,,32.5,182.0,-8.350000000000001,8.821469999999998,80.0,0.0,,29.450000000000003,26.449999999999996,727042,728065,37feee236d53a0c209d40c4c1a080124d7306d4697ea511358d3b6d3946a9c4d,,,curated_decay_upload; acquisition run/time and selection unknown,not_confirmed,unique_eligible_for_separate_review
Datos/Med_con_Decaimientos/decaimientos.txt::block712::event712,Datos/Med_con_Decaimientos/decaimientos.txt,upload_decaimientos_sin_fecha,-1,712,712,,728066,0,0,development,1024,accepted,resolved_negative_ch1_ch2_coincidence,detected,prompt_123,200.879,1462.461,ambiguous,review_delayed_group_reasons,0,1,0,unavailable_acquisition_selected_ch2,not_validated,-7.9,17.49468,80.0,0.0,,43.9,132.9,-7.3,11.93493,80.0,0.0,,33.5,154.5,-8.5,10.82298,80.0,0.0,,35.4,132.0,728066,729089,420171de572835fa4d6b238994e836fe9e1f9a322cd8ee73becfec0488f99a94,,,curated_decay_upload; acquisition run/time and selection unknown,not_confirmed,unique_eligible_for_separate_review
Datos/Med_con_Decaimientos/decaimientos.txt::block713::event713,Datos/Med_con_Decaimientos/decaimientos.txt,upload_decaimientos_sin_fecha,-1,713,713,,729090,0,0,development,1024,accepted,resolved_negative_ch1_ch2_coincidence,not_detected_above_threshold,prompt_12_no_resolved_3,209.18,1454.1599999999999,candidate,compatible_secondary_identity_unconfirmed,1,1,0,unavailable_acquisition_selected_ch2,not_validated,-6.6,16.086209999999998,80.0,0.0,,47.6,248.1,-8.3,12.157319999999999,80.0,0.0,,38.1,273.3,-8.55,10.748850000000001,80.0,0.0,,27.95,31.05,729090,730113,6c4b7660a69f9bf46e6740149f01446d9d7237656bf70cfe67ae8cd7c297bb2c,,,curated_decay_upload; acquisition run/time and selection unknown,not_confirmed,unique_eligible_for_separate_review
Datos/Med_con_Decaimientos/decaimientos.txt::block714::event714,Datos/Med_con_Decaimientos/decaimientos.txt,upload_decaimientos_sin_fecha,-1,714,714,,730114,0,0,evaluation,1024,accepted,resolved_negative_ch1_ch2_coincidence,not_detected_above_threshold,prompt_12_no_resolved_3,202.539,1460.801,ambiguous,review_delayed_group_reasons,0,1,0,unavailable_acquisition_selected_ch2,not_validated,-7.4,15.419039999999999,80.0,0.0,,43.199999999999996,188.7,-8.3,11.8608,80.0,0.0,,34.2,216.0,-8.3,8.30256,80.0,0.0,,24.200000000000003,26.900000000000002,730114,731137,09a3fd8bd91454553ef566a12c7568df5fa69c982e99f0653c7f57e90775ed89,,,curated_decay_upload; acquisition run/time and selection unknown,not_confirmed,unique_eligible_for_separate_review
Datos/Med_con_Decaimientos/decaimientos.txt::block715::event715,Datos/Med_con_Decaimientos/decaimientos.txt,upload_decaimientos_sin_fecha,-1,715,715,,731138,0,0,development,1024,accepted,resolved_negative_ch1_ch2_coincidence,detected,prompt_123,200.879,1462.461,ambiguous,review_delayed_group_reasons,0,5,0,unavailable_acquisition_selected_ch2,not_validated,-6.8,13.195139999999997,80.0,0.0,,54.5,182.39999999999998,-6.8,12.009059999999998,80.0,0.0,,30.5,208.89999999999998,-7.8,8.30256,80.0,0.0,,31.3,169.7,731138,732161,ab5505ba6042c9356c5426f6af4fb9c05035291556d0c8ea70cbe6561830979f,,,curated_decay_upload; acquisition run/time and selection unknown,not_confirmed,unique_eligible_for_separate_review
Datos/Med_con_Decaimientos/decaimientos.txt::block716::event716,Datos/Med_con_Decaimientos/decaimientos.txt,upload_decaimientos_sin_fecha,-1,716,716,,732162,0,0,development,1024,accepted,resolved_negative_ch1_ch2_coincidence,detected,prompt_123,215.82,1447.52,ambiguous,review_delayed_group_reasons,0,1,0,unavailable_acquisition_selected_ch2,not_validated,-6.75,17.272289999999998,80.0,0.0,,46.35,166.45,-7.7,13.343399999999999,80.0,0.0,,38.5,187.20000000000002,-8.5,11.26776,80.0,0.0,,30.8,235.4,732162,733185,61b2af39c2f5b86af7d8ff51f42f4cdd8490a8dcb380f0814772298e8cdb5390,,,curated_decay_upload; acquisition run/time and selection unknown,not_confirmed,unique_eligible_for_separate_review
Datos/Med_con_Decaimientos/decaimientos.txt::block717::event717,Datos/Med_con_Decaimientos/decaimientos.txt,upload_decaimientos_sin_fecha,-1,717,717,,733186,0,0,evaluation,1024,accepted,resolved_negative_ch1_ch2_coincidence,not_detected_above_threshold,prompt_12_no_resolved_3,212.5,1450.84,candidate,compatible_secondary_identity_unconfirmed,1,0,0,unavailable_acquisition_selected_ch2,not_validated,-6.4,17.346420000000002,80.0,0.0,,46.8,216.29999999999998,-7.4,12.750359999999999,80.0,0.0,,32.6,327.1,-8.649999999999999,10.155809999999997,80.0,0.0,,26.349999999999998,30.050000000000004,733186,734209,e0af942d24a60a4d1a47d39f4ca3649fcb5d2eed064d69035a79db089840df02,,,curated_decay_upload; acquisition run/time and selection unknown,not_confirmed,unique_eligible_for_separate_review
Datos/Med_con_Decaimientos/decaimientos.txt::block718::event718,Datos/Med_con_Decaimientos/decaimientos.txt,upload_decaimientos_sin_fecha,-1,718,718,,734210,0,0,development,1024,accepted,resolved_negative_ch1_ch2_coincidence,detected,prompt_123,214.16,1449.1799999999998,ambiguous,review_delayed_group_reasons,0,1,0,unavailable_acquisition_selected_ch2,not_validated,-7.9,15.419039999999999,80.0,0.0,,48.8,187.9,-7.15,13.56579,80.0,0.0,,33.65,183.45,-8.7,9.043860000000002,80.0,0.0,,29.2,370.6,734210,735233,5207372dcd981feebfa8bd8488a17ea28152489ee3594227dc6bb4bef93cd4d9,,,curated_decay_upload; acquisition run/time and selection unknown,not_confirmed,unique_eligible_for_separate_review
Datos/Med_con_Decaimientos/decaimientos.txt::block719::event719,Datos/Med_con_Decaimientos/decaimientos.txt,upload_decaimientos_sin_fecha,-1,719,719,,735234,0,0,development,1024,accepted,resolved_negative_ch1_ch2_coincidence,not_detected_above_threshold,prompt_12_no_resolved_3,217.48,1445.86,ambiguous,review_delayed_group_reasons,0,1,1,unavailable_acquisition_selected_ch2,not_validated,-6.5,17.19816,80.0,0.0,,42.0,295.7,-7.3,12.75036,80.0,0.0,,31.6,286.09999999999997,-8.7,9.933419999999998,80.0,0.0,,32.099999999999994,93.7,735234,736257,f789e0a7576252f4b039ec9fd74488373af46bdb5d844bb6a6875288b45e9876,,,curated_decay_upload; acquisition run/time and selection unknown,not_confirmed,unique_eligible_for_separate_review
Datos/Med_con_Decaimientos/decaimientos.txt::block720::event720,Datos/Med_con_Decaimientos/decaimientos.txt,upload_decaimientos_sin_fecha,-1,720,720,,736258,0,0,development,1024,accepted,resolved_negative_ch1_ch2_coincidence,detected,prompt_123,209.18,1454.1599999999999,ambiguous,review_delayed_group_reasons,0,1,0,unavailable_acquisition_selected_ch2,not_validated,-7.15,18.161849999999998,81.72832499999998,0.0,,45.35,176.75,-8.2,12.009060000000002,80.0,0.0,,42.8,175.8,-8.4,10.526459999999998,80.0,0.0,,37.9,246.79999999999998,736258,737281,c8a7db93ae50cf9d5baa1f81b16a4cc4f6d13555535ad7d3761c89041a4f310b,,,curated_decay_upload; acquisition run/time and selection unknown,not_confirmed,unique_eligible_for_separate_review
Datos/Med_con_Decaimientos/decaimientos.txt::block721::event721,Datos/Med_con_Decaimientos/decaimientos.txt,upload_decaimientos_sin_fecha,-1,721,721,,737282,0,0,development,1024,accepted,resolved_negative_ch1_ch2_coincidence,detected,prompt_123,209.18,1454.1599999999999,ambiguous,review_delayed_group_reasons,0,1,0,unavailable_acquisition_selected_ch2,not_validated,-6.1,16.45686,80.0,0.0,,58.9,157.4,-7.8,12.009059999999998,80.0,0.0,,34.5,117.4,-8.8,10.081679999999999,80.0,0.0,,30.2,191.5,737282,738305,c0a0ace1b1bce32f10ac8e032484a3e39020e4624ee5a37edca6f6b60ee72903,,,curated_decay_upload; acquisition run/time and selection unknown,not_confirmed,unique_eligible_for_separate_review
Datos/Med_con_Decaimientos/decaimientos.txt::block722::event722,Datos/Med_con_Decaimientos/decaimientos.txt,upload_decaimientos_sin_fecha,-1,722,722,,738306,0,0,development,1024,accepted,resolved_negative_ch1_ch2_coincidence,detected,prompt_123,210.84,1452.5,no_secondary_above_threshold,absence_is_not_no_decay,0,0,0,unavailable_acquisition_selected_ch2,not_validated,-7.2,16.23447,80.0,0.0,,50.400000000000006,116.6,-7.8,13.195139999999997,80.0,0.0,,41.0,131.89999999999998,-8.8,11.267759999999996,80.0,0.0,,30.2,251.3,738306,739329,52cee9cb93c92276db3115af3533ed97a5d2e99a60674036c42b7aefc5c7a888,,,curated_decay_upload; acquisition run/time and selection unknown,not_confirmed,unique_eligible_for_separate_review
Datos/Med_con_Decaimientos/decaimientos.txt::block723::event723,Datos/Med_con_Decaimientos/decaimientos.txt,upload_decaimientos_sin_fecha,-1,723,723,,739330,0,0,development,1024,accepted,resolved_negative_ch1_ch2_coincidence,ambiguous,prompt_12_uncertain_3,212.5,1450.84,ambiguous,review_delayed_group_reasons,0,1,0,unavailable_acquisition_selected_ch2,not_validated,-7.4,16.160339999999998,80.0,0.0,,42.8,167.29999999999998,-8.3,13.195139999999997,80.0,0.0,,37.0,128.89999999999998,-8.9,10.22994,80.0,0.0,,32.0,109.8,739330,740353,cbcf70108fabbd44d575fc0b9064dbe4692169733a11fd73e68030c61214b3a1,,,curated_decay_upload; acquisition run/time and selection unknown,not_confirmed,unique_eligible_for_separate_review
Datos/Med_con_Decaimientos/decaimientos.txt::block724::event724,Datos/Med_con_Decaimientos/decaimientos.txt,upload_decaimientos_sin_fecha,-1,724,724,,740354,0,0,evaluation,1024,accepted,resolved_negative_ch1_ch2_coincidence,not_detected_above_threshold,prompt_12_no_resolved_3,212.5,1450.84,ambiguous,review_delayed_group_reasons,0,1,1,unavailable_acquisition_selected_ch2,not_validated,-7.05,15.937949999999999,80.0,0.0,,41.849999999999994,177.04999999999998,-7.1,12.45384,80.0,0.0,,35.5,112.0,-8.3,10.08168,80.0,0.0,,29.5,92.8,740354,741377,9b9ff6c47f2b0244077ef781e40f9c73e159bf53032245f431da5a7c7d23bec7,,,curated_decay_upload; acquisition run/time and selection unknown,not_confirmed,unique_eligible_for_separate_review
Datos/Med_con_Decaimientos/decaimientos.txt::block725::event725,Datos/Med_con_Decaimientos/decaimientos.txt,upload_decaimientos_sin_fecha,-1,725,725,,741378,0,0,development,1024,accepted,resolved_negative_ch1_ch2_coincidence,not_detected_above_threshold,prompt_12_no_resolved_3,205.859,1457.481,ambiguous,review_delayed_group_reasons,0,2,0,unavailable_acquisition_selected_ch2,not_validated,-6.6,16.90164,80.0,0.0,,46.4,163.20000000000002,-7.85,12.824489999999999,80.0,0.0,,43.25,224.35,-8.0,11.416019999999998,80.0,0.0,,29.4,34.0,741378,742401,c2e112dd124f5af8f4a336b35f05c9a58a0d333aee98524f3c6eb6a71366d788,,,curated_decay_upload; acquisition run/time and selection unknown,not_confirmed,unique_eligible_for_separate_review
Datos/Med_con_Decaimientos/decaimientos.txt::block726::event726,Datos/Med_con_Decaimientos/decaimientos.txt,upload_decaimientos_sin_fecha,-1,726,726,,742402,0,0,development,1024,accepted,resolved_negative_ch1_ch2_coincidence,detected,prompt_123,204.199,1459.1409999999998,ambiguous,review_delayed_group_reasons,0,3,0,unavailable_acquisition_selected_ch2,not_validated,-6.199999999999999,14.381219999999999,80.0,0.0,,55.2,138.10000000000002,-8.2,11.267759999999999,80.0,0.0,,33.0,138.0,-9.3,9.04386,80.0,0.0,,27.6,96.9,742402,743425,a6b656fc6fce157dae353879dd57b4b0b4b8e98bf912506e4c594ac3c1b0bbf7,,,curated_decay_upload; acquisition run/time and selection unknown,not_confirmed,unique_eligible_for_separate_review
Datos/Med_con_Decaimientos/decaimientos.txt::block727::event727,Datos/Med_con_Decaimientos/decaimientos.txt,upload_decaimientos_sin_fecha,-1,727,727,,743426,0,0,evaluation,1024,accepted,resolved_negative_ch1_ch2_coincidence,not_detected_above_threshold,prompt_12_no_resolved_3,207.52,1455.82,candidate,compatible_secondary_identity_unconfirmed,1,0,0,unavailable_acquisition_selected_ch2,not_validated,-6.2,15.863819999999999,80.0,0.0,,40.1,198.60000000000002,-7.8,9.93342,80.0,0.0,,31.400000000000002,358.09999999999997,-8.3,9.192120000000001,80.0,0.0,,30.5,34.099999999999994,743426,744449,5827ed9712dc784ea4be44c45ef0b20c2201ec1e97cf7d4afaba101ac5878d09,,,curated_decay_upload; acquisition run/time and selection unknown,not_confirmed,unique_eligible_for_separate_review
Datos/Med_con_Decaimientos/decaimientos.txt::block728::event728,Datos/Med_con_Decaimientos/decaimientos.txt,upload_decaimientos_sin_fecha,-1,728,728,,744450,0,0,development,1024,accepted,resolved_negative_ch1_ch2_coincidence,detected,prompt_123,209.18,1454.1599999999999,ambiguous,review_delayed_group_reasons,0,1,0,unavailable_acquisition_selected_ch2,not_validated,-6.95,16.234469999999998,80.0,0.0,,44.650000000000006,149.45000000000002,-7.4,10.97124,80.0,0.0,,38.9,126.19999999999999,-8.0,9.26625,80.0,0.0,,23.6,97.0,744450,745473,f453e0c90160d8a30fff740f67b13fe352db6fef7cac7b952d7a647b36d59682,,,curated_decay_upload; acquisition run/time and selection unknown,not_confirmed,unique_eligible_for_separate_review
Datos/Med_con_Decaimientos/decaimientos.txt::block729::event729,Datos/Med_con_Decaimientos/decaimientos.txt,upload_decaimientos_sin_fecha,-1,729,729,,745474,0,0,development,1024,accepted,resolved_negative_ch1_ch2_coincidence,not_detected_above_threshold,prompt_12_no_resolved_3,220.801,1442.539,ambiguous,review_delayed_group_reasons,0,1,0,unavailable_acquisition_selected_ch2,not_validated,-7.0,14.825999999999999,80.0,0.0,,48.3,149.4,-8.2,10.3782,80.0,0.0,,30.9,173.20000000000002,-8.4,9.043859999999999,80.0,0.0,,24.799999999999997,25.800000000000004,745474,746497,d24e8c1fcdb65d99bee3a653d92bc2bbd9e2b84664b01e4053d67a3177b5da13,,,curated_decay_upload; acquisition run/time and selection unknown,not_confirmed,unique_eligible_for_separate_review
Datos/Med_con_Decaimientos/decaimientos.txt::block730::event730,Datos/Med_con_Decaimientos/decaimientos.txt,upload_decaimientos_sin_fecha,-1,730,730,,746498,0,0,development,1024,accepted,resolved_negative_ch1_ch2_coincidence,not_detected_above_threshold,prompt_12_no_resolved_3,209.18,1454.1599999999999,candidate,compatible_secondary_identity_unconfirmed,1,0,0,unavailable_acquisition_selected_ch2,not_validated,-6.7,18.161849999999998,81.72832499999998,0.0,,52.1,129.60000000000002,-8.6,12.305579999999997,80.0,0.0,,35.8,151.0,-8.5,10.00755,80.0,0.0,,27.1,27.299999999999997,746498,747521,993adb8e922878be6f4ebcacdf32e4743377cda644c65a2dd4fe891e7714227e,,,curated_decay_upload; acquisition run/time and selection unknown,not_confirmed,unique_eligible_for_separate_review
Datos/Med_con_Decaimientos/decaimientos.txt::block731::event731,Datos/Med_con_Decaimientos/decaimientos.txt,upload_decaimientos_sin_fecha,-1,731,731,,747522,0,0,development,1024,accepted,resolved_negative_ch1_ch2_coincidence,detected,prompt_123,220.801,1442.539,ambiguous,review_delayed_group_reasons,0,4,0,unavailable_acquisition_selected_ch2,not_validated,-6.95,15.715560000000002,80.0,0.0,,53.85,161.75,-6.9,12.15732,80.0,0.0,,31.6,121.4,-8.4,10.08168,80.0,0.0,,31.5,304.20000000000005,747522,748545,a60203c40bc9b9239fedb00858d8bf79794e13e93098b16be9cb5e5520117074,,,curated_decay_upload; acquisition run/time and selection unknown,not_confirmed,unique_eligible_for_separate_review
Datos/Med_con_Decaimientos/decaimientos.txt::block732::event732,Datos/Med_con_Decaimientos/decaimientos.txt,upload_decaimientos_sin_fecha,-1,732,732,,748546,0,0,development,1024,accepted,resolved_negative_ch1_ch2_coincidence,not_detected_above_threshold,prompt_12_no_resolved_3,210.84,1452.5,candidate,compatible_secondary_identity_unconfirmed,1,0,0,unavailable_acquisition_selected_ch2,not_validated,-7.2,15.78969,80.0,0.0,,52.5,288.2,-7.95,11.786669999999999,80.0,0.0,,35.35,340.75,-8.3,9.488639999999997,80.0,0.0,,30.5,28.3,748546,749569,f12efda050d5933cfc8e26f43d2bb5f5a383f40ca594f374ab2ad2676079f85d,,,curated_decay_upload; acquisition run/time and selection unknown,not_confirmed,unique_eligible_for_separate_review
Datos/Med_con_Decaimientos/decaimientos.txt::block733::event733,Datos/Med_con_Decaimientos/decaimientos.txt,upload_decaimientos_sin_fecha,-1,733,733,,749570,0,0,development,1024,accepted,resolved_negative_ch1_ch2_coincidence,not_detected_above_threshold,prompt_12_no_resolved_3,209.18,1454.1599999999999,no_secondary_above_threshold,absence_is_not_no_decay,0,0,0,unavailable_acquisition_selected_ch2,not_validated,-6.95,17.71707,80.0,0.0,,40.35,164.45000000000002,-7.8,11.564279999999998,80.0,0.0,,28.3,178.29999999999998,-8.95,9.266249999999998,80.0,0.0,,29.95,26.05,749570,750593,4d29c787c7d6209913e32cea4a4d780720976eebb4f29161fee5dcb58c24976b,,,curated_decay_upload; acquisition run/time and selection unknown,not_confirmed,unique_eligible_for_separate_review
Datos/Med_con_Decaimientos/decaimientos.txt::block734::event734,Datos/Med_con_Decaimientos/decaimientos.txt,upload_decaimientos_sin_fecha,-1,734,734,,750594,0,0,development,1024,accepted,resolved_negative_ch1_ch2_coincidence,not_detected_above_threshold,prompt_12_no_resolved_3,200.879,1462.461,candidate,compatible_secondary_identity_unconfirmed,1,0,0,unavailable_acquisition_selected_ch2,not_validated,-7.0,13.78818,80.0,0.0,,44.4,258.7,-7.8,10.081679999999999,80.0,0.0,,35.699999999999996,373.59999999999997,-8.1,8.599079999999999,80.0,0.0,,27.1,28.1,750594,751617,8e00f4cf95923509cbbcf4d17888b38e4cd1d1c6f2748bf304e85d1f1d2940dc,,,curated_decay_upload; acquisition run/time and selection unknown,not_confirmed,unique_eligible_for_separate_review
Datos/Med_con_Decaimientos/decaimientos.txt::block735::event735,Datos/Med_con_Decaimientos/decaimientos.txt,upload_decaimientos_sin_fecha,-1,735,735,,751618,0,0,development,1024,accepted,resolved_negative_ch1_ch2_coincidence,ambiguous,prompt_12_uncertain_3,209.18,1454.1599999999999,ambiguous,review_delayed_group_reasons,0,1,0,unavailable_acquisition_selected_ch2,not_validated,-7.3,17.939459999999997,80.72756999999999,0.0,,45.8,196.39999999999998,-8.0,12.75036,80.0,0.0,,35.5,240.2,-7.4,10.97124,80.0,0.0,,32.7,71.39999999999999,751618,752641,bce9734b93cd2cc1796838abbfbf1c5e70c14d2036589211430f5cae09bd98ae,,,curated_decay_upload; acquisition run/time and selection unknown,not_confirmed,unique_eligible_for_separate_review
Datos/Med_con_Decaimientos/decaimientos.txt::block736::event736,Datos/Med_con_Decaimientos/decaimientos.txt,upload_decaimientos_sin_fecha,-1,736,736,,752642,0,0,development,1024,excluded,large_positive_lobe;narrow_or_single_sample,ambiguous,prompt_12_uncertain_3,222.461,1440.879,not_evaluable,initial_coincidence_excluded,0,0,4,unavailable_acquisition_selected_ch2,not_validated,-7.05,19.273799999999998,86.73209999999999,0.0,,103.14999999999999,145.35,-7.4,13.343399999999999,80.0,0.0,,65.5,92.89999999999999,-7.95,10.60059,80.0,0.0,,85.75,162.35000000000002,752642,753665,ba4a0eb96f69302485450e27973c1dabe9deb18f0e6018f2edcd556f64e8a0f7,,,curated_decay_upload; acquisition run/time and selection unknown,not_confirmed,unique_eligible_for_separate_review
Datos/Med_con_Decaimientos/decaimientos.txt::block737::event737,Datos/Med_con_Decaimientos/decaimientos.txt,upload_decaimientos_sin_fecha,-1,737,737,,753666,0,0,evaluation,1024,accepted,resolved_negative_ch1_ch2_coincidence,not_detected_above_threshold,prompt_12_no_resolved_3,215.82,1447.52,ambiguous,review_delayed_group_reasons,0,2,1,unavailable_acquisition_selected_ch2,not_validated,-7.1,13.788179999999997,80.0,0.0,,59.4,197.0,-7.2,11.49015,80.0,0.0,,35.0,150.0,-8.1,8.450820000000002,80.0,0.0,,31.299999999999997,28.6,753666,754689,d9e9d707f89ccc4c63fa288aafb80783e3ec698876e3bbfbce269a39a23ec3c7,,,curated_decay_upload; acquisition run/time and selection unknown,not_confirmed,unique_eligible_for_separate_review
Datos/Med_con_Decaimientos/decaimientos.txt::block738::event738,Datos/Med_con_Decaimientos/decaimientos.txt,upload_decaimientos_sin_fecha,-1,738,738,,754690,0,0,development,1024,accepted,resolved_negative_ch1_ch2_coincidence,not_detected_above_threshold,prompt_12_no_resolved_3,215.82,1447.52,ambiguous,review_delayed_group_reasons,0,1,1,unavailable_acquisition_selected_ch2,not_validated,-6.4,16.160339999999998,80.0,0.0,,46.1,220.5,-6.8,11.26776,80.0,0.0,,29.900000000000002,330.3,-8.350000000000001,9.711029999999997,80.0,0.0,,28.650000000000002,23.85,754690,755713,ef8c056dc5e9e8a839e1e57d29d7b9e7bb0b1625cbcb85ca145b2ad9d51e7161,,,curated_decay_upload; acquisition run/time and selection unknown,not_confirmed,unique_eligible_for_separate_review
Datos/Med_con_Decaimientos/decaimientos.txt::block739::event739,Datos/Med_con_Decaimientos/decaimientos.txt,upload_decaimientos_sin_fecha,-1,739,739,,755714,0,0,development,1024,accepted,resolved_negative_ch1_ch2_coincidence,not_detected_above_threshold,prompt_12_no_resolved_3,215.82,1447.52,candidate,compatible_secondary_identity_unconfirmed,1,0,0,unavailable_acquisition_selected_ch2,not_validated,-6.9,13.93644,80.0,0.0,,41.8,165.79999999999998,-8.2,12.157319999999999,80.0,0.0,,32.099999999999994,219.4,-7.85,9.711030000000001,80.0,0.0,,27.15,31.949999999999996,755714,756737,1095fc91aeb15556fff849f7bf68a452f2edace79e1f9f98f81a91c21fc074d6,,,curated_decay_upload; acquisition run/time and selection unknown,not_confirmed,unique_eligible_for_separate_review
Datos/Med_con_Decaimientos/decaimientos.txt::block740::event740,Datos/Med_con_Decaimientos/decaimientos.txt,upload_decaimientos_sin_fecha,-1,740,740,,756738,0,0,development,1024,accepted,resolved_negative_ch1_ch2_coincidence,not_detected_above_threshold,prompt_12_no_resolved_3,202.539,1460.801,candidate,compatible_secondary_identity_unconfirmed,1,0,0,unavailable_acquisition_selected_ch2,not_validated,-6.85,17.42055,80.0,0.0,,53.25,189.35,-6.95,13.343399999999999,80.0,0.0,,32.45,183.65,-8.7,11.712540000000002,80.0,0.0,,35.0,97.89999999999999,756738,757761,5b836f0afd34eb895cbfe849951eb00ee821e63b0b522e97325acb5a2f6cec26,,,curated_decay_upload; acquisition run/time and selection unknown,not_confirmed,unique_eligible_for_separate_review
Datos/Med_con_Decaimientos/decaimientos.txt::block741::event741,Datos/Med_con_Decaimientos/decaimientos.txt,upload_decaimientos_sin_fecha,-1,741,741,,757762,0,0,development,1024,accepted,resolved_negative_ch1_ch2_coincidence,not_detected_above_threshold,prompt_12_no_resolved_3,210.84,1452.5,candidate,compatible_secondary_identity_unconfirmed,1,1,0,unavailable_acquisition_selected_ch2,not_validated,-6.75,15.937949999999999,80.0,0.0,,46.55,182.65,-8.2,11.267759999999999,80.0,0.0,,35.7,141.0,-8.45,10.30407,80.0,0.0,,28.95,30.150000000000002,757762,758785,5b770b2ec513c6de4a4936f7a5da4ad0cf56ef7340f9df464577f766e7023aef,,,curated_decay_upload; acquisition run/time and selection unknown,not_confirmed,unique_eligible_for_separate_review
Datos/Med_con_Decaimientos/decaimientos.txt::block742::event742,Datos/Med_con_Decaimientos/decaimientos.txt,upload_decaimientos_sin_fecha,-1,742,742,,758786,0,0,development,1024,accepted,resolved_negative_ch1_ch2_coincidence,detected,prompt_123,212.5,1450.84,ambiguous,review_delayed_group_reasons,0,1,0,unavailable_acquisition_selected_ch2,not_validated,-6.55,17.568809999999996,80.0,0.0,,44.75,195.85,-7.85,12.37971,80.0,0.0,,32.25,178.65,-8.6,9.78516,80.0,0.0,,27.700000000000003,263.4,758786,759809,b68ef9788d44efbd985a02ce19aed28e5ba3777b7f41a91648c18840ceba9406,,,curated_decay_upload; acquisition run/time and selection unknown,not_confirmed,unique_eligible_for_separate_review
Datos/Med_con_Decaimientos/decaimientos.txt::block743::event743,Datos/Med_con_Decaimientos/decaimientos.txt,upload_decaimientos_sin_fecha,-1,743,743,,759810,0,0,development,1024,accepted,resolved_negative_ch1_ch2_coincidence,not_detected_above_threshold,prompt_12_no_resolved_3,202.539,1460.801,candidate,compatible_secondary_identity_unconfirmed,1,0,0,unavailable_acquisition_selected_ch2,not_validated,-6.5,18.087719999999997,81.39473999999998,0.0,,46.1,133.9,-8.0,13.04688,80.0,0.0,,43.9,219.4,-8.649999999999999,10.15581,80.0,0.0,,31.849999999999998,31.65,759810,760833,c41db8a541bbed8c822ec9b7a5bd54846f7e9323a3d1c94308f04796c9a9c0d8,,,curated_decay_upload; acquisition run/time and selection unknown,not_confirmed,unique_eligible_for_separate_review
Datos/Med_con_Decaimientos/decaimientos.txt::block744::event744,Datos/Med_con_Decaimientos/decaimientos.txt,upload_decaimientos_sin_fecha,-1,744,744,,760834,0,0,development,1024,accepted,resolved_negative_ch1_ch2_coincidence,not_detected_above_threshold,prompt_12_no_resolved_3,207.52,1455.82,candidate,compatible_secondary_identity_unconfirmed,1,0,0,unavailable_acquisition_selected_ch2,not_validated,-6.55,16.975769999999997,80.0,0.0,,52.349999999999994,217.14999999999998,-7.4,11.119499999999999,80.0,0.0,,31.6,220.2,-8.6,9.043859999999999,80.0,0.0,,36.4,29.6,760834,761857,6d123135d254da22d0fb996b4d0018fe6c00bbfed42b1cd0c36d9bce7ab01521,,,curated_decay_upload; acquisition run/time and selection unknown,not_confirmed,unique_eligible_for_separate_review
Datos/Med_con_Decaimientos/decaimientos.txt::block745::event745,Datos/Med_con_Decaimientos/decaimientos.txt,upload_decaimientos_sin_fecha,-1,745,745,,761858,0,0,development,1024,accepted,resolved_negative_ch1_ch2_coincidence,not_detected_above_threshold,prompt_12_no_resolved_3,210.84,1452.5,candidate,compatible_secondary_identity_unconfirmed,1,0,0,unavailable_acquisition_selected_ch2,not_validated,-6.4,17.049899999999997,80.0,0.0,,53.5,225.5,-7.2,12.30558,80.0,0.0,,32.5,203.70000000000002,-7.95,10.00755,80.0,0.0,,28.95,30.650000000000002,761858,762881,8e551ffb4ea2eb7e4dcbbe7c81d68f279eef3d788fb43cb37536b520f1f8ab38,,,curated_decay_upload; acquisition run/time and selection unknown,not_confirmed,unique_eligible_for_separate_review
Datos/Med_con_Decaimientos/decaimientos.txt::block746::event746,Datos/Med_con_Decaimientos/decaimientos.txt,upload_decaimientos_sin_fecha,-1,746,746,,762882,0,0,development,1024,accepted,resolved_negative_ch1_ch2_coincidence,not_detected_above_threshold,prompt_12_no_resolved_3,200.879,1462.461,candidate,compatible_secondary_identity_unconfirmed,1,3,0,unavailable_acquisition_selected_ch2,not_validated,-6.4,15.567299999999996,80.0,0.0,,57.6,217.29999999999998,-8.4,12.30558,80.0,0.0,,31.799999999999997,353.1,-8.45,9.26625,80.0,0.0,,27.15,30.150000000000002,762882,763905,f33f13bdd59e643a7d1a18e6ef961d062fca597b69c38708b9e4bc55949a4f87,,,curated_decay_upload; acquisition run/time and selection unknown,not_confirmed,unique_eligible_for_separate_review
Datos/Med_con_Decaimientos/decaimientos.txt::block747::event747,Datos/Med_con_Decaimientos/decaimientos.txt,upload_decaimientos_sin_fecha,-1,747,747,,763906,0,0,development,1024,accepted,resolved_negative_ch1_ch2_coincidence,not_detected_above_threshold,prompt_12_no_resolved_3,215.82,1447.52,candidate,compatible_secondary_identity_unconfirmed,1,1,0,unavailable_acquisition_selected_ch2,not_validated,-7.4,15.715559999999998,80.0,0.0,,64.8,278.1,-7.6,13.49166,80.0,0.0,,35.4,357.79999999999995,-8.45,9.266249999999998,80.0,0.0,,36.95,177.05,763906,764929,2077943b7c97bf92a5a289185c7f8fc9471f500bae69d7580c4f12150e6e3cd6,,,curated_decay_upload; acquisition run/time and selection unknown,not_confirmed,unique_eligible_for_separate_review
Datos/Med_con_Decaimientos/decaimientos.txt::block748::event748,Datos/Med_con_Decaimientos/decaimientos.txt,upload_decaimientos_sin_fecha,-1,748,748,,764930,0,0,development,1024,accepted,resolved_negative_ch1_ch2_coincidence,detected,prompt_123,209.18,1454.1599999999999,ambiguous,review_delayed_group_reasons,0,1,1,unavailable_acquisition_selected_ch2,not_validated,-6.6,17.198159999999998,80.0,0.0,,48.0,163.4,-6.7,11.41602,80.0,0.0,,33.2,187.70000000000002,-8.4,9.93342,80.0,0.0,,34.0,204.9,764930,765953,70fff88fcb17ead69fc910ba937b336290445ea5a8ac6cae54d24c4a294923b1,,,curated_decay_upload; acquisition run/time and selection unknown,not_confirmed,unique_eligible_for_separate_review
Datos/Med_con_Decaimientos/decaimientos.txt::block749::event749,Datos/Med_con_Decaimientos/decaimientos.txt,upload_decaimientos_sin_fecha,-1,749,749,,765954,0,0,development,1024,accepted,resolved_negative_ch1_ch2_coincidence,not_detected_above_threshold,prompt_12_no_resolved_3,204.199,1459.1409999999998,candidate,compatible_secondary_identity_unconfirmed,1,2,0,unavailable_acquisition_selected_ch2,not_validated,-6.5,15.04839,80.0,0.0,,42.2,300.4,-7.8,11.786669999999999,80.0,0.0,,32.199999999999996,143.5,-8.6,9.19212,80.0,0.0,,27.5,37.9,765954,766977,40c510ae55cd7db181896b9f27e3489afeead9cce82e57b7acfc25927959e0c0,,,curated_decay_upload; acquisition run/time and selection unknown,not_confirmed,unique_eligible_for_separate_review
Datos/Med_con_Decaimientos/decaimientos.txt::block750::event750,Datos/Med_con_Decaimientos/decaimientos.txt,upload_decaimientos_sin_fecha,-1,750,750,,766978,0,0,development,1024,accepted,resolved_negative_ch1_ch2_coincidence,not_detected_above_threshold,prompt_12_no_resolved_3,210.84,1452.5,ambiguous,review_delayed_group_reasons,0,1,0,unavailable_acquisition_selected_ch2,not_validated,-6.7,16.60512,80.0,0.0,,50.300000000000004,262.3,-7.75,12.97275,80.0,0.0,,35.15,287.55,-8.649999999999999,11.1195,80.0,0.0,,32.65,29.950000000000003,766978,768001,61742789f140a02b11cdd57d031c55fb1fec555da6221e2cd89f4c95c8380d59,,,curated_decay_upload; acquisition run/time and selection unknown,not_confirmed,unique_eligible_for_separate_review
Datos/Med_con_Decaimientos/decaimientos.txt::block751::event751,Datos/Med_con_Decaimientos/decaimientos.txt,upload_decaimientos_sin_fecha,-1,751,751,,768002,0,0,development,1024,accepted,resolved_negative_ch1_ch2_coincidence,not_detected_above_threshold,prompt_12_no_resolved_3,200.879,1462.461,candidate,compatible_secondary_identity_unconfirmed,1,0,0,unavailable_acquisition_selected_ch2,not_validated,-7.0,17.56881,80.0,0.0,,46.1,283.0,-7.85,11.786669999999999,80.0,0.0,,44.550000000000004,243.85,-8.5,10.08168,80.0,0.0,,30.9,27.5,768002,769025,938017082f6a2ac57ecddd77eb18d5a9fba922854d7740543c82251fa1f5db77,,,curated_decay_upload; acquisition run/time and selection unknown,not_confirmed,unique_eligible_for_separate_review
Datos/Med_con_Decaimientos/decaimientos.txt::block752::event752,Datos/Med_con_Decaimientos/decaimientos.txt,upload_decaimientos_sin_fecha,-1,752,752,,769026,0,0,development,1024,accepted,resolved_negative_ch1_ch2_coincidence,not_detected_above_threshold,prompt_12_no_resolved_3,214.16,1449.1799999999998,ambiguous,review_delayed_group_reasons,0,1,0,unavailable_acquisition_selected_ch2,not_validated,-7.5,17.7912,80.0604,0.0,,41.7,131.6,-7.2,13.78818,80.0,0.0,,32.2,116.1,-7.55,10.08168,80.0,0.0,,28.650000000000002,32.150000000000006,769026,770049,4cec7a7ef1a97c434c6835dcb2ae78965ed0f99a77a2321c4ce65f570442443b,,,curated_decay_upload; acquisition run/time and selection unknown,not_confirmed,unique_eligible_for_separate_review
Datos/Med_con_Decaimientos/decaimientos.txt::block753::event753,Datos/Med_con_Decaimientos/decaimientos.txt,upload_decaimientos_sin_fecha,-1,753,753,,770050,0,0,development,1024,accepted,resolved_negative_ch1_ch2_coincidence,not_detected_above_threshold,prompt_12_no_resolved_3,204.199,1459.1409999999998,candidate,compatible_secondary_identity_unconfirmed,1,0,0,unavailable_acquisition_selected_ch2,not_validated,-6.1,17.198159999999998,80.0,0.0,,44.7,235.9,-8.2,12.6021,80.0,0.0,,31.3,159.5,-8.4,9.933419999999998,80.0,0.0,,24.3,26.300000000000004,770050,771073,5d0d58ec3d4a1bc567c5536225cd6cb1fe0697b7f79a2a7c1ce5735e427331d0,,,curated_decay_upload; acquisition run/time and selection unknown,not_confirmed,unique_eligible_for_separate_review
Datos/Med_con_Decaimientos/decaimientos.txt::block754::event754,Datos/Med_con_Decaimientos/decaimientos.txt,upload_decaimientos_sin_fecha,-1,754,754,,771074,0,0,development,1024,accepted,resolved_negative_ch1_ch2_coincidence,ambiguous,prompt_12_uncertain_3,210.84,1452.5,ambiguous,review_delayed_group_reasons,0,1,1,unavailable_acquisition_selected_ch2,not_validated,-6.8,13.936439999999997,80.0,0.0,,56.9,184.39999999999998,-6.6,10.971239999999998,80.0,0.0,,28.9,232.1,-8.7,9.043859999999999,80.0,0.0,,32.2,87.0,771074,772097,419362f79297055b326ce3a26c3b053e41b462a3854a238564356d02eb902a64,,,curated_decay_upload; acquisition run/time and selection unknown,not_confirmed,unique_eligible_for_separate_review
Datos/Med_con_Decaimientos/decaimientos.txt::block755::event755,Datos/Med_con_Decaimientos/decaimientos.txt,upload_decaimientos_sin_fecha,-1,755,755,,772098,0,0,development,1024,accepted,resolved_negative_ch1_ch2_coincidence,not_detected_above_threshold,prompt_12_no_resolved_3,212.5,1450.84,candidate,compatible_secondary_identity_unconfirmed,1,1,2,unavailable_acquisition_selected_ch2,not_validated,-7.5,16.901639999999997,80.0,0.0,,53.3,233.8,-7.7,13.639919999999998,80.0,0.0,,38.800000000000004,195.9,-8.3,13.63992,80.0,0.0,,41.7,36.8,772098,773121,21c07570454e84be3d8a8f31a2048f41404311de3bf74f674e516a7c71939c49,,,curated_decay_upload; acquisition run/time and selection unknown,not_confirmed,unique_eligible_for_separate_review
Datos/Med_con_Decaimientos/decaimientos.txt::block756::event756,Datos/Med_con_Decaimientos/decaimientos.txt,upload_decaimientos_sin_fecha,-1,756,756,,773122,0,0,evaluation,1024,accepted,resolved_negative_ch1_ch2_coincidence,not_detected_above_threshold,prompt_12_no_resolved_3,215.82,1447.52,candidate,compatible_secondary_identity_unconfirmed,1,2,0,unavailable_acquisition_selected_ch2,not_validated,-6.949999999999999,16.38273,80.0,0.0,,53.05,233.45000000000002,-7.75,13.04688,80.0,0.0,,32.15,339.35,-8.7,10.22994,80.0,0.0,,29.9,82.6,773122,774145,5321824b14119408a29b6cbbc13200715a5284a7f9d3910b4ffd8a74eb231394,,,curated_decay_upload; acquisition run/time and selection unknown,not_confirmed,unique_eligible_for_separate_review
Datos/Med_con_Decaimientos/decaimientos.txt::block757::event757,Datos/Med_con_Decaimientos/decaimientos.txt,upload_decaimientos_sin_fecha,-1,757,757,,774146,0,0,development,1024,accepted,resolved_negative_ch1_ch2_coincidence,not_detected_above_threshold,prompt_12_no_resolved_3,197.559,1465.781,candidate,compatible_secondary_identity_unconfirmed,1,0,2,unavailable_acquisition_selected_ch2,not_validated,-5.8,15.27078,80.0,0.0,,51.9,274.8,-7.0,11.416019999999998,80.0,0.0,,33.2,277.6,-8.9,9.48864,80.0,0.0,,32.7,26.6,774146,775169,6a18e82c7313c81e4dd48182235fe02eab280389a0973cbfa347b27638098d34,,,curated_decay_upload; acquisition run/time and selection unknown,not_confirmed,unique_eligible_for_separate_review
Datos/Med_con_Decaimientos/decaimientos.txt::block758::event758,Datos/Med_con_Decaimientos/decaimientos.txt,upload_decaimientos_sin_fecha,-1,758,758,,775170,0,0,evaluation,1024,accepted,resolved_negative_ch1_ch2_coincidence,not_detected_above_threshold,prompt_12_no_resolved_3,200.879,1462.461,ambiguous,review_delayed_group_reasons,0,1,0,unavailable_acquisition_selected_ch2,not_validated,-6.5,19.273799999999998,86.73209999999999,0.0,,46.4,170.9,-7.2,14.232959999999999,80.0,0.0,,42.300000000000004,242.5,-7.8,12.30558,80.0,0.0,,36.199999999999996,38.7,775170,776193,dc9ab57223eb30a040ba27841b0e2a3a42b794809c4c13a004156e48d374da04,,,curated_decay_upload; acquisition run/time and selection unknown,not_confirmed,unique_eligible_for_separate_review
Datos/Med_con_Decaimientos/decaimientos.txt::block759::event759,Datos/Med_con_Decaimientos/decaimientos.txt,upload_decaimientos_sin_fecha,-1,759,759,,776194,0,0,development,1024,accepted,resolved_negative_ch1_ch2_coincidence,not_detected_above_threshold,prompt_12_no_resolved_3,205.859,1457.481,candidate,compatible_secondary_identity_unconfirmed,1,0,0,unavailable_acquisition_selected_ch2,not_validated,-5.4,17.49468,80.0,0.0,,62.199999999999996,175.79999999999998,-7.3,12.6021,80.0,0.0,,43.0,236.2,-8.55,10.600589999999997,80.0,0.0,,32.05,37.25,776194,777217,2240ea73f1256e57e001bec1fdb9955e146820e80e109cce3d252beaad803026,,,curated_decay_upload; acquisition run/time and selection unknown,not_confirmed,unique_eligible_for_separate_review
Datos/Med_con_Decaimientos/decaimientos.txt::block760::event760,Datos/Med_con_Decaimientos/decaimientos.txt,upload_decaimientos_sin_fecha,-1,760,760,,777218,0,0,development,1024,accepted,resolved_negative_ch1_ch2_coincidence,not_detected_above_threshold,prompt_12_no_resolved_3,214.16,1449.1799999999998,candidate,compatible_secondary_identity_unconfirmed,1,1,3,unavailable_acquisition_selected_ch2,not_validated,-6.5,17.64294,80.0,0.0,,45.6,119.9,-7.0,12.157319999999999,80.0,0.0,,33.0,195.3,-8.4,10.822979999999998,80.0,0.0,,35.8,29.0,777218,778241,7f28b3007a1cbe6ae80f45b9e561e131a16e4b930543e74c2892fd36eb424e7f,,,curated_decay_upload; acquisition run/time and selection unknown,not_confirmed,unique_eligible_for_separate_review
Datos/Med_con_Decaimientos/decaimientos.txt::block761::event761,Datos/Med_con_Decaimientos/decaimientos.txt,upload_decaimientos_sin_fecha,-1,761,761,,778242,0,0,development,1024,accepted,resolved_negative_ch1_ch2_coincidence,detected,prompt_123,215.82,1447.52,ambiguous,review_delayed_group_reasons,0,1,0,unavailable_acquisition_selected_ch2,not_validated,-6.8,17.198159999999994,80.0,0.0,,40.9,163.89999999999998,-7.3,12.898619999999998,80.0,0.0,,44.3,117.7,-7.75,12.379710000000001,80.0,0.0,,28.95,138.95,778242,779265,1f46b761ad73740c1f34261e14886a5a2c66dea12a0bde4e399b02742ae28349,,,curated_decay_upload; acquisition run/time and selection unknown,not_confirmed,unique_eligible_for_separate_review
Datos/Med_con_Decaimientos/decaimientos.txt::block762::event762,Datos/Med_con_Decaimientos/decaimientos.txt,upload_decaimientos_sin_fecha,-1,762,762,,779266,0,0,development,1024,accepted,resolved_negative_ch1_ch2_coincidence,not_detected_above_threshold,prompt_12_no_resolved_3,209.18,1454.1599999999999,candidate,compatible_secondary_identity_unconfirmed,1,0,1,unavailable_acquisition_selected_ch2,not_validated,-6.9,14.30709,80.0,0.0,,48.199999999999996,223.29999999999998,-8.0,11.71254,80.0,0.0,,35.1,177.5,-8.1,9.34038,80.0,0.0,,33.8,33.9,779266,780289,6d6894f1e45216e5fbc59aefcfb2731c32ebfa25499caed9f47a02892d6812ec,,,curated_decay_upload; acquisition run/time and selection unknown,not_confirmed,unique_eligible_for_separate_review
Datos/Med_con_Decaimientos/decaimientos.txt::block763::event763,Datos/Med_con_Decaimientos/decaimientos.txt,upload_decaimientos_sin_fecha,-1,763,763,,780290,0,0,evaluation,1024,accepted,resolved_negative_ch1_ch2_coincidence,not_detected_above_threshold,prompt_12_no_resolved_3,207.52,1455.82,ambiguous,review_delayed_group_reasons,0,1,0,unavailable_acquisition_selected_ch2,not_validated,-6.6,20.163359999999997,90.73512,0.0,,47.9,208.6,-7.8,13.343399999999999,80.0,0.0,,32.6,178.0,-8.149999999999999,11.193629999999997,80.0,0.0,,28.25,28.450000000000003,780290,781313,e63c13fa855cba6647b6d36b4b5dff13cbc3b6ebfdc4b6a89636130162db816c,,,curated_decay_upload; acquisition run/time and selection unknown,not_confirmed,unique_eligible_for_separate_review
Datos/Med_con_Decaimientos/decaimientos.txt::block764::event764,Datos/Med_con_Decaimientos/decaimientos.txt,upload_decaimientos_sin_fecha,-1,764,764,,781314,0,0,development,1024,accepted,resolved_negative_ch1_ch2_coincidence,not_detected_above_threshold,prompt_12_no_resolved_3,222.461,1440.879,candidate,compatible_secondary_identity_unconfirmed,1,2,1,unavailable_acquisition_selected_ch2,not_validated,-6.2,15.27078,80.0,0.0,,51.2,179.9,-6.5,12.750359999999999,80.0,0.0,,30.6,146.4,-8.3,9.488639999999997,80.0,0.0,,33.900000000000006,28.2,781314,782337,454f96e866b9429b181f16866915ffc1fc6e483007858487e083e523a0f7d352,,,curated_decay_upload; acquisition run/time and selection unknown,not_confirmed,unique_eligible_for_separate_review
Datos/Med_con_Decaimientos/decaimientos.txt::block765::event765,Datos/Med_con_Decaimientos/decaimientos.txt,upload_decaimientos_sin_fecha,-1,765,765,,782338,0,0,development,1024,accepted,resolved_negative_ch1_ch2_coincidence,not_detected_above_threshold,prompt_12_no_resolved_3,200.879,1462.461,candidate,compatible_secondary_identity_unconfirmed,1,2,0,unavailable_acquisition_selected_ch2,not_validated,-6.7,15.419039999999999,80.0,0.0,,61.1,257.7,-7.4,11.71254,80.0,0.0,,40.0,175.0,-7.9,11.04537,80.0,0.0,,35.2,32.2,782338,783361,4d1ac275aed7017bd13bebbf198a01bb6f5d92c753a0ded510f4ded9acd8236f,,,curated_decay_upload; acquisition run/time and selection unknown,not_confirmed,unique_eligible_for_separate_review
Datos/Med_con_Decaimientos/decaimientos.txt::block766::event766,Datos/Med_con_Decaimientos/decaimientos.txt,upload_decaimientos_sin_fecha,-1,766,766,,783362,0,0,development,1024,accepted,resolved_negative_ch1_ch2_coincidence,not_detected_above_threshold,prompt_12_no_resolved_3,219.141,1444.1989999999998,candidate,compatible_secondary_identity_unconfirmed,1,0,0,unavailable_acquisition_selected_ch2,not_validated,-7.5,17.93946,80.72757,0.0,,40.3,123.9,-7.7,12.30558,80.0,0.0,,29.8,156.9,-8.0,9.34038,80.0,0.0,,24.9,25.799999999999997,783362,784385,f9fe20ec4cb4c6cc5524f4e667c6d355235721e97b6abd5f371cd22dc6223ade,,,curated_decay_upload; acquisition run/time and selection unknown,not_confirmed,unique_eligible_for_separate_review
Datos/Med_con_Decaimientos/decaimientos.txt::block767::event767,Datos/Med_con_Decaimientos/decaimientos.txt,upload_decaimientos_sin_fecha,-1,767,767,,784386,0,0,development,1024,accepted,resolved_negative_ch1_ch2_coincidence,not_detected_above_threshold,prompt_12_no_resolved_3,204.199,1459.1409999999998,candidate,compatible_secondary_identity_unconfirmed,1,4,0,unavailable_acquisition_selected_ch2,not_validated,-6.3,14.30709,80.0,0.0,,47.099999999999994,192.2,-7.1,12.30558,80.0,0.0,,31.5,187.70000000000002,-8.8,9.043859999999999,80.0,0.0,,28.2,30.2,784386,785409,4f471cecdde57e5bf3af0783b4edfe97dc1ee5997fbf114f352ae4bf8d97b39b,,,curated_decay_upload; acquisition run/time and selection unknown,not_confirmed,unique_eligible_for_separate_review
Datos/Med_con_Decaimientos/decaimientos.txt::block768::event768,Datos/Med_con_Decaimientos/decaimientos.txt,upload_decaimientos_sin_fecha,-1,768,768,,785410,0,0,development,1024,accepted,resolved_negative_ch1_ch2_coincidence,not_detected_above_threshold,prompt_12_no_resolved_3,215.82,1447.52,ambiguous,review_delayed_group_reasons,0,1,0,unavailable_acquisition_selected_ch2,not_validated,-6.6,16.901639999999997,80.0,0.0,,42.9,143.1,-7.1,12.305579999999997,80.0,0.0,,33.8,150.4,-8.4,10.674719999999999,80.0,0.0,,28.9,33.300000000000004,785410,786433,31f71961cddf58fce537075b65f009fac0fa5a586b7fc0ad58f21a2cedf9492c,,,curated_decay_upload; acquisition run/time and selection unknown,not_confirmed,unique_eligible_for_separate_review
Datos/Med_con_Decaimientos/decaimientos.txt::block769::event769,Datos/Med_con_Decaimientos/decaimientos.txt,upload_decaimientos_sin_fecha,-1,769,769,,786434,0,0,development,1024,accepted,resolved_negative_ch1_ch2_coincidence,not_detected_above_threshold,prompt_12_no_resolved_3,212.5,1450.84,candidate,compatible_secondary_identity_unconfirmed,1,0,0,unavailable_acquisition_selected_ch2,not_validated,-7.3,15.863819999999999,80.0,0.0,,44.5,121.8,-8.2,10.97124,80.0,0.0,,35.5,125.60000000000001,-8.8,10.67472,80.0,0.0,,30.900000000000002,150.1,786434,787457,bb261776282e2ec96ed5452a1dd0bac7a24facef6565b0e6ef5336671412c6af,,,curated_decay_upload; acquisition run/time and selection unknown,not_confirmed,unique_eligible_for_separate_review
Datos/Med_con_Decaimientos/decaimientos.txt::block770::event770,Datos/Med_con_Decaimientos/decaimientos.txt,upload_decaimientos_sin_fecha,-1,770,770,,787458,0,0,development,1024,accepted,resolved_negative_ch1_ch2_coincidence,not_detected_above_threshold,prompt_12_no_resolved_3,209.18,1454.1599999999999,candidate,compatible_secondary_identity_unconfirmed,1,2,2,unavailable_acquisition_selected_ch2,not_validated,-6.1,15.567300000000001,80.0,0.0,,62.4,228.20000000000002,-7.6,11.8608,80.0,0.0,,37.9,259.9,-8.1,9.933420000000002,80.0,0.0,,34.0,29.9,787458,788481,2d09e6b983c6de9e52d65a73d0a9518e70f7b2b60969808fab317b2b9f1448f9,,,curated_decay_upload; acquisition run/time and selection unknown,not_confirmed,unique_eligible_for_separate_review
Datos/Med_con_Decaimientos/decaimientos.txt::block771::event771,Datos/Med_con_Decaimientos/decaimientos.txt,upload_decaimientos_sin_fecha,-1,771,771,,788482,0,0,development,1024,accepted,resolved_negative_ch1_ch2_coincidence,not_detected_above_threshold,prompt_12_no_resolved_3,200.879,1462.461,candidate,compatible_secondary_identity_unconfirmed,1,0,0,unavailable_acquisition_selected_ch2,not_validated,-7.1,15.863819999999999,80.0,0.0,,52.2,152.1,-8.1,12.67623,80.0,0.0,,42.1,189.70000000000002,-8.9,12.009059999999998,80.0,0.0,,37.2,88.1,788482,789505,bce1193e9fa6f989be74c6d6cf2b3cba9131e1b8481f0fd498beebe6fa9aadcb,,,curated_decay_upload; acquisition run/time and selection unknown,not_confirmed,unique_eligible_for_separate_review
Datos/Med_con_Decaimientos/decaimientos.txt::block772::event772,Datos/Med_con_Decaimientos/decaimientos.txt,upload_decaimientos_sin_fecha,-1,772,772,,789506,0,0,development,1024,accepted,resolved_negative_ch1_ch2_coincidence,not_detected_above_threshold,prompt_12_no_resolved_3,204.199,1459.1409999999998,ambiguous,review_delayed_group_reasons,0,1,0,unavailable_acquisition_selected_ch2,not_validated,-6.9,13.639919999999998,80.0,0.0,,46.3,227.0,-7.7,12.898619999999998,80.0,0.0,,36.300000000000004,186.9,-8.5,10.00755,80.0,0.0,,31.9,117.7,789506,790529,ba08b82d477d11edf84503659a96d133cf9d602a65c473566ce3add35bac7869,,,curated_decay_upload; acquisition run/time and selection unknown,not_confirmed,unique_eligible_for_separate_review
Datos/Med_con_Decaimientos/decaimientos.txt::block773::event773,Datos/Med_con_Decaimientos/decaimientos.txt,upload_decaimientos_sin_fecha,-1,773,773,,790530,0,0,development,1024,accepted,resolved_negative_ch1_ch2_coincidence,ambiguous,prompt_12_uncertain_3,207.52,1455.82,ambiguous,review_delayed_group_reasons,0,1,1,unavailable_acquisition_selected_ch2,not_validated,-7.3,14.381219999999999,80.0,0.0,,45.3,156.79999999999998,-8.1,11.267759999999999,80.0,0.0,,31.0,129.5,-8.75,9.11799,80.0,0.0,,30.25,252.85000000000002,790530,791553,e457d9be3a810e542eb4007f99ce33910b16982c0f3c5c14a75d5b258b8c9629,,,curated_decay_upload; acquisition run/time and selection unknown,not_confirmed,unique_eligible_for_separate_review
Datos/Med_con_Decaimientos/decaimientos.txt::block774::event774,Datos/Med_con_Decaimientos/decaimientos.txt,upload_decaimientos_sin_fecha,-1,774,774,,791554,0,0,development,1024,accepted,resolved_negative_ch1_ch2_coincidence,not_detected_above_threshold,prompt_12_no_resolved_3,205.859,1457.481,candidate,compatible_secondary_identity_unconfirmed,1,0,0,unavailable_acquisition_selected_ch2,not_validated,-6.55,23.425079999999998,105.41286,0.0,,70.64999999999999,168.64999999999998,-8.4,18.97728,85.39776,0.0,,57.4,163.6,-8.7,13.046879999999998,80.0,0.0,,44.599999999999994,36.3,791554,792577,03b13e563e94f89cdb143667094ae4e8d5759d5fe43ae5e5085ed3e5e625c959,,,curated_decay_upload; acquisition run/time and selection unknown,not_confirmed,unique_eligible_for_separate_review
Datos/Med_con_Decaimientos/decaimientos.txt::block775::event775,Datos/Med_con_Decaimientos/decaimientos.txt,upload_decaimientos_sin_fecha,-1,775,775,,792578,0,0,development,1024,accepted,resolved_negative_ch1_ch2_coincidence,detected,prompt_123,207.52,1455.82,ambiguous,review_delayed_group_reasons,0,1,1,unavailable_acquisition_selected_ch2,not_validated,-7.85,24.90768,112.08456,0.0,,63.25,186.35,-7.45,14.010569999999998,80.0,0.0,,43.35,256.05,-9.2,12.009060000000002,80.0,0.0,,39.4,122.10000000000001,792578,793601,e316629e6d4ca76678d972eef42d4257d4e2db6b9a6b04746c9872a9b39594cb,,,curated_decay_upload; acquisition run/time and selection unknown,not_confirmed,unique_eligible_for_separate_review
Datos/Med_con_Decaimientos/decaimientos.txt::block776::event776,Datos/Med_con_Decaimientos/decaimientos.txt,upload_decaimientos_sin_fecha,-1,776,776,,793602,0,0,development,1024,accepted,resolved_negative_ch1_ch2_coincidence,not_detected_above_threshold,prompt_12_no_resolved_3,210.84,1452.5,candidate,compatible_secondary_identity_unconfirmed,1,0,0,unavailable_acquisition_selected_ch2,not_validated,-6.4,26.01963,117.088335,0.0,,70.10000000000001,241.4,-7.8,16.60512,80.0,0.0,,44.4,206.6,-8.5,14.0847,80.0,0.0,,37.5,36.6,793602,794625,caae10e93078a4e349eba5158bffdcbc3344c4ae7adc885361e8a88818736bc1,,,curated_decay_upload; acquisition run/time and selection unknown,not_confirmed,unique_eligible_for_separate_review
Datos/Med_con_Decaimientos/decaimientos.txt::block777::event777,Datos/Med_con_Decaimientos/decaimientos.txt,upload_decaimientos_sin_fecha,-1,777,777,,794626,0,0,development,1024,accepted,resolved_negative_ch1_ch2_coincidence,not_detected_above_threshold,prompt_12_no_resolved_3,207.52,1455.82,candidate,compatible_secondary_identity_unconfirmed,1,1,0,unavailable_acquisition_selected_ch2,not_validated,-7.3,22.461389999999998,101.07625499999999,0.0,,69.4,202.29999999999998,-7.0,15.419039999999997,80.0,0.0,,59.1,249.2,-9.0,12.75036,80.0,0.0,,37.6,96.7,794626,795649,e69ca3e2038f2195339a5b50eee98f742aefa8d2c32d894bef9ff2f545a80d85,,,curated_decay_upload; acquisition run/time and selection unknown,not_confirmed,unique_eligible_for_separate_review
Datos/Med_con_Decaimientos/decaimientos.txt::block778::event778,Datos/Med_con_Decaimientos/decaimientos.txt,upload_decaimientos_sin_fecha,-1,778,778,,795650,0,0,development,1024,accepted,resolved_negative_ch1_ch2_coincidence,not_detected_above_threshold,prompt_12_no_resolved_3,220.801,1442.539,candidate,compatible_secondary_identity_unconfirmed,1,0,0,unavailable_acquisition_selected_ch2,not_validated,-7.2,22.75791,102.410595,0.0,,66.4,132.60000000000002,-6.75,15.19665,80.0,0.0,,39.75,218.45,-8.4,12.750359999999999,80.0,0.0,,35.0,113.39999999999999,795650,796673,0a3f6a85c60a5028f2bda3851a0051822b550ca61d7cc2ba8f61b9563fa1b6a4,,,curated_decay_upload; acquisition run/time and selection unknown,not_confirmed,unique_eligible_for_separate_review
Datos/Med_con_Decaimientos/decaimientos.txt::block779::event779,Datos/Med_con_Decaimientos/decaimientos.txt,upload_decaimientos_sin_fecha,-1,779,779,,796674,0,0,development,1024,accepted,resolved_negative_ch1_ch2_coincidence,not_detected_above_threshold,prompt_12_no_resolved_3,217.48,1445.86,candidate,compatible_secondary_identity_unconfirmed,1,0,0,unavailable_acquisition_selected_ch2,not_validated,-6.25,24.24051,109.082295,0.0,,72.25,191.45,-8.6,17.49468,80.0,0.0,,57.2,110.10000000000001,-9.05,13.862309999999995,80.0,0.0,,42.650000000000006,42.95,796674,797697,684d08d50022f14799b94f4c0b9c8bdb12320662e26f5e8fb592b0f848c5ec89,,,curated_decay_upload; acquisition run/time and selection unknown,not_confirmed,unique_eligible_for_separate_review
Datos/Med_con_Decaimientos/decaimientos.txt::block780::event780,Datos/Med_con_Decaimientos/decaimientos.txt,upload_decaimientos_sin_fecha,-1,780,780,,797698,0,0,development,1024,accepted,resolved_negative_ch1_ch2_coincidence,detected,prompt_123,212.5,1450.84,ambiguous,review_delayed_group_reasons,0,3,0,unavailable_acquisition_selected_ch2,not_validated,-5.6,20.45988,92.06945999999999,0.0,,68.89999999999999,178.5,-7.3,15.27078,80.0,0.0,,50.599999999999994,182.39999999999998,-9.2,12.30558,80.0,0.0,,41.8,259.6,797698,798721,27b9c06f7e0c3d22ad1865d4168d499eb5b19c9f221e0d1835565cfdd294171d,,,curated_decay_upload; acquisition run/time and selection unknown,not_confirmed,unique_eligible_for_separate_review
Datos/Med_con_Decaimientos/decaimientos.txt::block781::event781,Datos/Med_con_Decaimientos/decaimientos.txt,upload_decaimientos_sin_fecha,-1,781,781,,798722,0,0,development,1024,accepted,resolved_negative_ch1_ch2_coincidence,not_detected_above_threshold,prompt_12_no_resolved_3,207.52,1455.82,ambiguous,review_delayed_group_reasons,0,1,1,unavailable_acquisition_selected_ch2,not_validated,-7.2,23.12856,104.07852,0.0,,68.4,128.3,-7.5,14.90013,80.0,0.0,,51.0,129.3,-8.1,13.417530000000001,80.0,0.0,,34.0,39.0,798722,799745,b168c0e176a1acd393070fcf069877823fea1bd61d1c7403e1b8088d4c76b05a,,,curated_decay_upload; acquisition run/time and selection unknown,not_confirmed,unique_eligible_for_separate_review
Datos/Med_con_Decaimientos/decaimientos.txt::block782::event782,Datos/Med_con_Decaimientos/decaimientos.txt,upload_decaimientos_sin_fecha,-1,782,782,,799746,0,0,evaluation,1024,accepted,resolved_negative_ch1_ch2_coincidence,not_detected_above_threshold,prompt_12_no_resolved_3,207.52,1455.82,ambiguous,review_delayed_group_reasons,0,1,0,unavailable_acquisition_selected_ch2,not_validated,-8.0,26.39028,118.75626,0.0,,81.1,129.7,-8.2,16.38273,80.0,0.0,,41.3,186.0,-8.350000000000001,14.307090000000002,80.0,0.0,,43.15,44.449999999999996,799746,800769,400cf171912dd7aa97c48c731b7ef9d32e485947b28cd1a2fd63f264dba37517,,,curated_decay_upload; acquisition run/time and selection unknown,not_confirmed,unique_eligible_for_separate_review
Datos/Med_con_Decaimientos/decaimientos.txt::block783::event783,Datos/Med_con_Decaimientos/decaimientos.txt,upload_decaimientos_sin_fecha,-1,783,783,,800770,0,0,development,1024,accepted,resolved_negative_ch1_ch2_coincidence,detected,prompt_123,222.461,1440.879,ambiguous,review_delayed_group_reasons,0,1,0,unavailable_acquisition_selected_ch2,not_validated,-7.45,24.83355,111.750975,0.0,,63.45,176.85000000000002,-7.2,15.715559999999998,80.0,0.0,,43.0,215.70000000000002,-8.6,14.010569999999998,80.0,0.0,,38.9,317.29999999999995,800770,801793,b3b37c00fe9fc6fdeaf7050424486d94d53cf7c4692e5c4d5378125456ce8007,,,curated_decay_upload; acquisition run/time and selection unknown,not_confirmed,unique_eligible_for_separate_review
Datos/Med_con_Decaimientos/decaimientos.txt::block784::event784,Datos/Med_con_Decaimientos/decaimientos.txt,upload_decaimientos_sin_fecha,-1,784,784,,801794,0,0,evaluation,1024,accepted,resolved_negative_ch1_ch2_coincidence,not_detected_above_threshold,prompt_12_no_resolved_3,200.879,1462.461,ambiguous,review_delayed_group_reasons,0,1,1,unavailable_acquisition_selected_ch2,not_validated,-6.0,25.426589999999997,114.41965499999999,0.0,,66.0,280.2,-7.0,16.3086,80.0,0.0,,45.2,223.2,-8.0,12.898619999999998,80.0,0.0,,44.3,44.1,801794,802817,e64ac366561e391d5bb6c307c767b665398fb5517bf5e58647b673457e67e001,,,curated_decay_upload; acquisition run/time and selection unknown,not_confirmed,unique_eligible_for_separate_review
Datos/Med_con_Decaimientos/decaimientos.txt::block785::event785,Datos/Med_con_Decaimientos/decaimientos.txt,upload_decaimientos_sin_fecha,-1,785,785,,802818,0,0,development,1024,accepted,resolved_negative_ch1_ch2_coincidence,detected,prompt_123,207.52,1455.82,ambiguous,review_delayed_group_reasons,0,1,0,unavailable_acquisition_selected_ch2,not_validated,-8.5,25.130069999999996,113.08531499999998,0.0,,61.8,132.5,-8.6,13.93644,80.0,0.0,,53.1,128.5,-8.9,13.49166,80.0,0.0,,34.2,138.7,802818,803841,a1dce44a1b62834c0278b733232d4eb062622e4c193cef275ad7d019dcd7d54b,,,curated_decay_upload; acquisition run/time and selection unknown,not_confirmed,unique_eligible_for_separate_review
Datos/Med_con_Decaimientos/decaimientos.txt::block786::event786,Datos/Med_con_Decaimientos/decaimientos.txt,upload_decaimientos_sin_fecha,-1,786,786,,803842,0,0,development,1024,accepted,resolved_negative_ch1_ch2_coincidence,not_detected_above_threshold,prompt_12_no_resolved_3,207.52,1455.82,candidate,compatible_secondary_identity_unconfirmed,1,0,1,unavailable_acquisition_selected_ch2,not_validated,-7.4,26.686799999999998,120.0906,0.0,,67.10000000000001,128.1,-7.1,14.826000000000002,80.0,0.0,,40.300000000000004,108.80000000000001,-8.5,14.0847,80.0,0.0,,46.3,44.6,803842,804865,7831aa37db277ee55f52f25c100f92db4f66320846891542ee171794bb7aa97d,,,curated_decay_upload; acquisition run/time and selection unknown,not_confirmed,unique_eligible_for_separate_review
Datos/Med_con_Decaimientos/decaimientos.txt::block787::event787,Datos/Med_con_Decaimientos/decaimientos.txt,upload_decaimientos_sin_fecha,-1,787,787,,804866,0,0,development,1024,accepted,resolved_negative_ch1_ch2_coincidence,detected,prompt_123,212.5,1450.84,ambiguous,review_delayed_group_reasons,0,1,0,unavailable_acquisition_selected_ch2,not_validated,-7.45,25.27833,113.75248500000001,0.0,,62.25,122.14999999999999,-8.45,16.53099,80.0,0.0,,53.25,194.05,-8.0,14.381219999999999,80.0,0.0,,46.4,212.5,804866,805889,d2fd6a23ec1ebbf7d5816998ff4e1961667edbdb43ceba388cdf4de71849ce17,,,curated_decay_upload; acquisition run/time and selection unknown,not_confirmed,unique_eligible_for_separate_review
Datos/Med_con_Decaimientos/decaimientos.txt::block788::event788,Datos/Med_con_Decaimientos/decaimientos.txt,upload_decaimientos_sin_fecha,-1,788,788,,805890,0,0,development,1024,accepted,resolved_negative_ch1_ch2_coincidence,not_detected_above_threshold,prompt_12_no_resolved_3,207.52,1455.82,candidate,compatible_secondary_identity_unconfirmed,1,0,0,unavailable_acquisition_selected_ch2,not_validated,-7.3,23.573339999999998,106.08003,0.0,,64.7,266.8,-8.0,17.34642,80.0,0.0,,46.4,282.1,-9.25,14.010569999999998,80.0,0.0,,40.45,36.45,805890,806913,da8ec58f9db49b8609b711b80a4c22d6c721f2a034af965d3d065aa9997511d3,,,curated_decay_upload; acquisition run/time and selection unknown,not_confirmed,unique_eligible_for_separate_review
Datos/Med_con_Decaimientos/decaimientos.txt::block789::event789,Datos/Med_con_Decaimientos/decaimientos.txt,upload_decaimientos_sin_fecha,-1,789,789,,806914,0,0,development,1024,accepted,resolved_negative_ch1_ch2_coincidence,not_detected_above_threshold,prompt_12_no_resolved_3,204.199,1459.1409999999998,candidate,compatible_secondary_identity_unconfirmed,1,0,0,unavailable_acquisition_selected_ch2,not_validated,-6.9,25.055939999999996,112.75172999999998,0.0,,70.3,290.8,-7.3,16.975769999999997,80.0,0.0,,43.3,262.59999999999997,-7.800000000000001,14.0847,80.0,0.0,,36.5,164.7,806914,807937,99ff526cb174894dff613f52e4b6d62c1bbbee77c487dcfd29f4e95d44aff5cc,,,curated_decay_upload; acquisition run/time and selection unknown,not_confirmed,unique_eligible_for_separate_review
Datos/Med_con_Decaimientos/decaimientos.txt::block790::event790,Datos/Med_con_Decaimientos/decaimientos.txt,upload_decaimientos_sin_fecha,-1,790,790,,807938,0,0,development,1024,accepted,resolved_negative_ch1_ch2_coincidence,detected,prompt_123,215.82,1447.52,ambiguous,review_delayed_group_reasons,0,1,0,unavailable_acquisition_selected_ch2,not_validated,-7.7,22.38726,100.74267,0.0,,59.400000000000006,119.7,-8.0,13.78818,80.0,0.0,,53.4,175.1,-8.7,12.37971,80.0,0.0,,41.0,194.9,807938,808961,b057b62e62e27aa8219a28e534193e80b6b08c4e5c295d4a4f3d848757df82e8,,,curated_decay_upload; acquisition run/time and selection unknown,not_confirmed,unique_eligible_for_separate_review
Datos/Med_con_Decaimientos/decaimientos.txt::block791::event791,Datos/Med_con_Decaimientos/decaimientos.txt,upload_decaimientos_sin_fecha,-1,791,791,,808962,0,0,development,1024,accepted,resolved_negative_ch1_ch2_coincidence,detected,prompt_123,210.84,1452.5,ambiguous,review_delayed_group_reasons,0,1,1,unavailable_acquisition_selected_ch2,not_validated,-6.9,23.20269,104.412105,0.0,,64.10000000000001,132.7,-6.95,17.27229,80.0,0.0,,45.45,98.05,-8.1,13.49166,80.0,0.0,,49.1,157.20000000000002,808962,809985,a6b2fbed70d83675c52818fee569e404ee25c89c82c83292dd2b87edae7435cb,,,curated_decay_upload; acquisition run/time and selection unknown,not_confirmed,unique_eligible_for_separate_review
Datos/Med_con_Decaimientos/decaimientos.txt::block792::event792,Datos/Med_con_Decaimientos/decaimientos.txt,upload_decaimientos_sin_fecha,-1,792,792,,809986,0,0,development,1024,accepted,resolved_negative_ch1_ch2_coincidence,not_detected_above_threshold,prompt_12_no_resolved_3,200.879,1462.461,ambiguous,review_delayed_group_reasons,0,1,1,unavailable_acquisition_selected_ch2,not_validated,-7.2,24.16638,108.74871,0.0,,70.5,197.8,-6.55,16.01208,80.0,0.0,,39.75,258.05,-7.15,13.343399999999999,80.0,0.0,,36.75,38.050000000000004,809986,811009,ad72023ea2c5bb822dace10be14d36357a27a9595179908085d0e2c4e1411ddc,,,curated_decay_upload; acquisition run/time and selection unknown,not_confirmed,unique_eligible_for_separate_review
Datos/Med_con_Decaimientos/decaimientos.txt::block793::event793,Datos/Med_con_Decaimientos/decaimientos.txt,upload_decaimientos_sin_fecha,-1,793,793,,811010,0,0,development,1024,accepted,resolved_negative_ch1_ch2_coincidence,not_detected_above_threshold,prompt_12_no_resolved_3,207.52,1455.82,candidate,compatible_secondary_identity_unconfirmed,1,2,0,unavailable_acquisition_selected_ch2,not_validated,-7.0,23.64747,106.413615,0.0,,68.1,180.8,-7.35,16.23447,80.0,0.0,,41.15,224.25,-8.149999999999999,15.34491,80.0,0.0,,39.05,90.35,811010,812033,592838d3503b35d8d3575d0c8623b56b2e41dc71547db3334befcc3ef1921b14,,,curated_decay_upload; acquisition run/time and selection unknown,not_confirmed,unique_eligible_for_separate_review
Datos/Med_con_Decaimientos/decaimientos.txt::block794::event794,Datos/Med_con_Decaimientos/decaimientos.txt,upload_decaimientos_sin_fecha,-1,794,794,,812034,0,0,development,1024,accepted,resolved_negative_ch1_ch2_coincidence,not_detected_above_threshold,prompt_12_no_resolved_3,217.48,1445.86,ambiguous,review_delayed_group_reasons,0,2,0,unavailable_acquisition_selected_ch2,not_validated,-6.5,18.829019999999996,84.73058999999998,0.0,,58.7,135.8,-7.8,15.122519999999998,80.0,0.0,,50.199999999999996,153.89999999999998,-8.6,12.45384,80.0,0.0,,40.5,44.0,812034,813057,ecc4c3d85717a167c0e274d91fa05aa4918e22983d2cb385b5e3436855415843,,,curated_decay_upload; acquisition run/time and selection unknown,not_confirmed,unique_eligible_for_separate_review
Datos/Med_con_Decaimientos/decaimientos.txt::block795::event795,Datos/Med_con_Decaimientos/decaimientos.txt,upload_decaimientos_sin_fecha,-1,795,795,,813058,0,0,development,1024,accepted,resolved_negative_ch1_ch2_coincidence,not_detected_above_threshold,prompt_12_no_resolved_3,214.16,1449.1799999999998,candidate,compatible_secondary_identity_unconfirmed,1,0,0,unavailable_acquisition_selected_ch2,not_validated,-6.5,24.018119999999996,108.08153999999999,0.0,,58.6,135.4,-8.0,14.677739999999996,80.0,0.0,,41.6,94.5,-8.4,11.8608,80.0,0.0,,27.700000000000003,125.6,813058,814081,d8fae8b74ad26d9522be33fcabab7a5c8cad42cdc16584d2a708fd33c70bc9ef,,,curated_decay_upload; acquisition run/time and selection unknown,not_confirmed,unique_eligible_for_separate_review
Datos/Med_con_Decaimientos/decaimientos.txt::block796::event796,Datos/Med_con_Decaimientos/decaimientos.txt,upload_decaimientos_sin_fecha,-1,796,796,,814082,0,0,development,1024,accepted,resolved_negative_ch1_ch2_coincidence,not_detected_above_threshold,prompt_12_no_resolved_3,217.48,1445.86,candidate,compatible_secondary_identity_unconfirmed,1,1,0,unavailable_acquisition_selected_ch2,not_validated,-6.4,25.648979999999995,115.42040999999998,0.0,,61.8,142.6,-7.5,16.160339999999998,80.0,0.0,,44.9,168.7,-8.350000000000001,12.527969999999998,80.0,0.0,,31.55,40.05,814082,815105,9ad09fcf219c9474f63632645da170ef1901ee7d42b6dfc4b1f8cf2dd95cecca,,,curated_decay_upload; acquisition run/time and selection unknown,not_confirmed,unique_eligible_for_separate_review
Datos/Med_con_Decaimientos/decaimientos.txt::block797::event797,Datos/Med_con_Decaimientos/decaimientos.txt,upload_decaimientos_sin_fecha,-1,797,797,,815106,0,0,development,1024,accepted,resolved_negative_ch1_ch2_coincidence,not_detected_above_threshold,prompt_12_no_resolved_3,205.859,1457.481,candidate,compatible_secondary_identity_unconfirmed,1,0,0,unavailable_acquisition_selected_ch2,not_validated,-6.8,23.795729999999995,107.08078499999998,0.0,,77.6,241.39999999999998,-7.4,14.0847,80.0,0.0,,44.4,212.2,-7.6,13.19514,80.0,0.0,,47.2,40.6,815106,816129,3f4ee459b5fa0bec139919b9c3f83dc5fa240e98b3b285c36ea0e7e85cc07545,,,curated_decay_upload; acquisition run/time and selection unknown,not_confirmed,unique_eligible_for_separate_review
Datos/Med_con_Decaimientos/decaimientos.txt::block798::event798,Datos/Med_con_Decaimientos/decaimientos.txt,upload_decaimientos_sin_fecha,-1,798,798,,816130,0,0,development,1024,accepted,resolved_negative_ch1_ch2_coincidence,not_detected_above_threshold,prompt_12_no_resolved_3,209.18,1454.1599999999999,candidate,compatible_secondary_identity_unconfirmed,1,1,1,unavailable_acquisition_selected_ch2,not_validated,-6.9,26.242020000000004,118.08909000000001,0.0,,72.9,139.4,-7.6,16.160339999999998,80.0,0.0,,55.5,176.6,-8.1,12.6021,80.0,0.0,,40.4,36.699999999999996,816130,817153,3a08d435bc0c907fd184b3e532abf7238f95c101a522476c9a51b7b44c856fb6,,,curated_decay_upload; acquisition run/time and selection unknown,not_confirmed,unique_eligible_for_separate_review
Datos/Med_con_Decaimientos/decaimientos.txt::block799::event799,Datos/Med_con_Decaimientos/decaimientos.txt,upload_decaimientos_sin_fecha,-1,799,799,,817154,0,0,development,1024,accepted,resolved_negative_ch1_ch2_coincidence,not_detected_above_threshold,prompt_12_no_resolved_3,204.199,1459.1409999999998,candidate,compatible_secondary_identity_unconfirmed,1,0,0,unavailable_acquisition_selected_ch2,not_validated,-6.4,24.907679999999996,112.08455999999998,0.0,,72.80000000000001,160.2,-8.2,19.12554,86.06493,0.0,,55.400000000000006,170.3,-8.350000000000001,16.234469999999998,80.0,0.0,,43.35,44.449999999999996,817154,818177,bbd7b0e0912064036a18c66835f6377bd965cc515d8bffd8664bb76513019877,,,curated_decay_upload; acquisition run/time and selection unknown,not_confirmed,unique_eligible_for_separate_review
Datos/Med_con_Decaimientos/decaimientos.txt::block800::event800,Datos/Med_con_Decaimientos/decaimientos.txt,upload_decaimientos_sin_fecha,-1,800,800,,818178,0,0,development,1024,accepted,resolved_negative_ch1_ch2_coincidence,detected,prompt_123,219.141,1444.1989999999998,ambiguous,review_delayed_group_reasons,0,1,0,unavailable_acquisition_selected_ch2,not_validated,-7.55,25.130069999999996,113.08531499999998,0.0,,59.65,159.85,-8.05,20.385749999999998,91.735875,0.0,,60.25,126.85000000000001,-8.6,17.049899999999997,80.0,0.0,,52.1,104.80000000000001,818178,819201,affae2c380ae2d0419431bcfa210efbaab69ce35a935cd1e2544c8e3ad95e143,,,curated_decay_upload; acquisition run/time and selection unknown,not_confirmed,unique_eligible_for_separate_review
Datos/Med_con_Decaimientos/decaimientos.txt::block801::event801,Datos/Med_con_Decaimientos/decaimientos.txt,upload_decaimientos_sin_fecha,-1,801,801,,819202,0,0,development,1024,accepted,resolved_negative_ch1_ch2_coincidence,not_detected_above_threshold,prompt_12_no_resolved_3,215.82,1447.52,candidate,compatible_secondary_identity_unconfirmed,1,0,1,unavailable_acquisition_selected_ch2,not_validated,-7.25,22.01661,99.07474500000001,0.0,,73.45,211.55,-6.9,18.97728,85.39776,0.0,,52.0,231.5,-9.1,13.788179999999997,80.0,0.0,,44.6,300.2,819202,820225,a8ccbda25f8bba8f479fbcda3c39981893ba07a4fd795a6c8bb930bfc0e0eb9b,,,curated_decay_upload; acquisition run/time and selection unknown,not_confirmed,unique_eligible_for_separate_review
Datos/Med_con_Decaimientos/decaimientos.txt::block802::event802,Datos/Med_con_Decaimientos/decaimientos.txt,upload_decaimientos_sin_fecha,-1,802,802,,820226,0,0,development,1024,accepted,resolved_negative_ch1_ch2_coincidence,detected,prompt_123,199.219,1464.1209999999999,ambiguous,review_delayed_group_reasons,0,3,0,unavailable_acquisition_selected_ch2,not_validated,-7.25,24.24051,109.082295,0.0,,75.55,247.05,-6.95,19.05141,85.731345,0.0,,49.85,236.25,-8.6,17.198159999999998,80.0,0.0,,47.9,101.80000000000001,820226,821249,0fd65f7ee4c3bce8e03338ad85081e3a2840167b18cd1af23117bc0ed9a34a7a,,,curated_decay_upload; acquisition run/time and selection unknown,not_confirmed,unique_eligible_for_separate_review
Datos/Med_con_Decaimientos/decaimientos.txt::block803::event803,Datos/Med_con_Decaimientos/decaimientos.txt,upload_decaimientos_sin_fecha,-1,803,803,,821250,0,0,development,1024,accepted,resolved_negative_ch1_ch2_coincidence,not_detected_above_threshold,prompt_12_no_resolved_3,214.16,1449.1799999999998,candidate,compatible_secondary_identity_unconfirmed,1,1,1,unavailable_acquisition_selected_ch2,not_validated,-7.5,23.573339999999998,106.08003,0.0,,66.7,192.6,-8.4,18.532499999999995,83.39624999999998,0.0,,61.8,169.4,-8.1,15.34491,80.0,0.0,,48.0,40.9,821250,822273,6b1ed5307dd6777ab005b711091edf4a6d1eb6339814f89bb24102a6672500eb,,,curated_decay_upload; acquisition run/time and selection unknown,not_confirmed,unique_eligible_for_separate_review
Datos/Med_con_Decaimientos/decaimientos.txt::block804::event804,Datos/Med_con_Decaimientos/decaimientos.txt,upload_decaimientos_sin_fecha,-1,804,804,,822274,0,0,development,1024,accepted,resolved_negative_ch1_ch2_coincidence,detected,prompt_123,207.52,1455.82,ambiguous,review_delayed_group_reasons,0,1,2,unavailable_acquisition_selected_ch2,not_validated,-6.9,24.83355,111.750975,0.0,,68.5,126.29999999999998,-6.7,12.898619999999998,80.0,0.0,,42.0,130.10000000000002,-8.2,14.232960000000002,80.0,0.0,,37.2,199.5,822274,823297,65d1543b6abc0d83cc7a9feaddd398cc8a2fa53640a49c99fda0531d7bed5b55,,,curated_decay_upload; acquisition run/time and selection unknown,not_confirmed,unique_eligible_for_separate_review
Datos/Med_con_Decaimientos/decaimientos.txt::block805::event805,Datos/Med_con_Decaimientos/decaimientos.txt,upload_decaimientos_sin_fecha,-1,805,805,,823298,0,0,development,1024,accepted,resolved_negative_ch1_ch2_coincidence,detected,prompt_123,214.16,1449.1799999999998,ambiguous,review_delayed_group_reasons,0,1,0,unavailable_acquisition_selected_ch2,not_validated,-7.0,24.61116,110.75022000000001,0.0,,59.2,205.7,-7.4,18.31011,82.39549500000001,0.0,,61.699999999999996,198.79999999999998,-9.1,14.084700000000002,80.0,0.0,,47.0,216.70000000000002,823298,824321,97b5e329fb674a53e1ca59c377a2d25af380a81d0db6b0e2a9849196c0462170,,,curated_decay_upload; acquisition run/time and selection unknown,not_confirmed,unique_eligible_for_separate_review
Datos/Med_con_Decaimientos/decaimientos.txt::block806::event806,Datos/Med_con_Decaimientos/decaimientos.txt,upload_decaimientos_sin_fecha,-1,806,806,,824322,0,0,development,1024,accepted,resolved_negative_ch1_ch2_coincidence,detected,prompt_123,210.84,1452.5,ambiguous,review_delayed_group_reasons,0,1,0,unavailable_acquisition_selected_ch2,not_validated,-6.55,25.574849999999998,115.08682499999999,0.0,,61.849999999999994,127.75000000000001,-6.5,15.5673,80.0,0.0,,38.8,127.5,-8.0,13.639919999999998,80.0,0.0,,37.7,173.0,824322,825345,37b614b66514dedb42d90ffb46a3213cecfa479e9b21bb09c740bf2b8ceebc0d,,,curated_decay_upload; acquisition run/time and selection unknown,not_confirmed,unique_eligible_for_separate_review
Datos/Med_con_Decaimientos/decaimientos.txt::block807::event807,Datos/Med_con_Decaimientos/decaimientos.txt,upload_decaimientos_sin_fecha,-1,807,807,,825346,0,0,evaluation,1024,accepted,resolved_negative_ch1_ch2_coincidence,detected,prompt_123,215.82,1447.52,ambiguous,review_delayed_group_reasons,0,1,0,unavailable_acquisition_selected_ch2,not_validated,-7.8,24.53703,110.41663500000001,0.0,,64.6,143.6,-7.9,17.049899999999997,80.0,0.0,,60.0,174.0,-9.0,15.122519999999998,80.0,0.0,,48.4,87.9,825346,826369,87f6349d2c4a132fee19accd02453d3f620a16402c5736d6cc962d96ed415e12,,,curated_decay_upload; acquisition run/time and selection unknown,not_confirmed,unique_eligible_for_separate_review
Datos/Med_con_Decaimientos/decaimientos.txt::block808::event808,Datos/Med_con_Decaimientos/decaimientos.txt,upload_decaimientos_sin_fecha,-1,808,808,,826370,0,0,development,1024,accepted,resolved_negative_ch1_ch2_coincidence,not_detected_above_threshold,prompt_12_no_resolved_3,215.82,1447.52,candidate,compatible_secondary_identity_unconfirmed,1,0,0,unavailable_acquisition_selected_ch2,not_validated,-7.6,26.835060000000002,120.75777000000001,0.0,,70.6,161.70000000000002,-7.6,20.08923,90.401535,0.0,,43.800000000000004,174.20000000000002,-8.1,15.567300000000001,80.0,0.0,,48.1,44.199999999999996,826370,827393,5c7a6124544d439cd251e48ee2c55128254d7468bc0eeea42705a96549f9649d,,,curated_decay_upload; acquisition run/time and selection unknown,not_confirmed,unique_eligible_for_separate_review
Datos/Med_con_Decaimientos/decaimientos.txt::block809::event809,Datos/Med_con_Decaimientos/decaimientos.txt,upload_decaimientos_sin_fecha,-1,809,809,,827394,0,0,development,1024,accepted,resolved_negative_ch1_ch2_coincidence,not_detected_above_threshold,prompt_12_no_resolved_3,207.52,1455.82,candidate,compatible_secondary_identity_unconfirmed,1,1,2,unavailable_acquisition_selected_ch2,not_validated,-7.4,22.238999999999997,100.07549999999999,0.0,,71.9,222.1,-7.55,15.5673,80.0,0.0,,40.449999999999996,166.35,-8.1,12.898619999999998,80.0,0.0,,42.800000000000004,44.3,827394,828417,e80cdef1a261a2dc2d4d0a328ac9f6c6789f197a1b8fd7da58808c752d8f5927,,,curated_decay_upload; acquisition run/time and selection unknown,not_confirmed,unique_eligible_for_separate_review
Datos/Med_con_Decaimientos/decaimientos.txt::block810::event810,Datos/Med_con_Decaimientos/decaimientos.txt,upload_decaimientos_sin_fecha,-1,810,810,,828418,0,0,development,1024,accepted,resolved_negative_ch1_ch2_coincidence,detected,prompt_123,214.16,1449.1799999999998,ambiguous,review_delayed_group_reasons,0,3,1,unavailable_acquisition_selected_ch2,not_validated,-7.05,24.166379999999993,108.74870999999997,0.0,,65.05,143.35,-7.2,17.71707,80.0,0.0,,46.7,153.9,-7.5,14.52948,80.0,0.0,,39.6,259.7,828418,829441,2ebef4d83712e9ba458ff56a6f31189a1138c9f2e680c23190d11f6da158bdbb,,,curated_decay_upload; acquisition run/time and selection unknown,not_confirmed,unique_eligible_for_separate_review
Datos/Med_con_Decaimientos/decaimientos.txt::block811::event811,Datos/Med_con_Decaimientos/decaimientos.txt,upload_decaimientos_sin_fecha,-1,811,811,,829442,0,0,development,1024,accepted,resolved_negative_ch1_ch2_coincidence,detected,prompt_123,207.52,1455.82,ambiguous,review_delayed_group_reasons,0,1,0,unavailable_acquisition_selected_ch2,not_validated,-6.65,24.16638,108.74871,0.0,,60.35,153.75,-7.55,16.67925,80.0,0.0,,45.349999999999994,187.95,-8.2,15.270779999999997,80.0,0.0,,46.0,232.60000000000002,829442,830465,fd3e6d6bb6d92a4c107845aad503b851b1ebc1348a131aaad81c0994e07776c5,,,curated_decay_upload; acquisition run/time and selection unknown,not_confirmed,unique_eligible_for_separate_review
Datos/Med_con_Decaimientos/decaimientos.txt::block812::event812,Datos/Med_con_Decaimientos/decaimientos.txt,upload_decaimientos_sin_fecha,-1,812,812,,830466,0,0,development,1024,accepted,resolved_negative_ch1_ch2_coincidence,not_detected_above_threshold,prompt_12_no_resolved_3,200.879,1462.461,ambiguous,review_delayed_group_reasons,0,4,0,unavailable_acquisition_selected_ch2,not_validated,-6.6,21.201179999999997,95.40530999999999,0.0,,80.39999999999999,306.0,-7.2,18.38424,82.72908,0.0,,43.1,343.90000000000003,-8.2,13.343399999999999,80.0,0.0,,47.400000000000006,40.0,830466,831489,667dadfff66ea7f358c2cf3968853cbd5cbc9588247da4fc392de733b55e88e7,,,curated_decay_upload; acquisition run/time and selection unknown,not_confirmed,unique_eligible_for_separate_review
Datos/Med_con_Decaimientos/decaimientos.txt::block813::event813,Datos/Med_con_Decaimientos/decaimientos.txt,upload_decaimientos_sin_fecha,-1,813,813,,831490,0,0,evaluation,1024,accepted,resolved_negative_ch1_ch2_coincidence,detected,prompt_123,215.82,1447.52,ambiguous,review_delayed_group_reasons,0,3,0,unavailable_acquisition_selected_ch2,not_validated,-7.8,19.940969999999997,89.73436499999998,0.0,,73.2,146.89999999999998,-7.75,15.937949999999999,80.0,0.0,,52.55,304.55,-8.05,14.307089999999997,80.0,0.0,,38.150000000000006,300.65,831490,832513,6fa95e0b4a638defebf83edcf0edcee083b235964db9d8496c79028fcf78afc4,,,curated_decay_upload; acquisition run/time and selection unknown,not_confirmed,unique_eligible_for_separate_review
Datos/Med_con_Decaimientos/decaimientos.txt::block814::event814,Datos/Med_con_Decaimientos/decaimientos.txt,upload_decaimientos_sin_fecha,-1,814,814,,832514,0,0,development,1024,accepted,resolved_negative_ch1_ch2_coincidence,not_detected_above_threshold,prompt_12_no_resolved_3,210.84,1452.5,candidate,compatible_secondary_identity_unconfirmed,1,0,2,unavailable_acquisition_selected_ch2,not_validated,-7.05,20.68227,93.07021499999999,0.0,,64.75,156.64999999999998,-8.6,17.0499,80.0,0.0,,50.5,144.6,-7.9,13.788179999999997,80.0,0.0,,37.2,46.300000000000004,832514,833537,f8e2dfe1345548fe2132b07d197266dd2ef15bbd520320ef9a0e5d61f7fe3e33,,,curated_decay_upload; acquisition run/time and selection unknown,not_confirmed,unique_eligible_for_separate_review
Datos/Med_con_Decaimientos/decaimientos.txt::block815::event815,Datos/Med_con_Decaimientos/decaimientos.txt,upload_decaimientos_sin_fecha,-1,815,815,,833538,0,0,evaluation,1024,accepted,resolved_negative_ch1_ch2_coincidence,not_detected_above_threshold,prompt_12_no_resolved_3,210.84,1452.5,candidate,compatible_secondary_identity_unconfirmed,1,0,0,unavailable_acquisition_selected_ch2,not_validated,-6.65,23.943989999999996,107.74795499999998,0.0,,66.15,181.54999999999998,-9.4,17.49468,80.0,0.0,,56.3,187.9,-8.55,15.493170000000001,80.0,0.0,,49.25,44.25,833538,834561,9a355932ed9012ed44b6d16763f4ac036fa3f0c6507d8860abe786b0095c4c5b,,,curated_decay_upload; acquisition run/time and selection unknown,not_confirmed,unique_eligible_for_separate_review
Datos/Med_con_Decaimientos/decaimientos.txt::block816::event816,Datos/Med_con_Decaimientos/decaimientos.txt,upload_decaimientos_sin_fecha,-1,816,816,,834562,0,0,development,1024,accepted,resolved_negative_ch1_ch2_coincidence,not_detected_above_threshold,prompt_12_no_resolved_3,207.52,1455.82,candidate,compatible_secondary_identity_unconfirmed,1,0,1,unavailable_acquisition_selected_ch2,not_validated,-7.3,22.9803,103.41135,0.0,,55.099999999999994,155.89999999999998,-7.9,15.5673,80.0,0.0,,53.1,374.20000000000005,-8.3,13.04688,80.0,0.0,,36.0,125.00000000000001,834562,835585,a81cc1ca0772decb5291e97cb21c37e390a306289da270dc827b55e7f721f803,,,curated_decay_upload; acquisition run/time and selection unknown,not_confirmed,unique_eligible_for_separate_review
Datos/Med_con_Decaimientos/decaimientos.txt::block817::event817,Datos/Med_con_Decaimientos/decaimientos.txt,upload_decaimientos_sin_fecha,-1,817,817,,835586,0,0,development,1024,accepted,resolved_negative_ch1_ch2_coincidence,not_detected_above_threshold,prompt_12_no_resolved_3,210.84,1452.5,candidate,compatible_secondary_identity_unconfirmed,1,0,1,unavailable_acquisition_selected_ch2,not_validated,-6.65,24.09225,108.415125,0.0,,59.949999999999996,243.85,-7.4,14.97426,80.0,0.0,,47.199999999999996,119.69999999999999,-7.8,12.898619999999998,80.0,0.0,,34.3,35.5,835586,836609,d6055174e24d3379d25085236cd35e65a1d947437cc89c4234537f7b845db23c,,,curated_decay_upload; acquisition run/time and selection unknown,not_confirmed,unique_eligible_for_separate_review
Datos/Med_con_Decaimientos/decaimientos.txt::block818::event818,Datos/Med_con_Decaimientos/decaimientos.txt,upload_decaimientos_sin_fecha,-1,818,818,,836610,0,0,development,1024,accepted,resolved_negative_ch1_ch2_coincidence,detected,prompt_123,202.539,1460.801,ambiguous,review_delayed_group_reasons,0,1,0,unavailable_acquisition_selected_ch2,not_validated,-4.0,23.86986,107.41436999999999,0.0,,66.4,206.7,-4.6,19.273799999999998,86.73209999999999,0.0,,47.300000000000004,254.9,-5.85,17.049899999999997,80.0,0.0,,49.35,300.45,836610,837633,ac27c6376b925c9b6040bd623682d9d410e09dadabc2108f63b6e651b8082f51,,,curated_decay_upload; acquisition run/time and selection unknown,not_confirmed,unique_eligible_for_separate_review
Datos/Med_con_Decaimientos/decaimientos.txt::block819::event819,Datos/Med_con_Decaimientos/decaimientos.txt,upload_decaimientos_sin_fecha,-1,819,819,,837634,0,0,evaluation,1024,accepted,resolved_negative_ch1_ch2_coincidence,detected,prompt_123,219.141,1444.1989999999998,ambiguous,review_delayed_group_reasons,0,1,1,unavailable_acquisition_selected_ch2,not_validated,-6.4,23.425079999999998,105.41286,0.0,,65.10000000000001,145.5,-8.05,16.086209999999998,80.0,0.0,,55.849999999999994,115.75,-7.800000000000001,13.491659999999996,80.0,0.0,,43.2,215.6,837634,838657,d7c47198a9b5e830292050d419c3abf780a1af96c470882e24e96f1fab0996ac,,,curated_decay_upload; acquisition run/time and selection unknown,not_confirmed,unique_eligible_for_separate_review
Datos/Med_con_Decaimientos/decaimientos.txt::block820::event820,Datos/Med_con_Decaimientos/decaimientos.txt,upload_decaimientos_sin_fecha,-1,820,820,,838658,0,0,evaluation,1024,accepted,resolved_negative_ch1_ch2_coincidence,not_detected_above_threshold,prompt_12_no_resolved_3,197.559,1465.781,candidate,compatible_secondary_identity_unconfirmed,1,0,2,unavailable_acquisition_selected_ch2,not_validated,-7.2,23.647470000000002,106.41361500000001,0.0,,71.1,242.0,-7.4,17.49468,80.0,0.0,,49.4,251.29999999999998,-7.699999999999999,15.419040000000003,80.0,0.0,,45.900000000000006,43.2,838658,839681,2a0c163d56a79d8b220415ccfb239bde70dfb588dd10962c5fee5822fcb3024d,,,curated_decay_upload; acquisition run/time and selection unknown,not_confirmed,unique_eligible_for_separate_review
Datos/Med_con_Decaimientos/decaimientos.txt::block821::event821,Datos/Med_con_Decaimientos/decaimientos.txt,upload_decaimientos_sin_fecha,-1,821,821,,839682,0,0,development,1024,accepted,resolved_negative_ch1_ch2_coincidence,not_detected_above_threshold,prompt_12_no_resolved_3,200.879,1462.461,candidate,compatible_secondary_identity_unconfirmed,1,1,0,unavailable_acquisition_selected_ch2,not_validated,-5.9,23.42508,105.41286000000001,0.0,,64.7,209.5,-7.55,16.67925,80.0,0.0,,47.349999999999994,291.65,-9.6,15.5673,80.0,0.0,,50.1,198.4,839682,840705,62c4d23364eb9baa45d7cbb641bad94855e8c688619164c2a5f5fe38d9129b18,,,curated_decay_upload; acquisition run/time and selection unknown,not_confirmed,unique_eligible_for_separate_review
Datos/Med_con_Decaimientos/decaimientos.txt::block822::event822,Datos/Med_con_Decaimientos/decaimientos.txt,upload_decaimientos_sin_fecha,-1,822,822,,840706,0,0,development,1024,ambiguous,below_analysis_threshold,ambiguous,prompt_12_uncertain_3,214.16,1449.1799999999998,not_evaluable,initial_coincidence_ambiguous,0,0,0,unavailable_acquisition_selected_ch2,not_validated,-6.1,34.24806,154.11627000000001,0.0,,95.5,107.0,-8.25,36.69435,165.124575,0.0,,93.45,192.95,-7.9,24.98181,112.418145,0.0,,73.9,100.39999999999999,840706,841729,257e66b59a26707dea9dac3fe9ae5db92586539762fb30027b223d611b1f2547,,,curated_decay_upload; acquisition run/time and selection unknown,not_confirmed,unique_eligible_for_separate_review
Datos/Med_con_Decaimientos/decaimientos.txt::block823::event823,Datos/Med_con_Decaimientos/decaimientos.txt,upload_decaimientos_sin_fecha,-1,823,823,,841730,0,0,development,1024,ambiguous,below_analysis_threshold,not_detected_above_threshold,prompt_12_no_resolved_3,209.18,1454.1599999999999,not_evaluable,initial_coincidence_ambiguous,0,1,1,unavailable_acquisition_selected_ch2,not_validated,-6.800000000000001,28.540049999999997,128.43022499999998,0.0,,71.1,127.89999999999999,-6.6,15.937949999999999,80.0,0.0,,42.5,128.3,-8.350000000000001,14.30709,80.0,0.0,,44.050000000000004,90.44999999999999,841730,842753,c73cfd330154066491b26c8aef00ea58abf16cf9a3f4a30ba9f7174899dbdb04,,,curated_decay_upload; acquisition run/time and selection unknown,not_confirmed,unique_eligible_for_separate_review
Datos/Med_con_Decaimientos/decaimientos.txt::block824::event824,Datos/Med_con_Decaimientos/decaimientos.txt,upload_decaimientos_sin_fecha,-1,824,824,,842754,0,0,development,1024,accepted,resolved_negative_ch1_ch2_coincidence,not_detected_above_threshold,prompt_12_no_resolved_3,214.16,1449.1799999999998,candidate,compatible_secondary_identity_unconfirmed,1,1,1,unavailable_acquisition_selected_ch2,not_validated,-6.699999999999999,23.20269,104.412105,0.0,,60.8,168.20000000000002,-7.55,14.307089999999997,80.0,0.0,,45.25,165.14999999999998,-8.3,13.343399999999999,80.0,0.0,,34.900000000000006,36.900000000000006,842754,843777,7834435ca8d9c8165a9904403ae5e7bc0384f548627a724f00fe866a94d41246,,,curated_decay_upload; acquisition run/time and selection unknown,not_confirmed,unique_eligible_for_separate_review
Datos/Med_con_Decaimientos/decaimientos.txt::block825::event825,Datos/Med_con_Decaimientos/decaimientos.txt,upload_decaimientos_sin_fecha,-1,825,825,,843778,0,0,development,1024,accepted,resolved_negative_ch1_ch2_coincidence,detected,prompt_123,202.539,1460.801,ambiguous,review_delayed_group_reasons,0,1,0,unavailable_acquisition_selected_ch2,not_validated,-6.5,24.314639999999997,109.41587999999999,0.0,,76.6,219.9,-7.7,15.27078,80.0,0.0,,40.7,283.1,-9.5,14.0847,80.0,0.0,,47.9,173.1,843778,844801,84bc20af5c807e89ba70efd4fd9b87ea9d9dcede78120aa5d9522195f3cb5521,,,curated_decay_upload; acquisition run/time and selection unknown,not_confirmed,unique_eligible_for_separate_review
Datos/Med_con_Decaimientos/decaimientos.txt::block826::event826,Datos/Med_con_Decaimientos/decaimientos.txt,upload_decaimientos_sin_fecha,-1,826,826,,844802,0,0,evaluation,1024,accepted,resolved_negative_ch1_ch2_coincidence,not_detected_above_threshold,prompt_12_no_resolved_3,210.84,1452.5,candidate,compatible_secondary_identity_unconfirmed,1,0,0,unavailable_acquisition_selected_ch2,not_validated,-6.65,24.90768,112.08456,0.0,,62.65,144.65,-8.1,14.084700000000002,80.0,0.0,,51.4,199.9,-8.1,12.602100000000002,80.0,0.0,,38.6,36.8,844802,845825,ed5d3bbc063fcb62d41f9b2dc6023f012955cb2d443c240b806f81620512ca0f,,,curated_decay_upload; acquisition run/time and selection unknown,not_confirmed,unique_eligible_for_separate_review
Datos/Med_con_Decaimientos/decaimientos.txt::block827::event827,Datos/Med_con_Decaimientos/decaimientos.txt,upload_decaimientos_sin_fecha,-1,827,827,,845826,0,0,development,1024,accepted,resolved_negative_ch1_ch2_coincidence,detected,prompt_123,210.84,1452.5,ambiguous,review_delayed_group_reasons,0,1,0,unavailable_acquisition_selected_ch2,not_validated,-7.35,25.055939999999996,112.75172999999998,0.0,,64.05,149.65,-8.0,15.863819999999999,80.0,0.0,,39.9,231.6,-8.4,12.30558,80.0,0.0,,30.9,137.7,845826,846849,f76a2f07ca91d3602ea6fa69af2a1a93a2ff6e779c713059d37515b5f50de503,,,curated_decay_upload; acquisition run/time and selection unknown,not_confirmed,unique_eligible_for_separate_review
Datos/Med_con_Decaimientos/decaimientos.txt::block828::event828,Datos/Med_con_Decaimientos/decaimientos.txt,upload_decaimientos_sin_fecha,-1,828,828,,846850,0,0,development,1024,accepted,resolved_negative_ch1_ch2_coincidence,detected,prompt_123,207.52,1455.82,ambiguous,review_delayed_group_reasons,0,2,2,unavailable_acquisition_selected_ch2,not_validated,-6.65,22.38726,100.74267,0.0,,77.15,199.45,-8.05,15.122519999999998,80.0,0.0,,49.45,221.14999999999998,-9.2,14.0847,80.0,0.0,,41.2,160.4,846850,847873,c257725c1362af9b9e6dc003a5cb3c786b4b648ede608965211ae8422e41eb98,,,curated_decay_upload; acquisition run/time and selection unknown,not_confirmed,unique_eligible_for_separate_review
Datos/Med_con_Decaimientos/decaimientos.txt::block829::event829,Datos/Med_con_Decaimientos/decaimientos.txt,upload_decaimientos_sin_fecha,-1,829,829,,847874,0,0,development,1024,accepted,resolved_negative_ch1_ch2_coincidence,detected,prompt_123,217.48,1445.86,ambiguous,review_delayed_group_reasons,0,1,0,unavailable_acquisition_selected_ch2,not_validated,-7.8,27.502229999999994,123.76003499999997,0.0,,78.7,153.89999999999998,-8.3,15.5673,80.0,0.0,,61.7,91.9,-7.7,15.27078,80.0,0.0,,43.300000000000004,196.60000000000002,847874,848897,bd5b0449166da585d2a993cdf3b2c968b98bc9f33150920eed1c0b8d3c3974d1,,,curated_decay_upload; acquisition run/time and selection unknown,not_confirmed,unique_eligible_for_separate_review
Datos/Med_con_Decaimientos/decaimientos.txt::block830::event830,Datos/Med_con_Decaimientos/decaimientos.txt,upload_decaimientos_sin_fecha,-1,830,830,,848898,0,0,evaluation,1024,accepted,resolved_negative_ch1_ch2_coincidence,detected,prompt_123,214.16,1449.1799999999998,ambiguous,review_delayed_group_reasons,0,1,0,unavailable_acquisition_selected_ch2,not_validated,-5.55,25.723110000000002,115.753995,0.0,,68.15,213.35,-8.3,13.93644,80.0,0.0,,50.599999999999994,216.79999999999998,-9.0,13.04688,80.0,0.0,,40.6,118.5,848898,849921,09e1b9f8dd1b601acf7de80fbdb8b4b6715a8f75338064d4895af8844363899e,,,curated_decay_upload; acquisition run/time and selection unknown,not_confirmed,unique_eligible_for_separate_review
Datos/Med_con_Decaimientos/decaimientos.txt::block831::event831,Datos/Med_con_Decaimientos/decaimientos.txt,upload_decaimientos_sin_fecha,-1,831,831,,849922,0,0,development,1024,accepted,resolved_negative_ch1_ch2_coincidence,not_detected_above_threshold,prompt_12_no_resolved_3,205.859,1457.481,candidate,compatible_secondary_identity_unconfirmed,1,0,2,unavailable_acquisition_selected_ch2,not_validated,-6.45,24.462899999999998,110.08304999999999,0.0,,75.85000000000001,200.35000000000002,-8.05,17.198159999999998,80.0,0.0,,47.05,268.15,-8.4,15.122520000000002,80.0,0.0,,52.199999999999996,50.7,849922,850945,cae0d41986c841e67ac8dd3a3be9e1d2c2c2ab135dc383e5f7e133838b31865d,,,curated_decay_upload; acquisition run/time and selection unknown,not_confirmed,unique_eligible_for_separate_review
Datos/Med_con_Decaimientos/decaimientos.txt::block832::event832,Datos/Med_con_Decaimientos/decaimientos.txt,upload_decaimientos_sin_fecha,-1,832,832,,850946,0,0,development,1024,accepted,resolved_negative_ch1_ch2_coincidence,not_detected_above_threshold,prompt_12_no_resolved_3,214.16,1449.1799999999998,candidate,compatible_secondary_identity_unconfirmed,1,1,0,unavailable_acquisition_selected_ch2,not_validated,-7.05,25.723110000000002,115.753995,0.0,,59.25,199.14999999999998,-6.8,14.52948,80.0,0.0,,42.4,359.7,-8.0,14.232959999999999,80.0,0.0,,41.5,39.0,850946,851969,ba4aaaf49e94b265f7ea4d231ab137f030a0153844420cfaa6d85b0b2424a7cd,,,curated_decay_upload; acquisition run/time and selection unknown,not_confirmed,unique_eligible_for_separate_review
Datos/Med_con_Decaimientos/decaimientos.txt::block833::event833,Datos/Med_con_Decaimientos/decaimientos.txt,upload_decaimientos_sin_fecha,-1,833,833,,851970,0,0,evaluation,1024,accepted,resolved_negative_ch1_ch2_coincidence,ambiguous,prompt_12_uncertain_3,207.52,1455.82,ambiguous,review_delayed_group_reasons,0,1,2,unavailable_acquisition_selected_ch2,not_validated,-8.0,24.388769999999997,109.74946499999999,0.0,,75.4,173.3,-7.2,13.936440000000003,80.0,0.0,,47.800000000000004,191.60000000000002,-7.3,13.19514,80.0,0.0,,38.8,89.4,851970,852993,d89e41326ef8a48845fce5736f458d7a7c6cfdd0fa25822e1ccfde7a3be4e029,,,curated_decay_upload; acquisition run/time and selection unknown,not_confirmed,unique_eligible_for_separate_review
Datos/Med_con_Decaimientos/decaimientos.txt::block834::event834,Datos/Med_con_Decaimientos/decaimientos.txt,upload_decaimientos_sin_fecha,-1,834,834,,852994,0,0,development,1024,accepted,resolved_negative_ch1_ch2_coincidence,detected,prompt_123,205.859,1457.481,ambiguous,review_delayed_group_reasons,0,2,1,unavailable_acquisition_selected_ch2,not_validated,-6.6,23.7216,106.74719999999999,0.0,,72.6,190.1,-6.45,16.67925,80.0,0.0,,46.050000000000004,172.25,-8.2,12.75036,80.0,0.0,,51.0,180.70000000000002,852994,854017,2b1180530c253463c062f9a07d6313ae91d426c9fc4752ff8626218f591c759a,,,curated_decay_upload; acquisition run/time and selection unknown,not_confirmed,unique_eligible_for_separate_review
Datos/Med_con_Decaimientos/decaimientos.txt::block835::event835,Datos/Med_con_Decaimientos/decaimientos.txt,upload_decaimientos_sin_fecha,-1,835,835,,854018,0,0,development,1024,accepted,resolved_negative_ch1_ch2_coincidence,not_detected_above_threshold,prompt_12_no_resolved_3,204.199,1459.1409999999998,ambiguous,review_delayed_group_reasons,0,1,1,unavailable_acquisition_selected_ch2,not_validated,-8.2,24.462899999999998,110.08304999999999,0.0,,83.3,277.90000000000003,-7.55,16.975769999999997,80.0,0.0,,41.449999999999996,388.75,-8.149999999999999,14.010570000000001,80.0,0.0,,42.65,40.75,854018,855041,32314d9f1a7eff9cf620d9f3a05a0b574cf15325a00224540105c706c04647f5,,,curated_decay_upload; acquisition run/time and selection unknown,not_confirmed,unique_eligible_for_separate_review
Datos/Med_con_Decaimientos/decaimientos.txt::block836::event836,Datos/Med_con_Decaimientos/decaimientos.txt,upload_decaimientos_sin_fecha,-1,836,836,,855042,0,0,development,1024,accepted,resolved_negative_ch1_ch2_coincidence,detected,prompt_123,207.52,1455.82,ambiguous,review_delayed_group_reasons,0,3,1,unavailable_acquisition_selected_ch2,not_validated,-6.55,24.98181,112.418145,0.0,,71.25,200.75,-6.9,14.0847,80.0,0.0,,46.0,353.70000000000005,-8.5,13.49166,80.0,0.0,,43.9,129.5,855042,856065,3e66eab93c1d0d6a86c0f39b41c38a27e627b5300863e6e7908f28d33ace7b54,,,curated_decay_upload; acquisition run/time and selection unknown,not_confirmed,unique_eligible_for_separate_review
Datos/Med_con_Decaimientos/decaimientos.txt::block837::event837,Datos/Med_con_Decaimientos/decaimientos.txt,upload_decaimientos_sin_fecha,-1,837,837,,856066,0,0,development,1024,accepted,resolved_negative_ch1_ch2_coincidence,not_detected_above_threshold,prompt_12_no_resolved_3,202.539,1460.801,candidate,compatible_secondary_identity_unconfirmed,1,0,3,unavailable_acquisition_selected_ch2,not_validated,-6.5,24.83355,111.750975,0.0,,66.9,220.6,-8.2,16.01208,80.0,0.0,,49.2,252.60000000000002,-8.05,14.45535,80.0,0.0,,42.45,36.150000000000006,856066,857089,b8951559ab2850863f868cbccfb2b0e624fa7776ddbc39bcea0eee969f48ec70,,,curated_decay_upload; acquisition run/time and selection unknown,not_confirmed,unique_eligible_for_separate_review
Datos/Med_con_Decaimientos/decaimientos.txt::block838::event838,Datos/Med_con_Decaimientos/decaimientos.txt,upload_decaimientos_sin_fecha,-1,838,838,,857090,0,0,evaluation,1024,accepted,resolved_negative_ch1_ch2_coincidence,not_detected_above_threshold,prompt_12_no_resolved_3,197.559,1465.781,ambiguous,review_delayed_group_reasons,0,2,0,unavailable_acquisition_selected_ch2,not_validated,-7.55,20.978789999999996,94.40455499999999,0.0,,69.95,182.04999999999998,-7.8,15.344909999999999,80.0,0.0,,45.599999999999994,250.5,-8.9,12.6021,80.0,0.0,,39.5,35.9,857090,858113,c07adbe1e584c4b8e5929bb45550a8208b3face7d2879e9c4d87512ae3e9e1fd,,,curated_decay_upload; acquisition run/time and selection unknown,not_confirmed,unique_eligible_for_separate_review
Datos/Med_con_Decaimientos/decaimientos.txt::block839::event839,Datos/Med_con_Decaimientos/decaimientos.txt,upload_decaimientos_sin_fecha,-1,839,839,,858114,0,0,development,1024,accepted,resolved_negative_ch1_ch2_coincidence,detected,prompt_123,205.859,1457.481,ambiguous,review_delayed_group_reasons,0,1,0,unavailable_acquisition_selected_ch2,not_validated,-6.35,23.573339999999998,106.08003,0.0,,63.75,128.25,-7.5,16.38273,80.0,0.0,,54.9,129.1,-7.65,12.824489999999999,80.0,0.0,,35.25,150.95,858114,859137,36039bc8380078d7092376c85538a208fccfde926732d5d23bb8863c561066c8,,,curated_decay_upload; acquisition run/time and selection unknown,not_confirmed,unique_eligible_for_separate_review
Datos/Med_con_Decaimientos/decaimientos.txt::block840::event840,Datos/Med_con_Decaimientos/decaimientos.txt,upload_decaimientos_sin_fecha,-1,840,840,,859138,0,0,development,1024,accepted,resolved_negative_ch1_ch2_coincidence,not_detected_above_threshold,prompt_12_no_resolved_3,220.801,1442.539,candidate,compatible_secondary_identity_unconfirmed,1,0,3,unavailable_acquisition_selected_ch2,not_validated,-7.6,25.2042,113.41890000000001,0.0,,80.89999999999999,164.1,-7.85,17.124029999999998,80.0,0.0,,53.35,131.15,-8.3,14.0847,80.0,0.0,,39.900000000000006,134.89999999999998,859138,860161,b071e238342049fa6f6f5918af7177ff0c46182c03c796a1572dd0f818406710,,,curated_decay_upload; acquisition run/time and selection unknown,not_confirmed,unique_eligible_for_separate_review
Datos/Med_con_Decaimientos/decaimientos.txt::block841::event841,Datos/Med_con_Decaimientos/decaimientos.txt,upload_decaimientos_sin_fecha,-1,841,841,,860162,0,0,development,1024,accepted,resolved_negative_ch1_ch2_coincidence,not_detected_above_threshold,prompt_12_no_resolved_3,199.219,1464.1209999999999,candidate,compatible_secondary_identity_unconfirmed,1,1,1,unavailable_acquisition_selected_ch2,not_validated,-6.75,24.24051,109.082295,0.0,,66.25,166.25,-8.850000000000001,15.19665,80.0,0.0,,55.050000000000004,195.95000000000002,-9.2,13.78818,80.0,0.0,,43.8,38.400000000000006,860162,861185,0fc84b1d0d9550613218c5432e96f274b1aa699decbf9c3741ca5a29aa1a32d5,,,curated_decay_upload; acquisition run/time and selection unknown,not_confirmed,unique_eligible_for_separate_review
Datos/Med_con_Decaimientos/decaimientos.txt::block842::event842,Datos/Med_con_Decaimientos/decaimientos.txt,upload_decaimientos_sin_fecha,-1,842,842,,861186,0,0,development,1024,accepted,resolved_negative_ch1_ch2_coincidence,not_detected_above_threshold,prompt_12_no_resolved_3,215.82,1447.52,candidate,compatible_secondary_identity_unconfirmed,1,0,0,unavailable_acquisition_selected_ch2,not_validated,-8.0,26.316149999999997,118.42267499999998,0.0,,69.1,234.9,-8.5,17.049899999999997,80.0,0.0,,53.8,137.5,-9.2,15.863819999999999,80.0,0.0,,45.2,98.7,861186,862209,d571d14708fa1ad312e5951fde079bdcd5b9edd315d65cc1b60b97179870e264,,,curated_decay_upload; acquisition run/time and selection unknown,not_confirmed,unique_eligible_for_separate_review
Datos/Med_con_Decaimientos/decaimientos.txt::block843::event843,Datos/Med_con_Decaimientos/decaimientos.txt,upload_decaimientos_sin_fecha,-1,843,843,,862210,0,0,development,1024,accepted,resolved_negative_ch1_ch2_coincidence,not_detected_above_threshold,prompt_12_no_resolved_3,214.16,1449.1799999999998,candidate,compatible_secondary_identity_unconfirmed,1,0,1,unavailable_acquisition_selected_ch2,not_validated,-7.4,22.980299999999996,103.41134999999998,0.0,,55.8,145.79999999999998,-6.8,15.715559999999996,80.0,0.0,,45.8,158.6,-8.05,13.714049999999999,80.0,0.0,,34.25,31.95,862210,863233,bb960fecdd71993ed2b32f1b0407aac1fd9f7a8b9764b3b045996c361330d313,,,curated_decay_upload; acquisition run/time and selection unknown,not_confirmed,unique_eligible_for_separate_review
Datos/Med_con_Decaimientos/decaimientos.txt::block844::event844,Datos/Med_con_Decaimientos/decaimientos.txt,upload_decaimientos_sin_fecha,-1,844,844,,863234,0,0,evaluation,1024,accepted,resolved_negative_ch1_ch2_coincidence,ambiguous,prompt_12_uncertain_3,204.199,1459.1409999999998,ambiguous,review_delayed_group_reasons,0,1,0,unavailable_acquisition_selected_ch2,not_validated,-6.7,24.53703,110.41663500000001,0.0,,66.2,227.0,-7.45,14.751869999999998,80.0,0.0,,43.650000000000006,275.75,-9.1,13.046879999999998,80.0,0.0,,34.3,127.70000000000002,863234,864257,d2d71d6bc6dce811f3e0a41a6eb550c283218bba82a3d5cae9a41e94616f55d9,,,curated_decay_upload; acquisition run/time and selection unknown,not_confirmed,unique_eligible_for_separate_review
Datos/Med_con_Decaimientos/decaimientos.txt::block845::event845,Datos/Med_con_Decaimientos/decaimientos.txt,upload_decaimientos_sin_fecha,-1,845,845,,864258,0,0,development,1024,accepted,resolved_negative_ch1_ch2_coincidence,not_detected_above_threshold,prompt_12_no_resolved_3,204.199,1459.1409999999998,candidate,compatible_secondary_identity_unconfirmed,1,0,0,unavailable_acquisition_selected_ch2,not_validated,-6.65,23.86986,107.41436999999999,0.0,,67.55,199.75,-7.9,16.308599999999995,80.0,0.0,,44.8,248.9,-8.05,13.788179999999997,80.0,0.0,,39.25,47.150000000000006,864258,865281,4eb8e8206b034ff98117b7a59bc2dd1f109b493a5f7a5b4a08298f26c26ce7aa,,,curated_decay_upload; acquisition run/time and selection unknown,not_confirmed,unique_eligible_for_separate_review
Datos/Med_con_Decaimientos/decaimientos.txt::block846::event846,Datos/Med_con_Decaimientos/decaimientos.txt,upload_decaimientos_sin_fecha,-1,846,846,,865282,0,0,development,1024,accepted,resolved_negative_ch1_ch2_coincidence,not_detected_above_threshold,prompt_12_no_resolved_3,212.5,1450.84,candidate,compatible_secondary_identity_unconfirmed,1,0,0,unavailable_acquisition_selected_ch2,not_validated,-7.2,26.983320000000003,121.42494,0.0,,59.0,243.10000000000002,-9.0,18.161849999999998,81.72832499999998,0.0,,53.3,243.6,-8.6,14.603609999999998,80.0,0.0,,40.0,40.9,865282,866305,032b49d7ca018e51f42c6494bb53893574e461fb357be64f339ee407d8da2925,,,curated_decay_upload; acquisition run/time and selection unknown,not_confirmed,unique_eligible_for_separate_review
Datos/Med_con_Decaimientos/decaimientos.txt::block847::event847,Datos/Med_con_Decaimientos/decaimientos.txt,upload_decaimientos_sin_fecha,-1,847,847,,866306,0,0,development,1024,accepted,resolved_negative_ch1_ch2_coincidence,not_detected_above_threshold,prompt_12_no_resolved_3,222.461,1440.879,ambiguous,review_delayed_group_reasons,0,5,1,unavailable_acquisition_selected_ch2,not_validated,-7.1,21.05292,94.73814,0.0,,80.39999999999999,142.1,-7.3,17.198159999999998,80.0,0.0,,53.0,189.29999999999998,-8.3,13.19514,80.0,0.0,,45.5,41.099999999999994,866306,867329,4a30cb489c427485179735c13fe471fad6baef4873abd08b7a71a32b58eb7efa,,,curated_decay_upload; acquisition run/time and selection unknown,not_confirmed,unique_eligible_for_separate_review
