uid,event_id,source,n_samples,prompt3_status,count_status,original_decay_status,decision,group_id,delay_ns,original_delay_ns,channels,target_channels,max_delay_ns,base_decision,base_delay_ns,user_quality_decision,user_note,decision_origin,review_category,timing_pulse_ids,timing_method,reason,reference_decision,record_end_ns,fit_upper_ns,included_in_variant,variant_reason,pre_edge_policy_decision,edge_policy
Datos/Med_con_Decaimientos/decaimientos.txt::block1::event1,1,Datos/Med_con_Decaimientos/decaimientos.txt,1024,not_detected_above_threshold,accepted,candidate,selected,0,142.77400000000003,142.77400000000003,2,2,1445.86,selected,142.77400000000003,,,frozen_selection,,,frozen_clean_CH2_CH3,"Inside user-adopted [120 ns, individual record end minus 10 ns] window",selected,1480.86,1470.86,True,Inside tested observation window,selected,record_end_minus_10_ns
Datos/Med_con_Decaimientos/decaimientos.txt::block2::event2,2,Datos/Med_con_Decaimientos/decaimientos.txt,1024,not_detected_above_threshold,accepted,candidate,selected,0,431.64,431.64,2,2,1452.5,selected,431.64,,,frozen_selection,,,frozen_clean_CH2_CH3,"Inside user-adopted [120 ns, individual record end minus 10 ns] window",selected,1487.5,1477.5,True,Inside tested observation window,selected,record_end_minus_10_ns
Datos/Med_con_Decaimientos/decaimientos.txt::block3::event3,3,Datos/Med_con_Decaimientos/decaimientos.txt,1024,ambiguous,accepted,ambiguous,pending_prompt3_uncertain,0,1150.489,1150.489,3,3,1457.481,pending_prompt3_uncertain,1150.489,,,frozen_selection,,,frozen_clean_CH2_CH3,pending_prompt3_uncertain,pending_prompt3_uncertain,1492.481,1482.481,False,pending_prompt3_uncertain,pending_prompt3_uncertain,record_end_minus_10_ns
Datos/Med_con_Decaimientos/decaimientos.txt::block4::event4,4,Datos/Med_con_Decaimientos/decaimientos.txt,1024,not_detected_above_threshold,accepted,candidate,selected,0,283.88599999999997,283.88599999999997,2,2,1454.1599999999999,selected,283.88599999999997,,,frozen_selection,,,frozen_clean_CH2_CH3,"Inside user-adopted [120 ns, individual record end minus 10 ns] window",selected,1489.1599999999999,1479.1599999999999,True,Inside tested observation window,selected,record_end_minus_10_ns
Datos/Med_con_Decaimientos/decaimientos.txt::block5::event5,5,Datos/Med_con_Decaimientos/decaimientos.txt,1024,not_detected_above_threshold,accepted,candidate,selected,0,127.83200000000002,127.83200000000002,2,2,1462.461,selected,127.83200000000002,,,frozen_selection,,,frozen_clean_CH2_CH3,"Inside user-adopted [120 ns, individual record end minus 10 ns] window",selected,1497.461,1487.461,True,Inside tested observation window,selected,record_end_minus_10_ns
Datos/Med_con_Decaimientos/decaimientos.txt::block6::event6,6,Datos/Med_con_Decaimientos/decaimientos.txt,1024,not_detected_above_threshold,accepted,candidate,selected,3,762.0110000000001,762.0110000000001,2,2,1444.1989999999998,selected,762.0110000000001,,,frozen_selection,,,frozen_clean_CH2_CH3,"Inside user-adopted [120 ns, individual record end minus 10 ns] window",selected,1479.1989999999998,1469.1989999999998,True,Inside tested observation window,selected,record_end_minus_10_ns
Datos/Med_con_Decaimientos/decaimientos.txt::block7::event7,7,Datos/Med_con_Decaimientos/decaimientos.txt,1024,detected,accepted,ambiguous,veto_prompt3_detected,0,1125.586,1125.586,3,3,1454.1599999999999,veto_prompt3_detected,1125.586,,,frozen_selection,,,frozen_clean_CH2_CH3,veto_prompt3_detected,veto_prompt3_detected,1489.1599999999999,1479.1599999999999,False,veto_prompt3_detected,veto_prompt3_detected,record_end_minus_10_ns
Datos/Med_con_Decaimientos/decaimientos.txt::block8::event8,8,Datos/Med_con_Decaimientos/decaimientos.txt,1024,not_detected_above_threshold,accepted,ambiguous,selected,0,969.5310000000001,,,3,1452.5,no_clean_secondary,,accept_quality,,user_export,clean_plus_weak_49,11,mean_accepted_CH2_CH3,"Inside user-adopted [120 ns, individual record end minus 10 ns] window",selected,1487.5,1477.5,True,Inside tested observation window,selected,record_end_minus_10_ns
Datos/Med_con_Decaimientos/decaimientos.txt::block9::event9,9,Datos/Med_con_Decaimientos/decaimientos.txt,1024,detected,accepted,ambiguous,veto_prompt3_detected,1,919.7260000000001,919.7260000000001,3,3,1442.539,veto_prompt3_detected,919.7260000000001,,,frozen_selection,,,frozen_clean_CH2_CH3,veto_prompt3_detected,veto_prompt3_detected,1477.539,1467.539,False,veto_prompt3_detected,veto_prompt3_detected,record_end_minus_10_ns
Datos/Med_con_Decaimientos/decaimientos.txt::block10::event10,10,Datos/Med_con_Decaimientos/decaimientos.txt,1024,not_detected_above_threshold,accepted,candidate,selected,0,830.079,830.079,2,2,1445.86,selected,830.079,,,frozen_selection,,,frozen_clean_CH2_CH3,"Inside user-adopted [120 ns, individual record end minus 10 ns] window",selected,1480.86,1470.86,True,Inside tested observation window,selected,record_end_minus_10_ns
Datos/Med_con_Decaimientos/decaimientos.txt::block11::event11,11,Datos/Med_con_Decaimientos/decaimientos.txt,1024,not_detected_above_threshold,accepted,candidate,selected,0,891.5039999999999,891.5039999999999,2,2,1445.86,selected,891.5039999999999,,,frozen_selection,,,frozen_clean_CH2_CH3,"Inside user-adopted [120 ns, individual record end minus 10 ns] window",selected,1480.86,1470.86,True,Inside tested observation window,selected,record_end_minus_10_ns
Datos/Med_con_Decaimientos/decaimientos.txt::block12::event12,12,Datos/Med_con_Decaimientos/decaimientos.txt,1024,not_detected_above_threshold,ambiguous,not_evaluable,pending_initial_quality,,,,,,1449.1799999999998,pending_initial_quality,,,,frozen_selection,,,frozen_clean_CH2_CH3,pending_initial_quality,pending_initial_quality,1484.1799999999998,1474.1799999999998,False,pending_initial_quality,pending_initial_quality,record_end_minus_10_ns
Datos/Med_con_Decaimientos/decaimientos.txt::block13::event13,13,Datos/Med_con_Decaimientos/decaimientos.txt,1024,not_detected_above_threshold,accepted,candidate,selected,0,425.0,425.0,2,2,1460.801,selected,425.0,,,frozen_selection,,,frozen_clean_CH2_CH3,"Inside user-adopted [120 ns, individual record end minus 10 ns] window",selected,1495.801,1485.801,True,Inside tested observation window,selected,record_end_minus_10_ns
Datos/Med_con_Decaimientos/decaimientos.txt::block14::event14,14,Datos/Med_con_Decaimientos/decaimientos.txt,1024,not_detected_above_threshold,accepted,ambiguous,excluded_by_user,0,1263.3790000000001,,,,1442.539,no_clean_secondary,,exclude,,user_export,short_3,,,Explicit exclusion in user review export,excluded_by_user,1477.539,1467.539,False,Explicit exclusion in user review export,excluded_by_user,record_end_minus_10_ns
Datos/Med_con_Decaimientos/decaimientos.txt::block15::event15,15,Datos/Med_con_Decaimientos/decaimientos.txt,1024,not_detected_above_threshold,accepted,candidate,selected,0,576.074,576.074,2,2,1450.84,selected,576.074,,,frozen_selection,,,frozen_clean_CH2_CH3,"Inside user-adopted [120 ns, individual record end minus 10 ns] window",selected,1485.84,1475.84,True,Inside tested observation window,selected,record_end_minus_10_ns
Datos/Med_con_Decaimientos/decaimientos.txt::block16::event16,16,Datos/Med_con_Decaimientos/decaimientos.txt,1024,not_detected_above_threshold,accepted,ambiguous,selected,0,1079.102,1079.102,1+2,2,1457.481,selected,1079.102,,,frozen_selection,,,frozen_clean_CH2_CH3,"Inside user-adopted [120 ns, individual record end minus 10 ns] window",selected,1492.481,1482.481,True,Inside tested observation window,selected,record_end_minus_10_ns
Datos/Med_con_Decaimientos/decaimientos.txt::block17::event17,17,Datos/Med_con_Decaimientos/decaimientos.txt,1024,not_detected_above_threshold,accepted,candidate,selected,0,735.4490000000001,735.4490000000001,3,3,1454.1599999999999,selected,735.4490000000001,,,frozen_selection,,,frozen_clean_CH2_CH3,"Inside user-adopted [120 ns, individual record end minus 10 ns] window",selected,1489.1599999999999,1479.1599999999999,True,Inside tested observation window,selected,record_end_minus_10_ns
Datos/Med_con_Decaimientos/decaimientos.txt::block18::event18,18,Datos/Med_con_Decaimientos/decaimientos.txt,1024,not_detected_above_threshold,accepted,candidate,outside_fit_window,0,92.96799999999999,92.96799999999999,2,2,1444.1989999999998,outside_fit_window,92.96799999999999,,,frozen_selection,,,frozen_clean_CH2_CH3,Below unchanged 120 ns lower limit,outside_fit_window,1479.1989999999998,1469.1989999999998,False,Below unchanged 120 ns lower limit,outside_fit_window,record_end_minus_10_ns
Datos/Med_con_Decaimientos/decaimientos.txt::block19::event19,19,Datos/Med_con_Decaimientos/decaimientos.txt,1024,not_detected_above_threshold,accepted,candidate,selected,0,891.5039999999999,891.5039999999999,2,2,1450.84,selected,891.5039999999999,,,frozen_selection,,,frozen_clean_CH2_CH3,"Inside user-adopted [120 ns, individual record end minus 10 ns] window",selected,1485.84,1475.84,True,Inside tested observation window,selected,record_end_minus_10_ns
Datos/Med_con_Decaimientos/decaimientos.txt::block20::event20,20,Datos/Med_con_Decaimientos/decaimientos.txt,1024,detected,accepted,ambiguous,veto_prompt3_detected,0,76.36699999999999,76.36699999999999,3,3,1449.1799999999998,veto_prompt3_detected,76.36699999999999,,,frozen_selection,,,frozen_clean_CH2_CH3,veto_prompt3_detected,veto_prompt3_detected,1484.1799999999998,1474.1799999999998,False,veto_prompt3_detected,veto_prompt3_detected,record_end_minus_10_ns
Datos/Med_con_Decaimientos/decaimientos.txt::block21::event21,21,Datos/Med_con_Decaimientos/decaimientos.txt,1024,detected,accepted,ambiguous,veto_prompt3_detected,4,675.684,675.684,3,3,1445.86,veto_prompt3_detected,675.684,,,frozen_selection,,,frozen_clean_CH2_CH3,veto_prompt3_detected,veto_prompt3_detected,1480.86,1470.86,False,veto_prompt3_detected,veto_prompt3_detected,record_end_minus_10_ns
Datos/Med_con_Decaimientos/decaimientos.txt::block22::event22,22,Datos/Med_con_Decaimientos/decaimientos.txt,1024,not_detected_above_threshold,accepted,candidate,selected,0,310.44900000000007,310.44900000000007,2,2,1449.1799999999998,selected,310.44900000000007,,,frozen_selection,,,frozen_clean_CH2_CH3,"Inside user-adopted [120 ns, individual record end minus 10 ns] window",selected,1484.1799999999998,1474.1799999999998,True,Inside tested observation window,selected,record_end_minus_10_ns
Datos/Med_con_Decaimientos/decaimientos.txt::block23::event23,23,Datos/Med_con_Decaimientos/decaimientos.txt,1024,not_detected_above_threshold,accepted,ambiguous,selected,0,179.297,,,2,1452.5,no_clean_secondary,,accept_quality,,user_export,clean_plus_weak_49,4,mean_accepted_CH2_CH3,"Inside user-adopted [120 ns, individual record end minus 10 ns] window",selected,1487.5,1477.5,True,Inside tested observation window,selected,record_end_minus_10_ns
Datos/Med_con_Decaimientos/decaimientos.txt::block24::event24,24,Datos/Med_con_Decaimientos/decaimientos.txt,1024,detected,accepted,ambiguous,veto_prompt3_detected,0,393.457,393.457,3,3,1440.879,veto_prompt3_detected,393.457,,,frozen_selection,,,frozen_clean_CH2_CH3,veto_prompt3_detected,veto_prompt3_detected,1475.879,1465.879,False,veto_prompt3_detected,veto_prompt3_detected,record_end_minus_10_ns
Datos/Med_con_Decaimientos/decaimientos.txt::block25::event25,25,Datos/Med_con_Decaimientos/decaimientos.txt,1024,not_detected_above_threshold,accepted,candidate,selected,1,446.582,446.582,2,2,1457.481,selected,446.582,,,frozen_selection,,,frozen_clean_CH2_CH3,"Inside user-adopted [120 ns, individual record end minus 10 ns] window",selected,1492.481,1482.481,True,Inside tested observation window,selected,record_end_minus_10_ns
Datos/Med_con_Decaimientos/decaimientos.txt::block26::event26,26,Datos/Med_con_Decaimientos/decaimientos.txt,1024,not_detected_above_threshold,accepted,ambiguous,selected,0,1462.598,,,,1449.1799999999998,no_clean_secondary,,accept_quality,,user_export,outside_window_20,,,"Inside user-adopted [120 ns, individual record end minus 10 ns] window",outside_fit_window,1484.1799999999998,1474.1799999999998,True,Inside tested observation window,outside_fit_window,record_end_minus_10_ns
Datos/Med_con_Decaimientos/decaimientos.txt::block27::event27,27,Datos/Med_con_Decaimientos/decaimientos.txt,1024,not_detected_above_threshold,accepted,candidate,selected,0,557.8130000000001,557.8130000000001,2,2,1447.52,selected,557.8130000000001,,,frozen_selection,,,frozen_clean_CH2_CH3,"Inside user-adopted [120 ns, individual record end minus 10 ns] window",selected,1482.52,1472.52,True,Inside tested observation window,selected,record_end_minus_10_ns
Datos/Med_con_Decaimientos/decaimientos.txt::block28::event28,28,Datos/Med_con_Decaimientos/decaimientos.txt,1024,detected,accepted,ambiguous,veto_prompt3_detected,0,509.668,509.668,3,3,1445.86,veto_prompt3_detected,509.668,,,frozen_selection,,,frozen_clean_CH2_CH3,veto_prompt3_detected,veto_prompt3_detected,1480.86,1470.86,False,veto_prompt3_detected,veto_prompt3_detected,record_end_minus_10_ns
Datos/Med_con_Decaimientos/decaimientos.txt::block29::event29,29,Datos/Med_con_Decaimientos/decaimientos.txt,1024,not_detected_above_threshold,accepted,candidate,selected,0,197.55799999999996,197.55799999999996,2,2,1455.82,selected,197.55799999999996,,,frozen_selection,,,frozen_clean_CH2_CH3,"Inside user-adopted [120 ns, individual record end minus 10 ns] window",selected,1490.82,1480.82,True,Inside tested observation window,selected,record_end_minus_10_ns
Datos/Med_con_Decaimientos/decaimientos.txt::block30::event30,30,Datos/Med_con_Decaimientos/decaimientos.txt,1024,not_detected_above_threshold,accepted,candidate,selected,0,1196.972,1196.972,2,2,1455.82,selected,1196.972,,,frozen_selection,,,frozen_clean_CH2_CH3,"Inside user-adopted [120 ns, individual record end minus 10 ns] window",selected,1490.82,1480.82,True,Inside tested observation window,selected,record_end_minus_10_ns
Datos/Med_con_Decaimientos/decaimientos.txt::block31::event31,31,Datos/Med_con_Decaimientos/decaimientos.txt,1024,ambiguous,ambiguous,not_evaluable,pending_prompt3_uncertain,,,,,,1455.82,pending_prompt3_uncertain,,,,frozen_selection,,,frozen_clean_CH2_CH3,pending_prompt3_uncertain,pending_prompt3_uncertain,1490.82,1480.82,False,pending_prompt3_uncertain,pending_prompt3_uncertain,record_end_minus_10_ns
Datos/Med_con_Decaimientos/decaimientos.txt::block32::event32,32,Datos/Med_con_Decaimientos/decaimientos.txt,1024,not_detected_above_threshold,accepted,candidate,selected,0,370.21500000000003,370.21500000000003,2,2,1445.86,selected,370.21500000000003,,,frozen_selection,,,frozen_clean_CH2_CH3,"Inside user-adopted [120 ns, individual record end minus 10 ns] window",selected,1480.86,1470.86,True,Inside tested observation window,selected,record_end_minus_10_ns
Datos/Med_con_Decaimientos/decaimientos.txt::block33::event33,33,Datos/Med_con_Decaimientos/decaimientos.txt,1024,not_detected_above_threshold,accepted,ambiguous,outside_fit_window,0,89.64899999999997,,,,1457.481,no_clean_secondary,,accept_quality,,user_export,outside_window_20,4,,Below unchanged 120 ns lower limit,outside_fit_window,1492.481,1482.481,False,Below unchanged 120 ns lower limit,outside_fit_window,record_end_minus_10_ns
Datos/Med_con_Decaimientos/decaimientos.txt::block34::event34,34,Datos/Med_con_Decaimientos/decaimientos.txt,1024,detected,ambiguous,not_evaluable,veto_prompt3_detected,,,,,,1435.899,veto_prompt3_detected,,,,frozen_selection,,,frozen_clean_CH2_CH3,veto_prompt3_detected,veto_prompt3_detected,1470.899,1460.899,False,veto_prompt3_detected,veto_prompt3_detected,record_end_minus_10_ns
Datos/Med_con_Decaimientos/decaimientos.txt::block35::event35,35,Datos/Med_con_Decaimientos/decaimientos.txt,1024,ambiguous,accepted,ambiguous,pending_prompt3_uncertain,1,620.8979999999999,620.8979999999999,2,2,1454.1599999999999,pending_prompt3_uncertain,620.8979999999999,,,frozen_selection,,,frozen_clean_CH2_CH3,pending_prompt3_uncertain,pending_prompt3_uncertain,1489.1599999999999,1479.1599999999999,False,pending_prompt3_uncertain,pending_prompt3_uncertain,record_end_minus_10_ns
Datos/Med_con_Decaimientos/decaimientos.txt::block36::event36,36,Datos/Med_con_Decaimientos/decaimientos.txt,1024,not_detected_above_threshold,accepted,candidate,selected,2,994.434,994.434,2,2,1445.86,selected,994.434,,,frozen_selection,,,frozen_clean_CH2_CH3,"Inside user-adopted [120 ns, individual record end minus 10 ns] window",selected,1480.86,1470.86,True,Inside tested observation window,selected,record_end_minus_10_ns
Datos/Med_con_Decaimientos/decaimientos.txt::block37::event37,37,Datos/Med_con_Decaimientos/decaimientos.txt,1024,detected,accepted,ambiguous,veto_prompt3_detected,1,1195.3120000000001,1195.3120000000001,3,3,1455.82,veto_prompt3_detected,1195.3120000000001,,,frozen_selection,,,frozen_clean_CH2_CH3,veto_prompt3_detected,veto_prompt3_detected,1490.82,1480.82,False,veto_prompt3_detected,veto_prompt3_detected,record_end_minus_10_ns
Datos/Med_con_Decaimientos/decaimientos.txt::block38::event38,38,Datos/Med_con_Decaimientos/decaimientos.txt,1024,not_detected_above_threshold,accepted,excluded_secondary,selected,1,730.4689999999999,,,2,1457.481,no_clean_secondary,,accept_quality,,user_export,short_3,3,largest_amplitude_CH2_CH3_seed_minimum,"Inside user-adopted [120 ns, individual record end minus 10 ns] window",selected,1492.481,1482.481,True,Inside tested observation window,selected,record_end_minus_10_ns
Datos/Med_con_Decaimientos/decaimientos.txt::block39::event39,39,Datos/Med_con_Decaimientos/decaimientos.txt,1024,not_detected_above_threshold,accepted,candidate,selected,0,758.692,758.692,2,2,1447.52,selected,758.692,,,frozen_selection,,,frozen_clean_CH2_CH3,"Inside user-adopted [120 ns, individual record end minus 10 ns] window",selected,1482.52,1472.52,True,Inside tested observation window,selected,record_end_minus_10_ns
Datos/Med_con_Decaimientos/decaimientos.txt::block40::event40,40,Datos/Med_con_Decaimientos/decaimientos.txt,1024,detected,accepted,ambiguous,veto_prompt3_detected,2,986.132,986.132,3,3,1444.1989999999998,veto_prompt3_detected,986.132,,,frozen_selection,,,frozen_clean_CH2_CH3,veto_prompt3_detected,veto_prompt3_detected,1479.1989999999998,1469.1989999999998,False,veto_prompt3_detected,veto_prompt3_detected,record_end_minus_10_ns
Datos/Med_con_Decaimientos/decaimientos.txt::block41::event41,41,Datos/Med_con_Decaimientos/decaimientos.txt,1024,not_detected_above_threshold,accepted,candidate,outside_fit_window,0,71.386,71.386,2,2,1444.1989999999998,outside_fit_window,71.386,,,frozen_selection,,,frozen_clean_CH2_CH3,Below unchanged 120 ns lower limit,outside_fit_window,1479.1989999999998,1469.1989999999998,False,Below unchanged 120 ns lower limit,outside_fit_window,record_end_minus_10_ns
Datos/Med_con_Decaimientos/decaimientos.txt::block42::event42,42,Datos/Med_con_Decaimientos/decaimientos.txt,1024,not_detected_above_threshold,accepted,ambiguous,selected,0,644.1410000000001,,,2,1459.1409999999998,no_clean_secondary,,accept_quality,,user_export,clean_plus_weak_49,2,mean_accepted_CH2_CH3,"Inside user-adopted [120 ns, individual record end minus 10 ns] window",selected,1494.1409999999998,1484.1409999999998,True,Inside tested observation window,selected,record_end_minus_10_ns
Datos/Med_con_Decaimientos/decaimientos.txt::block43::event43,43,Datos/Med_con_Decaimientos/decaimientos.txt,1024,not_detected_above_threshold,accepted,candidate,selected,0,757.0319999999999,757.0319999999999,2,2,1445.86,selected,757.0319999999999,,,frozen_selection,,,frozen_clean_CH2_CH3,"Inside user-adopted [120 ns, individual record end minus 10 ns] window",selected,1480.86,1470.86,True,Inside tested observation window,selected,record_end_minus_10_ns
Datos/Med_con_Decaimientos/decaimientos.txt::block44::event44,44,Datos/Med_con_Decaimientos/decaimientos.txt,1024,detected,accepted,ambiguous,veto_prompt3_detected,0,936.328,936.328,2+3,2+3,1454.1599999999999,veto_prompt3_detected,936.328,,,frozen_selection,,,frozen_clean_CH2_CH3,veto_prompt3_detected,veto_prompt3_detected,1489.1599999999999,1479.1599999999999,False,veto_prompt3_detected,veto_prompt3_detected,record_end_minus_10_ns
Datos/Med_con_Decaimientos/decaimientos.txt::block45::event45,45,Datos/Med_con_Decaimientos/decaimientos.txt,1024,not_detected_above_threshold,accepted,candidate,selected,0,686.475,686.475,2+3,2+3,1460.801,selected,686.475,,,frozen_selection,,,frozen_clean_CH2_CH3,"Inside user-adopted [120 ns, individual record end minus 10 ns] window",selected,1495.801,1485.801,True,Inside tested observation window,selected,record_end_minus_10_ns
Datos/Med_con_Decaimientos/decaimientos.txt::block46::event46,46,Datos/Med_con_Decaimientos/decaimientos.txt,1024,detected,accepted,ambiguous,veto_prompt3_detected,,,,,,1450.84,veto_prompt3_detected,,,,frozen_selection,,,frozen_clean_CH2_CH3,veto_prompt3_detected,veto_prompt3_detected,1485.84,1475.84,False,veto_prompt3_detected,veto_prompt3_detected,record_end_minus_10_ns
Datos/Med_con_Decaimientos/decaimientos.txt::block47::event47,47,Datos/Med_con_Decaimientos/decaimientos.txt,1024,not_detected_above_threshold,accepted,ambiguous,selected,0,1449.317,,,,1445.86,no_clean_secondary,,accept_quality,,user_export,outside_window_20,,,"Inside user-adopted [120 ns, individual record end minus 10 ns] window",outside_fit_window,1480.86,1470.86,True,Inside tested observation window,outside_fit_window,record_end_minus_10_ns
Datos/Med_con_Decaimientos/decaimientos.txt::block48::event48,48,Datos/Med_con_Decaimientos/decaimientos.txt,1024,detected,accepted,ambiguous,veto_prompt3_detected,,,,,,1444.1989999999998,veto_prompt3_detected,,,,frozen_selection,,,frozen_clean_CH2_CH3,veto_prompt3_detected,veto_prompt3_detected,1479.1989999999998,1469.1989999999998,False,veto_prompt3_detected,veto_prompt3_detected,record_end_minus_10_ns
Datos/Med_con_Decaimientos/decaimientos.txt::block49::event49,49,Datos/Med_con_Decaimientos/decaimientos.txt,1024,not_detected_above_threshold,accepted,ambiguous,selected,0,670.703,670.703,1+2,2,1460.801,selected,670.703,,,frozen_selection,,,frozen_clean_CH2_CH3,"Inside user-adopted [120 ns, individual record end minus 10 ns] window",selected,1495.801,1485.801,True,Inside tested observation window,selected,record_end_minus_10_ns
Datos/Med_con_Decaimientos/decaimientos.txt::block50::event50,50,Datos/Med_con_Decaimientos/decaimientos.txt,1024,not_detected_above_threshold,accepted,candidate,selected,0,1338.086,1338.086,3,3,1459.1409999999998,selected,1338.086,,,frozen_selection,,,frozen_clean_CH2_CH3,"Inside user-adopted [120 ns, individual record end minus 10 ns] window",selected,1494.1409999999998,1484.1409999999998,True,Inside tested observation window,selected,record_end_minus_10_ns
Datos/Med_con_Decaimientos/decaimientos.txt::block51::event51,51,Datos/Med_con_Decaimientos/decaimientos.txt,1024,not_detected_above_threshold,accepted,candidate,selected,0,323.73,323.73,3,3,1455.82,selected,323.73,,,frozen_selection,,,frozen_clean_CH2_CH3,"Inside user-adopted [120 ns, individual record end minus 10 ns] window",selected,1490.82,1480.82,True,Inside tested observation window,selected,record_end_minus_10_ns
Datos/Med_con_Decaimientos/decaimientos.txt::block52::event52,52,Datos/Med_con_Decaimientos/decaimientos.txt,1024,not_detected_above_threshold,accepted,candidate,selected,0,139.45299999999997,139.45299999999997,2,2,1450.84,selected,139.45299999999997,,,frozen_selection,,,frozen_clean_CH2_CH3,"Inside user-adopted [120 ns, individual record end minus 10 ns] window",selected,1485.84,1475.84,True,Inside tested observation window,selected,record_end_minus_10_ns
Datos/Med_con_Decaimientos/decaimientos.txt::block53::event53,53,Datos/Med_con_Decaimientos/decaimientos.txt,1024,detected,accepted,ambiguous,veto_prompt3_detected,0,190.918,190.918,3,3,1450.84,veto_prompt3_detected,190.918,,,frozen_selection,,,frozen_clean_CH2_CH3,veto_prompt3_detected,veto_prompt3_detected,1485.84,1475.84,False,veto_prompt3_detected,veto_prompt3_detected,record_end_minus_10_ns
Datos/Med_con_Decaimientos/decaimientos.txt::block54::event54,54,Datos/Med_con_Decaimientos/decaimientos.txt,1024,detected,accepted,ambiguous,veto_prompt3_detected,1,534.5709999999999,534.5709999999999,3,3,1447.52,veto_prompt3_detected,534.5709999999999,,,frozen_selection,,,frozen_clean_CH2_CH3,veto_prompt3_detected,veto_prompt3_detected,1482.52,1472.52,False,veto_prompt3_detected,veto_prompt3_detected,record_end_minus_10_ns
Datos/Med_con_Decaimientos/decaimientos.txt::block55::event55,55,Datos/Med_con_Decaimientos/decaimientos.txt,1024,not_detected_above_threshold,accepted,candidate,selected,0,481.44499999999994,481.44499999999994,3,3,1462.461,selected,481.44499999999994,,,frozen_selection,,,frozen_clean_CH2_CH3,"Inside user-adopted [120 ns, individual record end minus 10 ns] window",selected,1497.461,1487.461,True,Inside tested observation window,selected,record_end_minus_10_ns
Datos/Med_con_Decaimientos/decaimientos.txt::block56::event56,56,Datos/Med_con_Decaimientos/decaimientos.txt,1024,not_detected_above_threshold,accepted,ambiguous,selected,0,365.234,,,2,1454.1599999999999,no_clean_secondary,,accept_quality,,user_message_approve_all_mixed_weak_seeds,clean_plus_weak_49,5,mean_accepted_CH2_CH3,"Inside user-adopted [120 ns, individual record end minus 10 ns] window",selected,1489.1599999999999,1479.1599999999999,True,Inside tested observation window,selected,record_end_minus_10_ns
Datos/Med_con_Decaimientos/decaimientos.txt::block57::event57,57,Datos/Med_con_Decaimientos/decaimientos.txt,1024,not_detected_above_threshold,accepted,candidate,selected,1,1270.02,1270.02,2,2,1457.481,selected,1270.02,,,frozen_selection,,,frozen_clean_CH2_CH3,"Inside user-adopted [120 ns, individual record end minus 10 ns] window",selected,1492.481,1482.481,True,Inside tested observation window,selected,record_end_minus_10_ns
Datos/Med_con_Decaimientos/decaimientos.txt::block58::event58,58,Datos/Med_con_Decaimientos/decaimientos.txt,1024,not_detected_above_threshold,accepted,ambiguous,selected,5,1439.355,,,,1444.1989999999998,no_clean_secondary,,accept_quality,,user_export,outside_window_20,9,,"Inside user-adopted [120 ns, individual record end minus 10 ns] window",outside_fit_window,1479.1989999999998,1469.1989999999998,True,Inside tested observation window,outside_fit_window,record_end_minus_10_ns
Datos/Med_con_Decaimientos/decaimientos.txt::block59::event59,59,Datos/Med_con_Decaimientos/decaimientos.txt,1024,not_detected_above_threshold,accepted,candidate,selected,0,825.098,825.098,3,3,1445.86,selected,825.098,,,frozen_selection,,,frozen_clean_CH2_CH3,"Inside user-adopted [120 ns, individual record end minus 10 ns] window",selected,1480.86,1470.86,True,Inside tested observation window,selected,record_end_minus_10_ns
Datos/Med_con_Decaimientos/decaimientos.txt::block60::event60,60,Datos/Med_con_Decaimientos/decaimientos.txt,1024,not_detected_above_threshold,accepted,candidate,selected,0,197.55800000000002,197.55800000000002,2,2,1452.5,selected,197.55800000000002,,,frozen_selection,,,frozen_clean_CH2_CH3,"Inside user-adopted [120 ns, individual record end minus 10 ns] window",selected,1487.5,1477.5,True,Inside tested observation window,selected,record_end_minus_10_ns
Datos/Med_con_Decaimientos/decaimientos.txt::block61::event61,61,Datos/Med_con_Decaimientos/decaimientos.txt,1024,not_detected_above_threshold,accepted,candidate,selected,0,1044.238,1044.238,3,3,1455.82,selected,1044.238,,,frozen_selection,,,frozen_clean_CH2_CH3,"Inside user-adopted [120 ns, individual record end minus 10 ns] window",selected,1490.82,1480.82,True,Inside tested observation window,selected,record_end_minus_10_ns
Datos/Med_con_Decaimientos/decaimientos.txt::block62::event62,62,Datos/Med_con_Decaimientos/decaimientos.txt,1024,not_detected_above_threshold,accepted,ambiguous,selected,0,848.34,848.34,1+2,2,1462.461,selected,848.34,,,frozen_selection,,,frozen_clean_CH2_CH3,"Inside user-adopted [120 ns, individual record end minus 10 ns] window",selected,1497.461,1487.461,True,Inside tested observation window,selected,record_end_minus_10_ns
Datos/Med_con_Decaimientos/decaimientos.txt::block63::event63,63,Datos/Med_con_Decaimientos/decaimientos.txt,1024,not_detected_above_threshold,accepted,candidate,selected,0,634.18,634.18,2,2,1450.84,selected,634.18,,,frozen_selection,,,frozen_clean_CH2_CH3,"Inside user-adopted [120 ns, individual record end minus 10 ns] window",selected,1485.84,1475.84,True,Inside tested observation window,selected,record_end_minus_10_ns
Datos/Med_con_Decaimientos/decaimientos.txt::block64::event64,64,Datos/Med_con_Decaimientos/decaimientos.txt,1024,not_detected_above_threshold,accepted,candidate,selected,0,848.3399999999999,848.3399999999999,2,2,1454.1599999999999,selected,848.3399999999999,,,frozen_selection,,,frozen_clean_CH2_CH3,"Inside user-adopted [120 ns, individual record end minus 10 ns] window",selected,1489.1599999999999,1479.1599999999999,True,Inside tested observation window,selected,record_end_minus_10_ns
Datos/Med_con_Decaimientos/decaimientos.txt::block65::event65,65,Datos/Med_con_Decaimientos/decaimientos.txt,1024,not_detected_above_threshold,accepted,candidate,selected,3,803.5160000000001,803.5160000000001,3,3,1459.1409999999998,selected,803.5160000000001,,,frozen_selection,,,frozen_clean_CH2_CH3,"Inside user-adopted [120 ns, individual record end minus 10 ns] window",selected,1494.1409999999998,1484.1409999999998,True,Inside tested observation window,selected,record_end_minus_10_ns
Datos/Med_con_Decaimientos/decaimientos.txt::block66::event66,66,Datos/Med_con_Decaimientos/decaimientos.txt,1024,not_detected_above_threshold,accepted,candidate,selected,0,184.277,184.277,2,2,1454.1599999999999,selected,184.277,,,frozen_selection,,,frozen_clean_CH2_CH3,"Inside user-adopted [120 ns, individual record end minus 10 ns] window",selected,1489.1599999999999,1479.1599999999999,True,Inside tested observation window,selected,record_end_minus_10_ns
Datos/Med_con_Decaimientos/decaimientos.txt::block67::event67,67,Datos/Med_con_Decaimientos/decaimientos.txt,1024,not_detected_above_threshold,accepted,candidate,selected,0,1296.5819999999999,1296.5819999999999,2,2,1454.1599999999999,selected,1296.5819999999999,,,frozen_selection,,,frozen_clean_CH2_CH3,"Inside user-adopted [120 ns, individual record end minus 10 ns] window",selected,1489.1599999999999,1479.1599999999999,True,Inside tested observation window,selected,record_end_minus_10_ns
Datos/Med_con_Decaimientos/decaimientos.txt::block68::event68,68,Datos/Med_con_Decaimientos/decaimientos.txt,1024,not_detected_above_threshold,accepted,ambiguous,selected,2,1449.3165000000001,,,,1442.539,no_clean_secondary,,accept_quality,,user_export,outside_window_20,,,"Inside user-adopted [120 ns, individual record end minus 10 ns] window",outside_fit_window,1477.539,1467.539,True,Inside tested observation window,outside_fit_window,record_end_minus_10_ns
Datos/Med_con_Decaimientos/decaimientos.txt::block69::event69,69,Datos/Med_con_Decaimientos/decaimientos.txt,1024,detected,accepted,ambiguous,veto_prompt3_detected,2,346.972,346.972,3,3,1452.5,veto_prompt3_detected,346.972,,,frozen_selection,,,frozen_clean_CH2_CH3,veto_prompt3_detected,veto_prompt3_detected,1487.5,1477.5,False,veto_prompt3_detected,veto_prompt3_detected,record_end_minus_10_ns
Datos/Med_con_Decaimientos/decaimientos.txt::block70::event70,70,Datos/Med_con_Decaimientos/decaimientos.txt,1024,not_detected_above_threshold,accepted,candidate,selected,0,175.97599999999997,175.97599999999997,2,2,1455.82,selected,175.97599999999997,,,frozen_selection,,,frozen_clean_CH2_CH3,"Inside user-adopted [120 ns, individual record end minus 10 ns] window",selected,1490.82,1480.82,True,Inside tested observation window,selected,record_end_minus_10_ns
Datos/Med_con_Decaimientos/decaimientos.txt::block71::event71,71,Datos/Med_con_Decaimientos/decaimientos.txt,1024,not_detected_above_threshold,accepted,candidate,selected,1,620.899,620.899,2,2,1457.481,selected,620.899,,,frozen_selection,,,frozen_clean_CH2_CH3,"Inside user-adopted [120 ns, individual record end minus 10 ns] window",selected,1492.481,1482.481,True,Inside tested observation window,selected,record_end_minus_10_ns
Datos/Med_con_Decaimientos/decaimientos.txt::block72::event72,72,Datos/Med_con_Decaimientos/decaimientos.txt,1024,not_detected_above_threshold,accepted,candidate,selected,0,132.81199999999998,132.81199999999998,2,2,1455.82,selected,132.81199999999998,,,frozen_selection,,,frozen_clean_CH2_CH3,"Inside user-adopted [120 ns, individual record end minus 10 ns] window",selected,1490.82,1480.82,True,Inside tested observation window,selected,record_end_minus_10_ns
Datos/Med_con_Decaimientos/decaimientos.txt::block73::event73,73,Datos/Med_con_Decaimientos/decaimientos.txt,1024,not_detected_above_threshold,accepted,candidate,selected,0,273.926,273.926,3,3,1459.1409999999998,selected,273.926,,,frozen_selection,,,frozen_clean_CH2_CH3,"Inside user-adopted [120 ns, individual record end minus 10 ns] window",selected,1494.1409999999998,1484.1409999999998,True,Inside tested observation window,selected,record_end_minus_10_ns
Datos/Med_con_Decaimientos/decaimientos.txt::block74::event74,74,Datos/Med_con_Decaimientos/decaimientos.txt,1024,not_detected_above_threshold,accepted,candidate,selected,1,1223.536,1223.536,2,2,1457.481,selected,1223.536,,,frozen_selection,,,frozen_clean_CH2_CH3,"Inside user-adopted [120 ns, individual record end minus 10 ns] window",selected,1492.481,1482.481,True,Inside tested observation window,selected,record_end_minus_10_ns
Datos/Med_con_Decaimientos/decaimientos.txt::block75::event75,75,Datos/Med_con_Decaimientos/decaimientos.txt,1024,not_detected_above_threshold,accepted,ambiguous,selected,0,345.313,342.8225,1+2,2,1445.86,selected,345.313,,,frozen_selection,,,frozen_clean_CH2_CH3,"Inside user-adopted [120 ns, individual record end minus 10 ns] window",selected,1480.86,1470.86,True,Inside tested observation window,selected,record_end_minus_10_ns
Datos/Med_con_Decaimientos/decaimientos.txt::block76::event76,76,Datos/Med_con_Decaimientos/decaimientos.txt,1024,ambiguous,accepted,ambiguous,pending_prompt3_uncertain,0,167.67499999999998,167.67499999999998,3,3,1444.1989999999998,pending_prompt3_uncertain,167.67499999999998,,,frozen_selection,,,frozen_clean_CH2_CH3,pending_prompt3_uncertain,pending_prompt3_uncertain,1479.1989999999998,1469.1989999999998,False,pending_prompt3_uncertain,pending_prompt3_uncertain,record_end_minus_10_ns
Datos/Med_con_Decaimientos/decaimientos.txt::block77::event77,77,Datos/Med_con_Decaimientos/decaimientos.txt,1024,not_detected_above_threshold,accepted,candidate,selected,0,234.08200000000002,234.08200000000002,3,3,1452.5,selected,234.08200000000002,,,frozen_selection,,,frozen_clean_CH2_CH3,"Inside user-adopted [120 ns, individual record end minus 10 ns] window",selected,1487.5,1477.5,True,Inside tested observation window,selected,record_end_minus_10_ns
Datos/Med_con_Decaimientos/decaimientos.txt::block78::event78,78,Datos/Med_con_Decaimientos/decaimientos.txt,1024,not_detected_above_threshold,accepted,ambiguous,selected,0,582.7149999999999,,,2,1459.1409999999998,no_clean_secondary,,accept_quality,,user_message_approve_all_mixed_weak_seeds,clean_plus_weak_49,3,mean_accepted_CH2_CH3,"Inside user-adopted [120 ns, individual record end minus 10 ns] window",selected,1494.1409999999998,1484.1409999999998,True,Inside tested observation window,selected,record_end_minus_10_ns
Datos/Med_con_Decaimientos/decaimientos.txt::block79::event79,79,Datos/Med_con_Decaimientos/decaimientos.txt,1024,not_detected_above_threshold,accepted,candidate,selected,0,381.836,381.836,2,2,1457.481,selected,381.836,,,frozen_selection,,,frozen_clean_CH2_CH3,"Inside user-adopted [120 ns, individual record end minus 10 ns] window",selected,1492.481,1482.481,True,Inside tested observation window,selected,record_end_minus_10_ns
Datos/Med_con_Decaimientos/decaimientos.txt::block80::event80,80,Datos/Med_con_Decaimientos/decaimientos.txt,1024,not_detected_above_threshold,accepted,excluded_secondary,selected,0,986.1319999999998,,,3,1454.1599999999999,no_clean_secondary,,accept_quality,,user_export,short_3,2,largest_amplitude_CH2_CH3_seed_minimum,"Inside user-adopted [120 ns, individual record end minus 10 ns] window",selected,1489.1599999999999,1479.1599999999999,True,Inside tested observation window,selected,record_end_minus_10_ns
Datos/Med_con_Decaimientos/decaimientos.txt::block81::event81,81,Datos/Med_con_Decaimientos/decaimientos.txt,1024,not_detected_above_threshold,accepted,no_secondary_above_threshold,accepted_quality_time_unresolved,,,,,,1445.86,no_clean_secondary,,accept_quality,,user_export,no_usable_catalogued_time_10,,,Quality accepted; no usable catalogued secondary CH2/CH3 time,accepted_quality_time_unresolved,1480.86,1470.86,False,Quality accepted; no usable catalogued secondary CH2/CH3 time,accepted_quality_time_unresolved,record_end_minus_10_ns
Datos/Med_con_Decaimientos/decaimientos.txt::block82::event82,82,Datos/Med_con_Decaimientos/decaimientos.txt,1024,not_detected_above_threshold,accepted,candidate,selected,1,1172.07,1172.07,3,3,1454.1599999999999,selected,1172.07,,,frozen_selection,,,frozen_clean_CH2_CH3,"Inside user-adopted [120 ns, individual record end minus 10 ns] window",selected,1489.1599999999999,1479.1599999999999,True,Inside tested observation window,selected,record_end_minus_10_ns
Datos/Med_con_Decaimientos/decaimientos.txt::block83::event83,83,Datos/Med_con_Decaimientos/decaimientos.txt,1024,detected,accepted,ambiguous,veto_prompt3_detected,0,252.34399999999997,252.34399999999997,3,3,1439.2189999999998,veto_prompt3_detected,252.34399999999997,,,frozen_selection,,,frozen_clean_CH2_CH3,veto_prompt3_detected,veto_prompt3_detected,1474.2189999999998,1464.2189999999998,False,veto_prompt3_detected,veto_prompt3_detected,record_end_minus_10_ns
Datos/Med_con_Decaimientos/decaimientos.txt::block84::event84,84,Datos/Med_con_Decaimientos/decaimientos.txt,1024,not_detected_above_threshold,accepted,ambiguous,selected,0,244.04299999999998,,,2,1457.481,no_clean_secondary,,accept_quality,,user_message_approve_all_mixed_weak_seeds,clean_plus_weak_49,2,mean_accepted_CH2_CH3,"Inside user-adopted [120 ns, individual record end minus 10 ns] window",selected,1492.481,1482.481,True,Inside tested observation window,selected,record_end_minus_10_ns
Datos/Med_con_Decaimientos/decaimientos.txt::block85::event85,85,Datos/Med_con_Decaimientos/decaimientos.txt,1024,not_detected_above_threshold,accepted,candidate,outside_fit_window,0,101.26900000000003,101.26900000000003,2,2,1462.461,outside_fit_window,101.26900000000003,,,frozen_selection,,,frozen_clean_CH2_CH3,Below unchanged 120 ns lower limit,outside_fit_window,1497.461,1487.461,False,Below unchanged 120 ns lower limit,outside_fit_window,record_end_minus_10_ns
Datos/Med_con_Decaimientos/decaimientos.txt::block86::event86,86,Datos/Med_con_Decaimientos/decaimientos.txt,1024,not_detected_above_threshold,accepted,candidate,outside_fit_window,0,83.00799999999998,83.00799999999998,3,3,1450.84,outside_fit_window,83.00799999999998,,,frozen_selection,,,frozen_clean_CH2_CH3,Below unchanged 120 ns lower limit,outside_fit_window,1485.84,1475.84,False,Below unchanged 120 ns lower limit,outside_fit_window,record_end_minus_10_ns
Datos/Med_con_Decaimientos/decaimientos.txt::block87::event87,87,Datos/Med_con_Decaimientos/decaimientos.txt,1024,detected,accepted,ambiguous,veto_prompt3_detected,0,977.8319999999999,977.8319999999999,3,3,1445.86,veto_prompt3_detected,977.8319999999999,,,frozen_selection,,,frozen_clean_CH2_CH3,veto_prompt3_detected,veto_prompt3_detected,1480.86,1470.86,False,veto_prompt3_detected,veto_prompt3_detected,record_end_minus_10_ns
Datos/Med_con_Decaimientos/decaimientos.txt::block88::event88,88,Datos/Med_con_Decaimientos/decaimientos.txt,1024,not_detected_above_threshold,accepted,candidate,selected,0,454.883,454.883,3,3,1459.1409999999998,selected,454.883,,,frozen_selection,,,frozen_clean_CH2_CH3,"Inside user-adopted [120 ns, individual record end minus 10 ns] window",selected,1494.1409999999998,1484.1409999999998,True,Inside tested observation window,selected,record_end_minus_10_ns
Datos/Med_con_Decaimientos/decaimientos.txt::block89::event89,89,Datos/Med_con_Decaimientos/decaimientos.txt,1024,not_detected_above_threshold,accepted,candidate,selected,0,318.74999999999994,318.74999999999994,2,2,1454.1599999999999,selected,318.74999999999994,,,frozen_selection,,,frozen_clean_CH2_CH3,"Inside user-adopted [120 ns, individual record end minus 10 ns] window",selected,1489.1599999999999,1479.1599999999999,True,Inside tested observation window,selected,record_end_minus_10_ns
Datos/Med_con_Decaimientos/decaimientos.txt::block90::event90,90,Datos/Med_con_Decaimientos/decaimientos.txt,1024,not_detected_above_threshold,accepted,candidate,selected,0,893.164,893.164,2,2,1459.1409999999998,selected,893.164,,,frozen_selection,,,frozen_clean_CH2_CH3,"Inside user-adopted [120 ns, individual record end minus 10 ns] window",selected,1494.1409999999998,1484.1409999999998,True,Inside tested observation window,selected,record_end_minus_10_ns
Datos/Med_con_Decaimientos/decaimientos.txt::block91::event91,91,Datos/Med_con_Decaimientos/decaimientos.txt,1024,not_detected_above_threshold,accepted,candidate,selected,0,788.574,788.574,2,2,1452.5,selected,788.574,,,frozen_selection,,,frozen_clean_CH2_CH3,"Inside user-adopted [120 ns, individual record end minus 10 ns] window",selected,1487.5,1477.5,True,Inside tested observation window,selected,record_end_minus_10_ns
Datos/Med_con_Decaimientos/decaimientos.txt::block92::event92,92,Datos/Med_con_Decaimientos/decaimientos.txt,1024,detected,accepted,ambiguous,veto_prompt3_detected,0,400.928,400.928,2+3,2+3,1452.5,veto_prompt3_detected,400.928,,,frozen_selection,,,frozen_clean_CH2_CH3,veto_prompt3_detected,veto_prompt3_detected,1487.5,1477.5,False,veto_prompt3_detected,veto_prompt3_detected,record_end_minus_10_ns
Datos/Med_con_Decaimientos/decaimientos.txt::block93::event93,93,Datos/Med_con_Decaimientos/decaimientos.txt,1024,not_detected_above_threshold,accepted,candidate,selected,0,1221.875,1221.875,3,3,1440.879,selected,1221.875,,,frozen_selection,,,frozen_clean_CH2_CH3,"Inside user-adopted [120 ns, individual record end minus 10 ns] window",selected,1475.879,1465.879,True,Inside tested observation window,selected,record_end_minus_10_ns
Datos/Med_con_Decaimientos/decaimientos.txt::block94::event94,94,Datos/Med_con_Decaimientos/decaimientos.txt,1024,not_detected_above_threshold,accepted,candidate,selected,2,1455.957,1455.957,2,2,1457.481,outside_fit_window,1455.957,,,frozen_selection,,,frozen_clean_CH2_CH3,"Inside user-adopted [120 ns, individual record end minus 10 ns] window",outside_fit_window,1492.481,1482.481,True,Inside tested observation window,outside_fit_window,record_end_minus_10_ns
Datos/Med_con_Decaimientos/decaimientos.txt::block95::event95,95,Datos/Med_con_Decaimientos/decaimientos.txt,1024,detected,accepted,ambiguous,veto_prompt3_detected,,,,,,1440.879,veto_prompt3_detected,,,,frozen_selection,,,frozen_clean_CH2_CH3,veto_prompt3_detected,veto_prompt3_detected,1475.879,1465.879,False,veto_prompt3_detected,veto_prompt3_detected,record_end_minus_10_ns
Datos/Med_con_Decaimientos/decaimientos.txt::block96::event96,96,Datos/Med_con_Decaimientos/decaimientos.txt,1024,not_detected_above_threshold,ambiguous,not_evaluable,pending_initial_quality,1,1372.949,1372.949,3,3,1452.5,pending_initial_quality,1372.949,,,frozen_selection,,,frozen_clean_CH2_CH3,pending_initial_quality,pending_initial_quality,1487.5,1477.5,False,pending_initial_quality,pending_initial_quality,record_end_minus_10_ns
Datos/Med_con_Decaimientos/decaimientos.txt::block97::event97,97,Datos/Med_con_Decaimientos/decaimientos.txt,1024,not_detected_above_threshold,accepted,ambiguous,selected,2,1057.52,1055.8595,1+2,2,1439.2189999999998,selected,1057.52,,,frozen_selection,,,frozen_clean_CH2_CH3,"Inside user-adopted [120 ns, individual record end minus 10 ns] window",selected,1474.2189999999998,1464.2189999999998,True,Inside tested observation window,selected,record_end_minus_10_ns
Datos/Med_con_Decaimientos/decaimientos.txt::block98::event98,98,Datos/Med_con_Decaimientos/decaimientos.txt,1024,detected,accepted,ambiguous,veto_prompt3_detected,0,448.2420000000001,448.2420000000001,3,3,1444.1989999999998,veto_prompt3_detected,448.2420000000001,,,frozen_selection,,,frozen_clean_CH2_CH3,veto_prompt3_detected,veto_prompt3_detected,1479.1989999999998,1469.1989999999998,False,veto_prompt3_detected,veto_prompt3_detected,record_end_minus_10_ns
Datos/Med_con_Decaimientos/decaimientos.txt::block99::event99,99,Datos/Med_con_Decaimientos/decaimientos.txt,1024,not_detected_above_threshold,accepted,candidate,selected,0,1182.0320000000002,1182.0320000000002,2,2,1447.52,selected,1182.0320000000002,,,frozen_selection,,,frozen_clean_CH2_CH3,"Inside user-adopted [120 ns, individual record end minus 10 ns] window",selected,1482.52,1472.52,True,Inside tested observation window,selected,record_end_minus_10_ns
Datos/Med_con_Decaimientos/decaimientos.txt::block100::event100,100,Datos/Med_con_Decaimientos/decaimientos.txt,1024,not_detected_above_threshold,accepted,candidate,selected,0,1376.269,1376.269,2,2,1452.5,selected,1376.269,,,frozen_selection,,,frozen_clean_CH2_CH3,"Inside user-adopted [120 ns, individual record end minus 10 ns] window",selected,1487.5,1477.5,True,Inside tested observation window,selected,record_end_minus_10_ns
Datos/Med_con_Decaimientos/decaimientos.txt::block101::event101,101,Datos/Med_con_Decaimientos/decaimientos.txt,1024,not_detected_above_threshold,accepted,ambiguous,selected,0,781.9340000000001,781.9340000000001,1+2,2,1449.1799999999998,selected,781.9340000000001,,,frozen_selection,,,frozen_clean_CH2_CH3,"Inside user-adopted [120 ns, individual record end minus 10 ns] window",selected,1484.1799999999998,1474.1799999999998,True,Inside tested observation window,selected,record_end_minus_10_ns
Datos/Med_con_Decaimientos/decaimientos.txt::block102::event102,102,Datos/Med_con_Decaimientos/decaimientos.txt,1024,not_detected_above_threshold,accepted,candidate,selected,0,602.637,602.637,2,2,1445.86,selected,602.637,,,frozen_selection,,,frozen_clean_CH2_CH3,"Inside user-adopted [120 ns, individual record end minus 10 ns] window",selected,1480.86,1470.86,True,Inside tested observation window,selected,record_end_minus_10_ns
Datos/Med_con_Decaimientos/decaimientos.txt::block103::event103,103,Datos/Med_con_Decaimientos/decaimientos.txt,1024,not_detected_above_threshold,accepted,ambiguous,selected,0,1220.215,1220.215,1+2,2,1445.86,selected,1220.215,,,frozen_selection,,,frozen_clean_CH2_CH3,"Inside user-adopted [120 ns, individual record end minus 10 ns] window",selected,1480.86,1470.86,True,Inside tested observation window,selected,record_end_minus_10_ns
Datos/Med_con_Decaimientos/decaimientos.txt::block104::event104,104,Datos/Med_con_Decaimientos/decaimientos.txt,1024,detected,accepted,ambiguous,veto_prompt3_detected,0,89.648,89.648,1+2,2,1455.82,veto_prompt3_detected,89.648,,,frozen_selection,,,frozen_clean_CH2_CH3,veto_prompt3_detected,veto_prompt3_detected,1490.82,1480.82,False,veto_prompt3_detected,veto_prompt3_detected,record_end_minus_10_ns
Datos/Med_con_Decaimientos/decaimientos.txt::block105::event105,105,Datos/Med_con_Decaimientos/decaimientos.txt,1024,detected,accepted,ambiguous,veto_prompt3_detected,0,994.4330000000001,994.4330000000001,3,3,1444.1989999999998,veto_prompt3_detected,994.4330000000001,,,frozen_selection,,,frozen_clean_CH2_CH3,veto_prompt3_detected,veto_prompt3_detected,1479.1989999999998,1469.1989999999998,False,veto_prompt3_detected,veto_prompt3_detected,record_end_minus_10_ns
Datos/Med_con_Decaimientos/decaimientos.txt::block106::event106,106,Datos/Med_con_Decaimientos/decaimientos.txt,1024,not_detected_above_threshold,accepted,candidate,outside_fit_window,0,81.34800000000001,81.34800000000001,3,3,1440.879,outside_fit_window,81.34800000000001,,,frozen_selection,,,frozen_clean_CH2_CH3,Below unchanged 120 ns lower limit,outside_fit_window,1475.879,1465.879,False,Below unchanged 120 ns lower limit,outside_fit_window,record_end_minus_10_ns
Datos/Med_con_Decaimientos/decaimientos.txt::block107::event107,107,Datos/Med_con_Decaimientos/decaimientos.txt,1024,not_detected_above_threshold,accepted,ambiguous,excluded_by_user,0,380.17500000000007,,,,1444.1989999999998,no_clean_secondary,,exclude,,user_export,below_threshold_5,,,Explicit exclusion in user review export,excluded_by_user,1479.1989999999998,1469.1989999999998,False,Explicit exclusion in user review export,excluded_by_user,record_end_minus_10_ns
Datos/Med_con_Decaimientos/decaimientos.txt::block108::event108,108,Datos/Med_con_Decaimientos/decaimientos.txt,1024,not_detected_above_threshold,accepted,candidate,selected,1,1374.6090000000002,1374.6090000000002,3,3,1442.539,selected,1374.6090000000002,,,frozen_selection,,,frozen_clean_CH2_CH3,"Inside user-adopted [120 ns, individual record end minus 10 ns] window",selected,1477.539,1467.539,True,Inside tested observation window,selected,record_end_minus_10_ns
Datos/Med_con_Decaimientos/decaimientos.txt::block109::event109,109,Datos/Med_con_Decaimientos/decaimientos.txt,1024,detected,accepted,ambiguous,veto_prompt3_detected,0,760.3510000000001,760.3510000000001,3,3,1442.539,veto_prompt3_detected,760.3510000000001,,,frozen_selection,,,frozen_clean_CH2_CH3,veto_prompt3_detected,veto_prompt3_detected,1477.539,1467.539,False,veto_prompt3_detected,veto_prompt3_detected,record_end_minus_10_ns
Datos/Med_con_Decaimientos/decaimientos.txt::block110::event110,110,Datos/Med_con_Decaimientos/decaimientos.txt,1024,detected,accepted,ambiguous,veto_prompt3_detected,0,680.664,680.664,3,3,1455.82,veto_prompt3_detected,680.664,,,frozen_selection,,,frozen_clean_CH2_CH3,veto_prompt3_detected,veto_prompt3_detected,1490.82,1480.82,False,veto_prompt3_detected,veto_prompt3_detected,record_end_minus_10_ns
Datos/Med_con_Decaimientos/decaimientos.txt::block111::event111,111,Datos/Med_con_Decaimientos/decaimientos.txt,1024,not_detected_above_threshold,accepted,candidate,selected,0,403.41800000000006,403.41800000000006,2,2,1442.539,selected,403.41800000000006,,,frozen_selection,,,frozen_clean_CH2_CH3,"Inside user-adopted [120 ns, individual record end minus 10 ns] window",selected,1477.539,1467.539,True,Inside tested observation window,selected,record_end_minus_10_ns
Datos/Med_con_Decaimientos/decaimientos.txt::block112::event112,112,Datos/Med_con_Decaimientos/decaimientos.txt,1024,not_detected_above_threshold,accepted,candidate,selected,0,1178.711,1178.711,2,2,1445.86,selected,1178.711,,,frozen_selection,,,frozen_clean_CH2_CH3,"Inside user-adopted [120 ns, individual record end minus 10 ns] window",selected,1480.86,1470.86,True,Inside tested observation window,selected,record_end_minus_10_ns
Datos/Med_con_Decaimientos/decaimientos.txt::block113::event113,113,Datos/Med_con_Decaimientos/decaimientos.txt,1024,detected,accepted,ambiguous,veto_prompt3_detected,0,982.8129999999999,982.8129999999999,3,3,1445.86,veto_prompt3_detected,982.8129999999999,,,frozen_selection,,,frozen_clean_CH2_CH3,veto_prompt3_detected,veto_prompt3_detected,1480.86,1470.86,False,veto_prompt3_detected,veto_prompt3_detected,record_end_minus_10_ns
Datos/Med_con_Decaimientos/decaimientos.txt::block114::event114,114,Datos/Med_con_Decaimientos/decaimientos.txt,1024,not_detected_above_threshold,accepted,candidate,selected,0,345.312,345.312,2,2,1450.84,selected,345.312,,,frozen_selection,,,frozen_clean_CH2_CH3,"Inside user-adopted [120 ns, individual record end minus 10 ns] window",selected,1485.84,1475.84,True,Inside tested observation window,selected,record_end_minus_10_ns
Datos/Med_con_Decaimientos/decaimientos.txt::block115::event115,115,Datos/Med_con_Decaimientos/decaimientos.txt,1024,not_detected_above_threshold,accepted,candidate,selected,0,1309.8629999999998,1309.8629999999998,3,3,1454.1599999999999,selected,1309.8629999999998,,,frozen_selection,,,frozen_clean_CH2_CH3,"Inside user-adopted [120 ns, individual record end minus 10 ns] window",selected,1489.1599999999999,1479.1599999999999,True,Inside tested observation window,selected,record_end_minus_10_ns
Datos/Med_con_Decaimientos/decaimientos.txt::block116::event116,116,Datos/Med_con_Decaimientos/decaimientos.txt,1024,not_detected_above_threshold,accepted,ambiguous,selected,0,1419.434,,,,1437.559,no_clean_secondary,,accept_quality,,user_export,outside_window_20,2,,"Inside user-adopted [120 ns, individual record end minus 10 ns] window",outside_fit_window,1472.559,1462.559,True,Inside tested observation window,outside_fit_window,record_end_minus_10_ns
Datos/Med_con_Decaimientos/decaimientos.txt::block117::event117,117,Datos/Med_con_Decaimientos/decaimientos.txt,1024,detected,accepted,ambiguous,veto_prompt3_detected,1,1245.117,1245.117,3,3,1440.879,veto_prompt3_detected,1245.117,,,frozen_selection,,,frozen_clean_CH2_CH3,veto_prompt3_detected,veto_prompt3_detected,1475.879,1465.879,False,veto_prompt3_detected,veto_prompt3_detected,record_end_minus_10_ns
Datos/Med_con_Decaimientos/decaimientos.txt::block118::event118,118,Datos/Med_con_Decaimientos/decaimientos.txt,1024,not_detected_above_threshold,accepted,candidate,selected,0,380.17599999999993,380.17599999999993,2,2,1452.5,selected,380.17599999999993,,,frozen_selection,,,frozen_clean_CH2_CH3,"Inside user-adopted [120 ns, individual record end minus 10 ns] window",selected,1487.5,1477.5,True,Inside tested observation window,selected,record_end_minus_10_ns
Datos/Med_con_Decaimientos/decaimientos.txt::block119::event119,119,Datos/Med_con_Decaimientos/decaimientos.txt,1024,not_detected_above_threshold,accepted,candidate,outside_fit_window,0,61.42599999999999,61.42599999999999,2,2,1442.539,outside_fit_window,61.42599999999999,,,frozen_selection,,,frozen_clean_CH2_CH3,Below unchanged 120 ns lower limit,outside_fit_window,1477.539,1467.539,False,Below unchanged 120 ns lower limit,outside_fit_window,record_end_minus_10_ns
Datos/Med_con_Decaimientos/decaimientos.txt::block120::event120,120,Datos/Med_con_Decaimientos/decaimientos.txt,1024,ambiguous,accepted,ambiguous,pending_prompt3_uncertain,0,811.817,811.817,2,2,1437.559,pending_prompt3_uncertain,811.817,,,frozen_selection,,,frozen_clean_CH2_CH3,pending_prompt3_uncertain,pending_prompt3_uncertain,1472.559,1462.559,False,pending_prompt3_uncertain,pending_prompt3_uncertain,record_end_minus_10_ns
Datos/Med_con_Decaimientos/decaimientos.txt::block121::event121,121,Datos/Med_con_Decaimientos/decaimientos.txt,1024,not_detected_above_threshold,accepted,candidate,selected,0,662.402,662.402,2,2,1455.82,selected,662.402,,,frozen_selection,,,frozen_clean_CH2_CH3,"Inside user-adopted [120 ns, individual record end minus 10 ns] window",selected,1490.82,1480.82,True,Inside tested observation window,selected,record_end_minus_10_ns
Datos/Med_con_Decaimientos/decaimientos.txt::block122::event122,122,Datos/Med_con_Decaimientos/decaimientos.txt,1024,detected,accepted,ambiguous,veto_prompt3_detected,,,,,,1455.82,veto_prompt3_detected,,,,frozen_selection,,,frozen_clean_CH2_CH3,veto_prompt3_detected,veto_prompt3_detected,1490.82,1480.82,False,veto_prompt3_detected,veto_prompt3_detected,record_end_minus_10_ns
Datos/Med_con_Decaimientos/decaimientos.txt::block123::event123,123,Datos/Med_con_Decaimientos/decaimientos.txt,1024,detected,accepted,ambiguous,veto_prompt3_detected,1,994.433,994.433,3,3,1455.82,veto_prompt3_detected,994.433,,,frozen_selection,,,frozen_clean_CH2_CH3,veto_prompt3_detected,veto_prompt3_detected,1490.82,1480.82,False,veto_prompt3_detected,veto_prompt3_detected,record_end_minus_10_ns
Datos/Med_con_Decaimientos/decaimientos.txt::block124::event124,124,Datos/Med_con_Decaimientos/decaimientos.txt,1024,not_detected_above_threshold,accepted,candidate,outside_fit_window,0,66.40700000000001,66.40700000000001,2,2,1445.86,outside_fit_window,66.40700000000001,,,frozen_selection,,,frozen_clean_CH2_CH3,Below unchanged 120 ns lower limit,outside_fit_window,1480.86,1470.86,False,Below unchanged 120 ns lower limit,outside_fit_window,record_end_minus_10_ns
Datos/Med_con_Decaimientos/decaimientos.txt::block125::event125,125,Datos/Med_con_Decaimientos/decaimientos.txt,1024,detected,accepted,ambiguous,veto_prompt3_detected,,,,,,1447.52,veto_prompt3_detected,,,,frozen_selection,,,frozen_clean_CH2_CH3,veto_prompt3_detected,veto_prompt3_detected,1482.52,1472.52,False,veto_prompt3_detected,veto_prompt3_detected,record_end_minus_10_ns
Datos/Med_con_Decaimientos/decaimientos.txt::block126::event126,126,Datos/Med_con_Decaimientos/decaimientos.txt,1024,not_detected_above_threshold,accepted,candidate,selected,0,132.812,132.812,3,3,1454.1599999999999,selected,132.812,,,frozen_selection,,,frozen_clean_CH2_CH3,"Inside user-adopted [120 ns, individual record end minus 10 ns] window",selected,1489.1599999999999,1479.1599999999999,True,Inside tested observation window,selected,record_end_minus_10_ns
Datos/Med_con_Decaimientos/decaimientos.txt::block127::event127,127,Datos/Med_con_Decaimientos/decaimientos.txt,1024,detected,accepted,ambiguous,veto_prompt3_detected,0,1177.0510000000002,1177.0510000000002,3,3,1452.5,veto_prompt3_detected,1177.0510000000002,,,frozen_selection,,,frozen_clean_CH2_CH3,veto_prompt3_detected,veto_prompt3_detected,1487.5,1477.5,False,veto_prompt3_detected,veto_prompt3_detected,record_end_minus_10_ns
Datos/Med_con_Decaimientos/decaimientos.txt::block128::event128,128,Datos/Med_con_Decaimientos/decaimientos.txt,1024,not_detected_above_threshold,accepted,candidate,selected,0,552.832,552.832,2,2,1449.1799999999998,selected,552.832,,,frozen_selection,,,frozen_clean_CH2_CH3,"Inside user-adopted [120 ns, individual record end minus 10 ns] window",selected,1484.1799999999998,1474.1799999999998,True,Inside tested observation window,selected,record_end_minus_10_ns
Datos/Med_con_Decaimientos/decaimientos.txt::block129::event129,129,Datos/Med_con_Decaimientos/decaimientos.txt,1024,not_detected_above_threshold,accepted,ambiguous,selected,0,1172.0700000000002,1172.0700000000002,1+2,2,1452.5,selected,1172.0700000000002,,,frozen_selection,,,frozen_clean_CH2_CH3,"Inside user-adopted [120 ns, individual record end minus 10 ns] window",selected,1487.5,1477.5,True,Inside tested observation window,selected,record_end_minus_10_ns
Datos/Med_con_Decaimientos/decaimientos.txt::block130::event130,130,Datos/Med_con_Decaimientos/decaimientos.txt,1024,ambiguous,accepted,no_secondary_above_threshold,pending_prompt3_uncertain,,,,,,1425.9379999999999,pending_prompt3_uncertain,,,,frozen_selection,,,frozen_clean_CH2_CH3,pending_prompt3_uncertain,pending_prompt3_uncertain,1460.9379999999999,1450.9379999999999,False,pending_prompt3_uncertain,pending_prompt3_uncertain,record_end_minus_10_ns
Datos/Med_con_Decaimientos/decaimientos.txt::block131::event131,131,Datos/Med_con_Decaimientos/decaimientos.txt,1024,detected,accepted,ambiguous,veto_prompt3_detected,,,,,,1440.879,veto_prompt3_detected,,,,frozen_selection,,,frozen_clean_CH2_CH3,veto_prompt3_detected,veto_prompt3_detected,1475.879,1465.879,False,veto_prompt3_detected,veto_prompt3_detected,record_end_minus_10_ns
Datos/Med_con_Decaimientos/decaimientos.txt::block132::event132,132,Datos/Med_con_Decaimientos/decaimientos.txt,1024,detected,accepted,ambiguous,veto_prompt3_detected,1,765.3320000000001,765.3320000000001,3,3,1447.52,veto_prompt3_detected,765.3320000000001,,,frozen_selection,,,frozen_clean_CH2_CH3,veto_prompt3_detected,veto_prompt3_detected,1482.52,1472.52,False,veto_prompt3_detected,veto_prompt3_detected,record_end_minus_10_ns
Datos/Med_con_Decaimientos/decaimientos.txt::block133::event133,133,Datos/Med_con_Decaimientos/decaimientos.txt,1024,not_detected_above_threshold,ambiguous,not_evaluable,pending_initial_quality,0,227.441,227.441,2,2,1462.461,pending_initial_quality,227.441,,,frozen_selection,,,frozen_clean_CH2_CH3,pending_initial_quality,pending_initial_quality,1497.461,1487.461,False,pending_initial_quality,pending_initial_quality,record_end_minus_10_ns
Datos/Med_con_Decaimientos/decaimientos.txt::block134::event134,134,Datos/Med_con_Decaimientos/decaimientos.txt,1024,not_detected_above_threshold,accepted,ambiguous,selected,0,1168.7505,,,3,1447.52,no_clean_secondary,,accept_quality,,user_message_approve_all_mixed_weak_seeds,clean_plus_weak_49,3;4,mean_accepted_CH2_CH3,"Inside user-adopted [120 ns, individual record end minus 10 ns] window",selected,1482.52,1472.52,True,Inside tested observation window,selected,record_end_minus_10_ns
Datos/Med_con_Decaimientos/decaimientos.txt::block135::event135,135,Datos/Med_con_Decaimientos/decaimientos.txt,1024,not_detected_above_threshold,accepted,candidate,outside_fit_window,0,61.426000000000016,61.426000000000016,2,2,1445.86,outside_fit_window,61.426000000000016,,,frozen_selection,,,frozen_clean_CH2_CH3,Below unchanged 120 ns lower limit,outside_fit_window,1480.86,1470.86,False,Below unchanged 120 ns lower limit,outside_fit_window,record_end_minus_10_ns
Datos/Med_con_Decaimientos/decaimientos.txt::block136::event136,136,Datos/Med_con_Decaimientos/decaimientos.txt,1024,detected,accepted,ambiguous,veto_prompt3_detected,0,159.375,159.375,3,3,1454.1599999999999,veto_prompt3_detected,159.375,,,frozen_selection,,,frozen_clean_CH2_CH3,veto_prompt3_detected,veto_prompt3_detected,1489.1599999999999,1479.1599999999999,False,veto_prompt3_detected,veto_prompt3_detected,record_end_minus_10_ns
Datos/Med_con_Decaimientos/decaimientos.txt::block137::event137,137,Datos/Med_con_Decaimientos/decaimientos.txt,1024,detected,accepted,ambiguous,veto_prompt3_detected,,,,,,1444.1989999999998,veto_prompt3_detected,,,,frozen_selection,,,frozen_clean_CH2_CH3,veto_prompt3_detected,veto_prompt3_detected,1479.1989999999998,1469.1989999999998,False,veto_prompt3_detected,veto_prompt3_detected,record_end_minus_10_ns
Datos/Med_con_Decaimientos/decaimientos.txt::block138::event138,138,Datos/Med_con_Decaimientos/decaimientos.txt,1024,not_detected_above_threshold,accepted,candidate,selected,0,200.879,200.879,3,3,1449.1799999999998,selected,200.879,,,frozen_selection,,,frozen_clean_CH2_CH3,"Inside user-adopted [120 ns, individual record end minus 10 ns] window",selected,1484.1799999999998,1474.1799999999998,True,Inside tested observation window,selected,record_end_minus_10_ns
Datos/Med_con_Decaimientos/decaimientos.txt::block139::event139,139,Datos/Med_con_Decaimientos/decaimientos.txt,1024,not_detected_above_threshold,accepted,candidate,selected,1,1281.641,1281.641,2,2,1457.481,selected,1281.641,,,frozen_selection,,,frozen_clean_CH2_CH3,"Inside user-adopted [120 ns, individual record end minus 10 ns] window",selected,1492.481,1482.481,True,Inside tested observation window,selected,record_end_minus_10_ns
Datos/Med_con_Decaimientos/decaimientos.txt::block140::event140,140,Datos/Med_con_Decaimientos/decaimientos.txt,1024,detected,accepted,ambiguous,veto_prompt3_detected,0,313.76900000000006,313.76900000000006,3,3,1442.539,veto_prompt3_detected,313.76900000000006,,,frozen_selection,,,frozen_clean_CH2_CH3,veto_prompt3_detected,veto_prompt3_detected,1477.539,1467.539,False,veto_prompt3_detected,veto_prompt3_detected,record_end_minus_10_ns
Datos/Med_con_Decaimientos/decaimientos.txt::block141::event141,141,Datos/Med_con_Decaimientos/decaimientos.txt,1024,detected,accepted,ambiguous,veto_prompt3_detected,0,255.66400000000002,255.66400000000002,1+2,2,1449.1799999999998,veto_prompt3_detected,255.66400000000002,,,frozen_selection,,,frozen_clean_CH2_CH3,veto_prompt3_detected,veto_prompt3_detected,1484.1799999999998,1474.1799999999998,False,veto_prompt3_detected,veto_prompt3_detected,record_end_minus_10_ns
Datos/Med_con_Decaimientos/decaimientos.txt::block142::event142,142,Datos/Med_con_Decaimientos/decaimientos.txt,1024,not_detected_above_threshold,accepted,ambiguous,selected,0,121.19199999999998,,,2,1435.899,no_clean_secondary,,accept_quality,,user_export,clipped_1,2,largest_amplitude_CH2_CH3_seed_minimum,"Inside user-adopted [120 ns, individual record end minus 10 ns] window",selected,1470.899,1460.899,True,Inside tested observation window,selected,record_end_minus_10_ns
Datos/Med_con_Decaimientos/decaimientos.txt::block143::event143,143,Datos/Med_con_Decaimientos/decaimientos.txt,1024,not_detected_above_threshold,accepted,candidate,selected,1,1384.57,1384.57,2,2,1455.82,selected,1384.57,,,frozen_selection,,,frozen_clean_CH2_CH3,"Inside user-adopted [120 ns, individual record end minus 10 ns] window",selected,1490.82,1480.82,True,Inside tested observation window,selected,record_end_minus_10_ns
Datos/Med_con_Decaimientos/decaimientos.txt::block144::event144,144,Datos/Med_con_Decaimientos/decaimientos.txt,1024,not_detected_above_threshold,accepted,candidate,selected,0,469.82400000000007,469.82400000000007,2,2,1460.801,selected,469.82400000000007,,,frozen_selection,,,frozen_clean_CH2_CH3,"Inside user-adopted [120 ns, individual record end minus 10 ns] window",selected,1495.801,1485.801,True,Inside tested observation window,selected,record_end_minus_10_ns
Datos/Med_con_Decaimientos/decaimientos.txt::block145::event145,145,Datos/Med_con_Decaimientos/decaimientos.txt,1024,not_detected_above_threshold,accepted,candidate,selected,0,602.637,602.637,2,2,1450.84,selected,602.637,,,frozen_selection,,,frozen_clean_CH2_CH3,"Inside user-adopted [120 ns, individual record end minus 10 ns] window",selected,1485.84,1475.84,True,Inside tested observation window,selected,record_end_minus_10_ns
Datos/Med_con_Decaimientos/decaimientos.txt::block146::event146,146,Datos/Med_con_Decaimientos/decaimientos.txt,1024,detected,accepted,ambiguous,veto_prompt3_detected,1,526.27,526.27,3,3,1449.1799999999998,veto_prompt3_detected,526.27,,,frozen_selection,,,frozen_clean_CH2_CH3,veto_prompt3_detected,veto_prompt3_detected,1484.1799999999998,1474.1799999999998,False,veto_prompt3_detected,veto_prompt3_detected,record_end_minus_10_ns
Datos/Med_con_Decaimientos/decaimientos.txt::block147::event147,147,Datos/Med_con_Decaimientos/decaimientos.txt,1024,not_detected_above_threshold,accepted,candidate,selected,2,403.41800000000006,403.41800000000006,2,2,1447.52,selected,403.41800000000006,,,frozen_selection,,,frozen_clean_CH2_CH3,"Inside user-adopted [120 ns, individual record end minus 10 ns] window",selected,1482.52,1472.52,True,Inside tested observation window,selected,record_end_minus_10_ns
Datos/Med_con_Decaimientos/decaimientos.txt::block148::event148,148,Datos/Med_con_Decaimientos/decaimientos.txt,1024,not_detected_above_threshold,accepted,candidate,selected,2,903.125,903.125,2,2,1450.84,selected,903.125,,,frozen_selection,,,frozen_clean_CH2_CH3,"Inside user-adopted [120 ns, individual record end minus 10 ns] window",selected,1485.84,1475.84,True,Inside tested observation window,selected,record_end_minus_10_ns
Datos/Med_con_Decaimientos/decaimientos.txt::block149::event149,149,Datos/Med_con_Decaimientos/decaimientos.txt,1024,not_detected_above_threshold,accepted,ambiguous,selected,1,376.855,376.855,1+2,2,1444.1989999999998,selected,376.855,,,frozen_selection,,,frozen_clean_CH2_CH3,"Inside user-adopted [120 ns, individual record end minus 10 ns] window",selected,1479.1989999999998,1469.1989999999998,True,Inside tested observation window,selected,record_end_minus_10_ns
Datos/Med_con_Decaimientos/decaimientos.txt::block150::event150,150,Datos/Med_con_Decaimientos/decaimientos.txt,1024,not_detected_above_threshold,accepted,ambiguous,selected,0,717.188,717.188,1+2,2,1467.442,selected,717.188,,,frozen_selection,,,frozen_clean_CH2_CH3,"Inside user-adopted [120 ns, individual record end minus 10 ns] window",selected,1502.442,1492.442,True,Inside tested observation window,selected,record_end_minus_10_ns
Datos/Med_con_Decaimientos/decaimientos.txt::block151::event151,151,Datos/Med_con_Decaimientos/decaimientos.txt,1024,ambiguous,ambiguous,not_evaluable,pending_prompt3_uncertain,,,,,,1457.481,pending_prompt3_uncertain,,,,frozen_selection,,,frozen_clean_CH2_CH3,pending_prompt3_uncertain,pending_prompt3_uncertain,1492.481,1482.481,False,pending_prompt3_uncertain,pending_prompt3_uncertain,record_end_minus_10_ns
Datos/Med_con_Decaimientos/decaimientos.txt::block152::event152,152,Datos/Med_con_Decaimientos/decaimientos.txt,1024,detected,accepted,ambiguous,veto_prompt3_detected,1,370.215,370.215,3,3,1447.52,veto_prompt3_detected,370.215,,,frozen_selection,,,frozen_clean_CH2_CH3,veto_prompt3_detected,veto_prompt3_detected,1482.52,1472.52,False,veto_prompt3_detected,veto_prompt3_detected,record_end_minus_10_ns
Datos/Med_con_Decaimientos/decaimientos.txt::block153::event153,153,Datos/Med_con_Decaimientos/decaimientos.txt,1024,not_detected_above_threshold,accepted,candidate,outside_fit_window,1,109.57099999999997,109.57099999999997,3,3,1437.559,outside_fit_window,109.57099999999997,,,frozen_selection,,,frozen_clean_CH2_CH3,Below unchanged 120 ns lower limit,outside_fit_window,1472.559,1462.559,False,Below unchanged 120 ns lower limit,outside_fit_window,record_end_minus_10_ns
Datos/Med_con_Decaimientos/decaimientos.txt::block154::event154,154,Datos/Med_con_Decaimientos/decaimientos.txt,1024,not_detected_above_threshold,accepted,candidate,outside_fit_window,0,79.68799999999999,79.68799999999999,2,2,1447.52,outside_fit_window,79.68799999999999,,,frozen_selection,,,frozen_clean_CH2_CH3,Below unchanged 120 ns lower limit,outside_fit_window,1482.52,1472.52,False,Below unchanged 120 ns lower limit,outside_fit_window,record_end_minus_10_ns
Datos/Med_con_Decaimientos/decaimientos.txt::block155::event155,155,Datos/Med_con_Decaimientos/decaimientos.txt,1024,not_detected_above_threshold,accepted,candidate,selected,0,796.875,796.875,2,2,1447.52,selected,796.875,,,frozen_selection,,,frozen_clean_CH2_CH3,"Inside user-adopted [120 ns, individual record end minus 10 ns] window",selected,1482.52,1472.52,True,Inside tested observation window,selected,record_end_minus_10_ns
Datos/Med_con_Decaimientos/decaimientos.txt::block156::event156,156,Datos/Med_con_Decaimientos/decaimientos.txt,1024,not_detected_above_threshold,accepted,candidate,selected,0,182.617,182.617,2,2,1462.461,selected,182.617,,,frozen_selection,,,frozen_clean_CH2_CH3,"Inside user-adopted [120 ns, individual record end minus 10 ns] window",selected,1497.461,1487.461,True,Inside tested observation window,selected,record_end_minus_10_ns
Datos/Med_con_Decaimientos/decaimientos.txt::block157::event157,157,Datos/Med_con_Decaimientos/decaimientos.txt,1024,not_detected_above_threshold,accepted,candidate,selected,1,272.26599999999996,272.26599999999996,2,2,1449.1799999999998,selected,272.26599999999996,,,frozen_selection,,,frozen_clean_CH2_CH3,"Inside user-adopted [120 ns, individual record end minus 10 ns] window",selected,1484.1799999999998,1474.1799999999998,True,Inside tested observation window,selected,record_end_minus_10_ns
Datos/Med_con_Decaimientos/decaimientos.txt::block158::event158,158,Datos/Med_con_Decaimientos/decaimientos.txt,1024,not_detected_above_threshold,accepted,candidate,selected,0,366.895,366.895,2,2,1450.84,selected,366.895,,,frozen_selection,,,frozen_clean_CH2_CH3,"Inside user-adopted [120 ns, individual record end minus 10 ns] window",selected,1485.84,1475.84,True,Inside tested observation window,selected,record_end_minus_10_ns
Datos/Med_con_Decaimientos/decaimientos.txt::block159::event159,159,Datos/Med_con_Decaimientos/decaimientos.txt,1024,not_detected_above_threshold,accepted,ambiguous,selected,1,1205.2730000000001,1206.103,1+2,2,1452.5,selected,1205.2730000000001,,,frozen_selection,,,frozen_clean_CH2_CH3,"Inside user-adopted [120 ns, individual record end minus 10 ns] window",selected,1487.5,1477.5,True,Inside tested observation window,selected,record_end_minus_10_ns
Datos/Med_con_Decaimientos/decaimientos.txt::block160::event160,160,Datos/Med_con_Decaimientos/decaimientos.txt,1024,detected,accepted,ambiguous,veto_prompt3_detected,0,1080.761,1080.761,3,3,1455.82,veto_prompt3_detected,1080.761,,,frozen_selection,,,frozen_clean_CH2_CH3,veto_prompt3_detected,veto_prompt3_detected,1490.82,1480.82,False,veto_prompt3_detected,veto_prompt3_detected,record_end_minus_10_ns
Datos/Med_con_Decaimientos/decaimientos.txt::block161::event161,161,Datos/Med_con_Decaimientos/decaimientos.txt,1024,not_detected_above_threshold,accepted,candidate,selected,1,1279.981,1279.981,2,2,1447.52,selected,1279.981,,,frozen_selection,,,frozen_clean_CH2_CH3,"Inside user-adopted [120 ns, individual record end minus 10 ns] window",selected,1482.52,1472.52,True,Inside tested observation window,selected,record_end_minus_10_ns
Datos/Med_con_Decaimientos/decaimientos.txt::block162::event162,162,Datos/Med_con_Decaimientos/decaimientos.txt,1024,detected,accepted,ambiguous,veto_prompt3_detected,0,91.30800000000002,91.30800000000002,3,3,1452.5,veto_prompt3_detected,91.30800000000002,,,frozen_selection,,,frozen_clean_CH2_CH3,veto_prompt3_detected,veto_prompt3_detected,1487.5,1477.5,False,veto_prompt3_detected,veto_prompt3_detected,record_end_minus_10_ns
Datos/Med_con_Decaimientos/decaimientos.txt::block163::event163,163,Datos/Med_con_Decaimientos/decaimientos.txt,1024,not_detected_above_threshold,accepted,candidate,selected,0,627.539,627.539,2,2,1450.84,selected,627.539,,,frozen_selection,,,frozen_clean_CH2_CH3,"Inside user-adopted [120 ns, individual record end minus 10 ns] window",selected,1485.84,1475.84,True,Inside tested observation window,selected,record_end_minus_10_ns
Datos/Med_con_Decaimientos/decaimientos.txt::block164::event164,164,Datos/Med_con_Decaimientos/decaimientos.txt,1024,not_detected_above_threshold,accepted,candidate,selected,1,1198.633,1198.633,2,2,1462.461,selected,1198.633,,,frozen_selection,,,frozen_clean_CH2_CH3,"Inside user-adopted [120 ns, individual record end minus 10 ns] window",selected,1497.461,1487.461,True,Inside tested observation window,selected,record_end_minus_10_ns
Datos/Med_con_Decaimientos/decaimientos.txt::block165::event165,165,Datos/Med_con_Decaimientos/decaimientos.txt,1024,not_detected_above_threshold,accepted,candidate,selected,0,277.246,277.246,2,2,1450.84,selected,277.246,,,frozen_selection,,,frozen_clean_CH2_CH3,"Inside user-adopted [120 ns, individual record end minus 10 ns] window",selected,1485.84,1475.84,True,Inside tested observation window,selected,record_end_minus_10_ns
Datos/Med_con_Decaimientos/decaimientos.txt::block166::event166,166,Datos/Med_con_Decaimientos/decaimientos.txt,1024,not_detected_above_threshold,accepted,candidate,selected,0,821.777,821.777,2,2,1450.84,selected,821.777,,,frozen_selection,,,frozen_clean_CH2_CH3,"Inside user-adopted [120 ns, individual record end minus 10 ns] window",selected,1485.84,1475.84,True,Inside tested observation window,selected,record_end_minus_10_ns
Datos/Med_con_Decaimientos/decaimientos.txt::block167::event167,167,Datos/Med_con_Decaimientos/decaimientos.txt,1024,not_detected_above_threshold,accepted,candidate,selected,0,254.00400000000002,254.00400000000002,2,2,1454.1599999999999,selected,254.00400000000002,,,frozen_selection,,,frozen_clean_CH2_CH3,"Inside user-adopted [120 ns, individual record end minus 10 ns] window",selected,1489.1599999999999,1479.1599999999999,True,Inside tested observation window,selected,record_end_minus_10_ns
Datos/Med_con_Decaimientos/decaimientos.txt::block168::event168,168,Datos/Med_con_Decaimientos/decaimientos.txt,1024,detected,accepted,ambiguous,veto_prompt3_detected,0,370.21500000000003,370.21500000000003,3,3,1439.2189999999998,veto_prompt3_detected,370.21500000000003,,,frozen_selection,,,frozen_clean_CH2_CH3,veto_prompt3_detected,veto_prompt3_detected,1474.2189999999998,1464.2189999999998,False,veto_prompt3_detected,veto_prompt3_detected,record_end_minus_10_ns
Datos/Med_con_Decaimientos/decaimientos.txt::block169::event169,169,Datos/Med_con_Decaimientos/decaimientos.txt,1024,not_detected_above_threshold,accepted,candidate,selected,0,634.18,634.18,2,2,1450.84,selected,634.18,,,frozen_selection,,,frozen_clean_CH2_CH3,"Inside user-adopted [120 ns, individual record end minus 10 ns] window",selected,1485.84,1475.84,True,Inside tested observation window,selected,record_end_minus_10_ns
Datos/Med_con_Decaimientos/decaimientos.txt::block170::event170,170,Datos/Med_con_Decaimientos/decaimientos.txt,1024,ambiguous,accepted,ambiguous,pending_prompt3_uncertain,1,292.188,292.188,3,3,1449.1799999999998,pending_prompt3_uncertain,292.188,,,frozen_selection,,,frozen_clean_CH2_CH3,pending_prompt3_uncertain,pending_prompt3_uncertain,1484.1799999999998,1474.1799999999998,False,pending_prompt3_uncertain,pending_prompt3_uncertain,record_end_minus_10_ns
Datos/Med_con_Decaimientos/decaimientos.txt::block171::event171,171,Datos/Med_con_Decaimientos/decaimientos.txt,1024,detected,accepted,ambiguous,veto_prompt3_detected,0,263.96400000000006,263.96400000000006,3,3,1444.1989999999998,veto_prompt3_detected,263.96400000000006,,,frozen_selection,,,frozen_clean_CH2_CH3,veto_prompt3_detected,veto_prompt3_detected,1479.1989999999998,1469.1989999999998,False,veto_prompt3_detected,veto_prompt3_detected,record_end_minus_10_ns
Datos/Med_con_Decaimientos/decaimientos.txt::block172::event172,172,Datos/Med_con_Decaimientos/decaimientos.txt,1024,not_detected_above_threshold,accepted,ambiguous,selected,0,996.0939999999999,,,2,1457.481,no_clean_secondary,,accept_quality,,user_message_approve_all_mixed_weak_seeds,clean_plus_weak_49,2,mean_accepted_CH2_CH3,"Inside user-adopted [120 ns, individual record end minus 10 ns] window",selected,1492.481,1482.481,True,Inside tested observation window,selected,record_end_minus_10_ns
Datos/Med_con_Decaimientos/decaimientos.txt::block173::event173,173,Datos/Med_con_Decaimientos/decaimientos.txt,1024,detected,accepted,ambiguous,veto_prompt3_detected,0,164.35499999999996,164.35499999999996,3,3,1440.879,veto_prompt3_detected,164.35499999999996,,,frozen_selection,,,frozen_clean_CH2_CH3,veto_prompt3_detected,veto_prompt3_detected,1475.879,1465.879,False,veto_prompt3_detected,veto_prompt3_detected,record_end_minus_10_ns
Datos/Med_con_Decaimientos/decaimientos.txt::block174::event174,174,Datos/Med_con_Decaimientos/decaimientos.txt,1024,not_detected_above_threshold,accepted,ambiguous,selected,1,904.7849999999999,,,2,1459.1409999999998,no_clean_secondary,,accept_quality,,user_message_approve_all_mixed_weak_seeds,clean_plus_weak_49,4,mean_accepted_CH2_CH3,"Inside user-adopted [120 ns, individual record end minus 10 ns] window",selected,1494.1409999999998,1484.1409999999998,True,Inside tested observation window,selected,record_end_minus_10_ns
Datos/Med_con_Decaimientos/decaimientos.txt::block175::event175,175,Datos/Med_con_Decaimientos/decaimientos.txt,1024,not_detected_above_threshold,accepted,candidate,selected,1,1092.383,1092.383,3,3,1442.539,selected,1092.383,,,frozen_selection,,,frozen_clean_CH2_CH3,"Inside user-adopted [120 ns, individual record end minus 10 ns] window",selected,1477.539,1467.539,True,Inside tested observation window,selected,record_end_minus_10_ns
Datos/Med_con_Decaimientos/decaimientos.txt::block176::event176,176,Datos/Med_con_Decaimientos/decaimientos.txt,1024,detected,accepted,ambiguous,veto_prompt3_detected,1,924.707,924.707,3,3,1452.5,veto_prompt3_detected,924.707,,,frozen_selection,,,frozen_clean_CH2_CH3,veto_prompt3_detected,veto_prompt3_detected,1487.5,1477.5,False,veto_prompt3_detected,veto_prompt3_detected,record_end_minus_10_ns
Datos/Med_con_Decaimientos/decaimientos.txt::block177::event177,177,Datos/Med_con_Decaimientos/decaimientos.txt,1024,not_detected_above_threshold,accepted,candidate,selected,0,131.15200000000002,131.15200000000002,2,2,1455.82,selected,131.15200000000002,,,frozen_selection,,,frozen_clean_CH2_CH3,"Inside user-adopted [120 ns, individual record end minus 10 ns] window",selected,1490.82,1480.82,True,Inside tested observation window,selected,record_end_minus_10_ns
Datos/Med_con_Decaimientos/decaimientos.txt::block178::event178,178,Datos/Med_con_Decaimientos/decaimientos.txt,1024,not_detected_above_threshold,accepted,candidate,selected,0,428.32000000000005,428.32000000000005,2,2,1449.1799999999998,selected,428.32000000000005,,,frozen_selection,,,frozen_clean_CH2_CH3,"Inside user-adopted [120 ns, individual record end minus 10 ns] window",selected,1484.1799999999998,1474.1799999999998,True,Inside tested observation window,selected,record_end_minus_10_ns
Datos/Med_con_Decaimientos/decaimientos.txt::block179::event179,179,Datos/Med_con_Decaimientos/decaimientos.txt,1024,detected,accepted,ambiguous,veto_prompt3_detected,0,605.9570000000001,605.9570000000001,3,3,1447.52,veto_prompt3_detected,605.9570000000001,,,frozen_selection,,,frozen_clean_CH2_CH3,veto_prompt3_detected,veto_prompt3_detected,1482.52,1472.52,False,veto_prompt3_detected,veto_prompt3_detected,record_end_minus_10_ns
Datos/Med_con_Decaimientos/decaimientos.txt::block180::event180,180,Datos/Med_con_Decaimientos/decaimientos.txt,1024,not_detected_above_threshold,accepted,ambiguous,selected,0,766.9920000000001,,,2,1449.1799999999998,no_clean_secondary,,accept_quality,,user_message_approve_all_mixed_weak_seeds,clean_plus_weak_49,2,mean_accepted_CH2_CH3,"Inside user-adopted [120 ns, individual record end minus 10 ns] window",selected,1484.1799999999998,1474.1799999999998,True,Inside tested observation window,selected,record_end_minus_10_ns
Datos/Med_con_Decaimientos/decaimientos.txt::block181::event181,181,Datos/Med_con_Decaimientos/decaimientos.txt,1024,not_detected_above_threshold,accepted,candidate,selected,2,1246.778,1246.778,2,2,1445.86,selected,1246.778,,,frozen_selection,,,frozen_clean_CH2_CH3,"Inside user-adopted [120 ns, individual record end minus 10 ns] window",selected,1480.86,1470.86,True,Inside tested observation window,selected,record_end_minus_10_ns
Datos/Med_con_Decaimientos/decaimientos.txt::block182::event182,182,Datos/Med_con_Decaimientos/decaimientos.txt,1024,not_detected_above_threshold,accepted,candidate,selected,2,650.781,650.781,2,2,1452.5,selected,650.781,,,frozen_selection,,,frozen_clean_CH2_CH3,"Inside user-adopted [120 ns, individual record end minus 10 ns] window",selected,1487.5,1477.5,True,Inside tested observation window,selected,record_end_minus_10_ns
Datos/Med_con_Decaimientos/decaimientos.txt::block183::event183,183,Datos/Med_con_Decaimientos/decaimientos.txt,1024,not_detected_above_threshold,accepted,ambiguous,selected,0,1459.277,,,,1455.82,no_clean_secondary,,accept_quality,,user_export,outside_window_20,,,"Inside user-adopted [120 ns, individual record end minus 10 ns] window",outside_fit_window,1490.82,1480.82,True,Inside tested observation window,outside_fit_window,record_end_minus_10_ns
Datos/Med_con_Decaimientos/decaimientos.txt::block184::event184,184,Datos/Med_con_Decaimientos/decaimientos.txt,1024,detected,accepted,ambiguous,veto_prompt3_detected,0,375.19499999999994,375.19499999999994,3,3,1452.5,veto_prompt3_detected,375.19499999999994,,,frozen_selection,,,frozen_clean_CH2_CH3,veto_prompt3_detected,veto_prompt3_detected,1487.5,1477.5,False,veto_prompt3_detected,veto_prompt3_detected,record_end_minus_10_ns
Datos/Med_con_Decaimientos/decaimientos.txt::block185::event185,185,Datos/Med_con_Decaimientos/decaimientos.txt,1024,not_detected_above_threshold,accepted,ambiguous,selected,2,758.692,758.692,1+2,2,1447.52,selected,758.692,,,frozen_selection,,,frozen_clean_CH2_CH3,"Inside user-adopted [120 ns, individual record end minus 10 ns] window",selected,1482.52,1472.52,True,Inside tested observation window,selected,record_end_minus_10_ns
Datos/Med_con_Decaimientos/decaimientos.txt::block186::event186,186,Datos/Med_con_Decaimientos/decaimientos.txt,1024,not_detected_above_threshold,accepted,candidate,selected,0,690.625,690.625,2,2,1459.1409999999998,selected,690.625,,,frozen_selection,,,frozen_clean_CH2_CH3,"Inside user-adopted [120 ns, individual record end minus 10 ns] window",selected,1494.1409999999998,1484.1409999999998,True,Inside tested observation window,selected,record_end_minus_10_ns
Datos/Med_con_Decaimientos/decaimientos.txt::block187::event187,187,Datos/Med_con_Decaimientos/decaimientos.txt,1024,not_detected_above_threshold,accepted,candidate,selected,0,1434.375,1434.375,2,2,1459.1409999999998,outside_fit_window,1434.375,,,frozen_selection,,,frozen_clean_CH2_CH3,"Inside user-adopted [120 ns, individual record end minus 10 ns] window",outside_fit_window,1494.1409999999998,1484.1409999999998,True,Inside tested observation window,outside_fit_window,record_end_minus_10_ns
Datos/Med_con_Decaimientos/decaimientos.txt::block188::event188,188,Datos/Med_con_Decaimientos/decaimientos.txt,1024,not_detected_above_threshold,accepted,ambiguous,selected,0,830.078,,,3,1447.52,no_clean_secondary,,accept_quality,,user_message_approve_all_mixed_weak_seeds,clean_plus_weak_49,3,mean_accepted_CH2_CH3,"Inside user-adopted [120 ns, individual record end minus 10 ns] window",selected,1482.52,1472.52,True,Inside tested observation window,selected,record_end_minus_10_ns
Datos/Med_con_Decaimientos/decaimientos.txt::block189::event189,189,Datos/Med_con_Decaimientos/decaimientos.txt,1024,not_detected_above_threshold,accepted,candidate,outside_fit_window,0,83.00800000000001,83.00800000000001,2,2,1457.481,outside_fit_window,83.00800000000001,,,frozen_selection,,,frozen_clean_CH2_CH3,Below unchanged 120 ns lower limit,outside_fit_window,1492.481,1482.481,False,Below unchanged 120 ns lower limit,outside_fit_window,record_end_minus_10_ns
Datos/Med_con_Decaimientos/decaimientos.txt::block190::event190,190,Datos/Med_con_Decaimientos/decaimientos.txt,1024,ambiguous,ambiguous,not_evaluable,pending_prompt3_uncertain,,,,,,1479.0629999999999,pending_prompt3_uncertain,,,,frozen_selection,,,frozen_clean_CH2_CH3,pending_prompt3_uncertain,pending_prompt3_uncertain,1514.0629999999999,1504.0629999999999,False,pending_prompt3_uncertain,pending_prompt3_uncertain,record_end_minus_10_ns
Datos/Med_con_Decaimientos/decaimientos.txt::block191::event191,191,Datos/Med_con_Decaimientos/decaimientos.txt,1024,not_detected_above_threshold,accepted,candidate,selected,1,1328.125,1328.125,2,2,1444.1989999999998,selected,1328.125,,,frozen_selection,,,frozen_clean_CH2_CH3,"Inside user-adopted [120 ns, individual record end minus 10 ns] window",selected,1479.1989999999998,1469.1989999999998,True,Inside tested observation window,selected,record_end_minus_10_ns
Datos/Med_con_Decaimientos/decaimientos.txt::block192::event192,192,Datos/Med_con_Decaimientos/decaimientos.txt,1024,ambiguous,accepted,ambiguous,pending_prompt3_uncertain,0,1100.684,1100.684,3,3,1457.481,pending_prompt3_uncertain,1100.684,,,frozen_selection,,,frozen_clean_CH2_CH3,pending_prompt3_uncertain,pending_prompt3_uncertain,1492.481,1482.481,False,pending_prompt3_uncertain,pending_prompt3_uncertain,record_end_minus_10_ns
Datos/Med_con_Decaimientos/decaimientos.txt::block193::event193,193,Datos/Med_con_Decaimientos/decaimientos.txt,1024,not_detected_above_threshold,accepted,candidate,selected,0,373.5350000000001,373.5350000000001,3,3,1444.1989999999998,selected,373.5350000000001,,,frozen_selection,,,frozen_clean_CH2_CH3,"Inside user-adopted [120 ns, individual record end minus 10 ns] window",selected,1479.1989999999998,1469.1989999999998,True,Inside tested observation window,selected,record_end_minus_10_ns
Datos/Med_con_Decaimientos/decaimientos.txt::block194::event194,194,Datos/Med_con_Decaimientos/decaimientos.txt,1024,not_detected_above_threshold,accepted,candidate,selected,2,937.9879999999999,937.9879999999999,3,3,1444.1989999999998,selected,937.9879999999999,,,frozen_selection,,,frozen_clean_CH2_CH3,"Inside user-adopted [120 ns, individual record end minus 10 ns] window",selected,1479.1989999999998,1469.1989999999998,True,Inside tested observation window,selected,record_end_minus_10_ns
Datos/Med_con_Decaimientos/decaimientos.txt::block195::event195,195,Datos/Med_con_Decaimientos/decaimientos.txt,1024,not_detected_above_threshold,accepted,candidate,selected,0,156.055,156.055,2,2,1440.879,selected,156.055,,,frozen_selection,,,frozen_clean_CH2_CH3,"Inside user-adopted [120 ns, individual record end minus 10 ns] window",selected,1475.879,1465.879,True,Inside tested observation window,selected,record_end_minus_10_ns
Datos/Med_con_Decaimientos/decaimientos.txt::block196::event196,196,Datos/Med_con_Decaimientos/decaimientos.txt,1024,not_detected_above_threshold,accepted,candidate,selected,4,637.5,637.5,2,2,1440.879,selected,637.5,,,frozen_selection,,,frozen_clean_CH2_CH3,"Inside user-adopted [120 ns, individual record end minus 10 ns] window",selected,1475.879,1465.879,True,Inside tested observation window,selected,record_end_minus_10_ns
Datos/Med_con_Decaimientos/decaimientos.txt::block197::event197,197,Datos/Med_con_Decaimientos/decaimientos.txt,1024,not_detected_above_threshold,accepted,candidate,selected,0,637.5,637.5,2,2,1450.84,selected,637.5,,,frozen_selection,,,frozen_clean_CH2_CH3,"Inside user-adopted [120 ns, individual record end minus 10 ns] window",selected,1485.84,1475.84,True,Inside tested observation window,selected,record_end_minus_10_ns
Datos/Med_con_Decaimientos/decaimientos.txt::block198::event198,198,Datos/Med_con_Decaimientos/decaimientos.txt,1024,detected,accepted,ambiguous,veto_prompt3_detected,0,1168.75,1168.75,3,3,1455.82,veto_prompt3_detected,1168.75,,,frozen_selection,,,frozen_clean_CH2_CH3,veto_prompt3_detected,veto_prompt3_detected,1490.82,1480.82,False,veto_prompt3_detected,veto_prompt3_detected,record_end_minus_10_ns
Datos/Med_con_Decaimientos/decaimientos.txt::block199::event199,199,Datos/Med_con_Decaimientos/decaimientos.txt,1024,not_detected_above_threshold,accepted,candidate,selected,2,991.113,991.113,2,2,1455.82,selected,991.113,,,frozen_selection,,,frozen_clean_CH2_CH3,"Inside user-adopted [120 ns, individual record end minus 10 ns] window",selected,1490.82,1480.82,True,Inside tested observation window,selected,record_end_minus_10_ns
Datos/Med_con_Decaimientos/decaimientos.txt::block200::event200,200,Datos/Med_con_Decaimientos/decaimientos.txt,1024,not_detected_above_threshold,accepted,candidate,selected,0,549.5120000000001,549.5120000000001,3,3,1449.1799999999998,selected,549.5120000000001,,,frozen_selection,,,frozen_clean_CH2_CH3,"Inside user-adopted [120 ns, individual record end minus 10 ns] window",selected,1484.1799999999998,1474.1799999999998,True,Inside tested observation window,selected,record_end_minus_10_ns
Datos/Med_con_Decaimientos/decaimientos.txt::block201::event201,201,Datos/Med_con_Decaimientos/decaimientos.txt,1024,not_detected_above_threshold,accepted,no_secondary_above_threshold,accepted_quality_time_unresolved,,,,,,1445.86,no_clean_secondary,,accept_quality,,user_export,no_usable_catalogued_time_10,,,Quality accepted; no usable catalogued secondary CH2/CH3 time,accepted_quality_time_unresolved,1480.86,1470.86,False,Quality accepted; no usable catalogued secondary CH2/CH3 time,accepted_quality_time_unresolved,record_end_minus_10_ns
Datos/Med_con_Decaimientos/decaimientos.txt::block202::event202,202,Datos/Med_con_Decaimientos/decaimientos.txt,1024,not_detected_above_threshold,accepted,ambiguous,selected,0,605.958,,,2,1445.86,no_clean_secondary,,accept_quality,,user_message_approve_all_mixed_weak_seeds,clean_plus_weak_49,2,mean_accepted_CH2_CH3,"Inside user-adopted [120 ns, individual record end minus 10 ns] window",selected,1480.86,1470.86,True,Inside tested observation window,selected,record_end_minus_10_ns
Datos/Med_con_Decaimientos/decaimientos.txt::block203::event203,203,Datos/Med_con_Decaimientos/decaimientos.txt,1024,not_detected_above_threshold,accepted,candidate,selected,2,634.18,634.18,2,2,1445.86,selected,634.18,,,frozen_selection,,,frozen_clean_CH2_CH3,"Inside user-adopted [120 ns, individual record end minus 10 ns] window",selected,1480.86,1470.86,True,Inside tested observation window,selected,record_end_minus_10_ns
Datos/Med_con_Decaimientos/decaimientos.txt::block204::event204,204,Datos/Med_con_Decaimientos/decaimientos.txt,1024,not_detected_above_threshold,accepted,candidate,selected,0,730.4689999999999,730.4689999999999,2,2,1445.86,selected,730.4689999999999,,,frozen_selection,,,frozen_clean_CH2_CH3,"Inside user-adopted [120 ns, individual record end minus 10 ns] window",selected,1480.86,1470.86,True,Inside tested observation window,selected,record_end_minus_10_ns
Datos/Med_con_Decaimientos/decaimientos.txt::block205::event205,205,Datos/Med_con_Decaimientos/decaimientos.txt,1024,not_detected_above_threshold,accepted,ambiguous,outside_fit_window,0,119.53099999999998,,,,1449.1799999999998,no_clean_secondary,,accept_quality,,user_export,outside_window_20,2,,Below unchanged 120 ns lower limit,outside_fit_window,1484.1799999999998,1474.1799999999998,False,Below unchanged 120 ns lower limit,outside_fit_window,record_end_minus_10_ns
Datos/Med_con_Decaimientos/decaimientos.txt::block206::event206,206,Datos/Med_con_Decaimientos/decaimientos.txt,1024,detected,accepted,ambiguous,veto_prompt3_detected,,,,,,1447.52,veto_prompt3_detected,,,,frozen_selection,,,frozen_clean_CH2_CH3,veto_prompt3_detected,veto_prompt3_detected,1482.52,1472.52,False,veto_prompt3_detected,veto_prompt3_detected,record_end_minus_10_ns
Datos/Med_con_Decaimientos/decaimientos.txt::block207::event207,207,Datos/Med_con_Decaimientos/decaimientos.txt,1024,not_detected_above_threshold,accepted,candidate,selected,1,1108.985,1108.985,3,3,1449.1799999999998,selected,1108.985,,,frozen_selection,,,frozen_clean_CH2_CH3,"Inside user-adopted [120 ns, individual record end minus 10 ns] window",selected,1484.1799999999998,1474.1799999999998,True,Inside tested observation window,selected,record_end_minus_10_ns
Datos/Med_con_Decaimientos/decaimientos.txt::block208::event208,208,Datos/Med_con_Decaimientos/decaimientos.txt,1024,detected,accepted,ambiguous,veto_prompt3_detected,,,,,,1452.5,veto_prompt3_detected,,,,frozen_selection,,,frozen_clean_CH2_CH3,veto_prompt3_detected,veto_prompt3_detected,1487.5,1477.5,False,veto_prompt3_detected,veto_prompt3_detected,record_end_minus_10_ns
Datos/Med_con_Decaimientos/decaimientos.txt::block209::event209,209,Datos/Med_con_Decaimientos/decaimientos.txt,1024,not_detected_above_threshold,accepted,candidate,outside_fit_window,0,61.42499999999998,61.42499999999998,2,2,1455.82,outside_fit_window,61.42499999999998,,,frozen_selection,,,frozen_clean_CH2_CH3,Below unchanged 120 ns lower limit,outside_fit_window,1490.82,1480.82,False,Below unchanged 120 ns lower limit,outside_fit_window,record_end_minus_10_ns
Datos/Med_con_Decaimientos/decaimientos.txt::block210::event210,210,Datos/Med_con_Decaimientos/decaimientos.txt,1024,not_detected_above_threshold,accepted,candidate,selected,0,546.191,546.191,2,2,1455.82,selected,546.191,,,frozen_selection,,,frozen_clean_CH2_CH3,"Inside user-adopted [120 ns, individual record end minus 10 ns] window",selected,1490.82,1480.82,True,Inside tested observation window,selected,record_end_minus_10_ns
Datos/Med_con_Decaimientos/decaimientos.txt::block211::event211,211,Datos/Med_con_Decaimientos/decaimientos.txt,1024,detected,accepted,ambiguous,veto_prompt3_detected,0,798.5350000000001,798.5350000000001,3,3,1447.52,veto_prompt3_detected,798.5350000000001,,,frozen_selection,,,frozen_clean_CH2_CH3,veto_prompt3_detected,veto_prompt3_detected,1482.52,1472.52,False,veto_prompt3_detected,veto_prompt3_detected,record_end_minus_10_ns
Datos/Med_con_Decaimientos/decaimientos.txt::block212::event212,212,Datos/Med_con_Decaimientos/decaimientos.txt,1024,not_detected_above_threshold,accepted,candidate,selected,0,356.933,356.933,2,2,1452.5,selected,356.933,,,frozen_selection,,,frozen_clean_CH2_CH3,"Inside user-adopted [120 ns, individual record end minus 10 ns] window",selected,1487.5,1477.5,True,Inside tested observation window,selected,record_end_minus_10_ns
Datos/Med_con_Decaimientos/decaimientos.txt::block213::event213,213,Datos/Med_con_Decaimientos/decaimientos.txt,1024,not_detected_above_threshold,accepted,candidate,selected,0,775.293,775.293,2,2,1444.1989999999998,selected,775.293,,,frozen_selection,,,frozen_clean_CH2_CH3,"Inside user-adopted [120 ns, individual record end minus 10 ns] window",selected,1479.1989999999998,1469.1989999999998,True,Inside tested observation window,selected,record_end_minus_10_ns
Datos/Med_con_Decaimientos/decaimientos.txt::block214::event214,214,Datos/Med_con_Decaimientos/decaimientos.txt,1024,not_detected_above_threshold,accepted,ambiguous,outside_fit_window,0,92.96800000000002,92.96800000000002,1+2,2,1454.1599999999999,outside_fit_window,92.96800000000002,,,frozen_selection,,,frozen_clean_CH2_CH3,Below unchanged 120 ns lower limit,outside_fit_window,1489.1599999999999,1479.1599999999999,False,Below unchanged 120 ns lower limit,outside_fit_window,record_end_minus_10_ns
Datos/Med_con_Decaimientos/decaimientos.txt::block215::event215,215,Datos/Med_con_Decaimientos/decaimientos.txt,1024,detected,accepted,ambiguous,veto_prompt3_detected,0,164.35500000000002,164.35500000000002,3,3,1454.1599999999999,veto_prompt3_detected,164.35500000000002,,,frozen_selection,,,frozen_clean_CH2_CH3,veto_prompt3_detected,veto_prompt3_detected,1489.1599999999999,1479.1599999999999,False,veto_prompt3_detected,veto_prompt3_detected,record_end_minus_10_ns
Datos/Med_con_Decaimientos/decaimientos.txt::block216::event216,216,Datos/Med_con_Decaimientos/decaimientos.txt,1024,detected,accepted,ambiguous,veto_prompt3_detected,0,516.3090000000001,516.3090000000001,3,3,1449.1799999999998,veto_prompt3_detected,516.3090000000001,,,frozen_selection,,,frozen_clean_CH2_CH3,veto_prompt3_detected,veto_prompt3_detected,1484.1799999999998,1474.1799999999998,False,veto_prompt3_detected,veto_prompt3_detected,record_end_minus_10_ns
Datos/Med_con_Decaimientos/decaimientos.txt::block217::event217,217,Datos/Med_con_Decaimientos/decaimientos.txt,1024,not_detected_above_threshold,accepted,candidate,selected,0,962.8900000000001,962.8900000000001,2,2,1455.82,selected,962.8900000000001,,,frozen_selection,,,frozen_clean_CH2_CH3,"Inside user-adopted [120 ns, individual record end minus 10 ns] window",selected,1490.82,1480.82,True,Inside tested observation window,selected,record_end_minus_10_ns
Datos/Med_con_Decaimientos/decaimientos.txt::block218::event218,218,Datos/Med_con_Decaimientos/decaimientos.txt,1024,detected,accepted,ambiguous,veto_prompt3_detected,,,,,,1450.84,veto_prompt3_detected,,,,frozen_selection,,,frozen_clean_CH2_CH3,veto_prompt3_detected,veto_prompt3_detected,1485.84,1475.84,False,veto_prompt3_detected,veto_prompt3_detected,record_end_minus_10_ns
Datos/Med_con_Decaimientos/decaimientos.txt::block219::event219,219,Datos/Med_con_Decaimientos/decaimientos.txt,1024,not_detected_above_threshold,accepted,candidate,selected,0,200.879,200.879,3,3,1452.5,selected,200.879,,,frozen_selection,,,frozen_clean_CH2_CH3,"Inside user-adopted [120 ns, individual record end minus 10 ns] window",selected,1487.5,1477.5,True,Inside tested observation window,selected,record_end_minus_10_ns
Datos/Med_con_Decaimientos/decaimientos.txt::block220::event220,220,Datos/Med_con_Decaimientos/decaimientos.txt,1024,ambiguous,ambiguous,not_evaluable,pending_prompt3_uncertain,,,,,,1462.461,pending_prompt3_uncertain,,,,frozen_selection,,,frozen_clean_CH2_CH3,pending_prompt3_uncertain,pending_prompt3_uncertain,1497.461,1487.461,False,pending_prompt3_uncertain,pending_prompt3_uncertain,record_end_minus_10_ns
Datos/Med_con_Decaimientos/decaimientos.txt::block221::event221,221,Datos/Med_con_Decaimientos/decaimientos.txt,1024,ambiguous,accepted,ambiguous,pending_prompt3_uncertain,0,1374.61,1374.61,2,2,1449.1799999999998,pending_prompt3_uncertain,1374.61,,,frozen_selection,,,frozen_clean_CH2_CH3,pending_prompt3_uncertain,pending_prompt3_uncertain,1484.1799999999998,1474.1799999999998,False,pending_prompt3_uncertain,pending_prompt3_uncertain,record_end_minus_10_ns
Datos/Med_con_Decaimientos/decaimientos.txt::block222::event222,222,Datos/Med_con_Decaimientos/decaimientos.txt,1024,not_detected_above_threshold,accepted,ambiguous,selected,0,1132.227,1132.227,1+2,2,1457.481,selected,1132.227,,,frozen_selection,,,frozen_clean_CH2_CH3,"Inside user-adopted [120 ns, individual record end minus 10 ns] window",selected,1492.481,1482.481,True,Inside tested observation window,selected,record_end_minus_10_ns
Datos/Med_con_Decaimientos/decaimientos.txt::block223::event223,223,Datos/Med_con_Decaimientos/decaimientos.txt,1024,not_detected_above_threshold,accepted,candidate,selected,0,441.601,441.601,3,3,1452.5,selected,441.601,,,frozen_selection,,,frozen_clean_CH2_CH3,"Inside user-adopted [120 ns, individual record end minus 10 ns] window",selected,1487.5,1477.5,True,Inside tested observation window,selected,record_end_minus_10_ns
Datos/Med_con_Decaimientos/decaimientos.txt::block224::event224,224,Datos/Med_con_Decaimientos/decaimientos.txt,1024,detected,accepted,ambiguous,veto_prompt3_detected,,,,,,1452.5,veto_prompt3_detected,,,,frozen_selection,,,frozen_clean_CH2_CH3,veto_prompt3_detected,veto_prompt3_detected,1487.5,1477.5,False,veto_prompt3_detected,veto_prompt3_detected,record_end_minus_10_ns
Datos/Med_con_Decaimientos/decaimientos.txt::block225::event225,225,Datos/Med_con_Decaimientos/decaimientos.txt,1024,not_detected_above_threshold,ambiguous,not_evaluable,pending_initial_quality,0,278.906,278.07599999999996,1+2,2,1454.1599999999999,pending_initial_quality,278.906,,,frozen_selection,,,frozen_clean_CH2_CH3,pending_initial_quality,pending_initial_quality,1489.1599999999999,1479.1599999999999,False,pending_initial_quality,pending_initial_quality,record_end_minus_10_ns
Datos/Med_con_Decaimientos/decaimientos.txt::block226::event226,226,Datos/Med_con_Decaimientos/decaimientos.txt,1024,not_detected_above_threshold,accepted,ambiguous,selected,0,743.75,743.75,1+2,2,1454.1599999999999,selected,743.75,,,frozen_selection,,,frozen_clean_CH2_CH3,"Inside user-adopted [120 ns, individual record end minus 10 ns] window",selected,1489.1599999999999,1479.1599999999999,True,Inside tested observation window,selected,record_end_minus_10_ns
Datos/Med_con_Decaimientos/decaimientos.txt::block227::event227,227,Datos/Med_con_Decaimientos/decaimientos.txt,1024,not_detected_above_threshold,accepted,ambiguous,selected,1,1475.8790000000001,,,,1457.481,no_clean_secondary,,accept_quality,,user_export,outside_window_20,,,"Inside user-adopted [120 ns, individual record end minus 10 ns] window",outside_fit_window,1492.481,1482.481,True,Inside tested observation window,outside_fit_window,record_end_minus_10_ns
Datos/Med_con_Decaimientos/decaimientos.txt::block228::event228,228,Datos/Med_con_Decaimientos/decaimientos.txt,1024,not_detected_above_threshold,accepted,candidate,selected,0,592.675,592.675,2,2,1454.1599999999999,selected,592.675,,,frozen_selection,,,frozen_clean_CH2_CH3,"Inside user-adopted [120 ns, individual record end minus 10 ns] window",selected,1489.1599999999999,1479.1599999999999,True,Inside tested observation window,selected,record_end_minus_10_ns
Datos/Med_con_Decaimientos/decaimientos.txt::block229::event229,229,Datos/Med_con_Decaimientos/decaimientos.txt,1024,detected,accepted,ambiguous,veto_prompt3_detected,0,775.2929999999999,775.2929999999999,3,3,1459.1409999999998,veto_prompt3_detected,775.2929999999999,,,frozen_selection,,,frozen_clean_CH2_CH3,veto_prompt3_detected,veto_prompt3_detected,1494.1409999999998,1484.1409999999998,False,veto_prompt3_detected,veto_prompt3_detected,record_end_minus_10_ns
Datos/Med_con_Decaimientos/decaimientos.txt::block230::event230,230,Datos/Med_con_Decaimientos/decaimientos.txt,1024,not_detected_above_threshold,accepted,candidate,selected,0,1029.297,1029.297,2,2,1459.1409999999998,selected,1029.297,,,frozen_selection,,,frozen_clean_CH2_CH3,"Inside user-adopted [120 ns, individual record end minus 10 ns] window",selected,1494.1409999999998,1484.1409999999998,True,Inside tested observation window,selected,record_end_minus_10_ns
Datos/Med_con_Decaimientos/decaimientos.txt::block231::event231,231,Datos/Med_con_Decaimientos/decaimientos.txt,1024,not_detected_above_threshold,accepted,ambiguous,selected,0,293.848,293.848,1+2,2,1460.801,selected,293.848,,,frozen_selection,,,frozen_clean_CH2_CH3,"Inside user-adopted [120 ns, individual record end minus 10 ns] window",selected,1495.801,1485.801,True,Inside tested observation window,selected,record_end_minus_10_ns
Datos/Med_con_Decaimientos/decaimientos.txt::block232::event232,232,Datos/Med_con_Decaimientos/decaimientos.txt,1024,not_detected_above_threshold,accepted,candidate,selected,1,531.25,531.25,2,2,1450.84,selected,531.25,,,frozen_selection,,,frozen_clean_CH2_CH3,"Inside user-adopted [120 ns, individual record end minus 10 ns] window",selected,1485.84,1475.84,True,Inside tested observation window,selected,record_end_minus_10_ns
Datos/Med_con_Decaimientos/decaimientos.txt::block233::event233,233,Datos/Med_con_Decaimientos/decaimientos.txt,1024,not_detected_above_threshold,accepted,ambiguous,selected,0,436.62100000000004,436.62100000000004,1+2,2,1459.1409999999998,selected,436.62100000000004,,,frozen_selection,,,frozen_clean_CH2_CH3,"Inside user-adopted [120 ns, individual record end minus 10 ns] window",selected,1494.1409999999998,1484.1409999999998,True,Inside tested observation window,selected,record_end_minus_10_ns
Datos/Med_con_Decaimientos/decaimientos.txt::block234::event234,234,Datos/Med_con_Decaimientos/decaimientos.txt,1024,not_detected_above_threshold,accepted,candidate,selected,0,992.7729999999999,992.7729999999999,2,2,1460.801,selected,992.7729999999999,,,frozen_selection,,,frozen_clean_CH2_CH3,"Inside user-adopted [120 ns, individual record end minus 10 ns] window",selected,1495.801,1485.801,True,Inside tested observation window,selected,record_end_minus_10_ns
Datos/Med_con_Decaimientos/decaimientos.txt::block235::event235,235,Datos/Med_con_Decaimientos/decaimientos.txt,1024,detected,accepted,ambiguous,veto_prompt3_detected,,,,,,1445.86,veto_prompt3_detected,,,,frozen_selection,,,frozen_clean_CH2_CH3,veto_prompt3_detected,veto_prompt3_detected,1480.86,1470.86,False,veto_prompt3_detected,veto_prompt3_detected,record_end_minus_10_ns
Datos/Med_con_Decaimientos/decaimientos.txt::block236::event236,236,Datos/Med_con_Decaimientos/decaimientos.txt,1024,not_detected_above_threshold,accepted,candidate,selected,0,1324.805,1324.805,3,3,1450.84,selected,1324.805,,,frozen_selection,,,frozen_clean_CH2_CH3,"Inside user-adopted [120 ns, individual record end minus 10 ns] window",selected,1485.84,1475.84,True,Inside tested observation window,selected,record_end_minus_10_ns
Datos/Med_con_Decaimientos/decaimientos.txt::block237::event237,237,Datos/Med_con_Decaimientos/decaimientos.txt,1024,not_detected_above_threshold,accepted,candidate,selected,0,871.5819999999999,871.5819999999999,2,2,1454.1599999999999,selected,871.5819999999999,,,frozen_selection,,,frozen_clean_CH2_CH3,"Inside user-adopted [120 ns, individual record end minus 10 ns] window",selected,1489.1599999999999,1479.1599999999999,True,Inside tested observation window,selected,record_end_minus_10_ns
Datos/Med_con_Decaimientos/decaimientos.txt::block238::event238,238,Datos/Med_con_Decaimientos/decaimientos.txt,1024,not_detected_above_threshold,accepted,candidate,selected,0,1452.637,1452.637,2,2,1460.801,outside_fit_window,1452.637,,,frozen_selection,,,frozen_clean_CH2_CH3,"Inside user-adopted [120 ns, individual record end minus 10 ns] window",outside_fit_window,1495.801,1485.801,True,Inside tested observation window,outside_fit_window,record_end_minus_10_ns
Datos/Med_con_Decaimientos/decaimientos.txt::block239::event239,239,Datos/Med_con_Decaimientos/decaimientos.txt,1024,detected,accepted,ambiguous,veto_prompt3_detected,2,952.9299999999998,952.9299999999998,3,3,1459.1409999999998,veto_prompt3_detected,952.9299999999998,,,frozen_selection,,,frozen_clean_CH2_CH3,veto_prompt3_detected,veto_prompt3_detected,1494.1409999999998,1484.1409999999998,False,veto_prompt3_detected,veto_prompt3_detected,record_end_minus_10_ns
Datos/Med_con_Decaimientos/decaimientos.txt::block240::event240,240,Datos/Med_con_Decaimientos/decaimientos.txt,1024,not_detected_above_threshold,accepted,ambiguous,selected,2,337.01199999999994,335.3515,1+2,2,1450.84,selected,337.01199999999994,,,frozen_selection,,,frozen_clean_CH2_CH3,"Inside user-adopted [120 ns, individual record end minus 10 ns] window",selected,1485.84,1475.84,True,Inside tested observation window,selected,record_end_minus_10_ns
Datos/Med_con_Decaimientos/decaimientos.txt::block241::event241,241,Datos/Med_con_Decaimientos/decaimientos.txt,1024,detected,accepted,ambiguous,veto_prompt3_detected,0,1294.922,1294.922,3,3,1442.539,veto_prompt3_detected,1294.922,,,frozen_selection,,,frozen_clean_CH2_CH3,veto_prompt3_detected,veto_prompt3_detected,1477.539,1467.539,False,veto_prompt3_detected,veto_prompt3_detected,record_end_minus_10_ns
Datos/Med_con_Decaimientos/decaimientos.txt::block242::event242,242,Datos/Med_con_Decaimientos/decaimientos.txt,1024,not_detected_above_threshold,accepted,ambiguous,selected,0,1465.918,,,,1459.1409999999998,no_clean_secondary,,accept_quality,,user_export,outside_window_20,,,"Inside user-adopted [120 ns, individual record end minus 10 ns] window",outside_fit_window,1494.1409999999998,1484.1409999999998,True,Inside tested observation window,outside_fit_window,record_end_minus_10_ns
Datos/Med_con_Decaimientos/decaimientos.txt::block243::event243,243,Datos/Med_con_Decaimientos/decaimientos.txt,1024,not_detected_above_threshold,accepted,candidate,selected,1,1196.972,1196.972,2,2,1454.1599999999999,selected,1196.972,,,frozen_selection,,,frozen_clean_CH2_CH3,"Inside user-adopted [120 ns, individual record end minus 10 ns] window",selected,1489.1599999999999,1479.1599999999999,True,Inside tested observation window,selected,record_end_minus_10_ns
Datos/Med_con_Decaimientos/decaimientos.txt::block244::event244,244,Datos/Med_con_Decaimientos/decaimientos.txt,1024,not_detected_above_threshold,accepted,ambiguous,selected,0,320.41,,,2,1447.52,no_clean_secondary,,accept_quality,,user_message_approve_all_mixed_weak_seeds,clean_plus_weak_49,4,mean_accepted_CH2_CH3,"Inside user-adopted [120 ns, individual record end minus 10 ns] window",selected,1482.52,1472.52,True,Inside tested observation window,selected,record_end_minus_10_ns
Datos/Med_con_Decaimientos/decaimientos.txt::block245::event245,245,Datos/Med_con_Decaimientos/decaimientos.txt,1024,not_detected_above_threshold,accepted,candidate,selected,0,874.903,874.903,3,3,1459.1409999999998,selected,874.903,,,frozen_selection,,,frozen_clean_CH2_CH3,"Inside user-adopted [120 ns, individual record end minus 10 ns] window",selected,1494.1409999999998,1484.1409999999998,True,Inside tested observation window,selected,record_end_minus_10_ns
Datos/Med_con_Decaimientos/decaimientos.txt::block246::event246,246,Datos/Med_con_Decaimientos/decaimientos.txt,1024,not_detected_above_threshold,accepted,candidate,selected,0,664.062,664.062,2,2,1450.84,selected,664.062,,,frozen_selection,,,frozen_clean_CH2_CH3,"Inside user-adopted [120 ns, individual record end minus 10 ns] window",selected,1485.84,1475.84,True,Inside tested observation window,selected,record_end_minus_10_ns
Datos/Med_con_Decaimientos/decaimientos.txt::block247::event247,247,Datos/Med_con_Decaimientos/decaimientos.txt,1024,not_detected_above_threshold,accepted,candidate,selected,0,660.7429999999999,660.7429999999999,2,2,1457.481,selected,660.7429999999999,,,frozen_selection,,,frozen_clean_CH2_CH3,"Inside user-adopted [120 ns, individual record end minus 10 ns] window",selected,1492.481,1482.481,True,Inside tested observation window,selected,record_end_minus_10_ns
Datos/Med_con_Decaimientos/decaimientos.txt::block248::event248,248,Datos/Med_con_Decaimientos/decaimientos.txt,1024,detected,accepted,ambiguous,veto_prompt3_detected,0,532.91,532.91,3,3,1460.801,veto_prompt3_detected,532.91,,,frozen_selection,,,frozen_clean_CH2_CH3,veto_prompt3_detected,veto_prompt3_detected,1495.801,1485.801,False,veto_prompt3_detected,veto_prompt3_detected,record_end_minus_10_ns
Datos/Med_con_Decaimientos/decaimientos.txt::block249::event249,249,Datos/Med_con_Decaimientos/decaimientos.txt,1024,not_detected_above_threshold,accepted,ambiguous,selected,0,1170.4099999999999,,,3,1454.1599999999999,no_clean_secondary,,accept_quality,,user_message_approve_all_mixed_weak_seeds,clean_plus_weak_49,2,mean_accepted_CH2_CH3,"Inside user-adopted [120 ns, individual record end minus 10 ns] window",selected,1489.1599999999999,1479.1599999999999,True,Inside tested observation window,selected,record_end_minus_10_ns
Datos/Med_con_Decaimientos/decaimientos.txt::block250::event250,250,Datos/Med_con_Decaimientos/decaimientos.txt,1024,not_detected_above_threshold,accepted,candidate,selected,0,426.65999999999997,426.65999999999997,2,2,1460.801,selected,426.65999999999997,,,frozen_selection,,,frozen_clean_CH2_CH3,"Inside user-adopted [120 ns, individual record end minus 10 ns] window",selected,1495.801,1485.801,True,Inside tested observation window,selected,record_end_minus_10_ns
Datos/Med_con_Decaimientos/decaimientos.txt::block251::event251,251,Datos/Med_con_Decaimientos/decaimientos.txt,1024,not_detected_above_threshold,accepted,candidate,selected,1,1414.453,1414.453,2,2,1459.1409999999998,outside_fit_window,1414.453,,,frozen_selection,,,frozen_clean_CH2_CH3,"Inside user-adopted [120 ns, individual record end minus 10 ns] window",outside_fit_window,1494.1409999999998,1484.1409999999998,True,Inside tested observation window,outside_fit_window,record_end_minus_10_ns
Datos/Med_con_Decaimientos/decaimientos.txt::block252::event252,252,Datos/Med_con_Decaimientos/decaimientos.txt,1024,not_detected_above_threshold,accepted,candidate,selected,0,305.46899999999994,305.46899999999994,2,2,1452.5,selected,305.46899999999994,,,frozen_selection,,,frozen_clean_CH2_CH3,"Inside user-adopted [120 ns, individual record end minus 10 ns] window",selected,1487.5,1477.5,True,Inside tested observation window,selected,record_end_minus_10_ns
Datos/Med_con_Decaimientos/decaimientos.txt::block253::event253,253,Datos/Med_con_Decaimientos/decaimientos.txt,1024,not_detected_above_threshold,accepted,ambiguous,selected,0,835.059,,,2,1447.52,no_clean_secondary,,accept_quality,,user_message_approve_all_mixed_weak_seeds,clean_plus_weak_49,2,mean_accepted_CH2_CH3,"Inside user-adopted [120 ns, individual record end minus 10 ns] window",selected,1482.52,1472.52,True,Inside tested observation window,selected,record_end_minus_10_ns
Datos/Med_con_Decaimientos/decaimientos.txt::block254::event254,254,Datos/Med_con_Decaimientos/decaimientos.txt,1024,not_detected_above_threshold,accepted,candidate,selected,0,1082.421,1082.421,2,2,1465.781,selected,1082.421,,,frozen_selection,,,frozen_clean_CH2_CH3,"Inside user-adopted [120 ns, individual record end minus 10 ns] window",selected,1500.781,1490.781,True,Inside tested observation window,selected,record_end_minus_10_ns
Datos/Med_con_Decaimientos/decaimientos.txt::block255::event255,255,Datos/Med_con_Decaimientos/decaimientos.txt,1024,not_detected_above_threshold,accepted,candidate,selected,0,182.617,182.617,2,2,1455.82,selected,182.617,,,frozen_selection,,,frozen_clean_CH2_CH3,"Inside user-adopted [120 ns, individual record end minus 10 ns] window",selected,1490.82,1480.82,True,Inside tested observation window,selected,record_end_minus_10_ns
Datos/Med_con_Decaimientos/decaimientos.txt::block256::event256,256,Datos/Med_con_Decaimientos/decaimientos.txt,1024,not_detected_above_threshold,accepted,candidate,selected,0,574.414,574.414,2,2,1460.801,selected,574.414,,,frozen_selection,,,frozen_clean_CH2_CH3,"Inside user-adopted [120 ns, individual record end minus 10 ns] window",selected,1495.801,1485.801,True,Inside tested observation window,selected,record_end_minus_10_ns
Datos/Med_con_Decaimientos/decaimientos.txt::block257::event257,257,Datos/Med_con_Decaimientos/decaimientos.txt,1024,not_detected_above_threshold,accepted,ambiguous,outside_fit_window,0,119.53099999999998,,,,1455.82,no_clean_secondary,,accept_quality,,user_export,outside_window_20,3,,Below unchanged 120 ns lower limit,outside_fit_window,1490.82,1480.82,False,Below unchanged 120 ns lower limit,outside_fit_window,record_end_minus_10_ns
Datos/Med_con_Decaimientos/decaimientos.txt::block258::event258,258,Datos/Med_con_Decaimientos/decaimientos.txt,1024,not_detected_above_threshold,accepted,candidate,selected,0,768.6529999999999,768.6529999999999,3,3,1457.481,selected,768.6529999999999,,,frozen_selection,,,frozen_clean_CH2_CH3,"Inside user-adopted [120 ns, individual record end minus 10 ns] window",selected,1492.481,1482.481,True,Inside tested observation window,selected,record_end_minus_10_ns
Datos/Med_con_Decaimientos/decaimientos.txt::block259::event259,259,Datos/Med_con_Decaimientos/decaimientos.txt,1024,ambiguous,accepted,ambiguous,pending_prompt3_uncertain,0,755.372,755.372,2,2,1445.86,pending_prompt3_uncertain,755.372,,,frozen_selection,,,frozen_clean_CH2_CH3,pending_prompt3_uncertain,pending_prompt3_uncertain,1480.86,1470.86,False,pending_prompt3_uncertain,pending_prompt3_uncertain,record_end_minus_10_ns
Datos/Med_con_Decaimientos/decaimientos.txt::block260::event260,260,Datos/Med_con_Decaimientos/decaimientos.txt,1024,detected,accepted,ambiguous,veto_prompt3_detected,0,1256.738,1256.738,3,3,1442.539,veto_prompt3_detected,1256.738,,,frozen_selection,,,frozen_clean_CH2_CH3,veto_prompt3_detected,veto_prompt3_detected,1477.539,1467.539,False,veto_prompt3_detected,veto_prompt3_detected,record_end_minus_10_ns
Datos/Med_con_Decaimientos/decaimientos.txt::block261::event261,261,Datos/Med_con_Decaimientos/decaimientos.txt,1024,not_detected_above_threshold,accepted,candidate,selected,0,328.71000000000004,328.71000000000004,2,2,1455.82,selected,328.71000000000004,,,frozen_selection,,,frozen_clean_CH2_CH3,"Inside user-adopted [120 ns, individual record end minus 10 ns] window",selected,1490.82,1480.82,True,Inside tested observation window,selected,record_end_minus_10_ns
Datos/Med_con_Decaimientos/decaimientos.txt::block262::event262,262,Datos/Med_con_Decaimientos/decaimientos.txt,1024,not_detected_above_threshold,accepted,candidate,selected,1,1406.152,1406.152,3,3,1450.84,outside_fit_window,1406.152,,,frozen_selection,,,frozen_clean_CH2_CH3,"Inside user-adopted [120 ns, individual record end minus 10 ns] window",outside_fit_window,1485.84,1475.84,True,Inside tested observation window,outside_fit_window,record_end_minus_10_ns
Datos/Med_con_Decaimientos/decaimientos.txt::block263::event263,263,Datos/Med_con_Decaimientos/decaimientos.txt,1024,not_detected_above_threshold,accepted,candidate,selected,1,957.9100000000001,957.9100000000001,2,2,1455.82,selected,957.9100000000001,,,frozen_selection,,,frozen_clean_CH2_CH3,"Inside user-adopted [120 ns, individual record end minus 10 ns] window",selected,1490.82,1480.82,True,Inside tested observation window,selected,record_end_minus_10_ns
Datos/Med_con_Decaimientos/decaimientos.txt::block264::event264,264,Datos/Med_con_Decaimientos/decaimientos.txt,1024,not_detected_above_threshold,accepted,candidate,selected,0,454.88300000000004,454.88300000000004,2,2,1449.1799999999998,selected,454.88300000000004,,,frozen_selection,,,frozen_clean_CH2_CH3,"Inside user-adopted [120 ns, individual record end minus 10 ns] window",selected,1484.1799999999998,1474.1799999999998,True,Inside tested observation window,selected,record_end_minus_10_ns
Datos/Med_con_Decaimientos/decaimientos.txt::block265::event265,265,Datos/Med_con_Decaimientos/decaimientos.txt,1024,not_detected_above_threshold,accepted,candidate,selected,1,609.277,609.277,3,3,1460.801,selected,609.277,,,frozen_selection,,,frozen_clean_CH2_CH3,"Inside user-adopted [120 ns, individual record end minus 10 ns] window",selected,1495.801,1485.801,True,Inside tested observation window,selected,record_end_minus_10_ns
Datos/Med_con_Decaimientos/decaimientos.txt::block266::event266,266,Datos/Med_con_Decaimientos/decaimientos.txt,1024,detected,accepted,no_secondary_above_threshold,veto_prompt3_detected,,,,,,1454.1599999999999,veto_prompt3_detected,,,,frozen_selection,,,frozen_clean_CH2_CH3,veto_prompt3_detected,veto_prompt3_detected,1489.1599999999999,1479.1599999999999,False,veto_prompt3_detected,veto_prompt3_detected,record_end_minus_10_ns
Datos/Med_con_Decaimientos/decaimientos.txt::block267::event267,267,Datos/Med_con_Decaimientos/decaimientos.txt,1024,not_detected_above_threshold,accepted,ambiguous,selected,1,923.0469999999999,923.0469999999999,1+2,2,1462.461,selected,923.0469999999999,,,frozen_selection,,,frozen_clean_CH2_CH3,"Inside user-adopted [120 ns, individual record end minus 10 ns] window",selected,1497.461,1487.461,True,Inside tested observation window,selected,record_end_minus_10_ns
Datos/Med_con_Decaimientos/decaimientos.txt::block268::event268,268,Datos/Med_con_Decaimientos/decaimientos.txt,1024,not_detected_above_threshold,accepted,candidate,selected,3,1225.1960000000001,1225.1960000000001,2,2,1457.481,selected,1225.1960000000001,,,frozen_selection,,,frozen_clean_CH2_CH3,"Inside user-adopted [120 ns, individual record end minus 10 ns] window",selected,1492.481,1482.481,True,Inside tested observation window,selected,record_end_minus_10_ns
Datos/Med_con_Decaimientos/decaimientos.txt::block269::event269,269,Datos/Med_con_Decaimientos/decaimientos.txt,1024,not_detected_above_threshold,accepted,candidate,selected,0,622.558,622.558,3,3,1444.1989999999998,selected,622.558,,,frozen_selection,,,frozen_clean_CH2_CH3,"Inside user-adopted [120 ns, individual record end minus 10 ns] window",selected,1479.1989999999998,1469.1989999999998,True,Inside tested observation window,selected,record_end_minus_10_ns
Datos/Med_con_Decaimientos/decaimientos.txt::block270::event270,270,Datos/Med_con_Decaimientos/decaimientos.txt,1024,not_detected_above_threshold,accepted,ambiguous,outside_fit_window,0,114.55100000000002,112.89099999999999,1+2,2,1457.481,outside_fit_window,114.55100000000002,,,frozen_selection,,,frozen_clean_CH2_CH3,Below unchanged 120 ns lower limit,outside_fit_window,1492.481,1482.481,False,Below unchanged 120 ns lower limit,outside_fit_window,record_end_minus_10_ns
Datos/Med_con_Decaimientos/decaimientos.txt::block271::event271,271,Datos/Med_con_Decaimientos/decaimientos.txt,1024,not_detected_above_threshold,accepted,candidate,selected,0,645.8009999999999,645.8009999999999,3,3,1457.481,selected,645.8009999999999,,,frozen_selection,,,frozen_clean_CH2_CH3,"Inside user-adopted [120 ns, individual record end minus 10 ns] window",selected,1492.481,1482.481,True,Inside tested observation window,selected,record_end_minus_10_ns
Datos/Med_con_Decaimientos/decaimientos.txt::block272::event272,272,Datos/Med_con_Decaimientos/decaimientos.txt,1024,not_detected_above_threshold,accepted,candidate,selected,0,1060.839,1060.839,2,2,1444.1989999999998,selected,1060.839,,,frozen_selection,,,frozen_clean_CH2_CH3,"Inside user-adopted [120 ns, individual record end minus 10 ns] window",selected,1479.1989999999998,1469.1989999999998,True,Inside tested observation window,selected,record_end_minus_10_ns
Datos/Med_con_Decaimientos/decaimientos.txt::block273::event273,273,Datos/Med_con_Decaimientos/decaimientos.txt,1024,detected,accepted,ambiguous,veto_prompt3_detected,,,,,,1447.52,veto_prompt3_detected,,,,frozen_selection,,,frozen_clean_CH2_CH3,veto_prompt3_detected,veto_prompt3_detected,1482.52,1472.52,False,veto_prompt3_detected,veto_prompt3_detected,record_end_minus_10_ns
Datos/Med_con_Decaimientos/decaimientos.txt::block274::event274,274,Datos/Med_con_Decaimientos/decaimientos.txt,1024,not_detected_above_threshold,accepted,ambiguous,selected,0,1296.5819999999999,,,2,1449.1799999999998,no_clean_secondary,,accept_quality,,user_message_approve_all_mixed_weak_seeds,clean_plus_weak_49,2,mean_accepted_CH2_CH3,"Inside user-adopted [120 ns, individual record end minus 10 ns] window",selected,1484.1799999999998,1474.1799999999998,True,Inside tested observation window,selected,record_end_minus_10_ns
Datos/Med_con_Decaimientos/decaimientos.txt::block275::event275,275,Datos/Med_con_Decaimientos/decaimientos.txt,1024,not_detected_above_threshold,accepted,candidate,selected,1,717.188,717.188,2,2,1457.481,selected,717.188,,,frozen_selection,,,frozen_clean_CH2_CH3,"Inside user-adopted [120 ns, individual record end minus 10 ns] window",selected,1492.481,1482.481,True,Inside tested observation window,selected,record_end_minus_10_ns
Datos/Med_con_Decaimientos/decaimientos.txt::block276::event276,276,Datos/Med_con_Decaimientos/decaimientos.txt,1024,not_detected_above_threshold,accepted,ambiguous,selected,0,1263.3790000000001,1262.549,1+2,2,1457.481,selected,1263.3790000000001,,,frozen_selection,,,frozen_clean_CH2_CH3,"Inside user-adopted [120 ns, individual record end minus 10 ns] window",selected,1492.481,1482.481,True,Inside tested observation window,selected,record_end_minus_10_ns
Datos/Med_con_Decaimientos/decaimientos.txt::block277::event277,277,Datos/Med_con_Decaimientos/decaimientos.txt,1024,detected,accepted,ambiguous,veto_prompt3_detected,0,124.512,124.512,3,3,1447.52,veto_prompt3_detected,124.512,,,frozen_selection,,,frozen_clean_CH2_CH3,veto_prompt3_detected,veto_prompt3_detected,1482.52,1472.52,False,veto_prompt3_detected,veto_prompt3_detected,record_end_minus_10_ns
Datos/Med_con_Decaimientos/decaimientos.txt::block278::event278,278,Datos/Med_con_Decaimientos/decaimientos.txt,1024,not_detected_above_threshold,accepted,excluded_secondary,excluded_by_user,,,,,,1455.82,no_clean_secondary,,exclude,,user_export,no_usable_catalogued_time_10,,,Explicit exclusion in user review export,excluded_by_user,1490.82,1480.82,False,Explicit exclusion in user review export,excluded_by_user,record_end_minus_10_ns
Datos/Med_con_Decaimientos/decaimientos.txt::block279::event279,279,Datos/Med_con_Decaimientos/decaimientos.txt,1024,detected,accepted,ambiguous,veto_prompt3_detected,0,1210.254,1210.254,3,3,1459.1409999999998,veto_prompt3_detected,1210.254,,,frozen_selection,,,frozen_clean_CH2_CH3,veto_prompt3_detected,veto_prompt3_detected,1494.1409999999998,1484.1409999999998,False,veto_prompt3_detected,veto_prompt3_detected,record_end_minus_10_ns
Datos/Med_con_Decaimientos/decaimientos.txt::block280::event280,280,Datos/Med_con_Decaimientos/decaimientos.txt,1024,detected,accepted,ambiguous,veto_prompt3_detected,0,429.98,429.98,3,3,1452.5,veto_prompt3_detected,429.98,,,frozen_selection,,,frozen_clean_CH2_CH3,veto_prompt3_detected,veto_prompt3_detected,1487.5,1477.5,False,veto_prompt3_detected,veto_prompt3_detected,record_end_minus_10_ns
Datos/Med_con_Decaimientos/decaimientos.txt::block281::event281,281,Datos/Med_con_Decaimientos/decaimientos.txt,1024,not_detected_above_threshold,accepted,ambiguous,selected,0,1221.875,1221.875,1+2,2,1464.1209999999999,selected,1221.875,,,frozen_selection,,,frozen_clean_CH2_CH3,"Inside user-adopted [120 ns, individual record end minus 10 ns] window",selected,1499.1209999999999,1489.1209999999999,True,Inside tested observation window,selected,record_end_minus_10_ns
Datos/Med_con_Decaimientos/decaimientos.txt::block282::event282,282,Datos/Med_con_Decaimientos/decaimientos.txt,1024,not_detected_above_threshold,accepted,ambiguous,selected,0,645.8,,,2,1454.1599999999999,no_clean_secondary,,accept_quality,,user_message_approve_all_mixed_weak_seeds,clean_plus_weak_49,4,mean_accepted_CH2_CH3,"Inside user-adopted [120 ns, individual record end minus 10 ns] window",selected,1489.1599999999999,1479.1599999999999,True,Inside tested observation window,selected,record_end_minus_10_ns
Datos/Med_con_Decaimientos/decaimientos.txt::block283::event283,283,Datos/Med_con_Decaimientos/decaimientos.txt,1024,not_detected_above_threshold,accepted,candidate,selected,1,733.789,733.789,3,3,1450.84,selected,733.789,,,frozen_selection,,,frozen_clean_CH2_CH3,"Inside user-adopted [120 ns, individual record end minus 10 ns] window",selected,1485.84,1475.84,True,Inside tested observation window,selected,record_end_minus_10_ns
Datos/Med_con_Decaimientos/decaimientos.txt::block284::event284,284,Datos/Med_con_Decaimientos/decaimientos.txt,1024,not_detected_above_threshold,accepted,candidate,selected,0,629.199,629.199,2,2,1450.84,selected,629.199,,,frozen_selection,,,frozen_clean_CH2_CH3,"Inside user-adopted [120 ns, individual record end minus 10 ns] window",selected,1485.84,1475.84,True,Inside tested observation window,selected,record_end_minus_10_ns
Datos/Med_con_Decaimientos/decaimientos.txt::block285::event285,285,Datos/Med_con_Decaimientos/decaimientos.txt,1024,detected,accepted,ambiguous,veto_prompt3_detected,0,74.707,74.707,3,3,1437.559,veto_prompt3_detected,74.707,,,frozen_selection,,,frozen_clean_CH2_CH3,veto_prompt3_detected,veto_prompt3_detected,1472.559,1462.559,False,veto_prompt3_detected,veto_prompt3_detected,record_end_minus_10_ns
Datos/Med_con_Decaimientos/decaimientos.txt::block286::event286,286,Datos/Med_con_Decaimientos/decaimientos.txt,1024,detected,accepted,ambiguous,veto_prompt3_detected,,,,,,1439.2189999999998,veto_prompt3_detected,,,,frozen_selection,,,frozen_clean_CH2_CH3,veto_prompt3_detected,veto_prompt3_detected,1474.2189999999998,1464.2189999999998,False,veto_prompt3_detected,veto_prompt3_detected,record_end_minus_10_ns
Datos/Med_con_Decaimientos/decaimientos.txt::block287::event287,287,Datos/Med_con_Decaimientos/decaimientos.txt,1024,not_detected_above_threshold,accepted,candidate,selected,2,859.961,859.961,2+3,2+3,1454.1599999999999,selected,859.961,,,frozen_selection,,,frozen_clean_CH2_CH3,"Inside user-adopted [120 ns, individual record end minus 10 ns] window",selected,1489.1599999999999,1479.1599999999999,True,Inside tested observation window,selected,record_end_minus_10_ns
Datos/Med_con_Decaimientos/decaimientos.txt::block288::event288,288,Datos/Med_con_Decaimientos/decaimientos.txt,1024,detected,accepted,ambiguous,veto_prompt3_detected,,,,,,1454.1599999999999,veto_prompt3_detected,,,,frozen_selection,,,frozen_clean_CH2_CH3,veto_prompt3_detected,veto_prompt3_detected,1489.1599999999999,1479.1599999999999,False,veto_prompt3_detected,veto_prompt3_detected,record_end_minus_10_ns
Datos/Med_con_Decaimientos/decaimientos.txt::block289::event289,289,Datos/Med_con_Decaimientos/decaimientos.txt,1024,not_detected_above_threshold,accepted,ambiguous,selected,0,1231.836,1231.836,1+2,2,1445.86,selected,1231.836,,,frozen_selection,,,frozen_clean_CH2_CH3,"Inside user-adopted [120 ns, individual record end minus 10 ns] window",selected,1480.86,1470.86,True,Inside tested observation window,selected,record_end_minus_10_ns
Datos/Med_con_Decaimientos/decaimientos.txt::block290::event290,290,Datos/Med_con_Decaimientos/decaimientos.txt,1024,not_detected_above_threshold,accepted,candidate,selected,0,889.844,889.844,2,2,1445.86,selected,889.844,,,frozen_selection,,,frozen_clean_CH2_CH3,"Inside user-adopted [120 ns, individual record end minus 10 ns] window",selected,1480.86,1470.86,True,Inside tested observation window,selected,record_end_minus_10_ns
Datos/Med_con_Decaimientos/decaimientos.txt::block291::event291,291,Datos/Med_con_Decaimientos/decaimientos.txt,1024,ambiguous,accepted,ambiguous,pending_prompt3_uncertain,0,506.3470000000001,506.3470000000001,3,3,1444.1989999999998,pending_prompt3_uncertain,506.3470000000001,,,frozen_selection,,,frozen_clean_CH2_CH3,pending_prompt3_uncertain,pending_prompt3_uncertain,1479.1989999999998,1469.1989999999998,False,pending_prompt3_uncertain,pending_prompt3_uncertain,record_end_minus_10_ns
Datos/Med_con_Decaimientos/decaimientos.txt::block292::event292,292,Datos/Med_con_Decaimientos/decaimientos.txt,1024,not_detected_above_threshold,accepted,candidate,selected,0,194.238,194.238,2,2,1454.1599999999999,selected,194.238,,,frozen_selection,,,frozen_clean_CH2_CH3,"Inside user-adopted [120 ns, individual record end minus 10 ns] window",selected,1489.1599999999999,1479.1599999999999,True,Inside tested observation window,selected,record_end_minus_10_ns
Datos/Med_con_Decaimientos/decaimientos.txt::block293::event293,293,Datos/Med_con_Decaimientos/decaimientos.txt,1024,not_detected_above_threshold,accepted,candidate,selected,1,952.0999999999998,952.0999999999998,2+3,2+3,1457.481,selected,952.0999999999998,,,frozen_selection,,,frozen_clean_CH2_CH3,"Inside user-adopted [120 ns, individual record end minus 10 ns] window",selected,1492.481,1482.481,True,Inside tested observation window,selected,record_end_minus_10_ns
Datos/Med_con_Decaimientos/decaimientos.txt::block294::event294,294,Datos/Med_con_Decaimientos/decaimientos.txt,1024,detected,accepted,ambiguous,veto_prompt3_detected,0,174.316,174.316,1+2,2,1444.1989999999998,veto_prompt3_detected,174.316,,,frozen_selection,,,frozen_clean_CH2_CH3,veto_prompt3_detected,veto_prompt3_detected,1479.1989999999998,1469.1989999999998,False,veto_prompt3_detected,veto_prompt3_detected,record_end_minus_10_ns
Datos/Med_con_Decaimientos/decaimientos.txt::block295::event295,295,Datos/Med_con_Decaimientos/decaimientos.txt,1024,not_detected_above_threshold,accepted,candidate,selected,0,292.187,292.187,2,2,1454.1599999999999,selected,292.187,,,frozen_selection,,,frozen_clean_CH2_CH3,"Inside user-adopted [120 ns, individual record end minus 10 ns] window",selected,1489.1599999999999,1479.1599999999999,True,Inside tested observation window,selected,record_end_minus_10_ns
Datos/Med_con_Decaimientos/decaimientos.txt::block296::event296,296,Datos/Med_con_Decaimientos/decaimientos.txt,1024,not_detected_above_threshold,accepted,candidate,selected,0,600.9770000000001,600.9770000000001,3,3,1437.559,selected,600.9770000000001,,,frozen_selection,,,frozen_clean_CH2_CH3,"Inside user-adopted [120 ns, individual record end minus 10 ns] window",selected,1472.559,1462.559,True,Inside tested observation window,selected,record_end_minus_10_ns
Datos/Med_con_Decaimientos/decaimientos.txt::block297::event297,297,Datos/Med_con_Decaimientos/decaimientos.txt,1024,detected,accepted,ambiguous,veto_prompt3_detected,,,,,,1454.1599999999999,veto_prompt3_detected,,,,frozen_selection,,,frozen_clean_CH2_CH3,veto_prompt3_detected,veto_prompt3_detected,1489.1599999999999,1479.1599999999999,False,veto_prompt3_detected,veto_prompt3_detected,record_end_minus_10_ns
Datos/Med_con_Decaimientos/decaimientos.txt::block298::event298,298,Datos/Med_con_Decaimientos/decaimientos.txt,1024,detected,accepted,ambiguous,veto_prompt3_detected,,,,,,1444.1989999999998,veto_prompt3_detected,,,,frozen_selection,,,frozen_clean_CH2_CH3,veto_prompt3_detected,veto_prompt3_detected,1479.1989999999998,1469.1989999999998,False,veto_prompt3_detected,veto_prompt3_detected,record_end_minus_10_ns
Datos/Med_con_Decaimientos/decaimientos.txt::block299::event299,299,Datos/Med_con_Decaimientos/decaimientos.txt,1024,detected,accepted,ambiguous,veto_prompt3_detected,0,793.5540000000001,793.5540000000001,3,3,1444.1989999999998,veto_prompt3_detected,793.5540000000001,,,frozen_selection,,,frozen_clean_CH2_CH3,veto_prompt3_detected,veto_prompt3_detected,1479.1989999999998,1469.1989999999998,False,veto_prompt3_detected,veto_prompt3_detected,record_end_minus_10_ns
Datos/Med_con_Decaimientos/decaimientos.txt::block300::event300,300,Datos/Med_con_Decaimientos/decaimientos.txt,1024,not_detected_above_threshold,accepted,candidate,selected,0,816.797,816.797,2,2,1459.1409999999998,selected,816.797,,,frozen_selection,,,frozen_clean_CH2_CH3,"Inside user-adopted [120 ns, individual record end minus 10 ns] window",selected,1494.1409999999998,1484.1409999999998,True,Inside tested observation window,selected,record_end_minus_10_ns
Datos/Med_con_Decaimientos/decaimientos.txt::block301::event301,301,Datos/Med_con_Decaimientos/decaimientos.txt,1024,not_detected_above_threshold,accepted,candidate,selected,2,584.375,584.375,2,2,1457.481,selected,584.375,,,frozen_selection,,,frozen_clean_CH2_CH3,"Inside user-adopted [120 ns, individual record end minus 10 ns] window",selected,1492.481,1482.481,True,Inside tested observation window,selected,record_end_minus_10_ns
Datos/Med_con_Decaimientos/decaimientos.txt::block302::event302,302,Datos/Med_con_Decaimientos/decaimientos.txt,1024,not_detected_above_threshold,accepted,candidate,selected,1,1105.664,1105.664,2,2,1455.82,selected,1105.664,,,frozen_selection,,,frozen_clean_CH2_CH3,"Inside user-adopted [120 ns, individual record end minus 10 ns] window",selected,1490.82,1480.82,True,Inside tested observation window,selected,record_end_minus_10_ns
Datos/Med_con_Decaimientos/decaimientos.txt::block303::event303,303,Datos/Med_con_Decaimientos/decaimientos.txt,1024,not_detected_above_threshold,accepted,candidate,selected,0,380.17600000000004,380.17600000000004,2,2,1449.1799999999998,selected,380.17600000000004,,,frozen_selection,,,frozen_clean_CH2_CH3,"Inside user-adopted [120 ns, individual record end minus 10 ns] window",selected,1484.1799999999998,1474.1799999999998,True,Inside tested observation window,selected,record_end_minus_10_ns
Datos/Med_con_Decaimientos/decaimientos.txt::block304::event304,304,Datos/Med_con_Decaimientos/decaimientos.txt,1024,not_detected_above_threshold,accepted,ambiguous,selected,0,692.285,,,2,1440.879,no_clean_secondary,,accept_quality,,user_message_approve_all_mixed_weak_seeds,clean_plus_weak_49,2,mean_accepted_CH2_CH3,"Inside user-adopted [120 ns, individual record end minus 10 ns] window",selected,1475.879,1465.879,True,Inside tested observation window,selected,record_end_minus_10_ns
Datos/Med_con_Decaimientos/decaimientos.txt::block305::event305,305,Datos/Med_con_Decaimientos/decaimientos.txt,1024,not_detected_above_threshold,accepted,candidate,selected,0,298.828,298.828,2,2,1450.84,selected,298.828,,,frozen_selection,,,frozen_clean_CH2_CH3,"Inside user-adopted [120 ns, individual record end minus 10 ns] window",selected,1485.84,1475.84,True,Inside tested observation window,selected,record_end_minus_10_ns
Datos/Med_con_Decaimientos/decaimientos.txt::block306::event306,306,Datos/Med_con_Decaimientos/decaimientos.txt,1024,detected,accepted,ambiguous,veto_prompt3_detected,0,74.70699999999997,74.70699999999997,3,3,1457.481,veto_prompt3_detected,74.70699999999997,,,frozen_selection,,,frozen_clean_CH2_CH3,veto_prompt3_detected,veto_prompt3_detected,1492.481,1482.481,False,veto_prompt3_detected,veto_prompt3_detected,record_end_minus_10_ns
Datos/Med_con_Decaimientos/decaimientos.txt::block307::event307,307,Datos/Med_con_Decaimientos/decaimientos.txt,1024,detected,accepted,ambiguous,veto_prompt3_detected,0,295.508,295.508,3,3,1450.84,veto_prompt3_detected,295.508,,,frozen_selection,,,frozen_clean_CH2_CH3,veto_prompt3_detected,veto_prompt3_detected,1485.84,1475.84,False,veto_prompt3_detected,veto_prompt3_detected,record_end_minus_10_ns
Datos/Med_con_Decaimientos/decaimientos.txt::block308::event308,308,Datos/Med_con_Decaimientos/decaimientos.txt,1024,not_detected_above_threshold,accepted,candidate,selected,0,514.6489999999999,514.6489999999999,3,3,1459.1409999999998,selected,514.6489999999999,,,frozen_selection,,,frozen_clean_CH2_CH3,"Inside user-adopted [120 ns, individual record end minus 10 ns] window",selected,1494.1409999999998,1484.1409999999998,True,Inside tested observation window,selected,record_end_minus_10_ns
Datos/Med_con_Decaimientos/decaimientos.txt::block309::event309,309,Datos/Med_con_Decaimientos/decaimientos.txt,1024,not_detected_above_threshold,accepted,candidate,selected,0,124.511,124.511,2,2,1444.1989999999998,selected,124.511,,,frozen_selection,,,frozen_clean_CH2_CH3,"Inside user-adopted [120 ns, individual record end minus 10 ns] window",selected,1479.1989999999998,1469.1989999999998,True,Inside tested observation window,selected,record_end_minus_10_ns
Datos/Med_con_Decaimientos/decaimientos.txt::block310::event310,310,Datos/Med_con_Decaimientos/decaimientos.txt,1024,not_detected_above_threshold,accepted,candidate,selected,0,1200.293,1200.293,2,2,1450.84,selected,1200.293,,,frozen_selection,,,frozen_clean_CH2_CH3,"Inside user-adopted [120 ns, individual record end minus 10 ns] window",selected,1485.84,1475.84,True,Inside tested observation window,selected,record_end_minus_10_ns
Datos/Med_con_Decaimientos/decaimientos.txt::block311::event311,311,Datos/Med_con_Decaimientos/decaimientos.txt,1024,detected,accepted,ambiguous,veto_prompt3_detected,0,416.7,416.7,3,3,1447.52,veto_prompt3_detected,416.7,,,frozen_selection,,,frozen_clean_CH2_CH3,veto_prompt3_detected,veto_prompt3_detected,1482.52,1472.52,False,veto_prompt3_detected,veto_prompt3_detected,record_end_minus_10_ns
Datos/Med_con_Decaimientos/decaimientos.txt::block312::event312,312,Datos/Med_con_Decaimientos/decaimientos.txt,1024,not_detected_above_threshold,accepted,candidate,selected,2,758.692,758.692,3,3,1445.86,selected,758.692,,,frozen_selection,,,frozen_clean_CH2_CH3,"Inside user-adopted [120 ns, individual record end minus 10 ns] window",selected,1480.86,1470.86,True,Inside tested observation window,selected,record_end_minus_10_ns
Datos/Med_con_Decaimientos/decaimientos.txt::block313::event313,313,Datos/Med_con_Decaimientos/decaimientos.txt,1024,ambiguous,accepted,ambiguous,pending_prompt3_uncertain,0,944.6290000000001,944.6290000000001,3,3,1447.52,pending_prompt3_uncertain,944.6290000000001,,,frozen_selection,,,frozen_clean_CH2_CH3,pending_prompt3_uncertain,pending_prompt3_uncertain,1482.52,1472.52,False,pending_prompt3_uncertain,pending_prompt3_uncertain,record_end_minus_10_ns
Datos/Med_con_Decaimientos/decaimientos.txt::block314::event314,314,Datos/Med_con_Decaimientos/decaimientos.txt,1024,not_detected_above_threshold,accepted,candidate,selected,0,310.44999999999993,310.44999999999993,2,2,1457.481,selected,310.44999999999993,,,frozen_selection,,,frozen_clean_CH2_CH3,"Inside user-adopted [120 ns, individual record end minus 10 ns] window",selected,1492.481,1482.481,True,Inside tested observation window,selected,record_end_minus_10_ns
Datos/Med_con_Decaimientos/decaimientos.txt::block315::event315,315,Datos/Med_con_Decaimientos/decaimientos.txt,1024,not_detected_above_threshold,accepted,candidate,selected,0,391.797,391.797,2,2,1439.2189999999998,selected,391.797,,,frozen_selection,,,frozen_clean_CH2_CH3,"Inside user-adopted [120 ns, individual record end minus 10 ns] window",selected,1474.2189999999998,1464.2189999999998,True,Inside tested observation window,selected,record_end_minus_10_ns
Datos/Med_con_Decaimientos/decaimientos.txt::block316::event316,316,Datos/Med_con_Decaimientos/decaimientos.txt,1024,not_detected_above_threshold,accepted,candidate,selected,0,825.097,825.097,2,2,1455.82,selected,825.097,,,frozen_selection,,,frozen_clean_CH2_CH3,"Inside user-adopted [120 ns, individual record end minus 10 ns] window",selected,1490.82,1480.82,True,Inside tested observation window,selected,record_end_minus_10_ns
Datos/Med_con_Decaimientos/decaimientos.txt::block317::event317,317,Datos/Med_con_Decaimientos/decaimientos.txt,1024,ambiguous,accepted,ambiguous,pending_prompt3_uncertain,0,1389.551,1389.551,1+2,2,1450.84,pending_prompt3_uncertain,1389.551,,,frozen_selection,,,frozen_clean_CH2_CH3,pending_prompt3_uncertain,pending_prompt3_uncertain,1485.84,1475.84,False,pending_prompt3_uncertain,pending_prompt3_uncertain,record_end_minus_10_ns
Datos/Med_con_Decaimientos/decaimientos.txt::block318::event318,318,Datos/Med_con_Decaimientos/decaimientos.txt,1024,not_detected_above_threshold,accepted,candidate,selected,1,1187.0120000000002,1187.0120000000002,2,2,1452.5,selected,1187.0120000000002,,,frozen_selection,,,frozen_clean_CH2_CH3,"Inside user-adopted [120 ns, individual record end minus 10 ns] window",selected,1487.5,1477.5,True,Inside tested observation window,selected,record_end_minus_10_ns
Datos/Med_con_Decaimientos/decaimientos.txt::block319::event319,319,Datos/Med_con_Decaimientos/decaimientos.txt,1024,not_detected_above_threshold,accepted,ambiguous,selected,0,757.031,752.0504999999999,1+2,2,1462.461,selected,757.031,,,frozen_selection,,,frozen_clean_CH2_CH3,"Inside user-adopted [120 ns, individual record end minus 10 ns] window",selected,1497.461,1487.461,True,Inside tested observation window,selected,record_end_minus_10_ns
Datos/Med_con_Decaimientos/decaimientos.txt::block320::event320,320,Datos/Med_con_Decaimientos/decaimientos.txt,1024,not_detected_above_threshold,accepted,candidate,selected,0,456.543,456.543,3,3,1444.1989999999998,selected,456.543,,,frozen_selection,,,frozen_clean_CH2_CH3,"Inside user-adopted [120 ns, individual record end minus 10 ns] window",selected,1479.1989999999998,1469.1989999999998,True,Inside tested observation window,selected,record_end_minus_10_ns
Datos/Med_con_Decaimientos/decaimientos.txt::block321::event321,321,Datos/Med_con_Decaimientos/decaimientos.txt,1024,not_detected_above_threshold,accepted,candidate,selected,0,406.738,406.738,2,2,1442.539,selected,406.738,,,frozen_selection,,,frozen_clean_CH2_CH3,"Inside user-adopted [120 ns, individual record end minus 10 ns] window",selected,1477.539,1467.539,True,Inside tested observation window,selected,record_end_minus_10_ns
Datos/Med_con_Decaimientos/decaimientos.txt::block322::event322,322,Datos/Med_con_Decaimientos/decaimientos.txt,1024,not_detected_above_threshold,accepted,ambiguous,selected,0,219.141,,,2,1445.86,no_clean_secondary,,accept_quality,,user_export,below_threshold_5,2,largest_amplitude_CH2_CH3_seed_minimum,"Inside user-adopted [120 ns, individual record end minus 10 ns] window",selected,1480.86,1470.86,True,Inside tested observation window,selected,record_end_minus_10_ns
Datos/Med_con_Decaimientos/decaimientos.txt::block323::event323,323,Datos/Med_con_Decaimientos/decaimientos.txt,1024,detected,accepted,ambiguous,veto_prompt3_detected,0,282.22700000000003,282.22700000000003,3,3,1447.52,veto_prompt3_detected,282.22700000000003,,,frozen_selection,,,frozen_clean_CH2_CH3,veto_prompt3_detected,veto_prompt3_detected,1482.52,1472.52,False,veto_prompt3_detected,veto_prompt3_detected,record_end_minus_10_ns
Datos/Med_con_Decaimientos/decaimientos.txt::block324::event324,324,Datos/Med_con_Decaimientos/decaimientos.txt,1024,detected,accepted,ambiguous,veto_prompt3_detected,0,889.8439999999999,889.8439999999999,3,3,1452.5,veto_prompt3_detected,889.8439999999999,,,frozen_selection,,,frozen_clean_CH2_CH3,veto_prompt3_detected,veto_prompt3_detected,1487.5,1477.5,False,veto_prompt3_detected,veto_prompt3_detected,record_end_minus_10_ns
Datos/Med_con_Decaimientos/decaimientos.txt::block325::event325,325,Datos/Med_con_Decaimientos/decaimientos.txt,1024,not_detected_above_threshold,accepted,ambiguous,excluded_by_user,0,83.83849999999998,,,,1445.86,no_clean_secondary,,exclude,,user_export,outside_window_20,,,Explicit exclusion in user review export,excluded_by_user,1480.86,1470.86,False,Explicit exclusion in user review export,excluded_by_user,record_end_minus_10_ns
Datos/Med_con_Decaimientos/decaimientos.txt::block326::event326,326,Datos/Med_con_Decaimientos/decaimientos.txt,1024,not_detected_above_threshold,accepted,candidate,selected,0,647.461,647.461,2,2,1454.1599999999999,selected,647.461,,,frozen_selection,,,frozen_clean_CH2_CH3,"Inside user-adopted [120 ns, individual record end minus 10 ns] window",selected,1489.1599999999999,1479.1599999999999,True,Inside tested observation window,selected,record_end_minus_10_ns
Datos/Med_con_Decaimientos/decaimientos.txt::block327::event327,327,Datos/Med_con_Decaimientos/decaimientos.txt,1024,not_detected_above_threshold,ambiguous,not_evaluable,pending_initial_quality,,,,,,1450.84,pending_initial_quality,,,,frozen_selection,,,frozen_clean_CH2_CH3,pending_initial_quality,pending_initial_quality,1485.84,1475.84,False,pending_initial_quality,pending_initial_quality,record_end_minus_10_ns
Datos/Med_con_Decaimientos/decaimientos.txt::block328::event328,328,Datos/Med_con_Decaimientos/decaimientos.txt,1024,not_detected_above_threshold,accepted,candidate,outside_fit_window,0,71.38599999999997,71.38599999999997,2,2,1454.1599999999999,outside_fit_window,71.38599999999997,,,frozen_selection,,,frozen_clean_CH2_CH3,Below unchanged 120 ns lower limit,outside_fit_window,1489.1599999999999,1479.1599999999999,False,Below unchanged 120 ns lower limit,outside_fit_window,record_end_minus_10_ns
Datos/Med_con_Decaimientos/decaimientos.txt::block329::event329,329,Datos/Med_con_Decaimientos/decaimientos.txt,1024,not_detected_above_threshold,accepted,candidate,selected,0,255.664,255.664,2,2,1454.1599999999999,selected,255.664,,,frozen_selection,,,frozen_clean_CH2_CH3,"Inside user-adopted [120 ns, individual record end minus 10 ns] window",selected,1489.1599999999999,1479.1599999999999,True,Inside tested observation window,selected,record_end_minus_10_ns
Datos/Med_con_Decaimientos/decaimientos.txt::block330::event330,330,Datos/Med_con_Decaimientos/decaimientos.txt,1024,not_detected_above_threshold,accepted,candidate,outside_fit_window,0,97.94899999999998,97.94899999999998,2,2,1462.461,outside_fit_window,97.94899999999998,,,frozen_selection,,,frozen_clean_CH2_CH3,Below unchanged 120 ns lower limit,outside_fit_window,1497.461,1487.461,False,Below unchanged 120 ns lower limit,outside_fit_window,record_end_minus_10_ns
Datos/Med_con_Decaimientos/decaimientos.txt::block331::event331,331,Datos/Med_con_Decaimientos/decaimientos.txt,1024,ambiguous,accepted,ambiguous,pending_prompt3_uncertain,0,816.797,816.797,2,2,1442.539,pending_prompt3_uncertain,816.797,,,frozen_selection,,,frozen_clean_CH2_CH3,pending_prompt3_uncertain,pending_prompt3_uncertain,1477.539,1467.539,False,pending_prompt3_uncertain,pending_prompt3_uncertain,record_end_minus_10_ns
Datos/Med_con_Decaimientos/decaimientos.txt::block332::event332,332,Datos/Med_con_Decaimientos/decaimientos.txt,1024,detected,accepted,ambiguous,veto_prompt3_detected,,,,,,1439.2189999999998,veto_prompt3_detected,,,,frozen_selection,,,frozen_clean_CH2_CH3,veto_prompt3_detected,veto_prompt3_detected,1474.2189999999998,1464.2189999999998,False,veto_prompt3_detected,veto_prompt3_detected,record_end_minus_10_ns
Datos/Med_con_Decaimientos/decaimientos.txt::block333::event333,333,Datos/Med_con_Decaimientos/decaimientos.txt,1024,detected,accepted,ambiguous,veto_prompt3_detected,2,871.5820000000001,871.5820000000001,3,3,1455.82,veto_prompt3_detected,871.5820000000001,,,frozen_selection,,,frozen_clean_CH2_CH3,veto_prompt3_detected,veto_prompt3_detected,1490.82,1480.82,False,veto_prompt3_detected,veto_prompt3_detected,record_end_minus_10_ns
Datos/Med_con_Decaimientos/decaimientos.txt::block334::event334,334,Datos/Med_con_Decaimientos/decaimientos.txt,1024,not_detected_above_threshold,accepted,candidate,selected,2,803.516,803.516,2,2,1439.2189999999998,selected,803.516,,,frozen_selection,,,frozen_clean_CH2_CH3,"Inside user-adopted [120 ns, individual record end minus 10 ns] window",selected,1474.2189999999998,1464.2189999999998,True,Inside tested observation window,selected,record_end_minus_10_ns
Datos/Med_con_Decaimientos/decaimientos.txt::block335::event335,335,Datos/Med_con_Decaimientos/decaimientos.txt,1024,not_detected_above_threshold,accepted,ambiguous,selected,1,129.49300000000002,,,2,1445.86,no_clean_secondary,,accept_quality,,user_export,below_threshold_5,9,largest_amplitude_CH2_CH3_seed_minimum,"Inside user-adopted [120 ns, individual record end minus 10 ns] window",selected,1480.86,1470.86,True,Inside tested observation window,selected,record_end_minus_10_ns
Datos/Med_con_Decaimientos/decaimientos.txt::block336::event336,336,Datos/Med_con_Decaimientos/decaimientos.txt,1024,not_detected_above_threshold,accepted,candidate,selected,1,884.863,884.863,2+3,2+3,1454.1599999999999,selected,884.863,,,frozen_selection,,,frozen_clean_CH2_CH3,"Inside user-adopted [120 ns, individual record end minus 10 ns] window",selected,1489.1599999999999,1479.1599999999999,True,Inside tested observation window,selected,record_end_minus_10_ns
Datos/Med_con_Decaimientos/decaimientos.txt::block337::event337,337,Datos/Med_con_Decaimientos/decaimientos.txt,1024,not_detected_above_threshold,accepted,candidate,selected,0,572.754,572.754,2,2,1445.86,selected,572.754,,,frozen_selection,,,frozen_clean_CH2_CH3,"Inside user-adopted [120 ns, individual record end minus 10 ns] window",selected,1480.86,1470.86,True,Inside tested observation window,selected,record_end_minus_10_ns
Datos/Med_con_Decaimientos/decaimientos.txt::block338::event338,338,Datos/Med_con_Decaimientos/decaimientos.txt,1024,detected,accepted,ambiguous,veto_prompt3_detected,,,,,,1454.1599999999999,veto_prompt3_detected,,,,frozen_selection,,,frozen_clean_CH2_CH3,veto_prompt3_detected,veto_prompt3_detected,1489.1599999999999,1479.1599999999999,False,veto_prompt3_detected,veto_prompt3_detected,record_end_minus_10_ns
Datos/Med_con_Decaimientos/decaimientos.txt::block339::event339,339,Datos/Med_con_Decaimientos/decaimientos.txt,1024,not_detected_above_threshold,accepted,candidate,selected,0,944.629,944.629,2,2,1457.481,selected,944.629,,,frozen_selection,,,frozen_clean_CH2_CH3,"Inside user-adopted [120 ns, individual record end minus 10 ns] window",selected,1492.481,1482.481,True,Inside tested observation window,selected,record_end_minus_10_ns
Datos/Med_con_Decaimientos/decaimientos.txt::block340::event340,340,Datos/Med_con_Decaimientos/decaimientos.txt,1024,not_detected_above_threshold,accepted,candidate,selected,0,195.898,195.898,2,2,1455.82,selected,195.898,,,frozen_selection,,,frozen_clean_CH2_CH3,"Inside user-adopted [120 ns, individual record end minus 10 ns] window",selected,1490.82,1480.82,True,Inside tested observation window,selected,record_end_minus_10_ns
Datos/Med_con_Decaimientos/decaimientos.txt::block341::event341,341,Datos/Med_con_Decaimientos/decaimientos.txt,1024,detected,accepted,ambiguous,veto_prompt3_detected,2,871.5820000000001,871.5820000000001,2,2,1455.82,veto_prompt3_detected,871.5820000000001,,,frozen_selection,,,frozen_clean_CH2_CH3,veto_prompt3_detected,veto_prompt3_detected,1490.82,1480.82,False,veto_prompt3_detected,veto_prompt3_detected,record_end_minus_10_ns
Datos/Med_con_Decaimientos/decaimientos.txt::block342::event342,342,Datos/Med_con_Decaimientos/decaimientos.txt,1024,not_detected_above_threshold,accepted,ambiguous,selected,3,1060.8400000000001,,,2,1462.461,no_clean_secondary,,accept_quality,,user_message_approve_all_mixed_weak_seeds,clean_plus_weak_49,8,mean_accepted_CH2_CH3,"Inside user-adopted [120 ns, individual record end minus 10 ns] window",selected,1497.461,1487.461,True,Inside tested observation window,selected,record_end_minus_10_ns
Datos/Med_con_Decaimientos/decaimientos.txt::block343::event343,343,Datos/Med_con_Decaimientos/decaimientos.txt,1024,not_detected_above_threshold,accepted,candidate,selected,2,768.652,768.652,3,3,1454.1599999999999,selected,768.652,,,frozen_selection,,,frozen_clean_CH2_CH3,"Inside user-adopted [120 ns, individual record end minus 10 ns] window",selected,1489.1599999999999,1479.1599999999999,True,Inside tested observation window,selected,record_end_minus_10_ns
Datos/Med_con_Decaimientos/decaimientos.txt::block344::event344,344,Datos/Med_con_Decaimientos/decaimientos.txt,1024,not_detected_above_threshold,accepted,ambiguous,selected,0,1450.977,,,,1445.86,no_clean_secondary,,accept_quality,,user_export,outside_window_20,,,"Inside user-adopted [120 ns, individual record end minus 10 ns] window",outside_fit_window,1480.86,1470.86,True,Inside tested observation window,outside_fit_window,record_end_minus_10_ns
Datos/Med_con_Decaimientos/decaimientos.txt::block345::event345,345,Datos/Med_con_Decaimientos/decaimientos.txt,1024,detected,accepted,ambiguous,veto_prompt3_detected,0,853.3199999999999,853.3199999999999,3,3,1450.84,veto_prompt3_detected,853.3199999999999,,,frozen_selection,,,frozen_clean_CH2_CH3,veto_prompt3_detected,veto_prompt3_detected,1485.84,1475.84,False,veto_prompt3_detected,veto_prompt3_detected,record_end_minus_10_ns
Datos/Med_con_Decaimientos/decaimientos.txt::block346::event346,346,Datos/Med_con_Decaimientos/decaimientos.txt,1024,not_detected_above_threshold,accepted,candidate,selected,0,1163.769,1163.769,2,2,1464.1209999999999,selected,1163.769,,,frozen_selection,,,frozen_clean_CH2_CH3,"Inside user-adopted [120 ns, individual record end minus 10 ns] window",selected,1499.1209999999999,1489.1209999999999,True,Inside tested observation window,selected,record_end_minus_10_ns
Datos/Med_con_Decaimientos/decaimientos.txt::block347::event347,347,Datos/Med_con_Decaimientos/decaimientos.txt,1024,not_detected_above_threshold,accepted,candidate,outside_fit_window,0,89.649,89.649,3,3,1459.1409999999998,outside_fit_window,89.649,,,frozen_selection,,,frozen_clean_CH2_CH3,Below unchanged 120 ns lower limit,outside_fit_window,1494.1409999999998,1484.1409999999998,False,Below unchanged 120 ns lower limit,outside_fit_window,record_end_minus_10_ns
Datos/Med_con_Decaimientos/decaimientos.txt::block348::event348,348,Datos/Med_con_Decaimientos/decaimientos.txt,1024,not_detected_above_threshold,accepted,candidate,selected,0,913.086,913.086,2,2,1445.86,selected,913.086,,,frozen_selection,,,frozen_clean_CH2_CH3,"Inside user-adopted [120 ns, individual record end minus 10 ns] window",selected,1480.86,1470.86,True,Inside tested observation window,selected,record_end_minus_10_ns
Datos/Med_con_Decaimientos/decaimientos.txt::block349::event349,349,Datos/Med_con_Decaimientos/decaimientos.txt,1024,not_detected_above_threshold,accepted,candidate,selected,1,697.266,697.266,2,2,1457.481,selected,697.266,,,frozen_selection,,,frozen_clean_CH2_CH3,"Inside user-adopted [120 ns, individual record end minus 10 ns] window",selected,1492.481,1482.481,True,Inside tested observation window,selected,record_end_minus_10_ns
Datos/Med_con_Decaimientos/decaimientos.txt::block350::event350,350,Datos/Med_con_Decaimientos/decaimientos.txt,1024,not_detected_above_threshold,accepted,ambiguous,selected,0,293.84800000000007,292.1875000000001,1+2,2,1439.2189999999998,selected,293.84800000000007,,,frozen_selection,,,frozen_clean_CH2_CH3,"Inside user-adopted [120 ns, individual record end minus 10 ns] window",selected,1474.2189999999998,1464.2189999999998,True,Inside tested observation window,selected,record_end_minus_10_ns
Datos/Med_con_Decaimientos/decaimientos.txt::block351::event351,351,Datos/Med_con_Decaimientos/decaimientos.txt,1024,not_detected_above_threshold,accepted,candidate,selected,0,1399.5120000000002,1399.5120000000002,2,2,1447.52,selected,1399.5120000000002,,,frozen_selection,,,frozen_clean_CH2_CH3,"Inside user-adopted [120 ns, individual record end minus 10 ns] window",selected,1482.52,1472.52,True,Inside tested observation window,selected,record_end_minus_10_ns
Datos/Med_con_Decaimientos/decaimientos.txt::block352::event352,352,Datos/Med_con_Decaimientos/decaimientos.txt,1024,ambiguous,ambiguous,not_evaluable,pending_prompt3_uncertain,,,,,,1457.481,pending_prompt3_uncertain,,,,frozen_selection,,,frozen_clean_CH2_CH3,pending_prompt3_uncertain,pending_prompt3_uncertain,1492.481,1482.481,False,pending_prompt3_uncertain,pending_prompt3_uncertain,record_end_minus_10_ns
Datos/Med_con_Decaimientos/decaimientos.txt::block353::event353,353,Datos/Med_con_Decaimientos/decaimientos.txt,1024,not_detected_above_threshold,accepted,candidate,outside_fit_window,0,89.64899999999997,89.64899999999997,2,2,1457.481,outside_fit_window,89.64899999999997,,,frozen_selection,,,frozen_clean_CH2_CH3,Below unchanged 120 ns lower limit,outside_fit_window,1492.481,1482.481,False,Below unchanged 120 ns lower limit,outside_fit_window,record_end_minus_10_ns
Datos/Med_con_Decaimientos/decaimientos.txt::block354::event354,354,Datos/Med_con_Decaimientos/decaimientos.txt,1024,not_detected_above_threshold,accepted,candidate,selected,1,579.394,579.394,2,2,1454.1599999999999,selected,579.394,,,frozen_selection,,,frozen_clean_CH2_CH3,"Inside user-adopted [120 ns, individual record end minus 10 ns] window",selected,1489.1599999999999,1479.1599999999999,True,Inside tested observation window,selected,record_end_minus_10_ns
Datos/Med_con_Decaimientos/decaimientos.txt::block355::event355,355,Datos/Med_con_Decaimientos/decaimientos.txt,1024,not_detected_above_threshold,accepted,ambiguous,selected,0,632.519,,,2,1454.1599999999999,no_clean_secondary,,accept_quality,,user_export,below_threshold_5,2,largest_amplitude_CH2_CH3_seed_minimum,"Inside user-adopted [120 ns, individual record end minus 10 ns] window",selected,1489.1599999999999,1479.1599999999999,True,Inside tested observation window,selected,record_end_minus_10_ns
Datos/Med_con_Decaimientos/decaimientos.txt::block356::event356,356,Datos/Med_con_Decaimientos/decaimientos.txt,1024,ambiguous,accepted,ambiguous,pending_prompt3_uncertain,1,989.4530000000001,989.4530000000001,3,3,1439.2189999999998,pending_prompt3_uncertain,989.4530000000001,,,frozen_selection,,,frozen_clean_CH2_CH3,pending_prompt3_uncertain,pending_prompt3_uncertain,1474.2189999999998,1464.2189999999998,False,pending_prompt3_uncertain,pending_prompt3_uncertain,record_end_minus_10_ns
Datos/Med_con_Decaimientos/decaimientos.txt::block357::event357,357,Datos/Med_con_Decaimientos/decaimientos.txt,1024,detected,accepted,ambiguous,veto_prompt3_detected,0,456.54299999999995,456.54299999999995,3,3,1454.1599999999999,veto_prompt3_detected,456.54299999999995,,,frozen_selection,,,frozen_clean_CH2_CH3,veto_prompt3_detected,veto_prompt3_detected,1489.1599999999999,1479.1599999999999,False,veto_prompt3_detected,veto_prompt3_detected,record_end_minus_10_ns
Datos/Med_con_Decaimientos/decaimientos.txt::block358::event358,358,Datos/Med_con_Decaimientos/decaimientos.txt,1024,not_detected_above_threshold,accepted,ambiguous,selected,0,514.648,,,2,1450.84,no_clean_secondary,,accept_quality,,user_message_approve_all_mixed_weak_seeds,clean_plus_weak_49,3,mean_accepted_CH2_CH3,"Inside user-adopted [120 ns, individual record end minus 10 ns] window",selected,1485.84,1475.84,True,Inside tested observation window,selected,record_end_minus_10_ns
Datos/Med_con_Decaimientos/decaimientos.txt::block359::event359,359,Datos/Med_con_Decaimientos/decaimientos.txt,1024,not_detected_above_threshold,accepted,candidate,selected,0,401.75700000000006,401.75700000000006,3,3,1455.82,selected,401.75700000000006,,,frozen_selection,,,frozen_clean_CH2_CH3,"Inside user-adopted [120 ns, individual record end minus 10 ns] window",selected,1490.82,1480.82,True,Inside tested observation window,selected,record_end_minus_10_ns
Datos/Med_con_Decaimientos/decaimientos.txt::block360::event360,360,Datos/Med_con_Decaimientos/decaimientos.txt,1024,not_detected_above_threshold,accepted,candidate,selected,0,252.34400000000002,252.34400000000002,3,3,1449.1799999999998,selected,252.34400000000002,,,frozen_selection,,,frozen_clean_CH2_CH3,"Inside user-adopted [120 ns, individual record end minus 10 ns] window",selected,1484.1799999999998,1474.1799999999998,True,Inside tested observation window,selected,record_end_minus_10_ns
Datos/Med_con_Decaimientos/decaimientos.txt::block361::event361,361,Datos/Med_con_Decaimientos/decaimientos.txt,1024,detected,accepted,ambiguous,veto_prompt3_detected,0,552.8319999999999,552.8319999999999,3,3,1459.1409999999998,veto_prompt3_detected,552.8319999999999,,,frozen_selection,,,frozen_clean_CH2_CH3,veto_prompt3_detected,veto_prompt3_detected,1494.1409999999998,1484.1409999999998,False,veto_prompt3_detected,veto_prompt3_detected,record_end_minus_10_ns
Datos/Med_con_Decaimientos/decaimientos.txt::block362::event362,362,Datos/Med_con_Decaimientos/decaimientos.txt,1024,not_detected_above_threshold,accepted,candidate,selected,0,539.55,539.55,3,3,1454.1599999999999,selected,539.55,,,frozen_selection,,,frozen_clean_CH2_CH3,"Inside user-adopted [120 ns, individual record end minus 10 ns] window",selected,1489.1599999999999,1479.1599999999999,True,Inside tested observation window,selected,record_end_minus_10_ns
Datos/Med_con_Decaimientos/decaimientos.txt::block363::event363,363,Datos/Med_con_Decaimientos/decaimientos.txt,1024,detected,accepted,ambiguous,veto_prompt3_detected,,,,,,1440.879,veto_prompt3_detected,,,,frozen_selection,,,frozen_clean_CH2_CH3,veto_prompt3_detected,veto_prompt3_detected,1475.879,1465.879,False,veto_prompt3_detected,veto_prompt3_detected,record_end_minus_10_ns
Datos/Med_con_Decaimientos/decaimientos.txt::block364::event364,364,Datos/Med_con_Decaimientos/decaimientos.txt,1024,not_detected_above_threshold,accepted,candidate,selected,1,1075.781,1075.781,2,2,1450.84,selected,1075.781,,,frozen_selection,,,frozen_clean_CH2_CH3,"Inside user-adopted [120 ns, individual record end minus 10 ns] window",selected,1485.84,1475.84,True,Inside tested observation window,selected,record_end_minus_10_ns
Datos/Med_con_Decaimientos/decaimientos.txt::block365::event365,365,Datos/Med_con_Decaimientos/decaimientos.txt,1024,not_detected_above_threshold,accepted,candidate,selected,4,806.835,806.835,2,2,1455.82,selected,806.835,,,frozen_selection,,,frozen_clean_CH2_CH3,"Inside user-adopted [120 ns, individual record end minus 10 ns] window",selected,1490.82,1480.82,True,Inside tested observation window,selected,record_end_minus_10_ns
Datos/Med_con_Decaimientos/decaimientos.txt::block366::event366,366,Datos/Med_con_Decaimientos/decaimientos.txt,1024,not_detected_above_threshold,accepted,candidate,selected,0,257.32399999999996,257.32399999999996,2,2,1455.82,selected,257.32399999999996,,,frozen_selection,,,frozen_clean_CH2_CH3,"Inside user-adopted [120 ns, individual record end minus 10 ns] window",selected,1490.82,1480.82,True,Inside tested observation window,selected,record_end_minus_10_ns
Datos/Med_con_Decaimientos/decaimientos.txt::block367::event367,367,Datos/Med_con_Decaimientos/decaimientos.txt,1024,detected,accepted,ambiguous,veto_prompt3_detected,,,,,,1447.52,veto_prompt3_detected,,,,frozen_selection,,,frozen_clean_CH2_CH3,veto_prompt3_detected,veto_prompt3_detected,1482.52,1472.52,False,veto_prompt3_detected,veto_prompt3_detected,record_end_minus_10_ns
Datos/Med_con_Decaimientos/decaimientos.txt::block368::event368,368,Datos/Med_con_Decaimientos/decaimientos.txt,1024,detected,accepted,ambiguous,veto_prompt3_detected,0,423.34000000000003,423.34000000000003,3,3,1439.2189999999998,veto_prompt3_detected,423.34000000000003,,,frozen_selection,,,frozen_clean_CH2_CH3,veto_prompt3_detected,veto_prompt3_detected,1474.2189999999998,1464.2189999999998,False,veto_prompt3_detected,veto_prompt3_detected,record_end_minus_10_ns
Datos/Med_con_Decaimientos/decaimientos.txt::block369::event369,369,Datos/Med_con_Decaimientos/decaimientos.txt,1024,not_detected_above_threshold,accepted,candidate,selected,0,174.317,174.317,2,2,1437.559,selected,174.317,,,frozen_selection,,,frozen_clean_CH2_CH3,"Inside user-adopted [120 ns, individual record end minus 10 ns] window",selected,1472.559,1462.559,True,Inside tested observation window,selected,record_end_minus_10_ns
Datos/Med_con_Decaimientos/decaimientos.txt::block370::event370,370,Datos/Med_con_Decaimientos/decaimientos.txt,1024,not_detected_above_threshold,accepted,candidate,selected,0,202.53900000000002,202.53900000000002,2,2,1457.481,selected,202.53900000000002,,,frozen_selection,,,frozen_clean_CH2_CH3,"Inside user-adopted [120 ns, individual record end minus 10 ns] window",selected,1492.481,1482.481,True,Inside tested observation window,selected,record_end_minus_10_ns
Datos/Med_con_Decaimientos/decaimientos.txt::block371::event371,371,Datos/Med_con_Decaimientos/decaimientos.txt,1024,not_detected_above_threshold,accepted,candidate,selected,0,1082.421,1082.421,2,2,1455.82,selected,1082.421,,,frozen_selection,,,frozen_clean_CH2_CH3,"Inside user-adopted [120 ns, individual record end minus 10 ns] window",selected,1490.82,1480.82,True,Inside tested observation window,selected,record_end_minus_10_ns
Datos/Med_con_Decaimientos/decaimientos.txt::block372::event372,372,Datos/Med_con_Decaimientos/decaimientos.txt,1024,not_detected_above_threshold,accepted,candidate,selected,3,620.8979999999999,620.8979999999999,2+3,2+3,1442.539,selected,620.8979999999999,,,frozen_selection,,,frozen_clean_CH2_CH3,"Inside user-adopted [120 ns, individual record end minus 10 ns] window",selected,1477.539,1467.539,True,Inside tested observation window,selected,record_end_minus_10_ns
Datos/Med_con_Decaimientos/decaimientos.txt::block373::event373,373,Datos/Med_con_Decaimientos/decaimientos.txt,1024,not_detected_above_threshold,accepted,ambiguous,outside_upper_edge_margin,0,1470.898,,,,1440.879,no_clean_secondary,,accept_quality,,user_export,outside_window_20,,,"Minimum within final 10 ns; excluded by user-adopted edge policy, quality approval retained",outside_fit_window,1475.879,1465.879,False,Above tested upper limit,outside_fit_window,record_end_minus_10_ns
Datos/Med_con_Decaimientos/decaimientos.txt::block374::event374,374,Datos/Med_con_Decaimientos/decaimientos.txt,1024,not_detected_above_threshold,accepted,candidate,selected,0,333.6909999999999,333.6909999999999,3,3,1452.5,selected,333.6909999999999,,,frozen_selection,,,frozen_clean_CH2_CH3,"Inside user-adopted [120 ns, individual record end minus 10 ns] window",selected,1487.5,1477.5,True,Inside tested observation window,selected,record_end_minus_10_ns
Datos/Med_con_Decaimientos/decaimientos.txt::block375::event375,375,Datos/Med_con_Decaimientos/decaimientos.txt,1024,detected,accepted,ambiguous,veto_prompt3_detected,0,1284.96,1284.96,3,3,1455.82,veto_prompt3_detected,1284.96,,,frozen_selection,,,frozen_clean_CH2_CH3,veto_prompt3_detected,veto_prompt3_detected,1490.82,1480.82,False,veto_prompt3_detected,veto_prompt3_detected,record_end_minus_10_ns
Datos/Med_con_Decaimientos/decaimientos.txt::block376::event376,376,Datos/Med_con_Decaimientos/decaimientos.txt,1024,not_detected_above_threshold,accepted,ambiguous,selected,0,428.321,427.491,1+2,2,1445.86,selected,428.321,,,frozen_selection,,,frozen_clean_CH2_CH3,"Inside user-adopted [120 ns, individual record end minus 10 ns] window",selected,1480.86,1470.86,True,Inside tested observation window,selected,record_end_minus_10_ns
Datos/Med_con_Decaimientos/decaimientos.txt::block377::event377,377,Datos/Med_con_Decaimientos/decaimientos.txt,1024,not_detected_above_threshold,accepted,ambiguous,selected,1,1055.8600000000001,1051.7095,1+2,2,1457.481,selected,1055.8600000000001,,,frozen_selection,,,frozen_clean_CH2_CH3,"Inside user-adopted [120 ns, individual record end minus 10 ns] window",selected,1492.481,1482.481,True,Inside tested observation window,selected,record_end_minus_10_ns
Datos/Med_con_Decaimientos/decaimientos.txt::block378::event378,378,Datos/Med_con_Decaimientos/decaimientos.txt,1024,not_detected_above_threshold,accepted,candidate,selected,0,1389.551,1389.551,2,2,1450.84,selected,1389.551,,,frozen_selection,,,frozen_clean_CH2_CH3,"Inside user-adopted [120 ns, individual record end minus 10 ns] window",selected,1485.84,1475.84,True,Inside tested observation window,selected,record_end_minus_10_ns
Datos/Med_con_Decaimientos/decaimientos.txt::block379::event379,379,Datos/Med_con_Decaimientos/decaimientos.txt,1024,not_detected_above_threshold,accepted,candidate,selected,0,571.094,571.094,3,3,1450.84,selected,571.094,,,frozen_selection,,,frozen_clean_CH2_CH3,"Inside user-adopted [120 ns, individual record end minus 10 ns] window",selected,1485.84,1475.84,True,Inside tested observation window,selected,record_end_minus_10_ns
Datos/Med_con_Decaimientos/decaimientos.txt::block380::event380,380,Datos/Med_con_Decaimientos/decaimientos.txt,1024,not_detected_above_threshold,accepted,candidate,selected,3,1122.2649999999999,1122.2649999999999,2,2,1454.1599999999999,selected,1122.2649999999999,,,frozen_selection,,,frozen_clean_CH2_CH3,"Inside user-adopted [120 ns, individual record end minus 10 ns] window",selected,1489.1599999999999,1479.1599999999999,True,Inside tested observation window,selected,record_end_minus_10_ns
Datos/Med_con_Decaimientos/decaimientos.txt::block381::event381,381,Datos/Med_con_Decaimientos/decaimientos.txt,1024,not_detected_above_threshold,accepted,candidate,selected,1,285.547,285.547,2,2,1439.2189999999998,selected,285.547,,,frozen_selection,,,frozen_clean_CH2_CH3,"Inside user-adopted [120 ns, individual record end minus 10 ns] window",selected,1474.2189999999998,1464.2189999999998,True,Inside tested observation window,selected,record_end_minus_10_ns
Datos/Med_con_Decaimientos/decaimientos.txt::block382::event382,382,Datos/Med_con_Decaimientos/decaimientos.txt,1024,not_detected_above_threshold,accepted,ambiguous,selected,0,1032.617,,,3,1450.84,no_clean_secondary,,accept_quality,,user_message_approve_all_mixed_weak_seeds,clean_plus_weak_49,4,mean_accepted_CH2_CH3,"Inside user-adopted [120 ns, individual record end minus 10 ns] window",selected,1485.84,1475.84,True,Inside tested observation window,selected,record_end_minus_10_ns
Datos/Med_con_Decaimientos/decaimientos.txt::block383::event383,383,Datos/Med_con_Decaimientos/decaimientos.txt,1024,not_detected_above_threshold,accepted,candidate,selected,3,1182.8609999999999,1182.8609999999999,2,2,1442.539,selected,1182.8609999999999,,,frozen_selection,,,frozen_clean_CH2_CH3,"Inside user-adopted [120 ns, individual record end minus 10 ns] window",selected,1477.539,1467.539,True,Inside tested observation window,selected,record_end_minus_10_ns
Datos/Med_con_Decaimientos/decaimientos.txt::block384::event384,384,Datos/Med_con_Decaimientos/decaimientos.txt,1024,not_detected_above_threshold,accepted,candidate,selected,0,1070.801,1070.801,2,2,1459.1409999999998,selected,1070.801,,,frozen_selection,,,frozen_clean_CH2_CH3,"Inside user-adopted [120 ns, individual record end minus 10 ns] window",selected,1494.1409999999998,1484.1409999999998,True,Inside tested observation window,selected,record_end_minus_10_ns
Datos/Med_con_Decaimientos/decaimientos.txt::block385::event385,385,Datos/Med_con_Decaimientos/decaimientos.txt,1024,not_detected_above_threshold,ambiguous,not_evaluable,pending_initial_quality,0,141.113,141.113,2,2,1454.1599999999999,pending_initial_quality,141.113,,,frozen_selection,,,frozen_clean_CH2_CH3,pending_initial_quality,pending_initial_quality,1489.1599999999999,1479.1599999999999,False,pending_initial_quality,pending_initial_quality,record_end_minus_10_ns
Datos/Med_con_Decaimientos/decaimientos.txt::block386::event386,386,Datos/Med_con_Decaimientos/decaimientos.txt,1024,not_detected_above_threshold,accepted,ambiguous,selected,0,1225.195,1224.365,1+2,2,1460.801,selected,1225.195,,,frozen_selection,,,frozen_clean_CH2_CH3,"Inside user-adopted [120 ns, individual record end minus 10 ns] window",selected,1495.801,1485.801,True,Inside tested observation window,selected,record_end_minus_10_ns
Datos/Med_con_Decaimientos/decaimientos.txt::block387::event387,387,Datos/Med_con_Decaimientos/decaimientos.txt,1024,detected,accepted,ambiguous,veto_prompt3_detected,0,1019.336,1019.336,3,3,1454.1599999999999,veto_prompt3_detected,1019.336,,,frozen_selection,,,frozen_clean_CH2_CH3,veto_prompt3_detected,veto_prompt3_detected,1489.1599999999999,1479.1599999999999,False,veto_prompt3_detected,veto_prompt3_detected,record_end_minus_10_ns
Datos/Med_con_Decaimientos/decaimientos.txt::block388::event388,388,Datos/Med_con_Decaimientos/decaimientos.txt,1024,not_detected_above_threshold,accepted,candidate,selected,0,723.828,723.828,2,2,1459.1409999999998,selected,723.828,,,frozen_selection,,,frozen_clean_CH2_CH3,"Inside user-adopted [120 ns, individual record end minus 10 ns] window",selected,1494.1409999999998,1484.1409999999998,True,Inside tested observation window,selected,record_end_minus_10_ns
Datos/Med_con_Decaimientos/decaimientos.txt::block389::event389,389,Datos/Med_con_Decaimientos/decaimientos.txt,1024,not_detected_above_threshold,accepted,ambiguous,selected,0,426.6600000000001,,,2,1449.1799999999998,no_clean_secondary,,accept_quality,,user_message_approve_all_mixed_weak_seeds,clean_plus_weak_49,3,mean_accepted_CH2_CH3,"Inside user-adopted [120 ns, individual record end minus 10 ns] window",selected,1484.1799999999998,1474.1799999999998,True,Inside tested observation window,selected,record_end_minus_10_ns
Datos/Med_con_Decaimientos/decaimientos.txt::block390::event390,390,Datos/Med_con_Decaimientos/decaimientos.txt,1024,not_detected_above_threshold,accepted,ambiguous,selected,2,861.6210000000001,860.7909999999999,1+2,2,1447.52,selected,861.6210000000001,,,frozen_selection,,,frozen_clean_CH2_CH3,"Inside user-adopted [120 ns, individual record end minus 10 ns] window",selected,1482.52,1472.52,True,Inside tested observation window,selected,record_end_minus_10_ns
Datos/Med_con_Decaimientos/decaimientos.txt::block391::event391,391,Datos/Med_con_Decaimientos/decaimientos.txt,1024,detected,accepted,ambiguous,veto_prompt3_detected,0,1122.2649999999999,1122.2649999999999,3,3,1454.1599999999999,veto_prompt3_detected,1122.2649999999999,,,frozen_selection,,,frozen_clean_CH2_CH3,veto_prompt3_detected,veto_prompt3_detected,1489.1599999999999,1479.1599999999999,False,veto_prompt3_detected,veto_prompt3_detected,record_end_minus_10_ns
Datos/Med_con_Decaimientos/decaimientos.txt::block392::event392,392,Datos/Med_con_Decaimientos/decaimientos.txt,1024,ambiguous,accepted,ambiguous,pending_prompt3_uncertain,0,368.55499999999995,368.55499999999995,2,2,1457.481,pending_prompt3_uncertain,368.55499999999995,,,frozen_selection,,,frozen_clean_CH2_CH3,pending_prompt3_uncertain,pending_prompt3_uncertain,1492.481,1482.481,False,pending_prompt3_uncertain,pending_prompt3_uncertain,record_end_minus_10_ns
Datos/Med_con_Decaimientos/decaimientos.txt::block393::event393,393,Datos/Med_con_Decaimientos/decaimientos.txt,1024,not_detected_above_threshold,accepted,candidate,selected,2,987.793,987.793,2,2,1462.461,selected,987.793,,,frozen_selection,,,frozen_clean_CH2_CH3,"Inside user-adopted [120 ns, individual record end minus 10 ns] window",selected,1497.461,1487.461,True,Inside tested observation window,selected,record_end_minus_10_ns
Datos/Med_con_Decaimientos/decaimientos.txt::block394::event394,394,Datos/Med_con_Decaimientos/decaimientos.txt,1024,not_detected_above_threshold,accepted,candidate,selected,1,1329.7849999999999,1329.7849999999999,2,2,1449.1799999999998,selected,1329.7849999999999,,,frozen_selection,,,frozen_clean_CH2_CH3,"Inside user-adopted [120 ns, individual record end minus 10 ns] window",selected,1484.1799999999998,1474.1799999999998,True,Inside tested observation window,selected,record_end_minus_10_ns
Datos/Med_con_Decaimientos/decaimientos.txt::block395::event395,395,Datos/Med_con_Decaimientos/decaimientos.txt,1024,not_detected_above_threshold,accepted,candidate,selected,0,632.519,632.519,2,2,1462.461,selected,632.519,,,frozen_selection,,,frozen_clean_CH2_CH3,"Inside user-adopted [120 ns, individual record end minus 10 ns] window",selected,1497.461,1487.461,True,Inside tested observation window,selected,record_end_minus_10_ns
Datos/Med_con_Decaimientos/decaimientos.txt::block396::event396,396,Datos/Med_con_Decaimientos/decaimientos.txt,1024,detected,accepted,ambiguous,veto_prompt3_detected,1,878.223,878.223,3,3,1445.86,veto_prompt3_detected,878.223,,,frozen_selection,,,frozen_clean_CH2_CH3,veto_prompt3_detected,veto_prompt3_detected,1480.86,1470.86,False,veto_prompt3_detected,veto_prompt3_detected,record_end_minus_10_ns
Datos/Med_con_Decaimientos/decaimientos.txt::block397::event397,397,Datos/Med_con_Decaimientos/decaimientos.txt,1024,not_detected_above_threshold,accepted,ambiguous,excluded_by_user,0,157.715,,,,1449.1799999999998,no_clean_secondary,,exclude,,user_export,below_threshold_5,,,Explicit exclusion in user review export,excluded_by_user,1484.1799999999998,1474.1799999999998,False,Explicit exclusion in user review export,excluded_by_user,record_end_minus_10_ns
Datos/Med_con_Decaimientos/decaimientos.txt::block398::event398,398,Datos/Med_con_Decaimientos/decaimientos.txt,1024,detected,accepted,ambiguous,veto_prompt3_detected,,,,,,1444.1989999999998,veto_prompt3_detected,,,,frozen_selection,,,frozen_clean_CH2_CH3,veto_prompt3_detected,veto_prompt3_detected,1479.1989999999998,1469.1989999999998,False,veto_prompt3_detected,veto_prompt3_detected,record_end_minus_10_ns
Datos/Med_con_Decaimientos/decaimientos.txt::block399::event399,399,Datos/Med_con_Decaimientos/decaimientos.txt,1024,not_detected_above_threshold,accepted,candidate,selected,0,987.7919999999999,987.7919999999999,3,3,1455.82,selected,987.7919999999999,,,frozen_selection,,,frozen_clean_CH2_CH3,"Inside user-adopted [120 ns, individual record end minus 10 ns] window",selected,1490.82,1480.82,True,Inside tested observation window,selected,record_end_minus_10_ns
Datos/Med_con_Decaimientos/decaimientos.txt::block400::event400,400,Datos/Med_con_Decaimientos/decaimientos.txt,1024,not_detected_above_threshold,accepted,candidate,selected,0,680.664,680.664,2,2,1462.461,selected,680.664,,,frozen_selection,,,frozen_clean_CH2_CH3,"Inside user-adopted [120 ns, individual record end minus 10 ns] window",selected,1497.461,1487.461,True,Inside tested observation window,selected,record_end_minus_10_ns
Datos/Med_con_Decaimientos/decaimientos.txt::block401::event401,401,Datos/Med_con_Decaimientos/decaimientos.txt,1024,not_detected_above_threshold,accepted,candidate,selected,1,821.777,821.777,2,2,1450.84,selected,821.777,,,frozen_selection,,,frozen_clean_CH2_CH3,"Inside user-adopted [120 ns, individual record end minus 10 ns] window",selected,1485.84,1475.84,True,Inside tested observation window,selected,record_end_minus_10_ns
Datos/Med_con_Decaimientos/decaimientos.txt::block402::event402,402,Datos/Med_con_Decaimientos/decaimientos.txt,1024,not_detected_above_threshold,accepted,candidate,selected,0,187.597,187.597,2,2,1455.82,selected,187.597,,,frozen_selection,,,frozen_clean_CH2_CH3,"Inside user-adopted [120 ns, individual record end minus 10 ns] window",selected,1490.82,1480.82,True,Inside tested observation window,selected,record_end_minus_10_ns
Datos/Med_con_Decaimientos/decaimientos.txt::block403::event403,403,Datos/Med_con_Decaimientos/decaimientos.txt,1024,not_detected_above_threshold,accepted,ambiguous,selected,2,868.2620000000002,,,2,1447.52,no_clean_secondary,,accept_quality,,user_message_approve_all_mixed_weak_seeds,clean_plus_weak_49,7,mean_accepted_CH2_CH3,"Inside user-adopted [120 ns, individual record end minus 10 ns] window",selected,1482.52,1472.52,True,Inside tested observation window,selected,record_end_minus_10_ns
Datos/Med_con_Decaimientos/decaimientos.txt::block404::event404,404,Datos/Med_con_Decaimientos/decaimientos.txt,1024,detected,accepted,ambiguous,veto_prompt3_detected,0,798.536,798.536,3,3,1445.86,veto_prompt3_detected,798.536,,,frozen_selection,,,frozen_clean_CH2_CH3,veto_prompt3_detected,veto_prompt3_detected,1480.86,1470.86,False,veto_prompt3_detected,veto_prompt3_detected,record_end_minus_10_ns
Datos/Med_con_Decaimientos/decaimientos.txt::block405::event405,405,Datos/Med_con_Decaimientos/decaimientos.txt,1024,detected,accepted,ambiguous,veto_prompt3_detected,2,1187.011,1187.011,3,3,1454.1599999999999,veto_prompt3_detected,1187.011,,,frozen_selection,,,frozen_clean_CH2_CH3,veto_prompt3_detected,veto_prompt3_detected,1489.1599999999999,1479.1599999999999,False,veto_prompt3_detected,veto_prompt3_detected,record_end_minus_10_ns
Datos/Med_con_Decaimientos/decaimientos.txt::block406::event406,406,Datos/Med_con_Decaimientos/decaimientos.txt,1024,not_detected_above_threshold,accepted,candidate,selected,0,317.0899999999999,317.0899999999999,2,2,1452.5,selected,317.0899999999999,,,frozen_selection,,,frozen_clean_CH2_CH3,"Inside user-adopted [120 ns, individual record end minus 10 ns] window",selected,1487.5,1477.5,True,Inside tested observation window,selected,record_end_minus_10_ns
Datos/Med_con_Decaimientos/decaimientos.txt::block407::event407,407,Datos/Med_con_Decaimientos/decaimientos.txt,1024,not_detected_above_threshold,accepted,candidate,selected,3,1167.9195,1167.9195,2,2,1455.82,selected,1167.9195,,,frozen_selection,,,frozen_clean_CH2_CH3,"Inside user-adopted [120 ns, individual record end minus 10 ns] window",selected,1490.82,1480.82,True,Inside tested observation window,selected,record_end_minus_10_ns
Datos/Med_con_Decaimientos/decaimientos.txt::block408::event408,408,Datos/Med_con_Decaimientos/decaimientos.txt,1024,not_detected_above_threshold,accepted,ambiguous,selected,1,293.8470000000001,,,2,1444.1989999999998,no_clean_secondary,,accept_quality,,user_message_approve_all_mixed_weak_seeds,clean_plus_weak_49,4,mean_accepted_CH2_CH3,"Inside user-adopted [120 ns, individual record end minus 10 ns] window",selected,1479.1989999999998,1469.1989999999998,True,Inside tested observation window,selected,record_end_minus_10_ns
Datos/Med_con_Decaimientos/decaimientos.txt::block409::event409,409,Datos/Med_con_Decaimientos/decaimientos.txt,1024,not_detected_above_threshold,accepted,candidate,selected,0,909.7660000000001,909.7660000000001,2,2,1445.86,selected,909.7660000000001,,,frozen_selection,,,frozen_clean_CH2_CH3,"Inside user-adopted [120 ns, individual record end minus 10 ns] window",selected,1480.86,1470.86,True,Inside tested observation window,selected,record_end_minus_10_ns
Datos/Med_con_Decaimientos/decaimientos.txt::block410::event410,410,Datos/Med_con_Decaimientos/decaimientos.txt,1024,not_detected_above_threshold,accepted,candidate,selected,0,182.61700000000002,182.61700000000002,2,2,1464.1209999999999,selected,182.61700000000002,,,frozen_selection,,,frozen_clean_CH2_CH3,"Inside user-adopted [120 ns, individual record end minus 10 ns] window",selected,1499.1209999999999,1489.1209999999999,True,Inside tested observation window,selected,record_end_minus_10_ns
Datos/Med_con_Decaimientos/decaimientos.txt::block411::event411,411,Datos/Med_con_Decaimientos/decaimientos.txt,1024,detected,accepted,ambiguous,veto_prompt3_detected,0,763.672,763.672,3,3,1447.52,veto_prompt3_detected,763.672,,,frozen_selection,,,frozen_clean_CH2_CH3,veto_prompt3_detected,veto_prompt3_detected,1482.52,1472.52,False,veto_prompt3_detected,veto_prompt3_detected,record_end_minus_10_ns
Datos/Med_con_Decaimientos/decaimientos.txt::block412::event412,412,Datos/Med_con_Decaimientos/decaimientos.txt,1024,detected,accepted,ambiguous,veto_prompt3_detected,,,,,,1449.1799999999998,veto_prompt3_detected,,,,frozen_selection,,,frozen_clean_CH2_CH3,veto_prompt3_detected,veto_prompt3_detected,1484.1799999999998,1474.1799999999998,False,veto_prompt3_detected,veto_prompt3_detected,record_end_minus_10_ns
Datos/Med_con_Decaimientos/decaimientos.txt::block413::event413,413,Datos/Med_con_Decaimientos/decaimientos.txt,1024,detected,accepted,ambiguous,veto_prompt3_detected,0,1094.043,1094.043,2,2,1444.1989999999998,veto_prompt3_detected,1094.043,,,frozen_selection,,,frozen_clean_CH2_CH3,veto_prompt3_detected,veto_prompt3_detected,1479.1989999999998,1469.1989999999998,False,veto_prompt3_detected,veto_prompt3_detected,record_end_minus_10_ns
Datos/Med_con_Decaimientos/decaimientos.txt::block414::event414,414,Datos/Med_con_Decaimientos/decaimientos.txt,1024,not_detected_above_threshold,accepted,candidate,selected,0,662.403,662.403,2,2,1447.52,selected,662.403,,,frozen_selection,,,frozen_clean_CH2_CH3,"Inside user-adopted [120 ns, individual record end minus 10 ns] window",selected,1482.52,1472.52,True,Inside tested observation window,selected,record_end_minus_10_ns
Datos/Med_con_Decaimientos/decaimientos.txt::block415::event415,415,Datos/Med_con_Decaimientos/decaimientos.txt,1024,not_detected_above_threshold,accepted,candidate,selected,2,848.3399999999999,848.3399999999999,2,2,1454.1599999999999,selected,848.3399999999999,,,frozen_selection,,,frozen_clean_CH2_CH3,"Inside user-adopted [120 ns, individual record end minus 10 ns] window",selected,1489.1599999999999,1479.1599999999999,True,Inside tested observation window,selected,record_end_minus_10_ns
Datos/Med_con_Decaimientos/decaimientos.txt::block416::event416,416,Datos/Med_con_Decaimientos/decaimientos.txt,1024,detected,accepted,ambiguous,veto_prompt3_detected,,,,,,1449.1799999999998,veto_prompt3_detected,,,,frozen_selection,,,frozen_clean_CH2_CH3,veto_prompt3_detected,veto_prompt3_detected,1484.1799999999998,1474.1799999999998,False,veto_prompt3_detected,veto_prompt3_detected,record_end_minus_10_ns
Datos/Med_con_Decaimientos/decaimientos.txt::block417::event417,417,Datos/Med_con_Decaimientos/decaimientos.txt,1024,not_detected_above_threshold,accepted,candidate,outside_fit_window,0,102.92899999999997,102.92899999999997,3,3,1454.1599999999999,outside_fit_window,102.92899999999997,,,frozen_selection,,,frozen_clean_CH2_CH3,Below unchanged 120 ns lower limit,outside_fit_window,1489.1599999999999,1479.1599999999999,False,Below unchanged 120 ns lower limit,outside_fit_window,record_end_minus_10_ns
Datos/Med_con_Decaimientos/decaimientos.txt::block418::event418,418,Datos/Med_con_Decaimientos/decaimientos.txt,1024,not_detected_above_threshold,accepted,no_secondary_above_threshold,excluded_by_user,,,,,,1450.84,no_clean_secondary,,exclude,,user_export,no_usable_catalogued_time_10,,,Explicit exclusion in user review export,excluded_by_user,1485.84,1475.84,False,Explicit exclusion in user review export,excluded_by_user,record_end_minus_10_ns
Datos/Med_con_Decaimientos/decaimientos.txt::block419::event419,419,Datos/Med_con_Decaimientos/decaimientos.txt,1024,detected,accepted,ambiguous,veto_prompt3_detected,0,192.57799999999997,192.57799999999997,3,3,1454.1599999999999,veto_prompt3_detected,192.57799999999997,,,frozen_selection,,,frozen_clean_CH2_CH3,veto_prompt3_detected,veto_prompt3_detected,1489.1599999999999,1479.1599999999999,False,veto_prompt3_detected,veto_prompt3_detected,record_end_minus_10_ns
Datos/Med_con_Decaimientos/decaimientos.txt::block420::event420,420,Datos/Med_con_Decaimientos/decaimientos.txt,1024,not_detected_above_threshold,accepted,candidate,selected,0,1221.875,1221.875,3,3,1454.1599999999999,selected,1221.875,,,frozen_selection,,,frozen_clean_CH2_CH3,"Inside user-adopted [120 ns, individual record end minus 10 ns] window",selected,1489.1599999999999,1479.1599999999999,True,Inside tested observation window,selected,record_end_minus_10_ns
Datos/Med_con_Decaimientos/decaimientos.txt::block421::event421,421,Datos/Med_con_Decaimientos/decaimientos.txt,1024,not_detected_above_threshold,accepted,candidate,outside_fit_window,0,89.649,89.649,2,2,1460.801,outside_fit_window,89.649,,,frozen_selection,,,frozen_clean_CH2_CH3,Below unchanged 120 ns lower limit,outside_fit_window,1495.801,1485.801,False,Below unchanged 120 ns lower limit,outside_fit_window,record_end_minus_10_ns
Datos/Med_con_Decaimientos/decaimientos.txt::block422::event422,422,Datos/Med_con_Decaimientos/decaimientos.txt,1024,detected,accepted,ambiguous,veto_prompt3_detected,,,,,,1455.82,veto_prompt3_detected,,,,frozen_selection,,,frozen_clean_CH2_CH3,veto_prompt3_detected,veto_prompt3_detected,1490.82,1480.82,False,veto_prompt3_detected,veto_prompt3_detected,record_end_minus_10_ns
Datos/Med_con_Decaimientos/decaimientos.txt::block423::event423,423,Datos/Med_con_Decaimientos/decaimientos.txt,1024,not_detected_above_threshold,accepted,candidate,selected,0,351.9530000000001,351.9530000000001,3,3,1449.1799999999998,selected,351.9530000000001,,,frozen_selection,,,frozen_clean_CH2_CH3,"Inside user-adopted [120 ns, individual record end minus 10 ns] window",selected,1484.1799999999998,1474.1799999999998,True,Inside tested observation window,selected,record_end_minus_10_ns
Datos/Med_con_Decaimientos/decaimientos.txt::block424::event424,424,Datos/Med_con_Decaimientos/decaimientos.txt,1024,detected,accepted,ambiguous,veto_prompt3_detected,0,464.844,464.844,3,3,1442.539,veto_prompt3_detected,464.844,,,frozen_selection,,,frozen_clean_CH2_CH3,veto_prompt3_detected,veto_prompt3_detected,1477.539,1467.539,False,veto_prompt3_detected,veto_prompt3_detected,record_end_minus_10_ns
Datos/Med_con_Decaimientos/decaimientos.txt::block425::event425,425,Datos/Med_con_Decaimientos/decaimientos.txt,1024,not_detected_above_threshold,accepted,candidate,selected,1,325.39000000000004,325.39000000000004,2,2,1454.1599999999999,selected,325.39000000000004,,,frozen_selection,,,frozen_clean_CH2_CH3,"Inside user-adopted [120 ns, individual record end minus 10 ns] window",selected,1489.1599999999999,1479.1599999999999,True,Inside tested observation window,selected,record_end_minus_10_ns
Datos/Med_con_Decaimientos/decaimientos.txt::block426::event426,426,Datos/Med_con_Decaimientos/decaimientos.txt,1024,detected,accepted,ambiguous,veto_prompt3_detected,0,527.9290000000001,527.9290000000001,3,3,1454.1599999999999,veto_prompt3_detected,527.9290000000001,,,frozen_selection,,,frozen_clean_CH2_CH3,veto_prompt3_detected,veto_prompt3_detected,1489.1599999999999,1479.1599999999999,False,veto_prompt3_detected,veto_prompt3_detected,record_end_minus_10_ns
Datos/Med_con_Decaimientos/decaimientos.txt::block427::event427,427,Datos/Med_con_Decaimientos/decaimientos.txt,1024,not_detected_above_threshold,accepted,ambiguous,selected,0,195.898,,,2,1455.82,no_clean_secondary,,accept_quality,,user_message_approve_all_mixed_weak_seeds,clean_plus_weak_49,2,mean_accepted_CH2_CH3,"Inside user-adopted [120 ns, individual record end minus 10 ns] window",selected,1490.82,1480.82,True,Inside tested observation window,selected,record_end_minus_10_ns
Datos/Med_con_Decaimientos/decaimientos.txt::block428::event428,428,Datos/Med_con_Decaimientos/decaimientos.txt,1024,not_detected_above_threshold,accepted,candidate,selected,0,1441.0159999999998,1441.0159999999998,2,2,1449.1799999999998,outside_fit_window,1441.0159999999998,,,frozen_selection,,,frozen_clean_CH2_CH3,"Inside user-adopted [120 ns, individual record end minus 10 ns] window",outside_fit_window,1484.1799999999998,1474.1799999999998,True,Inside tested observation window,outside_fit_window,record_end_minus_10_ns
Datos/Med_con_Decaimientos/decaimientos.txt::block429::event429,429,Datos/Med_con_Decaimientos/decaimientos.txt,1024,not_detected_above_threshold,accepted,ambiguous,accepted_quality_time_unresolved,,,,,,1445.86,no_clean_secondary,,accept_quality,,user_export,no_usable_catalogued_time_10,,,Quality accepted; no usable catalogued secondary CH2/CH3 time,accepted_quality_time_unresolved,1480.86,1470.86,False,Quality accepted; no usable catalogued secondary CH2/CH3 time,accepted_quality_time_unresolved,record_end_minus_10_ns
Datos/Med_con_Decaimientos/decaimientos.txt::block430::event430,430,Datos/Med_con_Decaimientos/decaimientos.txt,1024,detected,accepted,ambiguous,veto_prompt3_detected,0,620.899,620.899,3,3,1445.86,veto_prompt3_detected,620.899,,,frozen_selection,,,frozen_clean_CH2_CH3,veto_prompt3_detected,veto_prompt3_detected,1480.86,1470.86,False,veto_prompt3_detected,veto_prompt3_detected,record_end_minus_10_ns
Datos/Med_con_Decaimientos/decaimientos.txt::block431::event431,431,Datos/Med_con_Decaimientos/decaimientos.txt,1024,not_detected_above_threshold,accepted,ambiguous,selected,0,300.48800000000006,,,3,1444.1989999999998,no_clean_secondary,,accept_quality,,user_message_approve_all_mixed_weak_seeds,clean_plus_weak_49,6,mean_accepted_CH2_CH3,"Inside user-adopted [120 ns, individual record end minus 10 ns] window",selected,1479.1989999999998,1469.1989999999998,True,Inside tested observation window,selected,record_end_minus_10_ns
Datos/Med_con_Decaimientos/decaimientos.txt::block432::event432,432,Datos/Med_con_Decaimientos/decaimientos.txt,1024,detected,accepted,ambiguous,veto_prompt3_detected,0,179.29700000000003,179.29700000000003,3,3,1447.52,veto_prompt3_detected,179.29700000000003,,,frozen_selection,,,frozen_clean_CH2_CH3,veto_prompt3_detected,veto_prompt3_detected,1482.52,1472.52,False,veto_prompt3_detected,veto_prompt3_detected,record_end_minus_10_ns
Datos/Med_con_Decaimientos/decaimientos.txt::block433::event433,433,Datos/Med_con_Decaimientos/decaimientos.txt,1024,not_detected_above_threshold,accepted,candidate,selected,0,1417.773,1417.773,2,2,1444.1989999999998,outside_fit_window,1417.773,,,frozen_selection,,,frozen_clean_CH2_CH3,"Inside user-adopted [120 ns, individual record end minus 10 ns] window",outside_fit_window,1479.1989999999998,1469.1989999999998,True,Inside tested observation window,outside_fit_window,record_end_minus_10_ns
Datos/Med_con_Decaimientos/decaimientos.txt::block434::event434,434,Datos/Med_con_Decaimientos/decaimientos.txt,1024,not_detected_above_threshold,accepted,candidate,selected,0,649.1210000000001,649.1210000000001,2,2,1454.1599999999999,selected,649.1210000000001,,,frozen_selection,,,frozen_clean_CH2_CH3,"Inside user-adopted [120 ns, individual record end minus 10 ns] window",selected,1489.1599999999999,1479.1599999999999,True,Inside tested observation window,selected,record_end_minus_10_ns
Datos/Med_con_Decaimientos/decaimientos.txt::block435::event435,435,Datos/Med_con_Decaimientos/decaimientos.txt,1024,not_detected_above_threshold,accepted,ambiguous,selected,0,262.304,262.304,1+2,2,1444.1989999999998,selected,262.304,,,frozen_selection,,,frozen_clean_CH2_CH3,"Inside user-adopted [120 ns, individual record end minus 10 ns] window",selected,1479.1989999999998,1469.1989999999998,True,Inside tested observation window,selected,record_end_minus_10_ns
Datos/Med_con_Decaimientos/decaimientos.txt::block436::event436,436,Datos/Med_con_Decaimientos/decaimientos.txt,1024,not_detected_above_threshold,accepted,candidate,selected,0,1429.395,1429.395,2,2,1439.2189999999998,outside_fit_window,1429.395,,,frozen_selection,,,frozen_clean_CH2_CH3,"Inside user-adopted [120 ns, individual record end minus 10 ns] window",outside_fit_window,1474.2189999999998,1464.2189999999998,True,Inside tested observation window,outside_fit_window,record_end_minus_10_ns
Datos/Med_con_Decaimientos/decaimientos.txt::block437::event437,437,Datos/Med_con_Decaimientos/decaimientos.txt,1024,detected,accepted,ambiguous,veto_prompt3_detected,2,1223.5349999999999,1223.5349999999999,2,2,1459.1409999999998,veto_prompt3_detected,1223.5349999999999,,,frozen_selection,,,frozen_clean_CH2_CH3,veto_prompt3_detected,veto_prompt3_detected,1494.1409999999998,1484.1409999999998,False,veto_prompt3_detected,veto_prompt3_detected,record_end_minus_10_ns
Datos/Med_con_Decaimientos/decaimientos.txt::block438::event438,438,Datos/Med_con_Decaimientos/decaimientos.txt,1024,not_detected_above_threshold,accepted,candidate,selected,0,1120.606,1120.606,2,2,1459.1409999999998,selected,1120.606,,,frozen_selection,,,frozen_clean_CH2_CH3,"Inside user-adopted [120 ns, individual record end minus 10 ns] window",selected,1494.1409999999998,1484.1409999999998,True,Inside tested observation window,selected,record_end_minus_10_ns
Datos/Med_con_Decaimientos/decaimientos.txt::block439::event439,439,Datos/Med_con_Decaimientos/decaimientos.txt,1024,detected,accepted,ambiguous,veto_prompt3_detected,0,763.672,763.672,3,3,1449.1799999999998,veto_prompt3_detected,763.672,,,frozen_selection,,,frozen_clean_CH2_CH3,veto_prompt3_detected,veto_prompt3_detected,1484.1799999999998,1474.1799999999998,False,veto_prompt3_detected,veto_prompt3_detected,record_end_minus_10_ns
Datos/Med_con_Decaimientos/decaimientos.txt::block440::event440,440,Datos/Med_con_Decaimientos/decaimientos.txt,1024,not_detected_above_threshold,accepted,ambiguous,selected,0,370.21500000000003,370.21500000000003,1+2,2,1449.1799999999998,selected,370.21500000000003,,,frozen_selection,,,frozen_clean_CH2_CH3,"Inside user-adopted [120 ns, individual record end minus 10 ns] window",selected,1484.1799999999998,1474.1799999999998,True,Inside tested observation window,selected,record_end_minus_10_ns
Datos/Med_con_Decaimientos/decaimientos.txt::block441::event441,441,Datos/Med_con_Decaimientos/decaimientos.txt,1024,not_detected_above_threshold,accepted,ambiguous,selected,0,1314.844,1311.5235,1+2,2,1447.52,selected,1314.844,,,frozen_selection,,,frozen_clean_CH2_CH3,"Inside user-adopted [120 ns, individual record end minus 10 ns] window",selected,1482.52,1472.52,True,Inside tested observation window,selected,record_end_minus_10_ns
Datos/Med_con_Decaimientos/decaimientos.txt::block442::event442,442,Datos/Med_con_Decaimientos/decaimientos.txt,1024,ambiguous,ambiguous,not_evaluable,pending_prompt3_uncertain,,,,,,1480.723,pending_prompt3_uncertain,,,,frozen_selection,,,frozen_clean_CH2_CH3,pending_prompt3_uncertain,pending_prompt3_uncertain,1515.723,1505.723,False,pending_prompt3_uncertain,pending_prompt3_uncertain,record_end_minus_10_ns
Datos/Med_con_Decaimientos/decaimientos.txt::block443::event443,443,Datos/Med_con_Decaimientos/decaimientos.txt,1024,not_detected_above_threshold,accepted,candidate,selected,1,1296.582,1296.582,3,3,1455.82,selected,1296.582,,,frozen_selection,,,frozen_clean_CH2_CH3,"Inside user-adopted [120 ns, individual record end minus 10 ns] window",selected,1490.82,1480.82,True,Inside tested observation window,selected,record_end_minus_10_ns
Datos/Med_con_Decaimientos/decaimientos.txt::block444::event444,444,Datos/Med_con_Decaimientos/decaimientos.txt,1024,not_detected_above_threshold,accepted,ambiguous,selected,0,260.6445,,,2+3,1450.84,no_clean_secondary,,accept_quality,,user_message_approve_all_mixed_weak_seeds,clean_plus_weak_49,2;4,mean_accepted_CH2_CH3,"Inside user-adopted [120 ns, individual record end minus 10 ns] window",selected,1485.84,1475.84,True,Inside tested observation window,selected,record_end_minus_10_ns
Datos/Med_con_Decaimientos/decaimientos.txt::block445::event445,445,Datos/Med_con_Decaimientos/decaimientos.txt,1024,not_detected_above_threshold,accepted,candidate,outside_fit_window,0,92.96900000000002,92.96900000000002,2,2,1449.1799999999998,outside_fit_window,92.96900000000002,,,frozen_selection,,,frozen_clean_CH2_CH3,Below unchanged 120 ns lower limit,outside_fit_window,1484.1799999999998,1474.1799999999998,False,Below unchanged 120 ns lower limit,outside_fit_window,record_end_minus_10_ns
Datos/Med_con_Decaimientos/decaimientos.txt::block446::event446,446,Datos/Med_con_Decaimientos/decaimientos.txt,1024,not_detected_above_threshold,accepted,candidate,selected,0,466.504,466.504,3,3,1452.5,selected,466.504,,,frozen_selection,,,frozen_clean_CH2_CH3,"Inside user-adopted [120 ns, individual record end minus 10 ns] window",selected,1487.5,1477.5,True,Inside tested observation window,selected,record_end_minus_10_ns
Datos/Med_con_Decaimientos/decaimientos.txt::block447::event447,447,Datos/Med_con_Decaimientos/decaimientos.txt,1024,detected,accepted,ambiguous,veto_prompt3_detected,,,,,,1452.5,veto_prompt3_detected,,,,frozen_selection,,,frozen_clean_CH2_CH3,veto_prompt3_detected,veto_prompt3_detected,1487.5,1477.5,False,veto_prompt3_detected,veto_prompt3_detected,record_end_minus_10_ns
Datos/Med_con_Decaimientos/decaimientos.txt::block448::event448,448,Datos/Med_con_Decaimientos/decaimientos.txt,1024,not_detected_above_threshold,accepted,no_secondary_above_threshold,accepted_quality_time_unresolved,,,,,,1439.2189999999998,no_clean_secondary,,accept_quality,,user_export,no_usable_catalogued_time_10,,,Quality accepted; no usable catalogued secondary CH2/CH3 time,accepted_quality_time_unresolved,1474.2189999999998,1464.2189999999998,False,Quality accepted; no usable catalogued secondary CH2/CH3 time,accepted_quality_time_unresolved,record_end_minus_10_ns
Datos/Med_con_Decaimientos/decaimientos.txt::block449::event449,449,Datos/Med_con_Decaimientos/decaimientos.txt,1024,not_detected_above_threshold,accepted,candidate,selected,2,933.008,933.008,2,2,1459.1409999999998,selected,933.008,,,frozen_selection,,,frozen_clean_CH2_CH3,"Inside user-adopted [120 ns, individual record end minus 10 ns] window",selected,1494.1409999999998,1484.1409999999998,True,Inside tested observation window,selected,record_end_minus_10_ns
Datos/Med_con_Decaimientos/decaimientos.txt::block450::event450,450,Datos/Med_con_Decaimientos/decaimientos.txt,1024,not_detected_above_threshold,accepted,ambiguous,selected,0,1459.277,,,,1454.1599999999999,no_clean_secondary,,accept_quality,,user_export,outside_window_20,,,"Inside user-adopted [120 ns, individual record end minus 10 ns] window",outside_fit_window,1489.1599999999999,1479.1599999999999,True,Inside tested observation window,outside_fit_window,record_end_minus_10_ns
Datos/Med_con_Decaimientos/decaimientos.txt::block451::event451,451,Datos/Med_con_Decaimientos/decaimientos.txt,1024,not_detected_above_threshold,accepted,candidate,selected,0,569.433,569.433,2,2,1444.1989999999998,selected,569.433,,,frozen_selection,,,frozen_clean_CH2_CH3,"Inside user-adopted [120 ns, individual record end minus 10 ns] window",selected,1479.1989999999998,1469.1989999999998,True,Inside tested observation window,selected,record_end_minus_10_ns
Datos/Med_con_Decaimientos/decaimientos.txt::block452::event452,452,Datos/Med_con_Decaimientos/decaimientos.txt,1024,not_detected_above_threshold,accepted,candidate,selected,0,353.61299999999994,353.61299999999994,2,2,1452.5,selected,353.61299999999994,,,frozen_selection,,,frozen_clean_CH2_CH3,"Inside user-adopted [120 ns, individual record end minus 10 ns] window",selected,1487.5,1477.5,True,Inside tested observation window,selected,record_end_minus_10_ns
Datos/Med_con_Decaimientos/decaimientos.txt::block453::event453,453,Datos/Med_con_Decaimientos/decaimientos.txt,1024,not_detected_above_threshold,accepted,candidate,selected,0,1367.9689999999998,1367.9689999999998,2,2,1449.1799999999998,selected,1367.9689999999998,,,frozen_selection,,,frozen_clean_CH2_CH3,"Inside user-adopted [120 ns, individual record end minus 10 ns] window",selected,1484.1799999999998,1474.1799999999998,True,Inside tested observation window,selected,record_end_minus_10_ns
Datos/Med_con_Decaimientos/decaimientos.txt::block454::event454,454,Datos/Med_con_Decaimientos/decaimientos.txt,1024,not_detected_above_threshold,accepted,candidate,outside_fit_window,0,89.649,89.649,2,2,1447.52,outside_fit_window,89.649,,,frozen_selection,,,frozen_clean_CH2_CH3,Below unchanged 120 ns lower limit,outside_fit_window,1482.52,1472.52,False,Below unchanged 120 ns lower limit,outside_fit_window,record_end_minus_10_ns
Datos/Med_con_Decaimientos/decaimientos.txt::block455::event455,455,Datos/Med_con_Decaimientos/decaimientos.txt,1024,not_detected_above_threshold,accepted,candidate,selected,0,753.711,753.711,3,3,1437.559,selected,753.711,,,frozen_selection,,,frozen_clean_CH2_CH3,"Inside user-adopted [120 ns, individual record end minus 10 ns] window",selected,1472.559,1462.559,True,Inside tested observation window,selected,record_end_minus_10_ns
Datos/Med_con_Decaimientos/decaimientos.txt::block456::event456,456,Datos/Med_con_Decaimientos/decaimientos.txt,1024,not_detected_above_threshold,accepted,candidate,selected,0,861.6210000000001,861.6210000000001,3,3,1447.52,selected,861.6210000000001,,,frozen_selection,,,frozen_clean_CH2_CH3,"Inside user-adopted [120 ns, individual record end minus 10 ns] window",selected,1482.52,1472.52,True,Inside tested observation window,selected,record_end_minus_10_ns
Datos/Med_con_Decaimientos/decaimientos.txt::block457::event457,457,Datos/Med_con_Decaimientos/decaimientos.txt,1024,detected,accepted,ambiguous,veto_prompt3_detected,0,141.113,141.113,2,2,1450.84,veto_prompt3_detected,141.113,,,frozen_selection,,,frozen_clean_CH2_CH3,veto_prompt3_detected,veto_prompt3_detected,1485.84,1475.84,False,veto_prompt3_detected,veto_prompt3_detected,record_end_minus_10_ns
Datos/Med_con_Decaimientos/decaimientos.txt::block458::event458,458,Datos/Med_con_Decaimientos/decaimientos.txt,1024,not_detected_above_threshold,accepted,candidate,selected,0,1421.0929999999998,1421.0929999999998,2,2,1454.1599999999999,outside_fit_window,1421.0929999999998,,,frozen_selection,,,frozen_clean_CH2_CH3,"Inside user-adopted [120 ns, individual record end minus 10 ns] window",outside_fit_window,1489.1599999999999,1479.1599999999999,True,Inside tested observation window,outside_fit_window,record_end_minus_10_ns
Datos/Med_con_Decaimientos/decaimientos.txt::block459::event459,459,Datos/Med_con_Decaimientos/decaimientos.txt,1024,detected,accepted,ambiguous,veto_prompt3_detected,0,84.66799999999998,84.66799999999998,3,3,1452.5,veto_prompt3_detected,84.66799999999998,,,frozen_selection,,,frozen_clean_CH2_CH3,veto_prompt3_detected,veto_prompt3_detected,1487.5,1477.5,False,veto_prompt3_detected,veto_prompt3_detected,record_end_minus_10_ns
Datos/Med_con_Decaimientos/decaimientos.txt::block460::event460,460,Datos/Med_con_Decaimientos/decaimientos.txt,1024,not_detected_above_threshold,accepted,candidate,selected,0,1006.055,1006.055,2,2,1449.1799999999998,selected,1006.055,,,frozen_selection,,,frozen_clean_CH2_CH3,"Inside user-adopted [120 ns, individual record end minus 10 ns] window",selected,1484.1799999999998,1474.1799999999998,True,Inside tested observation window,selected,record_end_minus_10_ns
Datos/Med_con_Decaimientos/decaimientos.txt::block461::event461,461,Datos/Med_con_Decaimientos/decaimientos.txt,1024,not_detected_above_threshold,accepted,candidate,selected,3,1326.465,1326.465,2,2,1440.879,selected,1326.465,,,frozen_selection,,,frozen_clean_CH2_CH3,"Inside user-adopted [120 ns, individual record end minus 10 ns] window",selected,1475.879,1465.879,True,Inside tested observation window,selected,record_end_minus_10_ns
Datos/Med_con_Decaimientos/decaimientos.txt::block462::event462,462,Datos/Med_con_Decaimientos/decaimientos.txt,1024,not_detected_above_threshold,accepted,candidate,selected,0,434.961,434.961,2,2,1452.5,selected,434.961,,,frozen_selection,,,frozen_clean_CH2_CH3,"Inside user-adopted [120 ns, individual record end minus 10 ns] window",selected,1487.5,1477.5,True,Inside tested observation window,selected,record_end_minus_10_ns
Datos/Med_con_Decaimientos/decaimientos.txt::block463::event463,463,Datos/Med_con_Decaimientos/decaimientos.txt,1024,detected,accepted,ambiguous,veto_prompt3_detected,0,431.64000000000004,431.64000000000004,3,3,1442.539,veto_prompt3_detected,431.64000000000004,,,frozen_selection,,,frozen_clean_CH2_CH3,veto_prompt3_detected,veto_prompt3_detected,1477.539,1467.539,False,veto_prompt3_detected,veto_prompt3_detected,record_end_minus_10_ns
Datos/Med_con_Decaimientos/decaimientos.txt::block464::event464,464,Datos/Med_con_Decaimientos/decaimientos.txt,1024,not_detected_above_threshold,accepted,candidate,selected,0,149.415,149.415,2,2,1445.86,selected,149.415,,,frozen_selection,,,frozen_clean_CH2_CH3,"Inside user-adopted [120 ns, individual record end minus 10 ns] window",selected,1480.86,1470.86,True,Inside tested observation window,selected,record_end_minus_10_ns
Datos/Med_con_Decaimientos/decaimientos.txt::block465::event465,465,Datos/Med_con_Decaimientos/decaimientos.txt,1024,ambiguous,accepted,ambiguous,pending_prompt3_uncertain,0,866.601,866.601,3,3,1452.5,pending_prompt3_uncertain,866.601,,,frozen_selection,,,frozen_clean_CH2_CH3,pending_prompt3_uncertain,pending_prompt3_uncertain,1487.5,1477.5,False,pending_prompt3_uncertain,pending_prompt3_uncertain,record_end_minus_10_ns
Datos/Med_con_Decaimientos/decaimientos.txt::block466::event466,466,Datos/Med_con_Decaimientos/decaimientos.txt,1024,not_detected_above_threshold,ambiguous,not_evaluable,pending_initial_quality,0,134.47299999999998,134.47299999999998,2,2,1462.461,pending_initial_quality,134.47299999999998,,,frozen_selection,,,frozen_clean_CH2_CH3,pending_initial_quality,pending_initial_quality,1497.461,1487.461,False,pending_initial_quality,pending_initial_quality,record_end_minus_10_ns
Datos/Med_con_Decaimientos/decaimientos.txt::block467::event467,467,Datos/Med_con_Decaimientos/decaimientos.txt,1024,not_detected_above_threshold,accepted,candidate,selected,3,1050.8790000000001,1050.8790000000001,3,3,1457.481,selected,1050.8790000000001,,,frozen_selection,,,frozen_clean_CH2_CH3,"Inside user-adopted [120 ns, individual record end minus 10 ns] window",selected,1492.481,1482.481,True,Inside tested observation window,selected,record_end_minus_10_ns
Datos/Med_con_Decaimientos/decaimientos.txt::block468::event468,468,Datos/Med_con_Decaimientos/decaimientos.txt,1024,not_detected_above_threshold,accepted,candidate,selected,0,149.41400000000002,149.41400000000002,2,2,1455.82,selected,149.41400000000002,,,frozen_selection,,,frozen_clean_CH2_CH3,"Inside user-adopted [120 ns, individual record end minus 10 ns] window",selected,1490.82,1480.82,True,Inside tested observation window,selected,record_end_minus_10_ns
Datos/Med_con_Decaimientos/decaimientos.txt::block469::event469,469,Datos/Med_con_Decaimientos/decaimientos.txt,1024,not_detected_above_threshold,accepted,candidate,outside_fit_window,0,69.72700000000003,69.72700000000003,2,2,1460.801,outside_fit_window,69.72700000000003,,,frozen_selection,,,frozen_clean_CH2_CH3,Below unchanged 120 ns lower limit,outside_fit_window,1495.801,1485.801,False,Below unchanged 120 ns lower limit,outside_fit_window,record_end_minus_10_ns
Datos/Med_con_Decaimientos/decaimientos.txt::block470::event470,470,Datos/Med_con_Decaimientos/decaimientos.txt,1024,not_detected_above_threshold,accepted,ambiguous,selected,2,1379.589,1379.589,1+2,2,1455.82,selected,1379.589,,,frozen_selection,,,frozen_clean_CH2_CH3,"Inside user-adopted [120 ns, individual record end minus 10 ns] window",selected,1490.82,1480.82,True,Inside tested observation window,selected,record_end_minus_10_ns
Datos/Med_con_Decaimientos/decaimientos.txt::block471::event471,471,Datos/Med_con_Decaimientos/decaimientos.txt,1024,not_detected_above_threshold,accepted,candidate,selected,1,788.5740000000001,788.5740000000001,2,2,1444.1989999999998,selected,788.5740000000001,,,frozen_selection,,,frozen_clean_CH2_CH3,"Inside user-adopted [120 ns, individual record end minus 10 ns] window",selected,1479.1989999999998,1469.1989999999998,True,Inside tested observation window,selected,record_end_minus_10_ns
Datos/Med_con_Decaimientos/decaimientos.txt::block472::event472,472,Datos/Med_con_Decaimientos/decaimientos.txt,1024,not_detected_above_threshold,accepted,candidate,selected,0,190.918,190.918,2+3,2+3,1442.539,selected,190.918,,,frozen_selection,,,frozen_clean_CH2_CH3,"Inside user-adopted [120 ns, individual record end minus 10 ns] window",selected,1477.539,1467.539,True,Inside tested observation window,selected,record_end_minus_10_ns
Datos/Med_con_Decaimientos/decaimientos.txt::block473::event473,473,Datos/Med_con_Decaimientos/decaimientos.txt,1024,not_detected_above_threshold,accepted,candidate,selected,1,1211.914,1211.914,2,2,1457.481,selected,1211.914,,,frozen_selection,,,frozen_clean_CH2_CH3,"Inside user-adopted [120 ns, individual record end minus 10 ns] window",selected,1492.481,1482.481,True,Inside tested observation window,selected,record_end_minus_10_ns
Datos/Med_con_Decaimientos/decaimientos.txt::block474::event474,474,Datos/Med_con_Decaimientos/decaimientos.txt,1024,not_detected_above_threshold,accepted,candidate,selected,0,1070.8,1070.8,2,2,1444.1989999999998,selected,1070.8,,,frozen_selection,,,frozen_clean_CH2_CH3,"Inside user-adopted [120 ns, individual record end minus 10 ns] window",selected,1479.1989999999998,1469.1989999999998,True,Inside tested observation window,selected,record_end_minus_10_ns
Datos/Med_con_Decaimientos/decaimientos.txt::block475::event475,475,Datos/Med_con_Decaimientos/decaimientos.txt,1024,not_detected_above_threshold,accepted,ambiguous,outside_fit_window,0,106.25000000000003,106.25000000000003,1+2,2,1449.1799999999998,outside_fit_window,106.25000000000003,,,frozen_selection,,,frozen_clean_CH2_CH3,Below unchanged 120 ns lower limit,outside_fit_window,1484.1799999999998,1474.1799999999998,False,Below unchanged 120 ns lower limit,outside_fit_window,record_end_minus_10_ns
Datos/Med_con_Decaimientos/decaimientos.txt::block476::event476,476,Datos/Med_con_Decaimientos/decaimientos.txt,1024,not_detected_above_threshold,accepted,ambiguous,selected,0,1449.317,,,,1447.52,no_clean_secondary,,accept_quality,,user_export,outside_window_20,,,"Inside user-adopted [120 ns, individual record end minus 10 ns] window",outside_fit_window,1482.52,1472.52,True,Inside tested observation window,outside_fit_window,record_end_minus_10_ns
Datos/Med_con_Decaimientos/decaimientos.txt::block477::event477,477,Datos/Med_con_Decaimientos/decaimientos.txt,1024,detected,accepted,ambiguous,veto_prompt3_detected,0,657.422,657.422,3,3,1460.801,veto_prompt3_detected,657.422,,,frozen_selection,,,frozen_clean_CH2_CH3,veto_prompt3_detected,veto_prompt3_detected,1495.801,1485.801,False,veto_prompt3_detected,veto_prompt3_detected,record_end_minus_10_ns
Datos/Med_con_Decaimientos/decaimientos.txt::block478::event478,478,Datos/Med_con_Decaimientos/decaimientos.txt,1024,not_detected_above_threshold,accepted,candidate,selected,2,522.9490000000001,522.9490000000001,2,2,1455.82,selected,522.9490000000001,,,frozen_selection,,,frozen_clean_CH2_CH3,"Inside user-adopted [120 ns, individual record end minus 10 ns] window",selected,1490.82,1480.82,True,Inside tested observation window,selected,record_end_minus_10_ns
Datos/Med_con_Decaimientos/decaimientos.txt::block479::event479,479,Datos/Med_con_Decaimientos/decaimientos.txt,1024,not_detected_above_threshold,accepted,candidate,selected,0,781.933,781.933,2,2,1455.82,selected,781.933,,,frozen_selection,,,frozen_clean_CH2_CH3,"Inside user-adopted [120 ns, individual record end minus 10 ns] window",selected,1490.82,1480.82,True,Inside tested observation window,selected,record_end_minus_10_ns
Datos/Med_con_Decaimientos/decaimientos.txt::block480::event480,480,Datos/Med_con_Decaimientos/decaimientos.txt,1024,detected,accepted,ambiguous,veto_prompt3_detected,0,612.597,612.597,3,3,1454.1599999999999,veto_prompt3_detected,612.597,,,frozen_selection,,,frozen_clean_CH2_CH3,veto_prompt3_detected,veto_prompt3_detected,1489.1599999999999,1479.1599999999999,False,veto_prompt3_detected,veto_prompt3_detected,record_end_minus_10_ns
Datos/Med_con_Decaimientos/decaimientos.txt::block481::event481,481,Datos/Med_con_Decaimientos/decaimientos.txt,1024,detected,accepted,ambiguous,veto_prompt3_detected,2,134.473,134.473,3,3,1459.1409999999998,veto_prompt3_detected,134.473,,,frozen_selection,,,frozen_clean_CH2_CH3,veto_prompt3_detected,veto_prompt3_detected,1494.1409999999998,1484.1409999999998,False,veto_prompt3_detected,veto_prompt3_detected,record_end_minus_10_ns
Datos/Med_con_Decaimientos/decaimientos.txt::block482::event482,482,Datos/Med_con_Decaimientos/decaimientos.txt,1024,ambiguous,accepted,ambiguous,pending_prompt3_uncertain,0,1236.817,1236.817,3,3,1457.481,pending_prompt3_uncertain,1236.817,,,frozen_selection,,,frozen_clean_CH2_CH3,pending_prompt3_uncertain,pending_prompt3_uncertain,1492.481,1482.481,False,pending_prompt3_uncertain,pending_prompt3_uncertain,record_end_minus_10_ns
Datos/Med_con_Decaimientos/decaimientos.txt::block483::event483,483,Datos/Med_con_Decaimientos/decaimientos.txt,1024,not_detected_above_threshold,accepted,candidate,selected,1,1210.254,1210.254,2+3,2+3,1440.879,selected,1210.254,,,frozen_selection,,,frozen_clean_CH2_CH3,"Inside user-adopted [120 ns, individual record end minus 10 ns] window",selected,1475.879,1465.879,True,Inside tested observation window,selected,record_end_minus_10_ns
Datos/Med_con_Decaimientos/decaimientos.txt::block484::event484,484,Datos/Med_con_Decaimientos/decaimientos.txt,1024,detected,accepted,ambiguous,veto_prompt3_detected,1,999.4139999999999,999.4139999999999,3,3,1452.5,veto_prompt3_detected,999.4139999999999,,,frozen_selection,,,frozen_clean_CH2_CH3,veto_prompt3_detected,veto_prompt3_detected,1487.5,1477.5,False,veto_prompt3_detected,veto_prompt3_detected,record_end_minus_10_ns
Datos/Med_con_Decaimientos/decaimientos.txt::block485::event485,485,Datos/Med_con_Decaimientos/decaimientos.txt,1024,not_detected_above_threshold,accepted,candidate,selected,0,662.402,662.402,3,3,1442.539,selected,662.402,,,frozen_selection,,,frozen_clean_CH2_CH3,"Inside user-adopted [120 ns, individual record end minus 10 ns] window",selected,1477.539,1467.539,True,Inside tested observation window,selected,record_end_minus_10_ns
Datos/Med_con_Decaimientos/decaimientos.txt::block486::event486,486,Datos/Med_con_Decaimientos/decaimientos.txt,1024,not_detected_above_threshold,accepted,candidate,selected,0,956.2499999999999,956.2499999999999,2,2,1452.5,selected,956.2499999999999,,,frozen_selection,,,frozen_clean_CH2_CH3,"Inside user-adopted [120 ns, individual record end minus 10 ns] window",selected,1487.5,1477.5,True,Inside tested observation window,selected,record_end_minus_10_ns
Datos/Med_con_Decaimientos/decaimientos.txt::block487::event487,487,Datos/Med_con_Decaimientos/decaimientos.txt,1024,detected,accepted,ambiguous,veto_prompt3_detected,0,235.74199999999996,235.74199999999996,3,3,1459.1409999999998,veto_prompt3_detected,235.74199999999996,,,frozen_selection,,,frozen_clean_CH2_CH3,veto_prompt3_detected,veto_prompt3_detected,1494.1409999999998,1484.1409999999998,False,veto_prompt3_detected,veto_prompt3_detected,record_end_minus_10_ns
Datos/Med_con_Decaimientos/decaimientos.txt::block488::event488,488,Datos/Med_con_Decaimientos/decaimientos.txt,1024,detected,accepted,ambiguous,veto_prompt3_detected,0,302.148,302.148,2+3,2+3,1455.82,veto_prompt3_detected,302.148,,,frozen_selection,,,frozen_clean_CH2_CH3,veto_prompt3_detected,veto_prompt3_detected,1490.82,1480.82,False,veto_prompt3_detected,veto_prompt3_detected,record_end_minus_10_ns
Datos/Med_con_Decaimientos/decaimientos.txt::block489::event489,489,Datos/Med_con_Decaimientos/decaimientos.txt,1024,not_detected_above_threshold,accepted,candidate,selected,0,775.292,775.292,2,2,1455.82,selected,775.292,,,frozen_selection,,,frozen_clean_CH2_CH3,"Inside user-adopted [120 ns, individual record end minus 10 ns] window",selected,1490.82,1480.82,True,Inside tested observation window,selected,record_end_minus_10_ns
Datos/Med_con_Decaimientos/decaimientos.txt::block490::event490,490,Datos/Med_con_Decaimientos/decaimientos.txt,1024,detected,accepted,ambiguous,veto_prompt3_detected,0,669.043,669.043,3,3,1452.5,veto_prompt3_detected,669.043,,,frozen_selection,,,frozen_clean_CH2_CH3,veto_prompt3_detected,veto_prompt3_detected,1487.5,1477.5,False,veto_prompt3_detected,veto_prompt3_detected,record_end_minus_10_ns
Datos/Med_con_Decaimientos/decaimientos.txt::block491::event491,491,Datos/Med_con_Decaimientos/decaimientos.txt,1024,detected,accepted,ambiguous,veto_prompt3_detected,0,602.6370000000001,602.6370000000001,3,3,1449.1799999999998,veto_prompt3_detected,602.6370000000001,,,frozen_selection,,,frozen_clean_CH2_CH3,veto_prompt3_detected,veto_prompt3_detected,1484.1799999999998,1474.1799999999998,False,veto_prompt3_detected,veto_prompt3_detected,record_end_minus_10_ns
Datos/Med_con_Decaimientos/decaimientos.txt::block492::event492,492,Datos/Med_con_Decaimientos/decaimientos.txt,1024,not_detected_above_threshold,accepted,candidate,selected,0,1349.7069999999999,1349.7069999999999,2,2,1454.1599999999999,selected,1349.7069999999999,,,frozen_selection,,,frozen_clean_CH2_CH3,"Inside user-adopted [120 ns, individual record end minus 10 ns] window",selected,1489.1599999999999,1479.1599999999999,True,Inside tested observation window,selected,record_end_minus_10_ns
Datos/Med_con_Decaimientos/decaimientos.txt::block493::event493,493,Datos/Med_con_Decaimientos/decaimientos.txt,1024,ambiguous,accepted,ambiguous,pending_prompt3_uncertain,0,755.3710000000001,755.3710000000001,3,3,1459.1409999999998,pending_prompt3_uncertain,755.3710000000001,,,frozen_selection,,,frozen_clean_CH2_CH3,pending_prompt3_uncertain,pending_prompt3_uncertain,1494.1409999999998,1484.1409999999998,False,pending_prompt3_uncertain,pending_prompt3_uncertain,record_end_minus_10_ns
Datos/Med_con_Decaimientos/decaimientos.txt::block494::event494,494,Datos/Med_con_Decaimientos/decaimientos.txt,1024,not_detected_above_threshold,accepted,ambiguous,selected,0,411.718,,,2,1454.1599999999999,no_clean_secondary,,accept_quality,,user_message_approve_all_mixed_weak_seeds,clean_plus_weak_49,3,mean_accepted_CH2_CH3,"Inside user-adopted [120 ns, individual record end minus 10 ns] window",selected,1489.1599999999999,1479.1599999999999,True,Inside tested observation window,selected,record_end_minus_10_ns
Datos/Med_con_Decaimientos/decaimientos.txt::block495::event495,495,Datos/Med_con_Decaimientos/decaimientos.txt,1024,detected,accepted,no_secondary_above_threshold,veto_prompt3_detected,,,,,,1455.82,veto_prompt3_detected,,,,frozen_selection,,,frozen_clean_CH2_CH3,veto_prompt3_detected,veto_prompt3_detected,1490.82,1480.82,False,veto_prompt3_detected,veto_prompt3_detected,record_end_minus_10_ns
Datos/Med_con_Decaimientos/decaimientos.txt::block496::event496,496,Datos/Med_con_Decaimientos/decaimientos.txt,1024,not_detected_above_threshold,accepted,candidate,outside_fit_window,0,101.26900000000003,101.26900000000003,2,2,1444.1989999999998,outside_fit_window,101.26900000000003,,,frozen_selection,,,frozen_clean_CH2_CH3,Below unchanged 120 ns lower limit,outside_fit_window,1479.1989999999998,1469.1989999999998,False,Below unchanged 120 ns lower limit,outside_fit_window,record_end_minus_10_ns
Datos/Med_con_Decaimientos/decaimientos.txt::block497::event497,497,Datos/Med_con_Decaimientos/decaimientos.txt,1024,not_detected_above_threshold,accepted,candidate,selected,0,498.047,498.047,2,2,1460.801,selected,498.047,,,frozen_selection,,,frozen_clean_CH2_CH3,"Inside user-adopted [120 ns, individual record end minus 10 ns] window",selected,1495.801,1485.801,True,Inside tested observation window,selected,record_end_minus_10_ns
Datos/Med_con_Decaimientos/decaimientos.txt::block498::event498,498,Datos/Med_con_Decaimientos/decaimientos.txt,1024,not_detected_above_threshold,accepted,candidate,selected,1,327.05100000000004,327.05100000000004,3,3,1450.84,selected,327.05100000000004,,,frozen_selection,,,frozen_clean_CH2_CH3,"Inside user-adopted [120 ns, individual record end minus 10 ns] window",selected,1485.84,1475.84,True,Inside tested observation window,selected,record_end_minus_10_ns
Datos/Med_con_Decaimientos/decaimientos.txt::block499::event499,499,Datos/Med_con_Decaimientos/decaimientos.txt,1024,not_detected_above_threshold,accepted,candidate,selected,0,669.043,669.043,2,2,1449.1799999999998,selected,669.043,,,frozen_selection,,,frozen_clean_CH2_CH3,"Inside user-adopted [120 ns, individual record end minus 10 ns] window",selected,1484.1799999999998,1474.1799999999998,True,Inside tested observation window,selected,record_end_minus_10_ns
Datos/Med_con_Decaimientos/decaimientos.txt::block500::event500,500,Datos/Med_con_Decaimientos/decaimientos.txt,1024,detected,accepted,ambiguous,veto_prompt3_detected,2,1092.383,1092.383,3,3,1447.52,veto_prompt3_detected,1092.383,,,frozen_selection,,,frozen_clean_CH2_CH3,veto_prompt3_detected,veto_prompt3_detected,1482.52,1472.52,False,veto_prompt3_detected,veto_prompt3_detected,record_end_minus_10_ns
Datos/Med_con_Decaimientos/decaimientos.txt::block501::event501,501,Datos/Med_con_Decaimientos/decaimientos.txt,1024,not_detected_above_threshold,accepted,candidate,selected,0,752.051,752.051,2,2,1449.1799999999998,selected,752.051,,,frozen_selection,,,frozen_clean_CH2_CH3,"Inside user-adopted [120 ns, individual record end minus 10 ns] window",selected,1484.1799999999998,1474.1799999999998,True,Inside tested observation window,selected,record_end_minus_10_ns
Datos/Med_con_Decaimientos/decaimientos.txt::block502::event502,502,Datos/Med_con_Decaimientos/decaimientos.txt,1024,detected,accepted,ambiguous,veto_prompt3_detected,0,501.367,501.367,3,3,1454.1599999999999,veto_prompt3_detected,501.367,,,frozen_selection,,,frozen_clean_CH2_CH3,veto_prompt3_detected,veto_prompt3_detected,1489.1599999999999,1479.1599999999999,False,veto_prompt3_detected,veto_prompt3_detected,record_end_minus_10_ns
Datos/Med_con_Decaimientos/decaimientos.txt::block503::event503,503,Datos/Med_con_Decaimientos/decaimientos.txt,1024,not_detected_above_threshold,accepted,candidate,selected,0,1183.692,1183.692,3,3,1447.52,selected,1183.692,,,frozen_selection,,,frozen_clean_CH2_CH3,"Inside user-adopted [120 ns, individual record end minus 10 ns] window",selected,1482.52,1472.52,True,Inside tested observation window,selected,record_end_minus_10_ns
Datos/Med_con_Decaimientos/decaimientos.txt::block504::event504,504,Datos/Med_con_Decaimientos/decaimientos.txt,1024,not_detected_above_threshold,accepted,candidate,outside_fit_window,0,68.06599999999997,68.06599999999997,2,2,1454.1599999999999,outside_fit_window,68.06599999999997,,,frozen_selection,,,frozen_clean_CH2_CH3,Below unchanged 120 ns lower limit,outside_fit_window,1489.1599999999999,1479.1599999999999,False,Below unchanged 120 ns lower limit,outside_fit_window,record_end_minus_10_ns
Datos/Med_con_Decaimientos/decaimientos.txt::block505::event505,505,Datos/Med_con_Decaimientos/decaimientos.txt,1024,detected,accepted,ambiguous,veto_prompt3_detected,0,1411.1329999999998,1411.1329999999998,3,3,1449.1799999999998,veto_prompt3_detected,1411.1329999999998,,,frozen_selection,,,frozen_clean_CH2_CH3,veto_prompt3_detected,veto_prompt3_detected,1484.1799999999998,1474.1799999999998,False,veto_prompt3_detected,veto_prompt3_detected,record_end_minus_10_ns
Datos/Med_con_Decaimientos/decaimientos.txt::block506::event506,506,Datos/Med_con_Decaimientos/decaimientos.txt,1024,not_detected_above_threshold,accepted,candidate,selected,0,566.113,566.113,2,2,1454.1599999999999,selected,566.113,,,frozen_selection,,,frozen_clean_CH2_CH3,"Inside user-adopted [120 ns, individual record end minus 10 ns] window",selected,1489.1599999999999,1479.1599999999999,True,Inside tested observation window,selected,record_end_minus_10_ns
Datos/Med_con_Decaimientos/decaimientos.txt::block507::event507,507,Datos/Med_con_Decaimientos/decaimientos.txt,1024,detected,accepted,no_secondary_above_threshold,veto_prompt3_detected,,,,,,1445.86,veto_prompt3_detected,,,,frozen_selection,,,frozen_clean_CH2_CH3,veto_prompt3_detected,veto_prompt3_detected,1480.86,1470.86,False,veto_prompt3_detected,veto_prompt3_detected,record_end_minus_10_ns
Datos/Med_con_Decaimientos/decaimientos.txt::block508::event508,508,Datos/Med_con_Decaimientos/decaimientos.txt,1024,not_detected_above_threshold,accepted,ambiguous,selected,0,728.809,728.809,1+2,2,1450.84,selected,728.809,,,frozen_selection,,,frozen_clean_CH2_CH3,"Inside user-adopted [120 ns, individual record end minus 10 ns] window",selected,1485.84,1475.84,True,Inside tested observation window,selected,record_end_minus_10_ns
Datos/Med_con_Decaimientos/decaimientos.txt::block509::event509,509,Datos/Med_con_Decaimientos/decaimientos.txt,1024,not_detected_above_threshold,accepted,ambiguous,selected,0,242.383,244.04300000000003,1+2,2,1452.5,selected,242.383,,,frozen_selection,,,frozen_clean_CH2_CH3,"Inside user-adopted [120 ns, individual record end minus 10 ns] window",selected,1487.5,1477.5,True,Inside tested observation window,selected,record_end_minus_10_ns
Datos/Med_con_Decaimientos/decaimientos.txt::block510::event510,510,Datos/Med_con_Decaimientos/decaimientos.txt,1024,detected,accepted,ambiguous,veto_prompt3_detected,0,762.012,762.012,3,3,1457.481,veto_prompt3_detected,762.012,,,frozen_selection,,,frozen_clean_CH2_CH3,veto_prompt3_detected,veto_prompt3_detected,1492.481,1482.481,False,veto_prompt3_detected,veto_prompt3_detected,record_end_minus_10_ns
Datos/Med_con_Decaimientos/decaimientos.txt::block511::event511,511,Datos/Med_con_Decaimientos/decaimientos.txt,1024,detected,accepted,ambiguous,veto_prompt3_detected,,,,,,1455.82,veto_prompt3_detected,,,,frozen_selection,,,frozen_clean_CH2_CH3,veto_prompt3_detected,veto_prompt3_detected,1490.82,1480.82,False,veto_prompt3_detected,veto_prompt3_detected,record_end_minus_10_ns
Datos/Med_con_Decaimientos/decaimientos.txt::block512::event512,512,Datos/Med_con_Decaimientos/decaimientos.txt,1024,not_detected_above_threshold,accepted,candidate,outside_fit_window,0,102.93000000000004,102.93000000000004,2,2,1445.86,outside_fit_window,102.93000000000004,,,frozen_selection,,,frozen_clean_CH2_CH3,Below unchanged 120 ns lower limit,outside_fit_window,1480.86,1470.86,False,Below unchanged 120 ns lower limit,outside_fit_window,record_end_minus_10_ns
Datos/Med_con_Decaimientos/decaimientos.txt::block513::event513,513,Datos/Med_con_Decaimientos/decaimientos.txt,1024,detected,accepted,ambiguous,veto_prompt3_detected,0,742.09,742.09,3,3,1449.1799999999998,veto_prompt3_detected,742.09,,,frozen_selection,,,frozen_clean_CH2_CH3,veto_prompt3_detected,veto_prompt3_detected,1484.1799999999998,1474.1799999999998,False,veto_prompt3_detected,veto_prompt3_detected,record_end_minus_10_ns
Datos/Med_con_Decaimientos/decaimientos.txt::block514::event514,514,Datos/Med_con_Decaimientos/decaimientos.txt,1024,detected,accepted,ambiguous,veto_prompt3_detected,2,886.5229999999999,886.5229999999999,3,3,1454.1599999999999,veto_prompt3_detected,886.5229999999999,,,frozen_selection,,,frozen_clean_CH2_CH3,veto_prompt3_detected,veto_prompt3_detected,1489.1599999999999,1479.1599999999999,False,veto_prompt3_detected,veto_prompt3_detected,record_end_minus_10_ns
Datos/Med_con_Decaimientos/decaimientos.txt::block515::event515,515,Datos/Med_con_Decaimientos/decaimientos.txt,1024,not_detected_above_threshold,accepted,candidate,selected,0,1030.9569999999999,1030.9569999999999,3,3,1439.2189999999998,selected,1030.9569999999999,,,frozen_selection,,,frozen_clean_CH2_CH3,"Inside user-adopted [120 ns, individual record end minus 10 ns] window",selected,1474.2189999999998,1464.2189999999998,True,Inside tested observation window,selected,record_end_minus_10_ns
Datos/Med_con_Decaimientos/decaimientos.txt::block516::event516,516,Datos/Med_con_Decaimientos/decaimientos.txt,1024,detected,accepted,ambiguous,veto_prompt3_detected,0,620.898,620.898,3,3,1452.5,veto_prompt3_detected,620.898,,,frozen_selection,,,frozen_clean_CH2_CH3,veto_prompt3_detected,veto_prompt3_detected,1487.5,1477.5,False,veto_prompt3_detected,veto_prompt3_detected,record_end_minus_10_ns
Datos/Med_con_Decaimientos/decaimientos.txt::block517::event517,517,Datos/Med_con_Decaimientos/decaimientos.txt,1024,not_detected_above_threshold,accepted,candidate,outside_fit_window,0,84.66800000000003,84.66800000000003,2,2,1445.86,outside_fit_window,84.66800000000003,,,frozen_selection,,,frozen_clean_CH2_CH3,Below unchanged 120 ns lower limit,outside_fit_window,1480.86,1470.86,False,Below unchanged 120 ns lower limit,outside_fit_window,record_end_minus_10_ns
Datos/Med_con_Decaimientos/decaimientos.txt::block518::event518,518,Datos/Med_con_Decaimientos/decaimientos.txt,1024,not_detected_above_threshold,accepted,candidate,selected,0,320.40999999999997,320.40999999999997,2,2,1455.82,selected,320.40999999999997,,,frozen_selection,,,frozen_clean_CH2_CH3,"Inside user-adopted [120 ns, individual record end minus 10 ns] window",selected,1490.82,1480.82,True,Inside tested observation window,selected,record_end_minus_10_ns
Datos/Med_con_Decaimientos/decaimientos.txt::block519::event519,519,Datos/Med_con_Decaimientos/decaimientos.txt,1024,not_detected_above_threshold,accepted,candidate,selected,1,1185.3509999999999,1185.3509999999999,2,2,1444.1989999999998,selected,1185.3509999999999,,,frozen_selection,,,frozen_clean_CH2_CH3,"Inside user-adopted [120 ns, individual record end minus 10 ns] window",selected,1479.1989999999998,1469.1989999999998,True,Inside tested observation window,selected,record_end_minus_10_ns
Datos/Med_con_Decaimientos/decaimientos.txt::block520::event520,520,Datos/Med_con_Decaimientos/decaimientos.txt,1024,not_detected_above_threshold,accepted,ambiguous,selected,2,576.0740000000001,575.2439999999999,1+2,2,1454.1599999999999,selected,576.0740000000001,,,frozen_selection,,,frozen_clean_CH2_CH3,"Inside user-adopted [120 ns, individual record end minus 10 ns] window",selected,1489.1599999999999,1479.1599999999999,True,Inside tested observation window,selected,record_end_minus_10_ns
Datos/Med_con_Decaimientos/decaimientos.txt::block521::event521,521,Datos/Med_con_Decaimientos/decaimientos.txt,1024,not_detected_above_threshold,accepted,candidate,selected,0,599.317,599.317,2,2,1445.86,selected,599.317,,,frozen_selection,,,frozen_clean_CH2_CH3,"Inside user-adopted [120 ns, individual record end minus 10 ns] window",selected,1480.86,1470.86,True,Inside tested observation window,selected,record_end_minus_10_ns
Datos/Med_con_Decaimientos/decaimientos.txt::block522::event522,522,Datos/Med_con_Decaimientos/decaimientos.txt,1024,ambiguous,accepted,ambiguous,pending_prompt3_uncertain,0,1019.336,1019.336,3,3,1454.1599999999999,pending_prompt3_uncertain,1019.336,,,frozen_selection,,,frozen_clean_CH2_CH3,pending_prompt3_uncertain,pending_prompt3_uncertain,1489.1599999999999,1479.1599999999999,False,pending_prompt3_uncertain,pending_prompt3_uncertain,record_end_minus_10_ns
Datos/Med_con_Decaimientos/decaimientos.txt::block523::event523,523,Datos/Med_con_Decaimientos/decaimientos.txt,1024,not_detected_above_threshold,accepted,candidate,selected,0,431.64099999999996,431.64099999999996,2,2,1457.481,selected,431.64099999999996,,,frozen_selection,,,frozen_clean_CH2_CH3,"Inside user-adopted [120 ns, individual record end minus 10 ns] window",selected,1492.481,1482.481,True,Inside tested observation window,selected,record_end_minus_10_ns
Datos/Med_con_Decaimientos/decaimientos.txt::block524::event524,524,Datos/Med_con_Decaimientos/decaimientos.txt,1024,not_detected_above_threshold,accepted,candidate,selected,0,187.59799999999998,187.59799999999998,3,3,1452.5,selected,187.59799999999998,,,frozen_selection,,,frozen_clean_CH2_CH3,"Inside user-adopted [120 ns, individual record end minus 10 ns] window",selected,1487.5,1477.5,True,Inside tested observation window,selected,record_end_minus_10_ns
Datos/Med_con_Decaimientos/decaimientos.txt::block525::event525,525,Datos/Med_con_Decaimientos/decaimientos.txt,1024,detected,accepted,ambiguous,veto_prompt3_detected,0,1301.562,1301.562,3,3,1454.1599999999999,veto_prompt3_detected,1301.562,,,frozen_selection,,,frozen_clean_CH2_CH3,veto_prompt3_detected,veto_prompt3_detected,1489.1599999999999,1479.1599999999999,False,veto_prompt3_detected,veto_prompt3_detected,record_end_minus_10_ns
Datos/Med_con_Decaimientos/decaimientos.txt::block526::event526,526,Datos/Med_con_Decaimientos/decaimientos.txt,1024,not_detected_above_threshold,accepted,candidate,selected,2,700.586,700.586,3,3,1452.5,selected,700.586,,,frozen_selection,,,frozen_clean_CH2_CH3,"Inside user-adopted [120 ns, individual record end minus 10 ns] window",selected,1487.5,1477.5,True,Inside tested observation window,selected,record_end_minus_10_ns
Datos/Med_con_Decaimientos/decaimientos.txt::block527::event527,527,Datos/Med_con_Decaimientos/decaimientos.txt,1024,detected,accepted,ambiguous,veto_prompt3_detected,0,466.50399999999996,466.50399999999996,3,3,1454.1599999999999,veto_prompt3_detected,466.50399999999996,,,frozen_selection,,,frozen_clean_CH2_CH3,veto_prompt3_detected,veto_prompt3_detected,1489.1599999999999,1479.1599999999999,False,veto_prompt3_detected,veto_prompt3_detected,record_end_minus_10_ns
Datos/Med_con_Decaimientos/decaimientos.txt::block528::event528,528,Datos/Med_con_Decaimientos/decaimientos.txt,1024,detected,accepted,ambiguous,veto_prompt3_detected,,,,,,1447.52,veto_prompt3_detected,,,,frozen_selection,,,frozen_clean_CH2_CH3,veto_prompt3_detected,veto_prompt3_detected,1482.52,1472.52,False,veto_prompt3_detected,veto_prompt3_detected,record_end_minus_10_ns
Datos/Med_con_Decaimientos/decaimientos.txt::block529::event529,529,Datos/Med_con_Decaimientos/decaimientos.txt,1024,not_detected_above_threshold,accepted,candidate,selected,5,879.883,879.883,3,3,1459.1409999999998,selected,879.883,,,frozen_selection,,,frozen_clean_CH2_CH3,"Inside user-adopted [120 ns, individual record end minus 10 ns] window",selected,1494.1409999999998,1484.1409999999998,True,Inside tested observation window,selected,record_end_minus_10_ns
Datos/Med_con_Decaimientos/decaimientos.txt::block530::event530,530,Datos/Med_con_Decaimientos/decaimientos.txt,1024,not_detected_above_threshold,accepted,candidate,selected,0,212.5,212.5,2,2,1447.52,selected,212.5,,,frozen_selection,,,frozen_clean_CH2_CH3,"Inside user-adopted [120 ns, individual record end minus 10 ns] window",selected,1482.52,1472.52,True,Inside tested observation window,selected,record_end_minus_10_ns
Datos/Med_con_Decaimientos/decaimientos.txt::block531::event531,531,Datos/Med_con_Decaimientos/decaimientos.txt,1024,not_detected_above_threshold,accepted,candidate,selected,0,634.1790000000001,634.1790000000001,3,3,1442.539,selected,634.1790000000001,,,frozen_selection,,,frozen_clean_CH2_CH3,"Inside user-adopted [120 ns, individual record end minus 10 ns] window",selected,1477.539,1467.539,True,Inside tested observation window,selected,record_end_minus_10_ns
Datos/Med_con_Decaimientos/decaimientos.txt::block532::event532,532,Datos/Med_con_Decaimientos/decaimientos.txt,1024,not_detected_above_threshold,accepted,ambiguous,selected,0,607.6179999999999,,,2,1447.52,no_clean_secondary,,accept_quality,,user_message_approve_all_mixed_weak_seeds,clean_plus_weak_49,2,mean_accepted_CH2_CH3,"Inside user-adopted [120 ns, individual record end minus 10 ns] window",selected,1482.52,1472.52,True,Inside tested observation window,selected,record_end_minus_10_ns
Datos/Med_con_Decaimientos/decaimientos.txt::block533::event533,533,Datos/Med_con_Decaimientos/decaimientos.txt,1024,detected,accepted,ambiguous,veto_prompt3_detected,0,1057.52,1057.52,3,3,1457.481,veto_prompt3_detected,1057.52,,,frozen_selection,,,frozen_clean_CH2_CH3,veto_prompt3_detected,veto_prompt3_detected,1492.481,1482.481,False,veto_prompt3_detected,veto_prompt3_detected,record_end_minus_10_ns
Datos/Med_con_Decaimientos/decaimientos.txt::block534::event534,534,Datos/Med_con_Decaimientos/decaimientos.txt,1024,detected,accepted,ambiguous,veto_prompt3_detected,0,102.92999999999998,102.92999999999998,3,3,1449.1799999999998,veto_prompt3_detected,102.92999999999998,,,frozen_selection,,,frozen_clean_CH2_CH3,veto_prompt3_detected,veto_prompt3_detected,1484.1799999999998,1474.1799999999998,False,veto_prompt3_detected,veto_prompt3_detected,record_end_minus_10_ns
Datos/Med_con_Decaimientos/decaimientos.txt::block535::event535,535,Datos/Med_con_Decaimientos/decaimientos.txt,1024,detected,accepted,ambiguous,veto_prompt3_detected,0,280.56600000000003,280.56600000000003,3,3,1442.539,veto_prompt3_detected,280.56600000000003,,,frozen_selection,,,frozen_clean_CH2_CH3,veto_prompt3_detected,veto_prompt3_detected,1477.539,1467.539,False,veto_prompt3_detected,veto_prompt3_detected,record_end_minus_10_ns
Datos/Med_con_Decaimientos/decaimientos.txt::block536::event536,536,Datos/Med_con_Decaimientos/decaimientos.txt,1024,not_detected_above_threshold,accepted,candidate,selected,0,636.6700000000001,636.6700000000001,2,2,1460.801,selected,636.6700000000001,,,frozen_selection,,,frozen_clean_CH2_CH3,"Inside user-adopted [120 ns, individual record end minus 10 ns] window",selected,1495.801,1485.801,True,Inside tested observation window,selected,record_end_minus_10_ns
Datos/Med_con_Decaimientos/decaimientos.txt::block537::event537,537,Datos/Med_con_Decaimientos/decaimientos.txt,1024,not_detected_above_threshold,accepted,candidate,selected,1,1211.914,1211.914,2,2,1455.82,selected,1211.914,,,frozen_selection,,,frozen_clean_CH2_CH3,"Inside user-adopted [120 ns, individual record end minus 10 ns] window",selected,1490.82,1480.82,True,Inside tested observation window,selected,record_end_minus_10_ns
Datos/Med_con_Decaimientos/decaimientos.txt::block538::event538,538,Datos/Med_con_Decaimientos/decaimientos.txt,1024,detected,accepted,ambiguous,veto_prompt3_detected,0,366.89500000000004,366.89500000000004,3,3,1459.1409999999998,veto_prompt3_detected,366.89500000000004,,,frozen_selection,,,frozen_clean_CH2_CH3,veto_prompt3_detected,veto_prompt3_detected,1494.1409999999998,1484.1409999999998,False,veto_prompt3_detected,veto_prompt3_detected,record_end_minus_10_ns
Datos/Med_con_Decaimientos/decaimientos.txt::block539::event539,539,Datos/Med_con_Decaimientos/decaimientos.txt,1024,not_detected_above_threshold,accepted,candidate,selected,0,944.629,944.629,3,3,1439.2189999999998,selected,944.629,,,frozen_selection,,,frozen_clean_CH2_CH3,"Inside user-adopted [120 ns, individual record end minus 10 ns] window",selected,1474.2189999999998,1464.2189999999998,True,Inside tested observation window,selected,record_end_minus_10_ns
Datos/Med_con_Decaimientos/decaimientos.txt::block540::event540,540,Datos/Med_con_Decaimientos/decaimientos.txt,1024,not_detected_above_threshold,accepted,candidate,selected,0,534.57,534.57,2,2,1450.84,selected,534.57,,,frozen_selection,,,frozen_clean_CH2_CH3,"Inside user-adopted [120 ns, individual record end minus 10 ns] window",selected,1485.84,1475.84,True,Inside tested observation window,selected,record_end_minus_10_ns
Datos/Med_con_Decaimientos/decaimientos.txt::block541::event541,541,Datos/Med_con_Decaimientos/decaimientos.txt,1024,not_detected_above_threshold,accepted,candidate,selected,0,494.72599999999994,494.72599999999994,2,2,1454.1599999999999,selected,494.72599999999994,,,frozen_selection,,,frozen_clean_CH2_CH3,"Inside user-adopted [120 ns, individual record end minus 10 ns] window",selected,1489.1599999999999,1479.1599999999999,True,Inside tested observation window,selected,record_end_minus_10_ns
Datos/Med_con_Decaimientos/decaimientos.txt::block542::event542,542,Datos/Med_con_Decaimientos/decaimientos.txt,1024,not_detected_above_threshold,accepted,ambiguous,selected,0,728.808,,,3,1452.5,no_clean_secondary,,accept_quality,,user_message_approve_all_mixed_weak_seeds,clean_plus_weak_49,3,mean_accepted_CH2_CH3,"Inside user-adopted [120 ns, individual record end minus 10 ns] window",selected,1487.5,1477.5,True,Inside tested observation window,selected,record_end_minus_10_ns
Datos/Med_con_Decaimientos/decaimientos.txt::block543::event543,543,Datos/Med_con_Decaimientos/decaimientos.txt,1024,not_detected_above_threshold,accepted,candidate,selected,0,659.0819999999999,659.0819999999999,2,2,1459.1409999999998,selected,659.0819999999999,,,frozen_selection,,,frozen_clean_CH2_CH3,"Inside user-adopted [120 ns, individual record end minus 10 ns] window",selected,1494.1409999999998,1484.1409999999998,True,Inside tested observation window,selected,record_end_minus_10_ns
Datos/Med_con_Decaimientos/decaimientos.txt::block544::event544,544,Datos/Med_con_Decaimientos/decaimientos.txt,1024,not_detected_above_threshold,accepted,ambiguous,selected,0,1364.6480000000001,,,3,1462.461,no_clean_secondary,,accept_quality,,user_message_approve_all_mixed_weak_seeds,clean_plus_weak_49,3,mean_accepted_CH2_CH3,"Inside user-adopted [120 ns, individual record end minus 10 ns] window",selected,1497.461,1487.461,True,Inside tested observation window,selected,record_end_minus_10_ns
Datos/Med_con_Decaimientos/decaimientos.txt::block545::event545,545,Datos/Med_con_Decaimientos/decaimientos.txt,1024,not_detected_above_threshold,accepted,ambiguous,selected,0,356.93300000000005,,,2,1454.1599999999999,no_clean_secondary,,accept_quality,,user_message_approve_all_mixed_weak_seeds,clean_plus_weak_49,3,mean_accepted_CH2_CH3,"Inside user-adopted [120 ns, individual record end minus 10 ns] window",selected,1489.1599999999999,1479.1599999999999,True,Inside tested observation window,selected,record_end_minus_10_ns
Datos/Med_con_Decaimientos/decaimientos.txt::block546::event546,546,Datos/Med_con_Decaimientos/decaimientos.txt,1024,not_detected_above_threshold,accepted,candidate,selected,0,202.539,202.539,2,2,1459.1409999999998,selected,202.539,,,frozen_selection,,,frozen_clean_CH2_CH3,"Inside user-adopted [120 ns, individual record end minus 10 ns] window",selected,1494.1409999999998,1484.1409999999998,True,Inside tested observation window,selected,record_end_minus_10_ns
Datos/Med_con_Decaimientos/decaimientos.txt::block547::event547,547,Datos/Med_con_Decaimientos/decaimientos.txt,1024,detected,accepted,ambiguous,veto_prompt3_detected,1,1313.184,1313.184,3,3,1460.801,veto_prompt3_detected,1313.184,,,frozen_selection,,,frozen_clean_CH2_CH3,veto_prompt3_detected,veto_prompt3_detected,1495.801,1485.801,False,veto_prompt3_detected,veto_prompt3_detected,record_end_minus_10_ns
Datos/Med_con_Decaimientos/decaimientos.txt::block548::event548,548,Datos/Med_con_Decaimientos/decaimientos.txt,1024,not_detected_above_threshold,accepted,ambiguous,outside_fit_window,0,71.387,,,,1447.52,no_clean_secondary,,accept_quality,,user_export,outside_window_20,2,,Below unchanged 120 ns lower limit,outside_fit_window,1482.52,1472.52,False,Below unchanged 120 ns lower limit,outside_fit_window,record_end_minus_10_ns
Datos/Med_con_Decaimientos/decaimientos.txt::block549::event549,549,Datos/Med_con_Decaimientos/decaimientos.txt,1024,not_detected_above_threshold,accepted,ambiguous,selected,0,1172.07,,,2,1455.82,no_clean_secondary,,accept_quality,,user_message_approve_all_mixed_weak_seeds,clean_plus_weak_49,2,mean_accepted_CH2_CH3,"Inside user-adopted [120 ns, individual record end minus 10 ns] window",selected,1490.82,1480.82,True,Inside tested observation window,selected,record_end_minus_10_ns
Datos/Med_con_Decaimientos/decaimientos.txt::block550::event550,550,Datos/Med_con_Decaimientos/decaimientos.txt,1024,not_detected_above_threshold,accepted,candidate,selected,1,684.8149999999999,684.8149999999999,2+3,2+3,1457.481,selected,684.8149999999999,,,frozen_selection,,,frozen_clean_CH2_CH3,"Inside user-adopted [120 ns, individual record end minus 10 ns] window",selected,1492.481,1482.481,True,Inside tested observation window,selected,record_end_minus_10_ns
Datos/Med_con_Decaimientos/decaimientos.txt::block551::event551,551,Datos/Med_con_Decaimientos/decaimientos.txt,1024,not_detected_above_threshold,accepted,candidate,outside_fit_window,0,63.08500000000001,63.08500000000001,3,3,1455.82,outside_fit_window,63.08500000000001,,,frozen_selection,,,frozen_clean_CH2_CH3,Below unchanged 120 ns lower limit,outside_fit_window,1490.82,1480.82,False,Below unchanged 120 ns lower limit,outside_fit_window,record_end_minus_10_ns
Datos/Med_con_Decaimientos/decaimientos.txt::block552::event552,552,Datos/Med_con_Decaimientos/decaimientos.txt,1024,not_detected_above_threshold,accepted,candidate,selected,0,451.562,451.562,2,2,1462.461,selected,451.562,,,frozen_selection,,,frozen_clean_CH2_CH3,"Inside user-adopted [120 ns, individual record end minus 10 ns] window",selected,1497.461,1487.461,True,Inside tested observation window,selected,record_end_minus_10_ns
Datos/Med_con_Decaimientos/decaimientos.txt::block553::event553,553,Datos/Med_con_Decaimientos/decaimientos.txt,1024,not_detected_above_threshold,accepted,candidate,selected,0,1027.6370000000002,1027.6370000000002,3,3,1452.5,selected,1027.6370000000002,,,frozen_selection,,,frozen_clean_CH2_CH3,"Inside user-adopted [120 ns, individual record end minus 10 ns] window",selected,1487.5,1477.5,True,Inside tested observation window,selected,record_end_minus_10_ns
Datos/Med_con_Decaimientos/decaimientos.txt::block554::event554,554,Datos/Med_con_Decaimientos/decaimientos.txt,1024,not_detected_above_threshold,accepted,candidate,selected,0,192.578,192.578,2,2,1444.1989999999998,selected,192.578,,,frozen_selection,,,frozen_clean_CH2_CH3,"Inside user-adopted [120 ns, individual record end minus 10 ns] window",selected,1479.1989999999998,1469.1989999999998,True,Inside tested observation window,selected,record_end_minus_10_ns
Datos/Med_con_Decaimientos/decaimientos.txt::block555::event555,555,Datos/Med_con_Decaimientos/decaimientos.txt,1024,not_detected_above_threshold,accepted,ambiguous,selected,0,617.578,,,3,1452.5,no_clean_secondary,,accept_quality,,user_message_approve_all_mixed_weak_seeds,clean_plus_weak_49,3,mean_accepted_CH2_CH3,"Inside user-adopted [120 ns, individual record end minus 10 ns] window",selected,1487.5,1477.5,True,Inside tested observation window,selected,record_end_minus_10_ns
Datos/Med_con_Decaimientos/decaimientos.txt::block556::event556,556,Datos/Med_con_Decaimientos/decaimientos.txt,1024,detected,accepted,ambiguous,veto_prompt3_detected,0,1133.887,1133.887,2,2,1460.801,veto_prompt3_detected,1133.887,,,frozen_selection,,,frozen_clean_CH2_CH3,veto_prompt3_detected,veto_prompt3_detected,1495.801,1485.801,False,veto_prompt3_detected,veto_prompt3_detected,record_end_minus_10_ns
Datos/Med_con_Decaimientos/decaimientos.txt::block557::event557,557,Datos/Med_con_Decaimientos/decaimientos.txt,1024,detected,accepted,ambiguous,veto_prompt3_detected,0,346.972,346.972,3,3,1452.5,veto_prompt3_detected,346.972,,,frozen_selection,,,frozen_clean_CH2_CH3,veto_prompt3_detected,veto_prompt3_detected,1487.5,1477.5,False,veto_prompt3_detected,veto_prompt3_detected,record_end_minus_10_ns
Datos/Med_con_Decaimientos/decaimientos.txt::block558::event558,558,Datos/Med_con_Decaimientos/decaimientos.txt,1024,not_detected_above_threshold,accepted,candidate,selected,0,170.996,170.996,3,3,1449.1799999999998,selected,170.996,,,frozen_selection,,,frozen_clean_CH2_CH3,"Inside user-adopted [120 ns, individual record end minus 10 ns] window",selected,1484.1799999999998,1474.1799999999998,True,Inside tested observation window,selected,record_end_minus_10_ns
Datos/Med_con_Decaimientos/decaimientos.txt::block559::event559,559,Datos/Med_con_Decaimientos/decaimientos.txt,1024,detected,accepted,ambiguous,veto_prompt3_detected,0,1069.141,1069.141,3,3,1447.52,veto_prompt3_detected,1069.141,,,frozen_selection,,,frozen_clean_CH2_CH3,veto_prompt3_detected,veto_prompt3_detected,1482.52,1472.52,False,veto_prompt3_detected,veto_prompt3_detected,record_end_minus_10_ns
Datos/Med_con_Decaimientos/decaimientos.txt::block560::event560,560,Datos/Med_con_Decaimientos/decaimientos.txt,1024,not_detected_above_threshold,accepted,candidate,selected,1,393.457,393.457,2,2,1460.801,selected,393.457,,,frozen_selection,,,frozen_clean_CH2_CH3,"Inside user-adopted [120 ns, individual record end minus 10 ns] window",selected,1495.801,1485.801,True,Inside tested observation window,selected,record_end_minus_10_ns
Datos/Med_con_Decaimientos/decaimientos.txt::block561::event561,561,Datos/Med_con_Decaimientos/decaimientos.txt,1024,detected,accepted,ambiguous,veto_prompt3_detected,0,313.77000000000004,313.77000000000004,3,3,1447.52,veto_prompt3_detected,313.77000000000004,,,frozen_selection,,,frozen_clean_CH2_CH3,veto_prompt3_detected,veto_prompt3_detected,1482.52,1472.52,False,veto_prompt3_detected,veto_prompt3_detected,record_end_minus_10_ns
Datos/Med_con_Decaimientos/decaimientos.txt::block562::event562,562,Datos/Med_con_Decaimientos/decaimientos.txt,1024,not_detected_above_threshold,accepted,candidate,selected,0,195.898,195.898,3,3,1462.461,selected,195.898,,,frozen_selection,,,frozen_clean_CH2_CH3,"Inside user-adopted [120 ns, individual record end minus 10 ns] window",selected,1497.461,1487.461,True,Inside tested observation window,selected,record_end_minus_10_ns
Datos/Med_con_Decaimientos/decaimientos.txt::block563::event563,563,Datos/Med_con_Decaimientos/decaimientos.txt,1024,not_detected_above_threshold,accepted,candidate,selected,0,1130.566,1130.566,2,2,1462.461,selected,1130.566,,,frozen_selection,,,frozen_clean_CH2_CH3,"Inside user-adopted [120 ns, individual record end minus 10 ns] window",selected,1497.461,1487.461,True,Inside tested observation window,selected,record_end_minus_10_ns
Datos/Med_con_Decaimientos/decaimientos.txt::block564::event564,564,Datos/Med_con_Decaimientos/decaimientos.txt,1024,not_detected_above_threshold,accepted,ambiguous,selected,0,961.23,,,3,1454.1599999999999,no_clean_secondary,,accept_quality,,user_message_approve_all_mixed_weak_seeds,clean_plus_weak_49,3,mean_accepted_CH2_CH3,"Inside user-adopted [120 ns, individual record end minus 10 ns] window",selected,1489.1599999999999,1479.1599999999999,True,Inside tested observation window,selected,record_end_minus_10_ns
Datos/Med_con_Decaimientos/decaimientos.txt::block565::event565,565,Datos/Med_con_Decaimientos/decaimientos.txt,1024,detected,accepted,ambiguous,veto_prompt3_detected,0,76.368,76.368,3,3,1447.52,veto_prompt3_detected,76.368,,,frozen_selection,,,frozen_clean_CH2_CH3,veto_prompt3_detected,veto_prompt3_detected,1482.52,1472.52,False,veto_prompt3_detected,veto_prompt3_detected,record_end_minus_10_ns
Datos/Med_con_Decaimientos/decaimientos.txt::block566::event566,566,Datos/Med_con_Decaimientos/decaimientos.txt,1024,not_detected_above_threshold,accepted,candidate,selected,0,366.894,366.894,2,2,1462.461,selected,366.894,,,frozen_selection,,,frozen_clean_CH2_CH3,"Inside user-adopted [120 ns, individual record end minus 10 ns] window",selected,1497.461,1487.461,True,Inside tested observation window,selected,record_end_minus_10_ns
Datos/Med_con_Decaimientos/decaimientos.txt::block567::event567,567,Datos/Med_con_Decaimientos/decaimientos.txt,1024,not_detected_above_threshold,accepted,ambiguous,selected,0,214.16,211.67,1+2,2,1452.5,selected,214.16,,,frozen_selection,,,frozen_clean_CH2_CH3,"Inside user-adopted [120 ns, individual record end minus 10 ns] window",selected,1487.5,1477.5,True,Inside tested observation window,selected,record_end_minus_10_ns
Datos/Med_con_Decaimientos/decaimientos.txt::block568::event568,568,Datos/Med_con_Decaimientos/decaimientos.txt,1024,not_detected_above_threshold,accepted,candidate,outside_fit_window,0,116.21099999999998,116.21099999999998,2,2,1444.1989999999998,outside_fit_window,116.21099999999998,,,frozen_selection,,,frozen_clean_CH2_CH3,Below unchanged 120 ns lower limit,outside_fit_window,1479.1989999999998,1469.1989999999998,False,Below unchanged 120 ns lower limit,outside_fit_window,record_end_minus_10_ns
Datos/Med_con_Decaimientos/decaimientos.txt::block569::event569,569,Datos/Med_con_Decaimientos/decaimientos.txt,1024,not_detected_above_threshold,accepted,ambiguous,accepted_quality_time_unresolved,,,,,,1459.1409999999998,no_clean_secondary,,accept_quality,,user_export,no_usable_catalogued_time_10,,,Quality accepted; no usable catalogued secondary CH2/CH3 time,accepted_quality_time_unresolved,1494.1409999999998,1484.1409999999998,False,Quality accepted; no usable catalogued secondary CH2/CH3 time,accepted_quality_time_unresolved,record_end_minus_10_ns
Datos/Med_con_Decaimientos/decaimientos.txt::block570::event570,570,Datos/Med_con_Decaimientos/decaimientos.txt,1024,not_detected_above_threshold,accepted,candidate,selected,0,703.906,703.906,2,2,1452.5,selected,703.906,,,frozen_selection,,,frozen_clean_CH2_CH3,"Inside user-adopted [120 ns, individual record end minus 10 ns] window",selected,1487.5,1477.5,True,Inside tested observation window,selected,record_end_minus_10_ns
Datos/Med_con_Decaimientos/decaimientos.txt::block571::event571,571,Datos/Med_con_Decaimientos/decaimientos.txt,1024,ambiguous,accepted,ambiguous,pending_prompt3_uncertain,0,202.54,202.54,2,2,1445.86,pending_prompt3_uncertain,202.54,,,frozen_selection,,,frozen_clean_CH2_CH3,pending_prompt3_uncertain,pending_prompt3_uncertain,1480.86,1470.86,False,pending_prompt3_uncertain,pending_prompt3_uncertain,record_end_minus_10_ns
Datos/Med_con_Decaimientos/decaimientos.txt::block572::event572,572,Datos/Med_con_Decaimientos/decaimientos.txt,1024,not_detected_above_threshold,accepted,ambiguous,selected,0,987.7929999999999,,,2,1450.84,no_clean_secondary,,accept_quality,,user_message_approve_all_mixed_weak_seeds,clean_plus_weak_49,2,mean_accepted_CH2_CH3,"Inside user-adopted [120 ns, individual record end minus 10 ns] window",selected,1485.84,1475.84,True,Inside tested observation window,selected,record_end_minus_10_ns
Datos/Med_con_Decaimientos/decaimientos.txt::block573::event573,573,Datos/Med_con_Decaimientos/decaimientos.txt,1024,detected,accepted,ambiguous,veto_prompt3_detected,0,1270.02,1270.02,3,3,1460.801,veto_prompt3_detected,1270.02,,,frozen_selection,,,frozen_clean_CH2_CH3,veto_prompt3_detected,veto_prompt3_detected,1495.801,1485.801,False,veto_prompt3_detected,veto_prompt3_detected,record_end_minus_10_ns
Datos/Med_con_Decaimientos/decaimientos.txt::block574::event574,574,Datos/Med_con_Decaimientos/decaimientos.txt,1024,not_detected_above_threshold,accepted,candidate,selected,0,665.722,665.722,2,2,1452.5,selected,665.722,,,frozen_selection,,,frozen_clean_CH2_CH3,"Inside user-adopted [120 ns, individual record end minus 10 ns] window",selected,1487.5,1477.5,True,Inside tested observation window,selected,record_end_minus_10_ns
Datos/Med_con_Decaimientos/decaimientos.txt::block575::event575,575,Datos/Med_con_Decaimientos/decaimientos.txt,1024,not_detected_above_threshold,accepted,ambiguous,selected,0,755.371,756.201,1+2,2,1450.84,selected,755.371,,,frozen_selection,,,frozen_clean_CH2_CH3,"Inside user-adopted [120 ns, individual record end minus 10 ns] window",selected,1485.84,1475.84,True,Inside tested observation window,selected,record_end_minus_10_ns
Datos/Med_con_Decaimientos/decaimientos.txt::block576::event576,576,Datos/Med_con_Decaimientos/decaimientos.txt,1024,detected,accepted,ambiguous,veto_prompt3_detected,0,1065.821,1065.821,3,3,1459.1409999999998,veto_prompt3_detected,1065.821,,,frozen_selection,,,frozen_clean_CH2_CH3,veto_prompt3_detected,veto_prompt3_detected,1494.1409999999998,1484.1409999999998,False,veto_prompt3_detected,veto_prompt3_detected,record_end_minus_10_ns
Datos/Med_con_Decaimientos/decaimientos.txt::block577::event577,577,Datos/Med_con_Decaimientos/decaimientos.txt,1024,not_detected_above_threshold,accepted,candidate,selected,0,489.74600000000004,489.74600000000004,2,2,1459.1409999999998,selected,489.74600000000004,,,frozen_selection,,,frozen_clean_CH2_CH3,"Inside user-adopted [120 ns, individual record end minus 10 ns] window",selected,1494.1409999999998,1484.1409999999998,True,Inside tested observation window,selected,record_end_minus_10_ns
Datos/Med_con_Decaimientos/decaimientos.txt::block578::event578,578,Datos/Med_con_Decaimientos/decaimientos.txt,1024,not_detected_above_threshold,accepted,candidate,selected,0,1387.8899999999999,1387.8899999999999,2,2,1444.1989999999998,selected,1387.8899999999999,,,frozen_selection,,,frozen_clean_CH2_CH3,"Inside user-adopted [120 ns, individual record end minus 10 ns] window",selected,1479.1989999999998,1469.1989999999998,True,Inside tested observation window,selected,record_end_minus_10_ns
Datos/Med_con_Decaimientos/decaimientos.txt::block579::event579,579,Datos/Med_con_Decaimientos/decaimientos.txt,1024,not_detected_above_threshold,accepted,candidate,selected,0,768.652,768.652,3,3,1454.1599999999999,selected,768.652,,,frozen_selection,,,frozen_clean_CH2_CH3,"Inside user-adopted [120 ns, individual record end minus 10 ns] window",selected,1489.1599999999999,1479.1599999999999,True,Inside tested observation window,selected,record_end_minus_10_ns
Datos/Med_con_Decaimientos/decaimientos.txt::block580::event580,580,Datos/Med_con_Decaimientos/decaimientos.txt,1024,not_detected_above_threshold,accepted,candidate,selected,0,537.891,537.891,3,3,1460.801,selected,537.891,,,frozen_selection,,,frozen_clean_CH2_CH3,"Inside user-adopted [120 ns, individual record end minus 10 ns] window",selected,1495.801,1485.801,True,Inside tested observation window,selected,record_end_minus_10_ns
Datos/Med_con_Decaimientos/decaimientos.txt::block581::event581,581,Datos/Med_con_Decaimientos/decaimientos.txt,1024,not_detected_above_threshold,accepted,candidate,selected,0,946.2889999999999,946.2889999999999,2,2,1462.461,selected,946.2889999999999,,,frozen_selection,,,frozen_clean_CH2_CH3,"Inside user-adopted [120 ns, individual record end minus 10 ns] window",selected,1497.461,1487.461,True,Inside tested observation window,selected,record_end_minus_10_ns
Datos/Med_con_Decaimientos/decaimientos.txt::block582::event582,582,Datos/Med_con_Decaimientos/decaimientos.txt,1024,not_detected_above_threshold,accepted,candidate,outside_fit_window,0,79.68800000000002,79.68800000000002,3,3,1445.86,outside_fit_window,79.68800000000002,,,frozen_selection,,,frozen_clean_CH2_CH3,Below unchanged 120 ns lower limit,outside_fit_window,1480.86,1470.86,False,Below unchanged 120 ns lower limit,outside_fit_window,record_end_minus_10_ns
Datos/Med_con_Decaimientos/decaimientos.txt::block583::event583,583,Datos/Med_con_Decaimientos/decaimientos.txt,1024,not_detected_above_threshold,accepted,candidate,selected,0,878.223,878.223,3,3,1459.1409999999998,selected,878.223,,,frozen_selection,,,frozen_clean_CH2_CH3,"Inside user-adopted [120 ns, individual record end minus 10 ns] window",selected,1494.1409999999998,1484.1409999999998,True,Inside tested observation window,selected,record_end_minus_10_ns
Datos/Med_con_Decaimientos/decaimientos.txt::block584::event584,584,Datos/Med_con_Decaimientos/decaimientos.txt,1024,not_detected_above_threshold,accepted,candidate,selected,0,350.293,350.293,3,3,1457.481,selected,350.293,,,frozen_selection,,,frozen_clean_CH2_CH3,"Inside user-adopted [120 ns, individual record end minus 10 ns] window",selected,1492.481,1482.481,True,Inside tested observation window,selected,record_end_minus_10_ns
Datos/Med_con_Decaimientos/decaimientos.txt::block585::event585,585,Datos/Med_con_Decaimientos/decaimientos.txt,1024,not_detected_above_threshold,accepted,candidate,selected,0,1221.875,1221.875,2,2,1449.1799999999998,selected,1221.875,,,frozen_selection,,,frozen_clean_CH2_CH3,"Inside user-adopted [120 ns, individual record end minus 10 ns] window",selected,1484.1799999999998,1474.1799999999998,True,Inside tested observation window,selected,record_end_minus_10_ns
Datos/Med_con_Decaimientos/decaimientos.txt::block586::event586,586,Datos/Med_con_Decaimientos/decaimientos.txt,1024,not_detected_above_threshold,accepted,candidate,selected,0,659.082,659.082,2,2,1457.481,selected,659.082,,,frozen_selection,,,frozen_clean_CH2_CH3,"Inside user-adopted [120 ns, individual record end minus 10 ns] window",selected,1492.481,1482.481,True,Inside tested observation window,selected,record_end_minus_10_ns
Datos/Med_con_Decaimientos/decaimientos.txt::block587::event587,587,Datos/Med_con_Decaimientos/decaimientos.txt,1024,not_detected_above_threshold,accepted,candidate,selected,0,864.941,864.941,3,3,1465.781,selected,864.941,,,frozen_selection,,,frozen_clean_CH2_CH3,"Inside user-adopted [120 ns, individual record end minus 10 ns] window",selected,1500.781,1490.781,True,Inside tested observation window,selected,record_end_minus_10_ns
Datos/Med_con_Decaimientos/decaimientos.txt::block588::event588,588,Datos/Med_con_Decaimientos/decaimientos.txt,1024,not_detected_above_threshold,accepted,candidate,selected,0,539.5509999999999,539.5509999999999,2,2,1452.5,selected,539.5509999999999,,,frozen_selection,,,frozen_clean_CH2_CH3,"Inside user-adopted [120 ns, individual record end minus 10 ns] window",selected,1487.5,1477.5,True,Inside tested observation window,selected,record_end_minus_10_ns
Datos/Med_con_Decaimientos/decaimientos.txt::block589::event589,589,Datos/Med_con_Decaimientos/decaimientos.txt,1024,not_detected_above_threshold,accepted,ambiguous,selected,0,375.195,375.195,1+2,2,1464.1209999999999,selected,375.195,,,frozen_selection,,,frozen_clean_CH2_CH3,"Inside user-adopted [120 ns, individual record end minus 10 ns] window",selected,1499.1209999999999,1489.1209999999999,True,Inside tested observation window,selected,record_end_minus_10_ns
Datos/Med_con_Decaimientos/decaimientos.txt::block590::event590,590,Datos/Med_con_Decaimientos/decaimientos.txt,1024,not_detected_above_threshold,accepted,candidate,selected,0,370.21400000000006,370.21400000000006,2,2,1465.781,selected,370.21400000000006,,,frozen_selection,,,frozen_clean_CH2_CH3,"Inside user-adopted [120 ns, individual record end minus 10 ns] window",selected,1500.781,1490.781,True,Inside tested observation window,selected,record_end_minus_10_ns
Datos/Med_con_Decaimientos/decaimientos.txt::block591::event591,591,Datos/Med_con_Decaimientos/decaimientos.txt,1024,not_detected_above_threshold,accepted,candidate,selected,0,464.844,464.844,2,2,1459.1409999999998,selected,464.844,,,frozen_selection,,,frozen_clean_CH2_CH3,"Inside user-adopted [120 ns, individual record end minus 10 ns] window",selected,1494.1409999999998,1484.1409999999998,True,Inside tested observation window,selected,record_end_minus_10_ns
Datos/Med_con_Decaimientos/decaimientos.txt::block592::event592,592,Datos/Med_con_Decaimientos/decaimientos.txt,1024,detected,accepted,ambiguous,veto_prompt3_detected,0,298.828,298.828,3,3,1462.461,veto_prompt3_detected,298.828,,,frozen_selection,,,frozen_clean_CH2_CH3,veto_prompt3_detected,veto_prompt3_detected,1497.461,1487.461,False,veto_prompt3_detected,veto_prompt3_detected,record_end_minus_10_ns
Datos/Med_con_Decaimientos/decaimientos.txt::block593::event593,593,Datos/Med_con_Decaimientos/decaimientos.txt,1024,not_detected_above_threshold,accepted,no_secondary_above_threshold,accepted_quality_time_unresolved,,,,,,1450.84,no_clean_secondary,,accept_quality,,user_export,no_usable_catalogued_time_10,,,Quality accepted; no usable catalogued secondary CH2/CH3 time,accepted_quality_time_unresolved,1485.84,1475.84,False,Quality accepted; no usable catalogued secondary CH2/CH3 time,accepted_quality_time_unresolved,record_end_minus_10_ns
Datos/Med_con_Decaimientos/decaimientos.txt::block594::event594,594,Datos/Med_con_Decaimientos/decaimientos.txt,1024,not_detected_above_threshold,accepted,candidate,outside_fit_window,0,61.426000000000016,61.426000000000016,2,2,1449.1799999999998,outside_fit_window,61.426000000000016,,,frozen_selection,,,frozen_clean_CH2_CH3,Below unchanged 120 ns lower limit,outside_fit_window,1484.1799999999998,1474.1799999999998,False,Below unchanged 120 ns lower limit,outside_fit_window,record_end_minus_10_ns
Datos/Med_con_Decaimientos/decaimientos.txt::block595::event595,595,Datos/Med_con_Decaimientos/decaimientos.txt,1024,not_detected_above_threshold,accepted,candidate,selected,0,1338.086,1338.086,2,2,1457.481,selected,1338.086,,,frozen_selection,,,frozen_clean_CH2_CH3,"Inside user-adopted [120 ns, individual record end minus 10 ns] window",selected,1492.481,1482.481,True,Inside tested observation window,selected,record_end_minus_10_ns
Datos/Med_con_Decaimientos/decaimientos.txt::block596::event596,596,Datos/Med_con_Decaimientos/decaimientos.txt,1024,ambiguous,ambiguous,not_evaluable,pending_prompt3_uncertain,,,,,,1465.781,pending_prompt3_uncertain,,,,frozen_selection,,,frozen_clean_CH2_CH3,pending_prompt3_uncertain,pending_prompt3_uncertain,1500.781,1490.781,False,pending_prompt3_uncertain,pending_prompt3_uncertain,record_end_minus_10_ns
Datos/Med_con_Decaimientos/decaimientos.txt::block597::event597,597,Datos/Med_con_Decaimientos/decaimientos.txt,1024,not_detected_above_threshold,accepted,candidate,selected,0,189.25799999999998,189.25799999999998,2,2,1447.52,selected,189.25799999999998,,,frozen_selection,,,frozen_clean_CH2_CH3,"Inside user-adopted [120 ns, individual record end minus 10 ns] window",selected,1482.52,1472.52,True,Inside tested observation window,selected,record_end_minus_10_ns
Datos/Med_con_Decaimientos/decaimientos.txt::block598::event598,598,Datos/Med_con_Decaimientos/decaimientos.txt,1024,detected,accepted,ambiguous,veto_prompt3_detected,0,1238.477,1238.477,3,3,1447.52,veto_prompt3_detected,1238.477,,,frozen_selection,,,frozen_clean_CH2_CH3,veto_prompt3_detected,veto_prompt3_detected,1482.52,1472.52,False,veto_prompt3_detected,veto_prompt3_detected,record_end_minus_10_ns
Datos/Med_con_Decaimientos/decaimientos.txt::block599::event599,599,Datos/Med_con_Decaimientos/decaimientos.txt,1024,not_detected_above_threshold,accepted,candidate,selected,1,491.406,491.406,2,2,1454.1599999999999,selected,491.406,,,frozen_selection,,,frozen_clean_CH2_CH3,"Inside user-adopted [120 ns, individual record end minus 10 ns] window",selected,1489.1599999999999,1479.1599999999999,True,Inside tested observation window,selected,record_end_minus_10_ns
Datos/Med_con_Decaimientos/decaimientos.txt::block600::event600,600,Datos/Med_con_Decaimientos/decaimientos.txt,1024,detected,accepted,ambiguous,veto_prompt3_detected,0,1333.9360000000001,1333.9360000000001,2+3,2+3,1457.481,veto_prompt3_detected,1333.9360000000001,,,frozen_selection,,,frozen_clean_CH2_CH3,veto_prompt3_detected,veto_prompt3_detected,1492.481,1482.481,False,veto_prompt3_detected,veto_prompt3_detected,record_end_minus_10_ns
Datos/Med_con_Decaimientos/decaimientos.txt::block601::event601,601,Datos/Med_con_Decaimientos/decaimientos.txt,1024,ambiguous,accepted,ambiguous,pending_prompt3_uncertain,0,679.004,679.004,3,3,1445.86,pending_prompt3_uncertain,679.004,,,frozen_selection,,,frozen_clean_CH2_CH3,pending_prompt3_uncertain,pending_prompt3_uncertain,1480.86,1470.86,False,pending_prompt3_uncertain,pending_prompt3_uncertain,record_end_minus_10_ns
Datos/Med_con_Decaimientos/decaimientos.txt::block602::event602,602,Datos/Med_con_Decaimientos/decaimientos.txt,1024,not_detected_above_threshold,accepted,candidate,selected,0,210.83899999999997,210.83899999999997,3,3,1455.82,selected,210.83899999999997,,,frozen_selection,,,frozen_clean_CH2_CH3,"Inside user-adopted [120 ns, individual record end minus 10 ns] window",selected,1490.82,1480.82,True,Inside tested observation window,selected,record_end_minus_10_ns
Datos/Med_con_Decaimientos/decaimientos.txt::block603::event603,603,Datos/Med_con_Decaimientos/decaimientos.txt,1024,detected,accepted,ambiguous,veto_prompt3_detected,0,549.511,549.511,3,3,1454.1599999999999,veto_prompt3_detected,549.511,,,frozen_selection,,,frozen_clean_CH2_CH3,veto_prompt3_detected,veto_prompt3_detected,1489.1599999999999,1479.1599999999999,False,veto_prompt3_detected,veto_prompt3_detected,record_end_minus_10_ns
Datos/Med_con_Decaimientos/decaimientos.txt::block604::event604,604,Datos/Med_con_Decaimientos/decaimientos.txt,1024,not_detected_above_threshold,accepted,candidate,selected,0,348.633,348.633,2,2,1459.1409999999998,selected,348.633,,,frozen_selection,,,frozen_clean_CH2_CH3,"Inside user-adopted [120 ns, individual record end minus 10 ns] window",selected,1494.1409999999998,1484.1409999999998,True,Inside tested observation window,selected,record_end_minus_10_ns
Datos/Med_con_Decaimientos/decaimientos.txt::block605::event605,605,Datos/Med_con_Decaimientos/decaimientos.txt,1024,detected,accepted,ambiguous,veto_prompt3_detected,,,,,,1450.84,veto_prompt3_detected,,,,frozen_selection,,,frozen_clean_CH2_CH3,veto_prompt3_detected,veto_prompt3_detected,1485.84,1475.84,False,veto_prompt3_detected,veto_prompt3_detected,record_end_minus_10_ns
Datos/Med_con_Decaimientos/decaimientos.txt::block606::event606,606,Datos/Med_con_Decaimientos/decaimientos.txt,1024,not_detected_above_threshold,accepted,candidate,selected,0,582.7149999999999,582.7149999999999,2,2,1452.5,selected,582.7149999999999,,,frozen_selection,,,frozen_clean_CH2_CH3,"Inside user-adopted [120 ns, individual record end minus 10 ns] window",selected,1487.5,1477.5,True,Inside tested observation window,selected,record_end_minus_10_ns
Datos/Med_con_Decaimientos/decaimientos.txt::block607::event607,607,Datos/Med_con_Decaimientos/decaimientos.txt,1024,detected,accepted,ambiguous,veto_prompt3_detected,0,1047.559,1047.559,3,3,1449.1799999999998,veto_prompt3_detected,1047.559,,,frozen_selection,,,frozen_clean_CH2_CH3,veto_prompt3_detected,veto_prompt3_detected,1484.1799999999998,1474.1799999999998,False,veto_prompt3_detected,veto_prompt3_detected,record_end_minus_10_ns
Datos/Med_con_Decaimientos/decaimientos.txt::block608::event608,608,Datos/Med_con_Decaimientos/decaimientos.txt,1024,detected,accepted,ambiguous,veto_prompt3_detected,0,184.278,184.278,3,3,1445.86,veto_prompt3_detected,184.278,,,frozen_selection,,,frozen_clean_CH2_CH3,veto_prompt3_detected,veto_prompt3_detected,1480.86,1470.86,False,veto_prompt3_detected,veto_prompt3_detected,record_end_minus_10_ns
Datos/Med_con_Decaimientos/decaimientos.txt::block609::event609,609,Datos/Med_con_Decaimientos/decaimientos.txt,1024,not_detected_above_threshold,accepted,candidate,selected,1,1208.594,1208.594,2,2,1462.461,selected,1208.594,,,frozen_selection,,,frozen_clean_CH2_CH3,"Inside user-adopted [120 ns, individual record end minus 10 ns] window",selected,1497.461,1487.461,True,Inside tested observation window,selected,record_end_minus_10_ns
Datos/Med_con_Decaimientos/decaimientos.txt::block610::event610,610,Datos/Med_con_Decaimientos/decaimientos.txt,1024,not_detected_above_threshold,accepted,candidate,selected,0,240.722,240.722,2,2,1455.82,selected,240.722,,,frozen_selection,,,frozen_clean_CH2_CH3,"Inside user-adopted [120 ns, individual record end minus 10 ns] window",selected,1490.82,1480.82,True,Inside tested observation window,selected,record_end_minus_10_ns
Datos/Med_con_Decaimientos/decaimientos.txt::block611::event611,611,Datos/Med_con_Decaimientos/decaimientos.txt,1024,not_detected_above_threshold,accepted,candidate,selected,1,479.78499999999997,479.78499999999997,2,2,1450.84,selected,479.78499999999997,,,frozen_selection,,,frozen_clean_CH2_CH3,"Inside user-adopted [120 ns, individual record end minus 10 ns] window",selected,1485.84,1475.84,True,Inside tested observation window,selected,record_end_minus_10_ns
Datos/Med_con_Decaimientos/decaimientos.txt::block612::event612,612,Datos/Med_con_Decaimientos/decaimientos.txt,1024,not_detected_above_threshold,accepted,candidate,selected,1,1050.878,1050.878,3,3,1455.82,selected,1050.878,,,frozen_selection,,,frozen_clean_CH2_CH3,"Inside user-adopted [120 ns, individual record end minus 10 ns] window",selected,1490.82,1480.82,True,Inside tested observation window,selected,record_end_minus_10_ns
Datos/Med_con_Decaimientos/decaimientos.txt::block613::event613,613,Datos/Med_con_Decaimientos/decaimientos.txt,1024,detected,accepted,ambiguous,veto_prompt3_detected,1,1057.52,1057.52,3,3,1457.481,veto_prompt3_detected,1057.52,,,frozen_selection,,,frozen_clean_CH2_CH3,veto_prompt3_detected,veto_prompt3_detected,1492.481,1482.481,False,veto_prompt3_detected,veto_prompt3_detected,record_end_minus_10_ns
Datos/Med_con_Decaimientos/decaimientos.txt::block614::event614,614,Datos/Med_con_Decaimientos/decaimientos.txt,1024,ambiguous,ambiguous,not_evaluable,pending_prompt3_uncertain,,,,,,1455.82,pending_prompt3_uncertain,,,,frozen_selection,,,frozen_clean_CH2_CH3,pending_prompt3_uncertain,pending_prompt3_uncertain,1490.82,1480.82,False,pending_prompt3_uncertain,pending_prompt3_uncertain,record_end_minus_10_ns
Datos/Med_con_Decaimientos/decaimientos.txt::block615::event615,615,Datos/Med_con_Decaimientos/decaimientos.txt,1024,not_detected_above_threshold,accepted,candidate,selected,0,234.08200000000002,234.08200000000002,2,2,1452.5,selected,234.08200000000002,,,frozen_selection,,,frozen_clean_CH2_CH3,"Inside user-adopted [120 ns, individual record end minus 10 ns] window",selected,1487.5,1477.5,True,Inside tested observation window,selected,record_end_minus_10_ns
Datos/Med_con_Decaimientos/decaimientos.txt::block616::event616,616,Datos/Med_con_Decaimientos/decaimientos.txt,1024,not_detected_above_threshold,accepted,candidate,selected,0,425.00000000000006,425.00000000000006,3,3,1464.1209999999999,selected,425.00000000000006,,,frozen_selection,,,frozen_clean_CH2_CH3,"Inside user-adopted [120 ns, individual record end minus 10 ns] window",selected,1499.1209999999999,1489.1209999999999,True,Inside tested observation window,selected,record_end_minus_10_ns
Datos/Med_con_Decaimientos/decaimientos.txt::block617::event617,617,Datos/Med_con_Decaimientos/decaimientos.txt,1024,not_detected_above_threshold,accepted,candidate,selected,0,571.0930000000001,571.0930000000001,2,2,1444.1989999999998,selected,571.0930000000001,,,frozen_selection,,,frozen_clean_CH2_CH3,"Inside user-adopted [120 ns, individual record end minus 10 ns] window",selected,1479.1989999999998,1469.1989999999998,True,Inside tested observation window,selected,record_end_minus_10_ns
Datos/Med_con_Decaimientos/decaimientos.txt::block618::event618,618,Datos/Med_con_Decaimientos/decaimientos.txt,1024,not_detected_above_threshold,accepted,candidate,selected,0,185.938,185.938,2,2,1460.801,selected,185.938,,,frozen_selection,,,frozen_clean_CH2_CH3,"Inside user-adopted [120 ns, individual record end minus 10 ns] window",selected,1495.801,1485.801,True,Inside tested observation window,selected,record_end_minus_10_ns
Datos/Med_con_Decaimientos/decaimientos.txt::block619::event619,619,Datos/Med_con_Decaimientos/decaimientos.txt,1024,not_detected_above_threshold,accepted,candidate,selected,0,385.15599999999995,385.15599999999995,2,2,1440.879,selected,385.15599999999995,,,frozen_selection,,,frozen_clean_CH2_CH3,"Inside user-adopted [120 ns, individual record end minus 10 ns] window",selected,1475.879,1465.879,True,Inside tested observation window,selected,record_end_minus_10_ns
Datos/Med_con_Decaimientos/decaimientos.txt::block620::event620,620,Datos/Med_con_Decaimientos/decaimientos.txt,1024,not_detected_above_threshold,accepted,candidate,selected,0,1167.0900000000001,1167.0900000000001,2,2,1462.461,selected,1167.0900000000001,,,frozen_selection,,,frozen_clean_CH2_CH3,"Inside user-adopted [120 ns, individual record end minus 10 ns] window",selected,1497.461,1487.461,True,Inside tested observation window,selected,record_end_minus_10_ns
Datos/Med_con_Decaimientos/decaimientos.txt::block621::event621,621,Datos/Med_con_Decaimientos/decaimientos.txt,1024,detected,accepted,ambiguous,veto_prompt3_detected,2,650.7819999999999,650.7819999999999,3,3,1457.481,veto_prompt3_detected,650.7819999999999,,,frozen_selection,,,frozen_clean_CH2_CH3,veto_prompt3_detected,veto_prompt3_detected,1492.481,1482.481,False,veto_prompt3_detected,veto_prompt3_detected,record_end_minus_10_ns
Datos/Med_con_Decaimientos/decaimientos.txt::block622::event622,622,Datos/Med_con_Decaimientos/decaimientos.txt,1024,not_detected_above_threshold,accepted,candidate,selected,0,627.539,627.539,2,2,1464.1209999999999,selected,627.539,,,frozen_selection,,,frozen_clean_CH2_CH3,"Inside user-adopted [120 ns, individual record end minus 10 ns] window",selected,1499.1209999999999,1489.1209999999999,True,Inside tested observation window,selected,record_end_minus_10_ns
Datos/Med_con_Decaimientos/decaimientos.txt::block623::event623,623,Datos/Med_con_Decaimientos/decaimientos.txt,1024,detected,accepted,ambiguous,veto_prompt3_detected,0,595.996,595.996,3,3,1457.481,veto_prompt3_detected,595.996,,,frozen_selection,,,frozen_clean_CH2_CH3,veto_prompt3_detected,veto_prompt3_detected,1492.481,1482.481,False,veto_prompt3_detected,veto_prompt3_detected,record_end_minus_10_ns
Datos/Med_con_Decaimientos/decaimientos.txt::block624::event624,624,Datos/Med_con_Decaimientos/decaimientos.txt,1024,detected,accepted,ambiguous,veto_prompt3_detected,,,,,,1457.481,veto_prompt3_detected,,,,frozen_selection,,,frozen_clean_CH2_CH3,veto_prompt3_detected,veto_prompt3_detected,1492.481,1482.481,False,veto_prompt3_detected,veto_prompt3_detected,record_end_minus_10_ns
Datos/Med_con_Decaimientos/decaimientos.txt::block625::event625,625,Datos/Med_con_Decaimientos/decaimientos.txt,1024,not_detected_above_threshold,accepted,ambiguous,selected,0,770.313,770.313,1+2,2,1457.481,selected,770.313,,,frozen_selection,,,frozen_clean_CH2_CH3,"Inside user-adopted [120 ns, individual record end minus 10 ns] window",selected,1492.481,1482.481,True,Inside tested observation window,selected,record_end_minus_10_ns
Datos/Med_con_Decaimientos/decaimientos.txt::block626::event626,626,Datos/Med_con_Decaimientos/decaimientos.txt,1024,not_detected_above_threshold,accepted,ambiguous,selected,0,317.0899999999999,315.42949999999996,1+2,2,1452.5,selected,317.0899999999999,,,frozen_selection,,,frozen_clean_CH2_CH3,"Inside user-adopted [120 ns, individual record end minus 10 ns] window",selected,1487.5,1477.5,True,Inside tested observation window,selected,record_end_minus_10_ns
Datos/Med_con_Decaimientos/decaimientos.txt::block627::event627,627,Datos/Med_con_Decaimientos/decaimientos.txt,1024,not_detected_above_threshold,accepted,no_secondary_above_threshold,accepted_quality_time_unresolved,,,,,,1444.1989999999998,no_clean_secondary,,accept_quality,,user_export,no_usable_catalogued_time_10,,,Quality accepted; no usable catalogued secondary CH2/CH3 time,accepted_quality_time_unresolved,1479.1989999999998,1469.1989999999998,False,Quality accepted; no usable catalogued secondary CH2/CH3 time,accepted_quality_time_unresolved,record_end_minus_10_ns
Datos/Med_con_Decaimientos/decaimientos.txt::block628::event628,628,Datos/Med_con_Decaimientos/decaimientos.txt,1024,not_detected_above_threshold,accepted,candidate,selected,0,637.5,637.5,2,2,1452.5,selected,637.5,,,frozen_selection,,,frozen_clean_CH2_CH3,"Inside user-adopted [120 ns, individual record end minus 10 ns] window",selected,1487.5,1477.5,True,Inside tested observation window,selected,record_end_minus_10_ns
Datos/Med_con_Decaimientos/decaimientos.txt::block629::event629,629,Datos/Med_con_Decaimientos/decaimientos.txt,1024,not_detected_above_threshold,accepted,candidate,selected,0,310.44899999999996,310.44899999999996,2,2,1440.879,selected,310.44899999999996,,,frozen_selection,,,frozen_clean_CH2_CH3,"Inside user-adopted [120 ns, individual record end minus 10 ns] window",selected,1475.879,1465.879,True,Inside tested observation window,selected,record_end_minus_10_ns
Datos/Med_con_Decaimientos/decaimientos.txt::block630::event630,630,Datos/Med_con_Decaimientos/decaimientos.txt,1024,detected,accepted,ambiguous,veto_prompt3_detected,0,647.461,647.461,3,3,1450.84,veto_prompt3_detected,647.461,,,frozen_selection,,,frozen_clean_CH2_CH3,veto_prompt3_detected,veto_prompt3_detected,1485.84,1475.84,False,veto_prompt3_detected,veto_prompt3_detected,record_end_minus_10_ns
Datos/Med_con_Decaimientos/decaimientos.txt::block631::event631,631,Datos/Med_con_Decaimientos/decaimientos.txt,1024,not_detected_above_threshold,accepted,candidate,selected,0,541.211,541.211,3,3,1454.1599999999999,selected,541.211,,,frozen_selection,,,frozen_clean_CH2_CH3,"Inside user-adopted [120 ns, individual record end minus 10 ns] window",selected,1489.1599999999999,1479.1599999999999,True,Inside tested observation window,selected,record_end_minus_10_ns
Datos/Med_con_Decaimientos/decaimientos.txt::block632::event632,632,Datos/Med_con_Decaimientos/decaimientos.txt,1024,not_detected_above_threshold,accepted,candidate,selected,0,682.3240000000001,682.3240000000001,2,2,1449.1799999999998,selected,682.3240000000001,,,frozen_selection,,,frozen_clean_CH2_CH3,"Inside user-adopted [120 ns, individual record end minus 10 ns] window",selected,1484.1799999999998,1474.1799999999998,True,Inside tested observation window,selected,record_end_minus_10_ns
Datos/Med_con_Decaimientos/decaimientos.txt::block633::event633,633,Datos/Med_con_Decaimientos/decaimientos.txt,1024,not_detected_above_threshold,accepted,candidate,selected,0,1040.9180000000001,1040.9180000000001,2,2,1457.481,selected,1040.9180000000001,,,frozen_selection,,,frozen_clean_CH2_CH3,"Inside user-adopted [120 ns, individual record end minus 10 ns] window",selected,1492.481,1482.481,True,Inside tested observation window,selected,record_end_minus_10_ns
Datos/Med_con_Decaimientos/decaimientos.txt::block634::event634,634,Datos/Med_con_Decaimientos/decaimientos.txt,1024,not_detected_above_threshold,accepted,ambiguous,selected,0,554.4920000000001,,,2+3,1465.781,no_clean_secondary,,accept_quality,,user_message_approve_all_mixed_weak_seeds,clean_plus_weak_49,2;4,mean_accepted_CH2_CH3,"Inside user-adopted [120 ns, individual record end minus 10 ns] window",selected,1500.781,1490.781,True,Inside tested observation window,selected,record_end_minus_10_ns
Datos/Med_con_Decaimientos/decaimientos.txt::block635::event635,635,Datos/Med_con_Decaimientos/decaimientos.txt,1024,ambiguous,ambiguous,not_evaluable,pending_prompt3_uncertain,,,,,,1455.82,pending_prompt3_uncertain,,,,frozen_selection,,,frozen_clean_CH2_CH3,pending_prompt3_uncertain,pending_prompt3_uncertain,1490.82,1480.82,False,pending_prompt3_uncertain,pending_prompt3_uncertain,record_end_minus_10_ns
Datos/Med_con_Decaimientos/decaimientos.txt::block636::event636,636,Datos/Med_con_Decaimientos/decaimientos.txt,1024,detected,accepted,ambiguous,veto_prompt3_detected,2,1319.8239999999998,1319.8239999999998,3,3,1454.1599999999999,veto_prompt3_detected,1319.8239999999998,,,frozen_selection,,,frozen_clean_CH2_CH3,veto_prompt3_detected,veto_prompt3_detected,1489.1599999999999,1479.1599999999999,False,veto_prompt3_detected,veto_prompt3_detected,record_end_minus_10_ns
Datos/Med_con_Decaimientos/decaimientos.txt::block637::event637,637,Datos/Med_con_Decaimientos/decaimientos.txt,1024,detected,accepted,ambiguous,veto_prompt3_detected,3,667.3820000000001,667.3820000000001,3,3,1455.82,veto_prompt3_detected,667.3820000000001,,,frozen_selection,,,frozen_clean_CH2_CH3,veto_prompt3_detected,veto_prompt3_detected,1490.82,1480.82,False,veto_prompt3_detected,veto_prompt3_detected,record_end_minus_10_ns
Datos/Med_con_Decaimientos/decaimientos.txt::block638::event638,638,Datos/Med_con_Decaimientos/decaimientos.txt,1024,not_detected_above_threshold,accepted,candidate,selected,0,258.985,258.985,3,3,1457.481,selected,258.985,,,frozen_selection,,,frozen_clean_CH2_CH3,"Inside user-adopted [120 ns, individual record end minus 10 ns] window",selected,1492.481,1482.481,True,Inside tested observation window,selected,record_end_minus_10_ns
Datos/Med_con_Decaimientos/decaimientos.txt::block639::event639,639,Datos/Med_con_Decaimientos/decaimientos.txt,1024,not_detected_above_threshold,accepted,candidate,selected,0,987.7930000000001,987.7930000000001,2,2,1460.801,selected,987.7930000000001,,,frozen_selection,,,frozen_clean_CH2_CH3,"Inside user-adopted [120 ns, individual record end minus 10 ns] window",selected,1495.801,1485.801,True,Inside tested observation window,selected,record_end_minus_10_ns
Datos/Med_con_Decaimientos/decaimientos.txt::block640::event640,640,Datos/Med_con_Decaimientos/decaimientos.txt,1024,ambiguous,accepted,ambiguous,pending_prompt3_uncertain,0,876.5619999999999,876.5619999999999,3,3,1450.84,pending_prompt3_uncertain,876.5619999999999,,,frozen_selection,,,frozen_clean_CH2_CH3,pending_prompt3_uncertain,pending_prompt3_uncertain,1485.84,1475.84,False,pending_prompt3_uncertain,pending_prompt3_uncertain,record_end_minus_10_ns
Datos/Med_con_Decaimientos/decaimientos.txt::block641::event641,641,Datos/Med_con_Decaimientos/decaimientos.txt,1024,not_detected_above_threshold,accepted,candidate,selected,0,121.191,121.191,3,3,1462.461,selected,121.191,,,frozen_selection,,,frozen_clean_CH2_CH3,"Inside user-adopted [120 ns, individual record end minus 10 ns] window",selected,1497.461,1487.461,True,Inside tested observation window,selected,record_end_minus_10_ns
Datos/Med_con_Decaimientos/decaimientos.txt::block642::event642,642,Datos/Med_con_Decaimientos/decaimientos.txt,1024,not_detected_above_threshold,accepted,ambiguous,selected,0,215.82099999999997,,,2,1459.1409999999998,no_clean_secondary,,accept_quality,,user_message_approve_all_mixed_weak_seeds,clean_plus_weak_49,3,mean_accepted_CH2_CH3,"Inside user-adopted [120 ns, individual record end minus 10 ns] window",selected,1494.1409999999998,1484.1409999999998,True,Inside tested observation window,selected,record_end_minus_10_ns
Datos/Med_con_Decaimientos/decaimientos.txt::block643::event643,643,Datos/Med_con_Decaimientos/decaimientos.txt,1024,detected,accepted,ambiguous,veto_prompt3_detected,0,702.246,702.246,3,3,1440.879,veto_prompt3_detected,702.246,,,frozen_selection,,,frozen_clean_CH2_CH3,veto_prompt3_detected,veto_prompt3_detected,1475.879,1465.879,False,veto_prompt3_detected,veto_prompt3_detected,record_end_minus_10_ns
Datos/Med_con_Decaimientos/decaimientos.txt::block644::event644,644,Datos/Med_con_Decaimientos/decaimientos.txt,1024,not_detected_above_threshold,accepted,ambiguous,selected,0,1130.567,,,3,1449.1799999999998,no_clean_secondary,,accept_quality,,user_message_approve_all_mixed_weak_seeds,clean_plus_weak_49,3,mean_accepted_CH2_CH3,"Inside user-adopted [120 ns, individual record end minus 10 ns] window",selected,1484.1799999999998,1474.1799999999998,True,Inside tested observation window,selected,record_end_minus_10_ns
Datos/Med_con_Decaimientos/decaimientos.txt::block645::event645,645,Datos/Med_con_Decaimientos/decaimientos.txt,1024,not_detected_above_threshold,accepted,candidate,selected,0,869.922,869.922,2,2,1460.801,selected,869.922,,,frozen_selection,,,frozen_clean_CH2_CH3,"Inside user-adopted [120 ns, individual record end minus 10 ns] window",selected,1495.801,1485.801,True,Inside tested observation window,selected,record_end_minus_10_ns
Datos/Med_con_Decaimientos/decaimientos.txt::block646::event646,646,Datos/Med_con_Decaimientos/decaimientos.txt,1024,detected,accepted,no_secondary_above_threshold,veto_prompt3_detected,,,,,,1447.52,veto_prompt3_detected,,,,frozen_selection,,,frozen_clean_CH2_CH3,veto_prompt3_detected,veto_prompt3_detected,1482.52,1472.52,False,veto_prompt3_detected,veto_prompt3_detected,record_end_minus_10_ns
Datos/Med_con_Decaimientos/decaimientos.txt::block647::event647,647,Datos/Med_con_Decaimientos/decaimientos.txt,1024,not_detected_above_threshold,accepted,ambiguous,selected,0,992.7729999999999,992.7729999999999,1+2,2,1460.801,selected,992.7729999999999,,,frozen_selection,,,frozen_clean_CH2_CH3,"Inside user-adopted [120 ns, individual record end minus 10 ns] window",selected,1495.801,1485.801,True,Inside tested observation window,selected,record_end_minus_10_ns
Datos/Med_con_Decaimientos/decaimientos.txt::block648::event648,648,Datos/Med_con_Decaimientos/decaimientos.txt,1024,not_detected_above_threshold,accepted,candidate,selected,1,1253.4180000000001,1253.4180000000001,2,2,1447.52,selected,1253.4180000000001,,,frozen_selection,,,frozen_clean_CH2_CH3,"Inside user-adopted [120 ns, individual record end minus 10 ns] window",selected,1482.52,1472.52,True,Inside tested observation window,selected,record_end_minus_10_ns
Datos/Med_con_Decaimientos/decaimientos.txt::block649::event649,649,Datos/Med_con_Decaimientos/decaimientos.txt,1024,not_detected_above_threshold,accepted,ambiguous,selected,0,227.44099999999997,,,2,1454.1599999999999,no_clean_secondary,,accept_quality,,user_message_approve_all_mixed_weak_seeds,clean_plus_weak_49,5,mean_accepted_CH2_CH3,"Inside user-adopted [120 ns, individual record end minus 10 ns] window",selected,1489.1599999999999,1479.1599999999999,True,Inside tested observation window,selected,record_end_minus_10_ns
Datos/Med_con_Decaimientos/decaimientos.txt::block650::event650,650,Datos/Med_con_Decaimientos/decaimientos.txt,1024,not_detected_above_threshold,accepted,candidate,selected,0,351.95300000000003,351.95300000000003,2,2,1459.1409999999998,selected,351.95300000000003,,,frozen_selection,,,frozen_clean_CH2_CH3,"Inside user-adopted [120 ns, individual record end minus 10 ns] window",selected,1494.1409999999998,1484.1409999999998,True,Inside tested observation window,selected,record_end_minus_10_ns
Datos/Med_con_Decaimientos/decaimientos.txt::block651::event651,651,Datos/Med_con_Decaimientos/decaimientos.txt,1024,detected,accepted,ambiguous,veto_prompt3_detected,0,400.09700000000004,400.09700000000004,3,3,1464.1209999999999,veto_prompt3_detected,400.09700000000004,,,frozen_selection,,,frozen_clean_CH2_CH3,veto_prompt3_detected,veto_prompt3_detected,1499.1209999999999,1489.1209999999999,False,veto_prompt3_detected,veto_prompt3_detected,record_end_minus_10_ns
Datos/Med_con_Decaimientos/decaimientos.txt::block652::event652,652,Datos/Med_con_Decaimientos/decaimientos.txt,1024,not_detected_above_threshold,accepted,candidate,selected,0,1052.539,1052.539,2,2,1462.461,selected,1052.539,,,frozen_selection,,,frozen_clean_CH2_CH3,"Inside user-adopted [120 ns, individual record end minus 10 ns] window",selected,1497.461,1487.461,True,Inside tested observation window,selected,record_end_minus_10_ns
Datos/Med_con_Decaimientos/decaimientos.txt::block653::event653,653,Datos/Med_con_Decaimientos/decaimientos.txt,1024,not_detected_above_threshold,accepted,candidate,selected,0,225.781,225.781,3,3,1450.84,selected,225.781,,,frozen_selection,,,frozen_clean_CH2_CH3,"Inside user-adopted [120 ns, individual record end minus 10 ns] window",selected,1485.84,1475.84,True,Inside tested observation window,selected,record_end_minus_10_ns
Datos/Med_con_Decaimientos/decaimientos.txt::block654::event654,654,Datos/Med_con_Decaimientos/decaimientos.txt,1024,not_detected_above_threshold,accepted,candidate,selected,0,277.24600000000004,277.24600000000004,2,2,1460.801,selected,277.24600000000004,,,frozen_selection,,,frozen_clean_CH2_CH3,"Inside user-adopted [120 ns, individual record end minus 10 ns] window",selected,1495.801,1485.801,True,Inside tested observation window,selected,record_end_minus_10_ns
Datos/Med_con_Decaimientos/decaimientos.txt::block655::event655,655,Datos/Med_con_Decaimientos/decaimientos.txt,1024,not_detected_above_threshold,accepted,candidate,selected,0,245.70400000000004,245.70400000000004,2,2,1445.86,selected,245.70400000000004,,,frozen_selection,,,frozen_clean_CH2_CH3,"Inside user-adopted [120 ns, individual record end minus 10 ns] window",selected,1480.86,1470.86,True,Inside tested observation window,selected,record_end_minus_10_ns
Datos/Med_con_Decaimientos/decaimientos.txt::block656::event656,656,Datos/Med_con_Decaimientos/decaimientos.txt,1024,not_detected_above_threshold,accepted,candidate,selected,0,300.48800000000006,300.48800000000006,2,2,1449.1799999999998,selected,300.48800000000006,,,frozen_selection,,,frozen_clean_CH2_CH3,"Inside user-adopted [120 ns, individual record end minus 10 ns] window",selected,1484.1799999999998,1474.1799999999998,True,Inside tested observation window,selected,record_end_minus_10_ns
Datos/Med_con_Decaimientos/decaimientos.txt::block657::event657,657,Datos/Med_con_Decaimientos/decaimientos.txt,1024,not_detected_above_threshold,accepted,candidate,selected,0,184.277,184.277,2,2,1454.1599999999999,selected,184.277,,,frozen_selection,,,frozen_clean_CH2_CH3,"Inside user-adopted [120 ns, individual record end minus 10 ns] window",selected,1489.1599999999999,1479.1599999999999,True,Inside tested observation window,selected,record_end_minus_10_ns
Datos/Med_con_Decaimientos/decaimientos.txt::block658::event658,658,Datos/Med_con_Decaimientos/decaimientos.txt,1024,not_detected_above_threshold,accepted,candidate,selected,0,685.644,685.644,3,3,1455.82,selected,685.644,,,frozen_selection,,,frozen_clean_CH2_CH3,"Inside user-adopted [120 ns, individual record end minus 10 ns] window",selected,1490.82,1480.82,True,Inside tested observation window,selected,record_end_minus_10_ns
Datos/Med_con_Decaimientos/decaimientos.txt::block659::event659,659,Datos/Med_con_Decaimientos/decaimientos.txt,1024,not_detected_above_threshold,accepted,ambiguous,selected,0,1284.961,,,2,1457.481,no_clean_secondary,,accept_quality,,user_message_approve_all_mixed_weak_seeds,clean_plus_weak_49,2,mean_accepted_CH2_CH3,"Inside user-adopted [120 ns, individual record end minus 10 ns] window",selected,1492.481,1482.481,True,Inside tested observation window,selected,record_end_minus_10_ns
Datos/Med_con_Decaimientos/decaimientos.txt::block660::event660,660,Datos/Med_con_Decaimientos/decaimientos.txt,1024,not_detected_above_threshold,accepted,candidate,selected,0,244.04299999999998,244.04299999999998,3,3,1449.1799999999998,selected,244.04299999999998,,,frozen_selection,,,frozen_clean_CH2_CH3,"Inside user-adopted [120 ns, individual record end minus 10 ns] window",selected,1484.1799999999998,1474.1799999999998,True,Inside tested observation window,selected,record_end_minus_10_ns
Datos/Med_con_Decaimientos/decaimientos.txt::block661::event661,661,Datos/Med_con_Decaimientos/decaimientos.txt,1024,not_detected_above_threshold,accepted,candidate,selected,0,1190.332,1190.332,2+3,2+3,1450.84,selected,1190.332,,,frozen_selection,,,frozen_clean_CH2_CH3,"Inside user-adopted [120 ns, individual record end minus 10 ns] window",selected,1485.84,1475.84,True,Inside tested observation window,selected,record_end_minus_10_ns
Datos/Med_con_Decaimientos/decaimientos.txt::block662::event662,662,Datos/Med_con_Decaimientos/decaimientos.txt,1024,not_detected_above_threshold,accepted,candidate,selected,0,410.05800000000005,410.05800000000005,2,2,1454.1599999999999,selected,410.05800000000005,,,frozen_selection,,,frozen_clean_CH2_CH3,"Inside user-adopted [120 ns, individual record end minus 10 ns] window",selected,1489.1599999999999,1479.1599999999999,True,Inside tested observation window,selected,record_end_minus_10_ns
Datos/Med_con_Decaimientos/decaimientos.txt::block663::event663,663,Datos/Med_con_Decaimientos/decaimientos.txt,1024,not_detected_above_threshold,accepted,candidate,selected,0,1445.996,1445.996,2,2,1452.5,outside_fit_window,1445.996,,,frozen_selection,,,frozen_clean_CH2_CH3,"Inside user-adopted [120 ns, individual record end minus 10 ns] window",outside_fit_window,1487.5,1477.5,True,Inside tested observation window,outside_fit_window,record_end_minus_10_ns
Datos/Med_con_Decaimientos/decaimientos.txt::block664::event664,664,Datos/Med_con_Decaimientos/decaimientos.txt,1024,detected,accepted,ambiguous,veto_prompt3_detected,0,567.773,567.773,3,3,1450.84,veto_prompt3_detected,567.773,,,frozen_selection,,,frozen_clean_CH2_CH3,veto_prompt3_detected,veto_prompt3_detected,1485.84,1475.84,False,veto_prompt3_detected,veto_prompt3_detected,record_end_minus_10_ns
Datos/Med_con_Decaimientos/decaimientos.txt::block665::event665,665,Datos/Med_con_Decaimientos/decaimientos.txt,1024,not_detected_above_threshold,accepted,candidate,selected,0,1014.356,1014.356,3,3,1459.1409999999998,selected,1014.356,,,frozen_selection,,,frozen_clean_CH2_CH3,"Inside user-adopted [120 ns, individual record end minus 10 ns] window",selected,1494.1409999999998,1484.1409999999998,True,Inside tested observation window,selected,record_end_minus_10_ns
Datos/Med_con_Decaimientos/decaimientos.txt::block666::event666,666,Datos/Med_con_Decaimientos/decaimientos.txt,1024,ambiguous,accepted,ambiguous,pending_prompt3_uncertain,0,239.062,240.16899999999998,1+2,2,1464.1209999999999,pending_prompt3_uncertain,239.062,,,frozen_selection,,,frozen_clean_CH2_CH3,pending_prompt3_uncertain,pending_prompt3_uncertain,1499.1209999999999,1489.1209999999999,False,pending_prompt3_uncertain,pending_prompt3_uncertain,record_end_minus_10_ns
Datos/Med_con_Decaimientos/decaimientos.txt::block667::event667,667,Datos/Med_con_Decaimientos/decaimientos.txt,1024,detected,accepted,ambiguous,veto_prompt3_detected,,,,,,1439.2189999999998,veto_prompt3_detected,,,,frozen_selection,,,frozen_clean_CH2_CH3,veto_prompt3_detected,veto_prompt3_detected,1474.2189999999998,1464.2189999999998,False,veto_prompt3_detected,veto_prompt3_detected,record_end_minus_10_ns
Datos/Med_con_Decaimientos/decaimientos.txt::block668::event668,668,Datos/Med_con_Decaimientos/decaimientos.txt,1024,detected,accepted,ambiguous,veto_prompt3_detected,0,511.328,511.328,3,3,1455.82,veto_prompt3_detected,511.328,,,frozen_selection,,,frozen_clean_CH2_CH3,veto_prompt3_detected,veto_prompt3_detected,1490.82,1480.82,False,veto_prompt3_detected,veto_prompt3_detected,record_end_minus_10_ns
Datos/Med_con_Decaimientos/decaimientos.txt::block669::event669,669,Datos/Med_con_Decaimientos/decaimientos.txt,1024,not_detected_above_threshold,accepted,ambiguous,selected,0,356.93300000000005,,,2,1464.1209999999999,no_clean_secondary,,accept_quality,,user_message_approve_all_mixed_weak_seeds,clean_plus_weak_49,2,mean_accepted_CH2_CH3,"Inside user-adopted [120 ns, individual record end minus 10 ns] window",selected,1499.1209999999999,1489.1209999999999,True,Inside tested observation window,selected,record_end_minus_10_ns
Datos/Med_con_Decaimientos/decaimientos.txt::block670::event670,670,Datos/Med_con_Decaimientos/decaimientos.txt,1024,not_detected_above_threshold,accepted,candidate,selected,0,340.33199999999994,340.33199999999994,2,2,1454.1599999999999,selected,340.33199999999994,,,frozen_selection,,,frozen_clean_CH2_CH3,"Inside user-adopted [120 ns, individual record end minus 10 ns] window",selected,1489.1599999999999,1479.1599999999999,True,Inside tested observation window,selected,record_end_minus_10_ns
Datos/Med_con_Decaimientos/decaimientos.txt::block671::event671,671,Datos/Med_con_Decaimientos/decaimientos.txt,1024,detected,accepted,ambiguous,veto_prompt3_detected,0,413.379,413.379,3,3,1457.481,veto_prompt3_detected,413.379,,,frozen_selection,,,frozen_clean_CH2_CH3,veto_prompt3_detected,veto_prompt3_detected,1492.481,1482.481,False,veto_prompt3_detected,veto_prompt3_detected,record_end_minus_10_ns
Datos/Med_con_Decaimientos/decaimientos.txt::block672::event672,672,Datos/Med_con_Decaimientos/decaimientos.txt,1024,detected,accepted,ambiguous,veto_prompt3_detected,0,1158.789,1158.789,3,3,1440.879,veto_prompt3_detected,1158.789,,,frozen_selection,,,frozen_clean_CH2_CH3,veto_prompt3_detected,veto_prompt3_detected,1475.879,1465.879,False,veto_prompt3_detected,veto_prompt3_detected,record_end_minus_10_ns
Datos/Med_con_Decaimientos/decaimientos.txt::block673::event673,673,Datos/Med_con_Decaimientos/decaimientos.txt,1024,not_detected_above_threshold,accepted,candidate,selected,0,896.484,896.484,2,2,1452.5,selected,896.484,,,frozen_selection,,,frozen_clean_CH2_CH3,"Inside user-adopted [120 ns, individual record end minus 10 ns] window",selected,1487.5,1477.5,True,Inside tested observation window,selected,record_end_minus_10_ns
Datos/Med_con_Decaimientos/decaimientos.txt::block674::event674,674,Datos/Med_con_Decaimientos/decaimientos.txt,1024,not_detected_above_threshold,accepted,candidate,selected,0,574.414,574.414,2,2,1449.1799999999998,selected,574.414,,,frozen_selection,,,frozen_clean_CH2_CH3,"Inside user-adopted [120 ns, individual record end minus 10 ns] window",selected,1484.1799999999998,1474.1799999999998,True,Inside tested observation window,selected,record_end_minus_10_ns
Datos/Med_con_Decaimientos/decaimientos.txt::block675::event675,675,Datos/Med_con_Decaimientos/decaimientos.txt,1024,not_detected_above_threshold,accepted,ambiguous,selected,0,708.8870000000001,,,3,1460.801,no_clean_secondary,,accept_quality,,user_message_approve_all_mixed_weak_seeds,clean_plus_weak_49,3,mean_accepted_CH2_CH3,"Inside user-adopted [120 ns, individual record end minus 10 ns] window",selected,1495.801,1485.801,True,Inside tested observation window,selected,record_end_minus_10_ns
Datos/Med_con_Decaimientos/decaimientos.txt::block676::event676,676,Datos/Med_con_Decaimientos/decaimientos.txt,1024,not_detected_above_threshold,accepted,candidate,selected,0,989.453,989.453,3,3,1454.1599999999999,selected,989.453,,,frozen_selection,,,frozen_clean_CH2_CH3,"Inside user-adopted [120 ns, individual record end minus 10 ns] window",selected,1489.1599999999999,1479.1599999999999,True,Inside tested observation window,selected,record_end_minus_10_ns
Datos/Med_con_Decaimientos/decaimientos.txt::block677::event677,677,Datos/Med_con_Decaimientos/decaimientos.txt,1024,not_detected_above_threshold,accepted,ambiguous,selected,0,581.0550000000001,581.0550000000001,1+2,2,1460.801,selected,581.0550000000001,,,frozen_selection,,,frozen_clean_CH2_CH3,"Inside user-adopted [120 ns, individual record end minus 10 ns] window",selected,1495.801,1485.801,True,Inside tested observation window,selected,record_end_minus_10_ns
Datos/Med_con_Decaimientos/decaimientos.txt::block678::event678,678,Datos/Med_con_Decaimientos/decaimientos.txt,1024,detected,accepted,ambiguous,veto_prompt3_detected,,,,,,1457.481,veto_prompt3_detected,,,,frozen_selection,,,frozen_clean_CH2_CH3,veto_prompt3_detected,veto_prompt3_detected,1492.481,1482.481,False,veto_prompt3_detected,veto_prompt3_detected,record_end_minus_10_ns
Datos/Med_con_Decaimientos/decaimientos.txt::block679::event679,679,Datos/Med_con_Decaimientos/decaimientos.txt,1024,detected,accepted,ambiguous,veto_prompt3_detected,0,356.933,356.933,3,3,1452.5,veto_prompt3_detected,356.933,,,frozen_selection,,,frozen_clean_CH2_CH3,veto_prompt3_detected,veto_prompt3_detected,1487.5,1477.5,False,veto_prompt3_detected,veto_prompt3_detected,record_end_minus_10_ns
Datos/Med_con_Decaimientos/decaimientos.txt::block680::event680,680,Datos/Med_con_Decaimientos/decaimientos.txt,1024,not_detected_above_threshold,accepted,ambiguous,selected,0,1462.597,,,,1455.82,no_clean_secondary,,accept_quality,,user_export,outside_window_20,,,"Inside user-adopted [120 ns, individual record end minus 10 ns] window",outside_fit_window,1490.82,1480.82,True,Inside tested observation window,outside_fit_window,record_end_minus_10_ns
Datos/Med_con_Decaimientos/decaimientos.txt::block681::event681,681,Datos/Med_con_Decaimientos/decaimientos.txt,1024,not_detected_above_threshold,accepted,candidate,selected,0,923.047,923.047,2,2,1460.801,selected,923.047,,,frozen_selection,,,frozen_clean_CH2_CH3,"Inside user-adopted [120 ns, individual record end minus 10 ns] window",selected,1495.801,1485.801,True,Inside tested observation window,selected,record_end_minus_10_ns
Datos/Med_con_Decaimientos/decaimientos.txt::block682::event682,682,Datos/Med_con_Decaimientos/decaimientos.txt,1024,detected,accepted,ambiguous,veto_prompt3_detected,,,,,,1459.1409999999998,veto_prompt3_detected,,,,frozen_selection,,,frozen_clean_CH2_CH3,veto_prompt3_detected,veto_prompt3_detected,1494.1409999999998,1484.1409999999998,False,veto_prompt3_detected,veto_prompt3_detected,record_end_minus_10_ns
Datos/Med_con_Decaimientos/decaimientos.txt::block683::event683,683,Datos/Med_con_Decaimientos/decaimientos.txt,1024,not_detected_above_threshold,accepted,candidate,selected,0,511.328,511.328,2,2,1460.801,selected,511.328,,,frozen_selection,,,frozen_clean_CH2_CH3,"Inside user-adopted [120 ns, individual record end minus 10 ns] window",selected,1495.801,1485.801,True,Inside tested observation window,selected,record_end_minus_10_ns
Datos/Med_con_Decaimientos/decaimientos.txt::block684::event684,684,Datos/Med_con_Decaimientos/decaimientos.txt,1024,not_detected_above_threshold,accepted,candidate,outside_fit_window,0,63.08600000000001,63.08600000000001,3,3,1464.1209999999999,outside_fit_window,63.08600000000001,,,frozen_selection,,,frozen_clean_CH2_CH3,Below unchanged 120 ns lower limit,outside_fit_window,1499.1209999999999,1489.1209999999999,False,Below unchanged 120 ns lower limit,outside_fit_window,record_end_minus_10_ns
Datos/Med_con_Decaimientos/decaimientos.txt::block685::event685,685,Datos/Med_con_Decaimientos/decaimientos.txt,1024,not_detected_above_threshold,accepted,candidate,selected,0,189.258,189.258,2,2,1462.461,selected,189.258,,,frozen_selection,,,frozen_clean_CH2_CH3,"Inside user-adopted [120 ns, individual record end minus 10 ns] window",selected,1497.461,1487.461,True,Inside tested observation window,selected,record_end_minus_10_ns
Datos/Med_con_Decaimientos/decaimientos.txt::block686::event686,686,Datos/Med_con_Decaimientos/decaimientos.txt,1024,not_detected_above_threshold,accepted,candidate,selected,0,1044.238,1044.238,2,2,1462.461,selected,1044.238,,,frozen_selection,,,frozen_clean_CH2_CH3,"Inside user-adopted [120 ns, individual record end minus 10 ns] window",selected,1497.461,1487.461,True,Inside tested observation window,selected,record_end_minus_10_ns
Datos/Med_con_Decaimientos/decaimientos.txt::block687::event687,687,Datos/Med_con_Decaimientos/decaimientos.txt,1024,not_detected_above_threshold,accepted,candidate,selected,0,328.711,328.711,3,3,1450.84,selected,328.711,,,frozen_selection,,,frozen_clean_CH2_CH3,"Inside user-adopted [120 ns, individual record end minus 10 ns] window",selected,1485.84,1475.84,True,Inside tested observation window,selected,record_end_minus_10_ns
Datos/Med_con_Decaimientos/decaimientos.txt::block688::event688,688,Datos/Med_con_Decaimientos/decaimientos.txt,1024,detected,accepted,ambiguous,veto_prompt3_detected,0,459.86400000000003,459.86400000000003,3,3,1445.86,veto_prompt3_detected,459.86400000000003,,,frozen_selection,,,frozen_clean_CH2_CH3,veto_prompt3_detected,veto_prompt3_detected,1480.86,1470.86,False,veto_prompt3_detected,veto_prompt3_detected,record_end_minus_10_ns
Datos/Med_con_Decaimientos/decaimientos.txt::block689::event689,689,Datos/Med_con_Decaimientos/decaimientos.txt,1024,not_detected_above_threshold,accepted,candidate,selected,0,1120.606,1120.606,2,2,1445.86,selected,1120.606,,,frozen_selection,,,frozen_clean_CH2_CH3,"Inside user-adopted [120 ns, individual record end minus 10 ns] window",selected,1480.86,1470.86,True,Inside tested observation window,selected,record_end_minus_10_ns
Datos/Med_con_Decaimientos/decaimientos.txt::block690::event690,690,Datos/Med_con_Decaimientos/decaimientos.txt,1024,not_detected_above_threshold,accepted,candidate,selected,0,1215.2350000000001,1215.2350000000001,2,2,1457.481,selected,1215.2350000000001,,,frozen_selection,,,frozen_clean_CH2_CH3,"Inside user-adopted [120 ns, individual record end minus 10 ns] window",selected,1492.481,1482.481,True,Inside tested observation window,selected,record_end_minus_10_ns
Datos/Med_con_Decaimientos/decaimientos.txt::block691::event691,691,Datos/Med_con_Decaimientos/decaimientos.txt,1024,ambiguous,accepted,ambiguous,pending_prompt3_uncertain,0,134.473,134.473,3,3,1450.84,pending_prompt3_uncertain,134.473,,,frozen_selection,,,frozen_clean_CH2_CH3,pending_prompt3_uncertain,pending_prompt3_uncertain,1485.84,1475.84,False,pending_prompt3_uncertain,pending_prompt3_uncertain,record_end_minus_10_ns
Datos/Med_con_Decaimientos/decaimientos.txt::block692::event692,692,Datos/Med_con_Decaimientos/decaimientos.txt,1024,not_detected_above_threshold,accepted,candidate,selected,0,1449.316,1449.316,2,2,1460.801,outside_fit_window,1449.316,,,frozen_selection,,,frozen_clean_CH2_CH3,"Inside user-adopted [120 ns, individual record end minus 10 ns] window",outside_fit_window,1495.801,1485.801,True,Inside tested observation window,outside_fit_window,record_end_minus_10_ns
Datos/Med_con_Decaimientos/decaimientos.txt::block693::event693,693,Datos/Med_con_Decaimientos/decaimientos.txt,1024,not_detected_above_threshold,accepted,ambiguous,selected,0,265.625,,,2,1459.1409999999998,no_clean_secondary,,accept_quality,,user_message_approve_all_mixed_weak_seeds,clean_plus_weak_49,2,mean_accepted_CH2_CH3,"Inside user-adopted [120 ns, individual record end minus 10 ns] window",selected,1494.1409999999998,1484.1409999999998,True,Inside tested observation window,selected,record_end_minus_10_ns
Datos/Med_con_Decaimientos/decaimientos.txt::block694::event694,694,Datos/Med_con_Decaimientos/decaimientos.txt,1024,not_detected_above_threshold,accepted,candidate,selected,0,122.85199999999998,122.85199999999998,2,2,1459.1409999999998,selected,122.85199999999998,,,frozen_selection,,,frozen_clean_CH2_CH3,"Inside user-adopted [120 ns, individual record end minus 10 ns] window",selected,1494.1409999999998,1484.1409999999998,True,Inside tested observation window,selected,record_end_minus_10_ns
Datos/Med_con_Decaimientos/decaimientos.txt::block695::event695,695,Datos/Med_con_Decaimientos/decaimientos.txt,1024,not_detected_above_threshold,accepted,candidate,selected,0,527.929,527.929,2,2,1455.82,selected,527.929,,,frozen_selection,,,frozen_clean_CH2_CH3,"Inside user-adopted [120 ns, individual record end minus 10 ns] window",selected,1490.82,1480.82,True,Inside tested observation window,selected,record_end_minus_10_ns
Datos/Med_con_Decaimientos/decaimientos.txt::block696::event696,696,Datos/Med_con_Decaimientos/decaimientos.txt,1024,detected,accepted,ambiguous,veto_prompt3_detected,0,182.61700000000002,182.61700000000002,3,3,1460.801,veto_prompt3_detected,182.61700000000002,,,frozen_selection,,,frozen_clean_CH2_CH3,veto_prompt3_detected,veto_prompt3_detected,1495.801,1485.801,False,veto_prompt3_detected,veto_prompt3_detected,record_end_minus_10_ns
Datos/Med_con_Decaimientos/decaimientos.txt::block697::event697,697,Datos/Med_con_Decaimientos/decaimientos.txt,1024,not_detected_above_threshold,accepted,candidate,selected,0,340.332,340.332,2,2,1462.461,selected,340.332,,,frozen_selection,,,frozen_clean_CH2_CH3,"Inside user-adopted [120 ns, individual record end minus 10 ns] window",selected,1497.461,1487.461,True,Inside tested observation window,selected,record_end_minus_10_ns
Datos/Med_con_Decaimientos/decaimientos.txt::block698::event698,698,Datos/Med_con_Decaimientos/decaimientos.txt,1024,not_detected_above_threshold,accepted,candidate,selected,0,1090.7230000000002,1090.7230000000002,2,2,1457.481,selected,1090.7230000000002,,,frozen_selection,,,frozen_clean_CH2_CH3,"Inside user-adopted [120 ns, individual record end minus 10 ns] window",selected,1492.481,1482.481,True,Inside tested observation window,selected,record_end_minus_10_ns
Datos/Med_con_Decaimientos/decaimientos.txt::block699::event699,699,Datos/Med_con_Decaimientos/decaimientos.txt,1024,not_detected_above_threshold,accepted,candidate,selected,0,750.3910000000001,750.3910000000001,2,2,1447.52,selected,750.3910000000001,,,frozen_selection,,,frozen_clean_CH2_CH3,"Inside user-adopted [120 ns, individual record end minus 10 ns] window",selected,1482.52,1472.52,True,Inside tested observation window,selected,record_end_minus_10_ns
Datos/Med_con_Decaimientos/decaimientos.txt::block700::event700,700,Datos/Med_con_Decaimientos/decaimientos.txt,1024,detected,accepted,ambiguous,veto_prompt3_detected,1,1417.7730000000001,1417.7730000000001,3,3,1442.539,veto_prompt3_detected,1417.7730000000001,,,frozen_selection,,,frozen_clean_CH2_CH3,veto_prompt3_detected,veto_prompt3_detected,1477.539,1467.539,False,veto_prompt3_detected,veto_prompt3_detected,record_end_minus_10_ns
Datos/Med_con_Decaimientos/decaimientos.txt::block701::event701,701,Datos/Med_con_Decaimientos/decaimientos.txt,1024,not_detected_above_threshold,accepted,candidate,selected,0,346.97200000000004,346.97200000000004,3,3,1454.1599999999999,selected,346.97200000000004,,,frozen_selection,,,frozen_clean_CH2_CH3,"Inside user-adopted [120 ns, individual record end minus 10 ns] window",selected,1489.1599999999999,1479.1599999999999,True,Inside tested observation window,selected,record_end_minus_10_ns
Datos/Med_con_Decaimientos/decaimientos.txt::block702::event702,702,Datos/Med_con_Decaimientos/decaimientos.txt,1024,not_detected_above_threshold,accepted,candidate,selected,0,554.4920000000001,554.4920000000001,2,2,1449.1799999999998,selected,554.4920000000001,,,frozen_selection,,,frozen_clean_CH2_CH3,"Inside user-adopted [120 ns, individual record end minus 10 ns] window",selected,1484.1799999999998,1474.1799999999998,True,Inside tested observation window,selected,record_end_minus_10_ns
Datos/Med_con_Decaimientos/decaimientos.txt::block703::event703,703,Datos/Med_con_Decaimientos/decaimientos.txt,1024,detected,accepted,ambiguous,veto_prompt3_detected,0,619.238,619.238,3,3,1444.1989999999998,veto_prompt3_detected,619.238,,,frozen_selection,,,frozen_clean_CH2_CH3,veto_prompt3_detected,veto_prompt3_detected,1479.1989999999998,1469.1989999999998,False,veto_prompt3_detected,veto_prompt3_detected,record_end_minus_10_ns
Datos/Med_con_Decaimientos/decaimientos.txt::block704::event704,704,Datos/Med_con_Decaimientos/decaimientos.txt,1024,detected,accepted,ambiguous,veto_prompt3_detected,,,,,,1452.5,veto_prompt3_detected,,,,frozen_selection,,,frozen_clean_CH2_CH3,veto_prompt3_detected,veto_prompt3_detected,1487.5,1477.5,False,veto_prompt3_detected,veto_prompt3_detected,record_end_minus_10_ns
Datos/Med_con_Decaimientos/decaimientos.txt::block705::event705,705,Datos/Med_con_Decaimientos/decaimientos.txt,1024,not_detected_above_threshold,accepted,ambiguous,selected,0,796.875,796.0449999999998,1+2,2,1459.1409999999998,selected,796.875,,,frozen_selection,,,frozen_clean_CH2_CH3,"Inside user-adopted [120 ns, individual record end minus 10 ns] window",selected,1494.1409999999998,1484.1409999999998,True,Inside tested observation window,selected,record_end_minus_10_ns
Datos/Med_con_Decaimientos/decaimientos.txt::block706::event706,706,Datos/Med_con_Decaimientos/decaimientos.txt,1024,not_detected_above_threshold,accepted,candidate,outside_fit_window,0,97.94899999999998,97.94899999999998,2,2,1452.5,outside_fit_window,97.94899999999998,,,frozen_selection,,,frozen_clean_CH2_CH3,Below unchanged 120 ns lower limit,outside_fit_window,1487.5,1477.5,False,Below unchanged 120 ns lower limit,outside_fit_window,record_end_minus_10_ns
Datos/Med_con_Decaimientos/decaimientos.txt::block707::event707,707,Datos/Med_con_Decaimientos/decaimientos.txt,1024,not_detected_above_threshold,accepted,candidate,selected,0,1241.797,1241.797,2,2,1462.461,selected,1241.797,,,frozen_selection,,,frozen_clean_CH2_CH3,"Inside user-adopted [120 ns, individual record end minus 10 ns] window",selected,1497.461,1487.461,True,Inside tested observation window,selected,record_end_minus_10_ns
Datos/Med_con_Decaimientos/decaimientos.txt::block708::event708,708,Datos/Med_con_Decaimientos/decaimientos.txt,1024,not_detected_above_threshold,accepted,candidate,selected,1,884.8629999999999,884.8629999999999,3,3,1444.1989999999998,selected,884.8629999999999,,,frozen_selection,,,frozen_clean_CH2_CH3,"Inside user-adopted [120 ns, individual record end minus 10 ns] window",selected,1479.1989999999998,1469.1989999999998,True,Inside tested observation window,selected,record_end_minus_10_ns
Datos/Med_con_Decaimientos/decaimientos.txt::block709::event709,709,Datos/Med_con_Decaimientos/decaimientos.txt,1024,not_detected_above_threshold,accepted,candidate,selected,0,1411.133,1411.133,2,2,1440.879,outside_fit_window,1411.133,,,frozen_selection,,,frozen_clean_CH2_CH3,"Inside user-adopted [120 ns, individual record end minus 10 ns] window",outside_fit_window,1475.879,1465.879,True,Inside tested observation window,outside_fit_window,record_end_minus_10_ns
Datos/Med_con_Decaimientos/decaimientos.txt::block710::event710,710,Datos/Med_con_Decaimientos/decaimientos.txt,1024,not_detected_above_threshold,accepted,ambiguous,selected,1,1238.476,,,3,1462.461,no_clean_secondary,,accept_quality,,user_message_approve_all_mixed_weak_seeds,clean_plus_weak_49,4,mean_accepted_CH2_CH3,"Inside user-adopted [120 ns, individual record end minus 10 ns] window",selected,1497.461,1487.461,True,Inside tested observation window,selected,record_end_minus_10_ns
Datos/Med_con_Decaimientos/decaimientos.txt::block711::event711,711,Datos/Med_con_Decaimientos/decaimientos.txt,1024,not_detected_above_threshold,accepted,candidate,selected,1,674.023,674.023,2,2,1444.1989999999998,selected,674.023,,,frozen_selection,,,frozen_clean_CH2_CH3,"Inside user-adopted [120 ns, individual record end minus 10 ns] window",selected,1479.1989999999998,1469.1989999999998,True,Inside tested observation window,selected,record_end_minus_10_ns
Datos/Med_con_Decaimientos/decaimientos.txt::block712::event712,712,Datos/Med_con_Decaimientos/decaimientos.txt,1024,detected,accepted,ambiguous,veto_prompt3_detected,0,1228.516,1226.8555000000001,1+2,2,1462.461,veto_prompt3_detected,1228.516,,,frozen_selection,,,frozen_clean_CH2_CH3,veto_prompt3_detected,veto_prompt3_detected,1497.461,1487.461,False,veto_prompt3_detected,veto_prompt3_detected,record_end_minus_10_ns
Datos/Med_con_Decaimientos/decaimientos.txt::block713::event713,713,Datos/Med_con_Decaimientos/decaimientos.txt,1024,not_detected_above_threshold,accepted,candidate,selected,0,265.625,265.625,2,2,1454.1599999999999,selected,265.625,,,frozen_selection,,,frozen_clean_CH2_CH3,"Inside user-adopted [120 ns, individual record end minus 10 ns] window",selected,1489.1599999999999,1479.1599999999999,True,Inside tested observation window,selected,record_end_minus_10_ns
Datos/Med_con_Decaimientos/decaimientos.txt::block714::event714,714,Datos/Med_con_Decaimientos/decaimientos.txt,1024,not_detected_above_threshold,accepted,ambiguous,selected,0,766.992,765.332,1+2,2,1460.801,selected,766.992,,,frozen_selection,,,frozen_clean_CH2_CH3,"Inside user-adopted [120 ns, individual record end minus 10 ns] window",selected,1495.801,1485.801,True,Inside tested observation window,selected,record_end_minus_10_ns
Datos/Med_con_Decaimientos/decaimientos.txt::block715::event715,715,Datos/Med_con_Decaimientos/decaimientos.txt,1024,detected,accepted,ambiguous,veto_prompt3_detected,2,600.976,600.976,3,3,1462.461,veto_prompt3_detected,600.976,,,frozen_selection,,,frozen_clean_CH2_CH3,veto_prompt3_detected,veto_prompt3_detected,1497.461,1487.461,False,veto_prompt3_detected,veto_prompt3_detected,record_end_minus_10_ns
Datos/Med_con_Decaimientos/decaimientos.txt::block716::event716,716,Datos/Med_con_Decaimientos/decaimientos.txt,1024,detected,accepted,ambiguous,veto_prompt3_detected,0,531.25,531.25,3,3,1447.52,veto_prompt3_detected,531.25,,,frozen_selection,,,frozen_clean_CH2_CH3,veto_prompt3_detected,veto_prompt3_detected,1482.52,1472.52,False,veto_prompt3_detected,veto_prompt3_detected,record_end_minus_10_ns
Datos/Med_con_Decaimientos/decaimientos.txt::block717::event717,717,Datos/Med_con_Decaimientos/decaimientos.txt,1024,not_detected_above_threshold,accepted,candidate,selected,0,1275.0,1275.0,2,2,1450.84,selected,1275.0,,,frozen_selection,,,frozen_clean_CH2_CH3,"Inside user-adopted [120 ns, individual record end minus 10 ns] window",selected,1485.84,1475.84,True,Inside tested observation window,selected,record_end_minus_10_ns
Datos/Med_con_Decaimientos/decaimientos.txt::block718::event718,718,Datos/Med_con_Decaimientos/decaimientos.txt,1024,detected,accepted,ambiguous,veto_prompt3_detected,0,527.9300000000001,527.9300000000001,3,3,1449.1799999999998,veto_prompt3_detected,527.9300000000001,,,frozen_selection,,,frozen_clean_CH2_CH3,veto_prompt3_detected,veto_prompt3_detected,1484.1799999999998,1474.1799999999998,False,veto_prompt3_detected,veto_prompt3_detected,record_end_minus_10_ns
Datos/Med_con_Decaimientos/decaimientos.txt::block719::event719,719,Datos/Med_con_Decaimientos/decaimientos.txt,1024,not_detected_above_threshold,accepted,ambiguous,selected,0,180.958,,,3,1445.86,no_clean_secondary,,accept_quality,,user_message_approve_all_mixed_weak_seeds,clean_plus_weak_49,4,mean_accepted_CH2_CH3,"Inside user-adopted [120 ns, individual record end minus 10 ns] window",selected,1480.86,1470.86,True,Inside tested observation window,selected,record_end_minus_10_ns
Datos/Med_con_Decaimientos/decaimientos.txt::block720::event720,720,Datos/Med_con_Decaimientos/decaimientos.txt,1024,detected,accepted,ambiguous,veto_prompt3_detected,0,493.066,493.066,3,3,1454.1599999999999,veto_prompt3_detected,493.066,,,frozen_selection,,,frozen_clean_CH2_CH3,veto_prompt3_detected,veto_prompt3_detected,1489.1599999999999,1479.1599999999999,False,veto_prompt3_detected,veto_prompt3_detected,record_end_minus_10_ns
Datos/Med_con_Decaimientos/decaimientos.txt::block721::event721,721,Datos/Med_con_Decaimientos/decaimientos.txt,1024,detected,accepted,ambiguous,veto_prompt3_detected,,,,,,1454.1599999999999,veto_prompt3_detected,,,,frozen_selection,,,frozen_clean_CH2_CH3,veto_prompt3_detected,veto_prompt3_detected,1489.1599999999999,1479.1599999999999,False,veto_prompt3_detected,veto_prompt3_detected,record_end_minus_10_ns
Datos/Med_con_Decaimientos/decaimientos.txt::block722::event722,722,Datos/Med_con_Decaimientos/decaimientos.txt,1024,detected,accepted,no_secondary_above_threshold,veto_prompt3_detected,,,,,,1452.5,veto_prompt3_detected,,,,frozen_selection,,,frozen_clean_CH2_CH3,veto_prompt3_detected,veto_prompt3_detected,1487.5,1477.5,False,veto_prompt3_detected,veto_prompt3_detected,record_end_minus_10_ns
Datos/Med_con_Decaimientos/decaimientos.txt::block723::event723,723,Datos/Med_con_Decaimientos/decaimientos.txt,1024,ambiguous,accepted,ambiguous,pending_prompt3_uncertain,0,1309.863,1309.863,3,3,1450.84,pending_prompt3_uncertain,1309.863,,,frozen_selection,,,frozen_clean_CH2_CH3,pending_prompt3_uncertain,pending_prompt3_uncertain,1485.84,1475.84,False,pending_prompt3_uncertain,pending_prompt3_uncertain,record_end_minus_10_ns
Datos/Med_con_Decaimientos/decaimientos.txt::block724::event724,724,Datos/Med_con_Decaimientos/decaimientos.txt,1024,not_detected_above_threshold,accepted,ambiguous,selected,0,481.44500000000005,,,3,1450.84,no_clean_secondary,,accept_quality,,user_message_approve_all_mixed_weak_seeds,clean_plus_weak_49,4,mean_accepted_CH2_CH3,"Inside user-adopted [120 ns, individual record end minus 10 ns] window",selected,1485.84,1475.84,True,Inside tested observation window,selected,record_end_minus_10_ns
Datos/Med_con_Decaimientos/decaimientos.txt::block725::event725,725,Datos/Med_con_Decaimientos/decaimientos.txt,1024,not_detected_above_threshold,accepted,ambiguous,selected,1,873.243,873.243,1+2,2,1457.481,selected,873.243,,,frozen_selection,,,frozen_clean_CH2_CH3,"Inside user-adopted [120 ns, individual record end minus 10 ns] window",selected,1492.481,1482.481,True,Inside tested observation window,selected,record_end_minus_10_ns
Datos/Med_con_Decaimientos/decaimientos.txt::block726::event726,726,Datos/Med_con_Decaimientos/decaimientos.txt,1024,detected,accepted,ambiguous,veto_prompt3_detected,0,582.7149999999999,582.7149999999999,3,3,1459.1409999999998,veto_prompt3_detected,582.7149999999999,,,frozen_selection,,,frozen_clean_CH2_CH3,veto_prompt3_detected,veto_prompt3_detected,1494.1409999999998,1484.1409999999998,False,veto_prompt3_detected,veto_prompt3_detected,record_end_minus_10_ns
Datos/Med_con_Decaimientos/decaimientos.txt::block727::event727,727,Datos/Med_con_Decaimientos/decaimientos.txt,1024,not_detected_above_threshold,accepted,candidate,selected,0,522.9490000000001,522.9490000000001,2,2,1455.82,selected,522.9490000000001,,,frozen_selection,,,frozen_clean_CH2_CH3,"Inside user-adopted [120 ns, individual record end minus 10 ns] window",selected,1490.82,1480.82,True,Inside tested observation window,selected,record_end_minus_10_ns
Datos/Med_con_Decaimientos/decaimientos.txt::block728::event728,728,Datos/Med_con_Decaimientos/decaimientos.txt,1024,detected,accepted,ambiguous,veto_prompt3_detected,,,,,,1454.1599999999999,veto_prompt3_detected,,,,frozen_selection,,,frozen_clean_CH2_CH3,veto_prompt3_detected,veto_prompt3_detected,1489.1599999999999,1479.1599999999999,False,veto_prompt3_detected,veto_prompt3_detected,record_end_minus_10_ns
Datos/Med_con_Decaimientos/decaimientos.txt::block729::event729,729,Datos/Med_con_Decaimientos/decaimientos.txt,1024,not_detected_above_threshold,accepted,ambiguous,selected,0,265.625,265.625,1+2,2,1442.539,selected,265.625,,,frozen_selection,,,frozen_clean_CH2_CH3,"Inside user-adopted [120 ns, individual record end minus 10 ns] window",selected,1477.539,1467.539,True,Inside tested observation window,selected,record_end_minus_10_ns
Datos/Med_con_Decaimientos/decaimientos.txt::block730::event730,730,Datos/Med_con_Decaimientos/decaimientos.txt,1024,not_detected_above_threshold,accepted,candidate,selected,0,234.082,234.082,2,2,1454.1599999999999,selected,234.082,,,frozen_selection,,,frozen_clean_CH2_CH3,"Inside user-adopted [120 ns, individual record end minus 10 ns] window",selected,1489.1599999999999,1479.1599999999999,True,Inside tested observation window,selected,record_end_minus_10_ns
Datos/Med_con_Decaimientos/decaimientos.txt::block731::event731,731,Datos/Med_con_Decaimientos/decaimientos.txt,1024,detected,accepted,ambiguous,veto_prompt3_detected,0,162.695,162.695,3,3,1442.539,veto_prompt3_detected,162.695,,,frozen_selection,,,frozen_clean_CH2_CH3,veto_prompt3_detected,veto_prompt3_detected,1477.539,1467.539,False,veto_prompt3_detected,veto_prompt3_detected,record_end_minus_10_ns
Datos/Med_con_Decaimientos/decaimientos.txt::block732::event732,732,Datos/Med_con_Decaimientos/decaimientos.txt,1024,not_detected_above_threshold,accepted,candidate,selected,0,615.918,615.918,2,2,1452.5,selected,615.918,,,frozen_selection,,,frozen_clean_CH2_CH3,"Inside user-adopted [120 ns, individual record end minus 10 ns] window",selected,1487.5,1477.5,True,Inside tested observation window,selected,record_end_minus_10_ns
Datos/Med_con_Decaimientos/decaimientos.txt::block733::event733,733,Datos/Med_con_Decaimientos/decaimientos.txt,1024,not_detected_above_threshold,accepted,no_secondary_above_threshold,excluded_by_user,,,,,,1454.1599999999999,no_clean_secondary,,exclude,,user_export,no_usable_catalogued_time_10,,,Explicit exclusion in user review export,excluded_by_user,1489.1599999999999,1479.1599999999999,False,Explicit exclusion in user review export,excluded_by_user,record_end_minus_10_ns
Datos/Med_con_Decaimientos/decaimientos.txt::block734::event734,734,Datos/Med_con_Decaimientos/decaimientos.txt,1024,not_detected_above_threshold,accepted,candidate,outside_fit_window,0,69.72600000000003,69.72600000000003,2,2,1462.461,outside_fit_window,69.72600000000003,,,frozen_selection,,,frozen_clean_CH2_CH3,Below unchanged 120 ns lower limit,outside_fit_window,1497.461,1487.461,False,Below unchanged 120 ns lower limit,outside_fit_window,record_end_minus_10_ns
Datos/Med_con_Decaimientos/decaimientos.txt::block735::event735,735,Datos/Med_con_Decaimientos/decaimientos.txt,1024,ambiguous,accepted,ambiguous,pending_prompt3_uncertain,0,657.422,657.422,1+2,2,1454.1599999999999,pending_prompt3_uncertain,657.422,,,frozen_selection,,,frozen_clean_CH2_CH3,pending_prompt3_uncertain,pending_prompt3_uncertain,1489.1599999999999,1479.1599999999999,False,pending_prompt3_uncertain,pending_prompt3_uncertain,record_end_minus_10_ns
Datos/Med_con_Decaimientos/decaimientos.txt::block736::event736,736,Datos/Med_con_Decaimientos/decaimientos.txt,1024,ambiguous,excluded,not_evaluable,pending_prompt3_uncertain,,,,,,1440.879,pending_prompt3_uncertain,,,,frozen_selection,,,frozen_clean_CH2_CH3,pending_prompt3_uncertain,pending_prompt3_uncertain,1475.879,1465.879,False,pending_prompt3_uncertain,pending_prompt3_uncertain,record_end_minus_10_ns
Datos/Med_con_Decaimientos/decaimientos.txt::block737::event737,737,Datos/Med_con_Decaimientos/decaimientos.txt,1024,not_detected_above_threshold,accepted,ambiguous,outside_upper_edge_margin,2,1474.219,,,,1447.52,no_clean_secondary,,accept_quality,,user_export,outside_window_20,,,"Minimum within final 10 ns; excluded by user-adopted edge policy, quality approval retained",outside_fit_window,1482.52,1472.52,False,Above tested upper limit,outside_fit_window,record_end_minus_10_ns
Datos/Med_con_Decaimientos/decaimientos.txt::block738::event738,738,Datos/Med_con_Decaimientos/decaimientos.txt,1024,not_detected_above_threshold,accepted,ambiguous,selected,0,302.14900000000006,,,2,1447.52,no_clean_secondary,,accept_quality,,user_message_approve_all_mixed_weak_seeds,clean_plus_weak_49,4,mean_accepted_CH2_CH3,"Inside user-adopted [120 ns, individual record end minus 10 ns] window",selected,1482.52,1472.52,True,Inside tested observation window,selected,record_end_minus_10_ns
Datos/Med_con_Decaimientos/decaimientos.txt::block739::event739,739,Datos/Med_con_Decaimientos/decaimientos.txt,1024,not_detected_above_threshold,accepted,candidate,selected,0,757.0319999999999,757.0319999999999,2,2,1447.52,selected,757.0319999999999,,,frozen_selection,,,frozen_clean_CH2_CH3,"Inside user-adopted [120 ns, individual record end minus 10 ns] window",selected,1482.52,1472.52,True,Inside tested observation window,selected,record_end_minus_10_ns
Datos/Med_con_Decaimientos/decaimientos.txt::block740::event740,740,Datos/Med_con_Decaimientos/decaimientos.txt,1024,not_detected_above_threshold,accepted,candidate,selected,0,1016.0160000000001,1016.0160000000001,3,3,1460.801,selected,1016.0160000000001,,,frozen_selection,,,frozen_clean_CH2_CH3,"Inside user-adopted [120 ns, individual record end minus 10 ns] window",selected,1495.801,1485.801,True,Inside tested observation window,selected,record_end_minus_10_ns
Datos/Med_con_Decaimientos/decaimientos.txt::block741::event741,741,Datos/Med_con_Decaimientos/decaimientos.txt,1024,not_detected_above_threshold,accepted,candidate,selected,1,420.019,420.019,2,2,1452.5,selected,420.019,,,frozen_selection,,,frozen_clean_CH2_CH3,"Inside user-adopted [120 ns, individual record end minus 10 ns] window",selected,1487.5,1477.5,True,Inside tested observation window,selected,record_end_minus_10_ns
Datos/Med_con_Decaimientos/decaimientos.txt::block742::event742,742,Datos/Med_con_Decaimientos/decaimientos.txt,1024,detected,accepted,ambiguous,veto_prompt3_detected,0,637.5,637.5,3,3,1450.84,veto_prompt3_detected,637.5,,,frozen_selection,,,frozen_clean_CH2_CH3,veto_prompt3_detected,veto_prompt3_detected,1485.84,1475.84,False,veto_prompt3_detected,veto_prompt3_detected,record_end_minus_10_ns
Datos/Med_con_Decaimientos/decaimientos.txt::block743::event743,743,Datos/Med_con_Decaimientos/decaimientos.txt,1024,not_detected_above_threshold,accepted,candidate,selected,0,1399.512,1399.512,2,2,1460.801,selected,1399.512,,,frozen_selection,,,frozen_clean_CH2_CH3,"Inside user-adopted [120 ns, individual record end minus 10 ns] window",selected,1495.801,1485.801,True,Inside tested observation window,selected,record_end_minus_10_ns
Datos/Med_con_Decaimientos/decaimientos.txt::block744::event744,744,Datos/Med_con_Decaimientos/decaimientos.txt,1024,not_detected_above_threshold,accepted,candidate,selected,0,679.003,679.003,2,2,1455.82,selected,679.003,,,frozen_selection,,,frozen_clean_CH2_CH3,"Inside user-adopted [120 ns, individual record end minus 10 ns] window",selected,1490.82,1480.82,True,Inside tested observation window,selected,record_end_minus_10_ns
Datos/Med_con_Decaimientos/decaimientos.txt::block745::event745,745,Datos/Med_con_Decaimientos/decaimientos.txt,1024,not_detected_above_threshold,accepted,candidate,selected,0,508.0079999999999,508.0079999999999,2,2,1452.5,selected,508.0079999999999,,,frozen_selection,,,frozen_clean_CH2_CH3,"Inside user-adopted [120 ns, individual record end minus 10 ns] window",selected,1487.5,1477.5,True,Inside tested observation window,selected,record_end_minus_10_ns
Datos/Med_con_Decaimientos/decaimientos.txt::block746::event746,746,Datos/Med_con_Decaimientos/decaimientos.txt,1024,not_detected_above_threshold,accepted,candidate,selected,3,1379.5900000000001,1379.5900000000001,2,2,1462.461,selected,1379.5900000000001,,,frozen_selection,,,frozen_clean_CH2_CH3,"Inside user-adopted [120 ns, individual record end minus 10 ns] window",selected,1497.461,1487.461,True,Inside tested observation window,selected,record_end_minus_10_ns
Datos/Med_con_Decaimientos/decaimientos.txt::block747::event747,747,Datos/Med_con_Decaimientos/decaimientos.txt,1024,not_detected_above_threshold,accepted,candidate,selected,0,167.676,167.676,3,3,1447.52,selected,167.676,,,frozen_selection,,,frozen_clean_CH2_CH3,"Inside user-adopted [120 ns, individual record end minus 10 ns] window",selected,1482.52,1472.52,True,Inside tested observation window,selected,record_end_minus_10_ns
Datos/Med_con_Decaimientos/decaimientos.txt::block748::event748,748,Datos/Med_con_Decaimientos/decaimientos.txt,1024,detected,accepted,ambiguous,veto_prompt3_detected,1,1020.9959999999999,1020.9959999999999,3,3,1454.1599999999999,veto_prompt3_detected,1020.9959999999999,,,frozen_selection,,,frozen_clean_CH2_CH3,veto_prompt3_detected,veto_prompt3_detected,1489.1599999999999,1479.1599999999999,False,veto_prompt3_detected,veto_prompt3_detected,record_end_minus_10_ns
Datos/Med_con_Decaimientos/decaimientos.txt::block749::event749,749,Datos/Med_con_Decaimientos/decaimientos.txt,1024,not_detected_above_threshold,accepted,candidate,selected,0,164.356,164.356,2,2,1459.1409999999998,selected,164.356,,,frozen_selection,,,frozen_clean_CH2_CH3,"Inside user-adopted [120 ns, individual record end minus 10 ns] window",selected,1494.1409999999998,1484.1409999999998,True,Inside tested observation window,selected,record_end_minus_10_ns
Datos/Med_con_Decaimientos/decaimientos.txt::block750::event750,750,Datos/Med_con_Decaimientos/decaimientos.txt,1024,not_detected_above_threshold,accepted,ambiguous,selected,0,1067.48,1065.82,1+2,2,1452.5,selected,1067.48,,,frozen_selection,,,frozen_clean_CH2_CH3,"Inside user-adopted [120 ns, individual record end minus 10 ns] window",selected,1487.5,1477.5,True,Inside tested observation window,selected,record_end_minus_10_ns
Datos/Med_con_Decaimientos/decaimientos.txt::block751::event751,751,Datos/Med_con_Decaimientos/decaimientos.txt,1024,not_detected_above_threshold,accepted,candidate,selected,0,1089.0620000000001,1089.0620000000001,2,2,1462.461,selected,1089.0620000000001,,,frozen_selection,,,frozen_clean_CH2_CH3,"Inside user-adopted [120 ns, individual record end minus 10 ns] window",selected,1497.461,1487.461,True,Inside tested observation window,selected,record_end_minus_10_ns
Datos/Med_con_Decaimientos/decaimientos.txt::block752::event752,752,Datos/Med_con_Decaimientos/decaimientos.txt,1024,not_detected_above_threshold,accepted,ambiguous,selected,0,483.106,483.106,1+2,2,1449.1799999999998,selected,483.106,,,frozen_selection,,,frozen_clean_CH2_CH3,"Inside user-adopted [120 ns, individual record end minus 10 ns] window",selected,1484.1799999999998,1474.1799999999998,True,Inside tested observation window,selected,record_end_minus_10_ns
Datos/Med_con_Decaimientos/decaimientos.txt::block753::event753,753,Datos/Med_con_Decaimientos/decaimientos.txt,1024,not_detected_above_threshold,accepted,candidate,selected,0,290.52799999999996,290.52799999999996,2,2,1459.1409999999998,selected,290.52799999999996,,,frozen_selection,,,frozen_clean_CH2_CH3,"Inside user-adopted [120 ns, individual record end minus 10 ns] window",selected,1494.1409999999998,1484.1409999999998,True,Inside tested observation window,selected,record_end_minus_10_ns
Datos/Med_con_Decaimientos/decaimientos.txt::block754::event754,754,Datos/Med_con_Decaimientos/decaimientos.txt,1024,ambiguous,accepted,ambiguous,pending_prompt3_uncertain,1,683.9839999999999,683.9839999999999,3,3,1452.5,pending_prompt3_uncertain,683.9839999999999,,,frozen_selection,,,frozen_clean_CH2_CH3,pending_prompt3_uncertain,pending_prompt3_uncertain,1487.5,1477.5,False,pending_prompt3_uncertain,pending_prompt3_uncertain,record_end_minus_10_ns
Datos/Med_con_Decaimientos/decaimientos.txt::block755::event755,755,Datos/Med_con_Decaimientos/decaimientos.txt,1024,not_detected_above_threshold,accepted,candidate,selected,1,740.43,740.43,2,2,1450.84,selected,740.43,,,frozen_selection,,,frozen_clean_CH2_CH3,"Inside user-adopted [120 ns, individual record end minus 10 ns] window",selected,1485.84,1475.84,True,Inside tested observation window,selected,record_end_minus_10_ns
Datos/Med_con_Decaimientos/decaimientos.txt::block756::event756,756,Datos/Med_con_Decaimientos/decaimientos.txt,1024,not_detected_above_threshold,accepted,candidate,selected,1,898.145,898.145,3,3,1447.52,selected,898.145,,,frozen_selection,,,frozen_clean_CH2_CH3,"Inside user-adopted [120 ns, individual record end minus 10 ns] window",selected,1482.52,1472.52,True,Inside tested observation window,selected,record_end_minus_10_ns
Datos/Med_con_Decaimientos/decaimientos.txt::block757::event757,757,Datos/Med_con_Decaimientos/decaimientos.txt,1024,not_detected_above_threshold,accepted,candidate,selected,0,212.50000000000003,212.50000000000003,2,2,1465.781,selected,212.50000000000003,,,frozen_selection,,,frozen_clean_CH2_CH3,"Inside user-adopted [120 ns, individual record end minus 10 ns] window",selected,1500.781,1490.781,True,Inside tested observation window,selected,record_end_minus_10_ns
Datos/Med_con_Decaimientos/decaimientos.txt::block758::event758,758,Datos/Med_con_Decaimientos/decaimientos.txt,1024,not_detected_above_threshold,accepted,ambiguous,selected,0,1416.113,1416.113,1+2,2,1462.461,outside_fit_window,1416.113,,,frozen_selection,,,frozen_clean_CH2_CH3,"Inside user-adopted [120 ns, individual record end minus 10 ns] window",outside_fit_window,1497.461,1487.461,True,Inside tested observation window,outside_fit_window,record_end_minus_10_ns
Datos/Med_con_Decaimientos/decaimientos.txt::block759::event759,759,Datos/Med_con_Decaimientos/decaimientos.txt,1024,not_detected_above_threshold,accepted,candidate,selected,0,1104.0040000000001,1104.0040000000001,2,2,1457.481,selected,1104.0040000000001,,,frozen_selection,,,frozen_clean_CH2_CH3,"Inside user-adopted [120 ns, individual record end minus 10 ns] window",selected,1492.481,1482.481,True,Inside tested observation window,selected,record_end_minus_10_ns
Datos/Med_con_Decaimientos/decaimientos.txt::block760::event760,760,Datos/Med_con_Decaimientos/decaimientos.txt,1024,not_detected_above_threshold,accepted,candidate,outside_fit_window,2,106.25000000000003,106.25000000000003,2,2,1449.1799999999998,outside_fit_window,106.25000000000003,,,frozen_selection,,,frozen_clean_CH2_CH3,Below unchanged 120 ns lower limit,outside_fit_window,1484.1799999999998,1474.1799999999998,False,Below unchanged 120 ns lower limit,outside_fit_window,record_end_minus_10_ns
Datos/Med_con_Decaimientos/decaimientos.txt::block761::event761,761,Datos/Med_con_Decaimientos/decaimientos.txt,1024,detected,accepted,ambiguous,veto_prompt3_detected,0,491.407,491.407,3,3,1447.52,veto_prompt3_detected,491.407,,,frozen_selection,,,frozen_clean_CH2_CH3,veto_prompt3_detected,veto_prompt3_detected,1482.52,1472.52,False,veto_prompt3_detected,veto_prompt3_detected,record_end_minus_10_ns
Datos/Med_con_Decaimientos/decaimientos.txt::block762::event762,762,Datos/Med_con_Decaimientos/decaimientos.txt,1024,not_detected_above_threshold,accepted,candidate,selected,0,205.85899999999998,205.85899999999998,2,2,1454.1599999999999,selected,205.85899999999998,,,frozen_selection,,,frozen_clean_CH2_CH3,"Inside user-adopted [120 ns, individual record end minus 10 ns] window",selected,1489.1599999999999,1479.1599999999999,True,Inside tested observation window,selected,record_end_minus_10_ns
Datos/Med_con_Decaimientos/decaimientos.txt::block763::event763,763,Datos/Med_con_Decaimientos/decaimientos.txt,1024,not_detected_above_threshold,accepted,ambiguous,selected,0,1077.441,1076.6109999999999,1+2,2,1455.82,selected,1077.441,,,frozen_selection,,,frozen_clean_CH2_CH3,"Inside user-adopted [120 ns, individual record end minus 10 ns] window",selected,1490.82,1480.82,True,Inside tested observation window,selected,record_end_minus_10_ns
Datos/Med_con_Decaimientos/decaimientos.txt::block764::event764,764,Datos/Med_con_Decaimientos/decaimientos.txt,1024,not_detected_above_threshold,accepted,candidate,selected,0,421.67999999999995,421.67999999999995,2,2,1440.879,selected,421.67999999999995,,,frozen_selection,,,frozen_clean_CH2_CH3,"Inside user-adopted [120 ns, individual record end minus 10 ns] window",selected,1475.879,1465.879,True,Inside tested observation window,selected,record_end_minus_10_ns
Datos/Med_con_Decaimientos/decaimientos.txt::block765::event765,765,Datos/Med_con_Decaimientos/decaimientos.txt,1024,not_detected_above_threshold,accepted,candidate,selected,0,398.437,398.437,2,2,1462.461,selected,398.437,,,frozen_selection,,,frozen_clean_CH2_CH3,"Inside user-adopted [120 ns, individual record end minus 10 ns] window",selected,1497.461,1487.461,True,Inside tested observation window,selected,record_end_minus_10_ns
Datos/Med_con_Decaimientos/decaimientos.txt::block766::event766,766,Datos/Med_con_Decaimientos/decaimientos.txt,1024,not_detected_above_threshold,accepted,candidate,selected,0,451.562,451.562,2,2,1444.1989999999998,selected,451.562,,,frozen_selection,,,frozen_clean_CH2_CH3,"Inside user-adopted [120 ns, individual record end minus 10 ns] window",selected,1479.1989999999998,1469.1989999999998,True,Inside tested observation window,selected,record_end_minus_10_ns
Datos/Med_con_Decaimientos/decaimientos.txt::block767::event767,767,Datos/Med_con_Decaimientos/decaimientos.txt,1024,not_detected_above_threshold,accepted,candidate,selected,4,790.2349999999999,790.2349999999999,2,2,1459.1409999999998,selected,790.2349999999999,,,frozen_selection,,,frozen_clean_CH2_CH3,"Inside user-adopted [120 ns, individual record end minus 10 ns] window",selected,1494.1409999999998,1484.1409999999998,True,Inside tested observation window,selected,record_end_minus_10_ns
Datos/Med_con_Decaimientos/decaimientos.txt::block768::event768,768,Datos/Med_con_Decaimientos/decaimientos.txt,1024,not_detected_above_threshold,accepted,ambiguous,selected,0,1308.203,1308.203,1+2,2,1447.52,selected,1308.203,,,frozen_selection,,,frozen_clean_CH2_CH3,"Inside user-adopted [120 ns, individual record end minus 10 ns] window",selected,1482.52,1472.52,True,Inside tested observation window,selected,record_end_minus_10_ns
Datos/Med_con_Decaimientos/decaimientos.txt::block769::event769,769,Datos/Med_con_Decaimientos/decaimientos.txt,1024,not_detected_above_threshold,accepted,candidate,selected,0,348.63300000000004,348.63300000000004,3,3,1450.84,selected,348.63300000000004,,,frozen_selection,,,frozen_clean_CH2_CH3,"Inside user-adopted [120 ns, individual record end minus 10 ns] window",selected,1485.84,1475.84,True,Inside tested observation window,selected,record_end_minus_10_ns
Datos/Med_con_Decaimientos/decaimientos.txt::block770::event770,770,Datos/Med_con_Decaimientos/decaimientos.txt,1024,not_detected_above_threshold,accepted,candidate,selected,4,416.699,416.699,2,2,1454.1599999999999,selected,416.699,,,frozen_selection,,,frozen_clean_CH2_CH3,"Inside user-adopted [120 ns, individual record end minus 10 ns] window",selected,1489.1599999999999,1479.1599999999999,True,Inside tested observation window,selected,record_end_minus_10_ns
Datos/Med_con_Decaimientos/decaimientos.txt::block771::event771,771,Datos/Med_con_Decaimientos/decaimientos.txt,1024,not_detected_above_threshold,accepted,candidate,selected,0,131.15200000000002,131.15200000000002,3,3,1462.461,selected,131.15200000000002,,,frozen_selection,,,frozen_clean_CH2_CH3,"Inside user-adopted [120 ns, individual record end minus 10 ns] window",selected,1497.461,1487.461,True,Inside tested observation window,selected,record_end_minus_10_ns
Datos/Med_con_Decaimientos/decaimientos.txt::block772::event772,772,Datos/Med_con_Decaimientos/decaimientos.txt,1024,not_detected_above_threshold,accepted,ambiguous,selected,0,549.512,,,3,1459.1409999999998,no_clean_secondary,,accept_quality,,user_message_approve_all_mixed_weak_seeds,clean_plus_weak_49,3,mean_accepted_CH2_CH3,"Inside user-adopted [120 ns, individual record end minus 10 ns] window",selected,1494.1409999999998,1484.1409999999998,True,Inside tested observation window,selected,record_end_minus_10_ns
Datos/Med_con_Decaimientos/decaimientos.txt::block773::event773,773,Datos/Med_con_Decaimientos/decaimientos.txt,1024,ambiguous,accepted,ambiguous,pending_prompt3_uncertain,1,1216.894,1216.894,3,3,1455.82,pending_prompt3_uncertain,1216.894,,,frozen_selection,,,frozen_clean_CH2_CH3,pending_prompt3_uncertain,pending_prompt3_uncertain,1490.82,1480.82,False,pending_prompt3_uncertain,pending_prompt3_uncertain,record_end_minus_10_ns
Datos/Med_con_Decaimientos/decaimientos.txt::block774::event774,774,Datos/Med_con_Decaimientos/decaimientos.txt,1024,not_detected_above_threshold,accepted,candidate,outside_fit_window,0,86.32899999999998,86.32899999999998,2,2,1457.481,outside_fit_window,86.32899999999998,,,frozen_selection,,,frozen_clean_CH2_CH3,Below unchanged 120 ns lower limit,outside_fit_window,1492.481,1482.481,False,Below unchanged 120 ns lower limit,outside_fit_window,record_end_minus_10_ns
Datos/Med_con_Decaimientos/decaimientos.txt::block775::event775,775,Datos/Med_con_Decaimientos/decaimientos.txt,1024,detected,accepted,ambiguous,veto_prompt3_detected,,,,,,1455.82,veto_prompt3_detected,,,,frozen_selection,,,frozen_clean_CH2_CH3,veto_prompt3_detected,veto_prompt3_detected,1490.82,1480.82,False,veto_prompt3_detected,veto_prompt3_detected,record_end_minus_10_ns
Datos/Med_con_Decaimientos/decaimientos.txt::block776::event776,776,Datos/Med_con_Decaimientos/decaimientos.txt,1024,not_detected_above_threshold,accepted,candidate,selected,0,989.4529999999999,989.4529999999999,2,2,1452.5,selected,989.4529999999999,,,frozen_selection,,,frozen_clean_CH2_CH3,"Inside user-adopted [120 ns, individual record end minus 10 ns] window",selected,1487.5,1477.5,True,Inside tested observation window,selected,record_end_minus_10_ns
Datos/Med_con_Decaimientos/decaimientos.txt::block777::event777,777,Datos/Med_con_Decaimientos/decaimientos.txt,1024,not_detected_above_threshold,accepted,candidate,selected,0,282.226,282.226,3,3,1455.82,selected,282.226,,,frozen_selection,,,frozen_clean_CH2_CH3,"Inside user-adopted [120 ns, individual record end minus 10 ns] window",selected,1490.82,1480.82,True,Inside tested observation window,selected,record_end_minus_10_ns
Datos/Med_con_Decaimientos/decaimientos.txt::block778::event778,778,Datos/Med_con_Decaimientos/decaimientos.txt,1024,not_detected_above_threshold,accepted,candidate,selected,0,677.344,677.344,3,3,1442.539,selected,677.344,,,frozen_selection,,,frozen_clean_CH2_CH3,"Inside user-adopted [120 ns, individual record end minus 10 ns] window",selected,1477.539,1467.539,True,Inside tested observation window,selected,record_end_minus_10_ns
Datos/Med_con_Decaimientos/decaimientos.txt::block779::event779,779,Datos/Med_con_Decaimientos/decaimientos.txt,1024,not_detected_above_threshold,accepted,candidate,selected,0,443.26199999999994,443.26199999999994,2,2,1445.86,selected,443.26199999999994,,,frozen_selection,,,frozen_clean_CH2_CH3,"Inside user-adopted [120 ns, individual record end minus 10 ns] window",selected,1480.86,1470.86,True,Inside tested observation window,selected,record_end_minus_10_ns
Datos/Med_con_Decaimientos/decaimientos.txt::block780::event780,780,Datos/Med_con_Decaimientos/decaimientos.txt,1024,detected,accepted,ambiguous,veto_prompt3_detected,2,1160.449,1160.449,3,3,1450.84,veto_prompt3_detected,1160.449,,,frozen_selection,,,frozen_clean_CH2_CH3,veto_prompt3_detected,veto_prompt3_detected,1485.84,1475.84,False,veto_prompt3_detected,veto_prompt3_detected,record_end_minus_10_ns
Datos/Med_con_Decaimientos/decaimientos.txt::block781::event781,781,Datos/Med_con_Decaimientos/decaimientos.txt,1024,not_detected_above_threshold,accepted,ambiguous,excluded_by_user,0,63.08500000000001,,,,1455.82,no_clean_secondary,,exclude,,user_export,outside_window_20,,,Explicit exclusion in user review export,excluded_by_user,1490.82,1480.82,False,Explicit exclusion in user review export,excluded_by_user,record_end_minus_10_ns
Datos/Med_con_Decaimientos/decaimientos.txt::block782::event782,782,Datos/Med_con_Decaimientos/decaimientos.txt,1024,not_detected_above_threshold,accepted,ambiguous,selected,0,408.398,409.22800000000007,1+2,2,1455.82,selected,408.398,,,frozen_selection,,,frozen_clean_CH2_CH3,"Inside user-adopted [120 ns, individual record end minus 10 ns] window",selected,1490.82,1480.82,True,Inside tested observation window,selected,record_end_minus_10_ns
Datos/Med_con_Decaimientos/decaimientos.txt::block783::event783,783,Datos/Med_con_Decaimientos/decaimientos.txt,1024,detected,accepted,ambiguous,veto_prompt3_detected,0,1377.93,1377.93,3,3,1440.879,veto_prompt3_detected,1377.93,,,frozen_selection,,,frozen_clean_CH2_CH3,veto_prompt3_detected,veto_prompt3_detected,1475.879,1465.879,False,veto_prompt3_detected,veto_prompt3_detected,record_end_minus_10_ns
Datos/Med_con_Decaimientos/decaimientos.txt::block784::event784,784,Datos/Med_con_Decaimientos/decaimientos.txt,1024,not_detected_above_threshold,accepted,ambiguous,selected,0,579.394,576.904,1+2,2,1462.461,selected,579.394,,,frozen_selection,,,frozen_clean_CH2_CH3,"Inside user-adopted [120 ns, individual record end minus 10 ns] window",selected,1497.461,1487.461,True,Inside tested observation window,selected,record_end_minus_10_ns
Datos/Med_con_Decaimientos/decaimientos.txt::block785::event785,785,Datos/Med_con_Decaimientos/decaimientos.txt,1024,detected,accepted,ambiguous,veto_prompt3_detected,0,388.476,388.476,3,3,1455.82,veto_prompt3_detected,388.476,,,frozen_selection,,,frozen_clean_CH2_CH3,veto_prompt3_detected,veto_prompt3_detected,1490.82,1480.82,False,veto_prompt3_detected,veto_prompt3_detected,record_end_minus_10_ns
Datos/Med_con_Decaimientos/decaimientos.txt::block786::event786,786,Datos/Med_con_Decaimientos/decaimientos.txt,1024,not_detected_above_threshold,accepted,candidate,selected,0,466.50300000000004,466.50300000000004,2,2,1455.82,selected,466.50300000000004,,,frozen_selection,,,frozen_clean_CH2_CH3,"Inside user-adopted [120 ns, individual record end minus 10 ns] window",selected,1490.82,1480.82,True,Inside tested observation window,selected,record_end_minus_10_ns
Datos/Med_con_Decaimientos/decaimientos.txt::block787::event787,787,Datos/Med_con_Decaimientos/decaimientos.txt,1024,detected,accepted,ambiguous,veto_prompt3_detected,0,868.262,868.262,3,3,1450.84,veto_prompt3_detected,868.262,,,frozen_selection,,,frozen_clean_CH2_CH3,veto_prompt3_detected,veto_prompt3_detected,1485.84,1475.84,False,veto_prompt3_detected,veto_prompt3_detected,record_end_minus_10_ns
Datos/Med_con_Decaimientos/decaimientos.txt::block788::event788,788,Datos/Med_con_Decaimientos/decaimientos.txt,1024,not_detected_above_threshold,accepted,candidate,selected,0,659.082,659.082,2,2,1455.82,selected,659.082,,,frozen_selection,,,frozen_clean_CH2_CH3,"Inside user-adopted [120 ns, individual record end minus 10 ns] window",selected,1490.82,1480.82,True,Inside tested observation window,selected,record_end_minus_10_ns
Datos/Med_con_Decaimientos/decaimientos.txt::block789::event789,789,Datos/Med_con_Decaimientos/decaimientos.txt,1024,not_detected_above_threshold,accepted,candidate,selected,0,240.723,240.723,3,3,1459.1409999999998,selected,240.723,,,frozen_selection,,,frozen_clean_CH2_CH3,"Inside user-adopted [120 ns, individual record end minus 10 ns] window",selected,1494.1409999999998,1484.1409999999998,True,Inside tested observation window,selected,record_end_minus_10_ns
Datos/Med_con_Decaimientos/decaimientos.txt::block790::event790,790,Datos/Med_con_Decaimientos/decaimientos.txt,1024,detected,accepted,ambiguous,veto_prompt3_detected,,,,,,1447.52,veto_prompt3_detected,,,,frozen_selection,,,frozen_clean_CH2_CH3,veto_prompt3_detected,veto_prompt3_detected,1482.52,1472.52,False,veto_prompt3_detected,veto_prompt3_detected,record_end_minus_10_ns
Datos/Med_con_Decaimientos/decaimientos.txt::block791::event791,791,Datos/Med_con_Decaimientos/decaimientos.txt,1024,detected,accepted,ambiguous,veto_prompt3_detected,1,913.0859999999999,913.0859999999999,3,3,1452.5,veto_prompt3_detected,913.0859999999999,,,frozen_selection,,,frozen_clean_CH2_CH3,veto_prompt3_detected,veto_prompt3_detected,1487.5,1477.5,False,veto_prompt3_detected,veto_prompt3_detected,record_end_minus_10_ns
Datos/Med_con_Decaimientos/decaimientos.txt::block792::event792,792,Datos/Med_con_Decaimientos/decaimientos.txt,1024,not_detected_above_threshold,accepted,ambiguous,selected,1,416.69899999999996,416.69899999999996,1+2,2,1462.461,selected,416.69899999999996,,,frozen_selection,,,frozen_clean_CH2_CH3,"Inside user-adopted [120 ns, individual record end minus 10 ns] window",selected,1497.461,1487.461,True,Inside tested observation window,selected,record_end_minus_10_ns
Datos/Med_con_Decaimientos/decaimientos.txt::block793::event793,793,Datos/Med_con_Decaimientos/decaimientos.txt,1024,not_detected_above_threshold,accepted,candidate,selected,2,1336.425,1336.425,3,3,1455.82,selected,1336.425,,,frozen_selection,,,frozen_clean_CH2_CH3,"Inside user-adopted [120 ns, individual record end minus 10 ns] window",selected,1490.82,1480.82,True,Inside tested observation window,selected,record_end_minus_10_ns
Datos/Med_con_Decaimientos/decaimientos.txt::block794::event794,794,Datos/Med_con_Decaimientos/decaimientos.txt,1024,not_detected_above_threshold,accepted,ambiguous,selected,1,788.5749999999999,788.5749999999999,1+2,2,1445.86,selected,788.5749999999999,,,frozen_selection,,,frozen_clean_CH2_CH3,"Inside user-adopted [120 ns, individual record end minus 10 ns] window",selected,1480.86,1470.86,True,Inside tested observation window,selected,record_end_minus_10_ns
Datos/Med_con_Decaimientos/decaimientos.txt::block795::event795,795,Datos/Med_con_Decaimientos/decaimientos.txt,1024,not_detected_above_threshold,accepted,candidate,selected,0,489.746,489.746,3,3,1449.1799999999998,selected,489.746,,,frozen_selection,,,frozen_clean_CH2_CH3,"Inside user-adopted [120 ns, individual record end minus 10 ns] window",selected,1484.1799999999998,1474.1799999999998,True,Inside tested observation window,selected,record_end_minus_10_ns
Datos/Med_con_Decaimientos/decaimientos.txt::block796::event796,796,Datos/Med_con_Decaimientos/decaimientos.txt,1024,not_detected_above_threshold,accepted,candidate,selected,1,1258.399,1258.399,2,2,1445.86,selected,1258.399,,,frozen_selection,,,frozen_clean_CH2_CH3,"Inside user-adopted [120 ns, individual record end minus 10 ns] window",selected,1480.86,1470.86,True,Inside tested observation window,selected,record_end_minus_10_ns
Datos/Med_con_Decaimientos/decaimientos.txt::block797::event797,797,Datos/Med_con_Decaimientos/decaimientos.txt,1024,not_detected_above_threshold,accepted,candidate,selected,0,370.2149999999999,370.2149999999999,2,2,1457.481,selected,370.2149999999999,,,frozen_selection,,,frozen_clean_CH2_CH3,"Inside user-adopted [120 ns, individual record end minus 10 ns] window",selected,1492.481,1482.481,True,Inside tested observation window,selected,record_end_minus_10_ns
Datos/Med_con_Decaimientos/decaimientos.txt::block798::event798,798,Datos/Med_con_Decaimientos/decaimientos.txt,1024,not_detected_above_threshold,accepted,candidate,outside_fit_window,0,91.30799999999999,91.30799999999999,2,2,1454.1599999999999,outside_fit_window,91.30799999999999,,,frozen_selection,,,frozen_clean_CH2_CH3,Below unchanged 120 ns lower limit,outside_fit_window,1489.1599999999999,1479.1599999999999,False,Below unchanged 120 ns lower limit,outside_fit_window,record_end_minus_10_ns
Datos/Med_con_Decaimientos/decaimientos.txt::block799::event799,799,Datos/Med_con_Decaimientos/decaimientos.txt,1024,not_detected_above_threshold,accepted,candidate,selected,0,1147.168,1147.168,2,2,1459.1409999999998,selected,1147.168,,,frozen_selection,,,frozen_clean_CH2_CH3,"Inside user-adopted [120 ns, individual record end minus 10 ns] window",selected,1494.1409999999998,1484.1409999999998,True,Inside tested observation window,selected,record_end_minus_10_ns
Datos/Med_con_Decaimientos/decaimientos.txt::block800::event800,800,Datos/Med_con_Decaimientos/decaimientos.txt,1024,detected,accepted,ambiguous,veto_prompt3_detected,0,209.179,209.179,3,3,1444.1989999999998,veto_prompt3_detected,209.179,,,frozen_selection,,,frozen_clean_CH2_CH3,veto_prompt3_detected,veto_prompt3_detected,1479.1989999999998,1469.1989999999998,False,veto_prompt3_detected,veto_prompt3_detected,record_end_minus_10_ns
Datos/Med_con_Decaimientos/decaimientos.txt::block801::event801,801,Datos/Med_con_Decaimientos/decaimientos.txt,1024,not_detected_above_threshold,accepted,candidate,selected,0,964.5510000000002,964.5510000000002,3,3,1447.52,selected,964.5510000000002,,,frozen_selection,,,frozen_clean_CH2_CH3,"Inside user-adopted [120 ns, individual record end minus 10 ns] window",selected,1482.52,1472.52,True,Inside tested observation window,selected,record_end_minus_10_ns
Datos/Med_con_Decaimientos/decaimientos.txt::block802::event802,802,Datos/Med_con_Decaimientos/decaimientos.txt,1024,detected,accepted,ambiguous,veto_prompt3_detected,0,587.6949999999999,587.6949999999999,3,3,1464.1209999999999,veto_prompt3_detected,587.6949999999999,,,frozen_selection,,,frozen_clean_CH2_CH3,veto_prompt3_detected,veto_prompt3_detected,1499.1209999999999,1489.1209999999999,False,veto_prompt3_detected,veto_prompt3_detected,record_end_minus_10_ns
Datos/Med_con_Decaimientos/decaimientos.txt::block803::event803,803,Datos/Med_con_Decaimientos/decaimientos.txt,1024,not_detected_above_threshold,accepted,candidate,selected,1,1056.6895,1056.6895,2,2,1449.1799999999998,selected,1056.6895,,,frozen_selection,,,frozen_clean_CH2_CH3,"Inside user-adopted [120 ns, individual record end minus 10 ns] window",selected,1484.1799999999998,1474.1799999999998,True,Inside tested observation window,selected,record_end_minus_10_ns
Datos/Med_con_Decaimientos/decaimientos.txt::block804::event804,804,Datos/Med_con_Decaimientos/decaimientos.txt,1024,detected,accepted,ambiguous,veto_prompt3_detected,,,,,,1455.82,veto_prompt3_detected,,,,frozen_selection,,,frozen_clean_CH2_CH3,veto_prompt3_detected,veto_prompt3_detected,1490.82,1480.82,False,veto_prompt3_detected,veto_prompt3_detected,record_end_minus_10_ns
Datos/Med_con_Decaimientos/decaimientos.txt::block805::event805,805,Datos/Med_con_Decaimientos/decaimientos.txt,1024,detected,accepted,ambiguous,veto_prompt3_detected,0,738.77,738.77,3,3,1449.1799999999998,veto_prompt3_detected,738.77,,,frozen_selection,,,frozen_clean_CH2_CH3,veto_prompt3_detected,veto_prompt3_detected,1484.1799999999998,1474.1799999999998,False,veto_prompt3_detected,veto_prompt3_detected,record_end_minus_10_ns
Datos/Med_con_Decaimientos/decaimientos.txt::block806::event806,806,Datos/Med_con_Decaimientos/decaimientos.txt,1024,detected,accepted,ambiguous,veto_prompt3_detected,0,665.722,665.722,3,3,1452.5,veto_prompt3_detected,665.722,,,frozen_selection,,,frozen_clean_CH2_CH3,veto_prompt3_detected,veto_prompt3_detected,1487.5,1477.5,False,veto_prompt3_detected,veto_prompt3_detected,record_end_minus_10_ns
Datos/Med_con_Decaimientos/decaimientos.txt::block807::event807,807,Datos/Med_con_Decaimientos/decaimientos.txt,1024,detected,accepted,ambiguous,veto_prompt3_detected,0,914.7465,914.7465,3,3,1447.52,veto_prompt3_detected,914.7465,,,frozen_selection,,,frozen_clean_CH2_CH3,veto_prompt3_detected,veto_prompt3_detected,1482.52,1472.52,False,veto_prompt3_detected,veto_prompt3_detected,record_end_minus_10_ns
Datos/Med_con_Decaimientos/decaimientos.txt::block808::event808,808,Datos/Med_con_Decaimientos/decaimientos.txt,1024,not_detected_above_threshold,accepted,candidate,selected,0,1226.856,1226.856,2,2,1447.52,selected,1226.856,,,frozen_selection,,,frozen_clean_CH2_CH3,"Inside user-adopted [120 ns, individual record end minus 10 ns] window",selected,1482.52,1472.52,True,Inside tested observation window,selected,record_end_minus_10_ns
Datos/Med_con_Decaimientos/decaimientos.txt::block809::event809,809,Datos/Med_con_Decaimientos/decaimientos.txt,1024,not_detected_above_threshold,accepted,candidate,selected,1,410.058,410.058,2,2,1455.82,selected,410.058,,,frozen_selection,,,frozen_clean_CH2_CH3,"Inside user-adopted [120 ns, individual record end minus 10 ns] window",selected,1490.82,1480.82,True,Inside tested observation window,selected,record_end_minus_10_ns
Datos/Med_con_Decaimientos/decaimientos.txt::block810::event810,810,Datos/Med_con_Decaimientos/decaimientos.txt,1024,detected,accepted,ambiguous,veto_prompt3_detected,,,,,,1449.1799999999998,veto_prompt3_detected,,,,frozen_selection,,,frozen_clean_CH2_CH3,veto_prompt3_detected,veto_prompt3_detected,1484.1799999999998,1474.1799999999998,False,veto_prompt3_detected,veto_prompt3_detected,record_end_minus_10_ns
Datos/Med_con_Decaimientos/decaimientos.txt::block811::event811,811,Datos/Med_con_Decaimientos/decaimientos.txt,1024,detected,accepted,ambiguous,veto_prompt3_detected,0,423.33900000000006,423.33900000000006,3,3,1455.82,veto_prompt3_detected,423.33900000000006,,,frozen_selection,,,frozen_clean_CH2_CH3,veto_prompt3_detected,veto_prompt3_detected,1490.82,1480.82,False,veto_prompt3_detected,veto_prompt3_detected,record_end_minus_10_ns
Datos/Med_con_Decaimientos/decaimientos.txt::block812::event812,812,Datos/Med_con_Decaimientos/decaimientos.txt,1024,not_detected_above_threshold,accepted,ambiguous,selected,2,486.42599999999993,485.5959999999999,1+2,2,1462.461,selected,486.42599999999993,,,frozen_selection,,,frozen_clean_CH2_CH3,"Inside user-adopted [120 ns, individual record end minus 10 ns] window",selected,1497.461,1487.461,True,Inside tested observation window,selected,record_end_minus_10_ns
Datos/Med_con_Decaimientos/decaimientos.txt::block813::event813,813,Datos/Med_con_Decaimientos/decaimientos.txt,1024,detected,accepted,ambiguous,veto_prompt3_detected,,,,,,1447.52,veto_prompt3_detected,,,,frozen_selection,,,frozen_clean_CH2_CH3,veto_prompt3_detected,veto_prompt3_detected,1482.52,1472.52,False,veto_prompt3_detected,veto_prompt3_detected,record_end_minus_10_ns
Datos/Med_con_Decaimientos/decaimientos.txt::block814::event814,814,Datos/Med_con_Decaimientos/decaimientos.txt,1024,not_detected_above_threshold,accepted,candidate,selected,1,486.42599999999993,486.42599999999993,2,2,1452.5,selected,486.42599999999993,,,frozen_selection,,,frozen_clean_CH2_CH3,"Inside user-adopted [120 ns, individual record end minus 10 ns] window",selected,1487.5,1477.5,True,Inside tested observation window,selected,record_end_minus_10_ns
Datos/Med_con_Decaimientos/decaimientos.txt::block815::event815,815,Datos/Med_con_Decaimientos/decaimientos.txt,1024,not_detected_above_threshold,accepted,candidate,selected,0,1391.211,1391.211,2,2,1452.5,selected,1391.211,,,frozen_selection,,,frozen_clean_CH2_CH3,"Inside user-adopted [120 ns, individual record end minus 10 ns] window",selected,1487.5,1477.5,True,Inside tested observation window,selected,record_end_minus_10_ns
Datos/Med_con_Decaimientos/decaimientos.txt::block816::event816,816,Datos/Med_con_Decaimientos/decaimientos.txt,1024,not_detected_above_threshold,accepted,candidate,selected,1,1341.406,1341.406,3,3,1455.82,selected,1341.406,,,frozen_selection,,,frozen_clean_CH2_CH3,"Inside user-adopted [120 ns, individual record end minus 10 ns] window",selected,1490.82,1480.82,True,Inside tested observation window,selected,record_end_minus_10_ns
Datos/Med_con_Decaimientos/decaimientos.txt::block817::event817,817,Datos/Med_con_Decaimientos/decaimientos.txt,1024,not_detected_above_threshold,accepted,candidate,selected,1,893.1639999999999,893.1639999999999,2,2,1452.5,selected,893.1639999999999,,,frozen_selection,,,frozen_clean_CH2_CH3,"Inside user-adopted [120 ns, individual record end minus 10 ns] window",selected,1487.5,1477.5,True,Inside tested observation window,selected,record_end_minus_10_ns
Datos/Med_con_Decaimientos/decaimientos.txt::block818::event818,818,Datos/Med_con_Decaimientos/decaimientos.txt,1024,detected,accepted,ambiguous,veto_prompt3_detected,0,400.09799999999996,400.09799999999996,3,3,1460.801,veto_prompt3_detected,400.09799999999996,,,frozen_selection,,,frozen_clean_CH2_CH3,veto_prompt3_detected,veto_prompt3_detected,1495.801,1485.801,False,veto_prompt3_detected,veto_prompt3_detected,record_end_minus_10_ns
Datos/Med_con_Decaimientos/decaimientos.txt::block819::event819,819,Datos/Med_con_Decaimientos/decaimientos.txt,1024,detected,accepted,ambiguous,veto_prompt3_detected,1,1120.605,1120.605,3,3,1444.1989999999998,veto_prompt3_detected,1120.605,,,frozen_selection,,,frozen_clean_CH2_CH3,veto_prompt3_detected,veto_prompt3_detected,1479.1989999999998,1469.1989999999998,False,veto_prompt3_detected,veto_prompt3_detected,record_end_minus_10_ns
Datos/Med_con_Decaimientos/decaimientos.txt::block820::event820,820,Datos/Med_con_Decaimientos/decaimientos.txt,1024,not_detected_above_threshold,accepted,candidate,selected,2,418.35900000000004,418.35900000000004,2,2,1465.781,selected,418.35900000000004,,,frozen_selection,,,frozen_clean_CH2_CH3,"Inside user-adopted [120 ns, individual record end minus 10 ns] window",selected,1500.781,1490.781,True,Inside tested observation window,selected,record_end_minus_10_ns
Datos/Med_con_Decaimientos/decaimientos.txt::block821::event821,821,Datos/Med_con_Decaimientos/decaimientos.txt,1024,not_detected_above_threshold,accepted,candidate,selected,0,272.26599999999996,272.26599999999996,3,3,1462.461,selected,272.26599999999996,,,frozen_selection,,,frozen_clean_CH2_CH3,"Inside user-adopted [120 ns, individual record end minus 10 ns] window",selected,1497.461,1487.461,True,Inside tested observation window,selected,record_end_minus_10_ns
Datos/Med_con_Decaimientos/decaimientos.txt::block822::event822,822,Datos/Med_con_Decaimientos/decaimientos.txt,1024,ambiguous,ambiguous,not_evaluable,pending_prompt3_uncertain,,,,,,1449.1799999999998,pending_prompt3_uncertain,,,,frozen_selection,,,frozen_clean_CH2_CH3,pending_prompt3_uncertain,pending_prompt3_uncertain,1484.1799999999998,1474.1799999999998,False,pending_prompt3_uncertain,pending_prompt3_uncertain,record_end_minus_10_ns
Datos/Med_con_Decaimientos/decaimientos.txt::block823::event823,823,Datos/Med_con_Decaimientos/decaimientos.txt,1024,not_detected_above_threshold,ambiguous,not_evaluable,pending_initial_quality,1,607.617,607.617,3,3,1454.1599999999999,pending_initial_quality,607.617,,,frozen_selection,,,frozen_clean_CH2_CH3,pending_initial_quality,pending_initial_quality,1489.1599999999999,1479.1599999999999,False,pending_initial_quality,pending_initial_quality,record_end_minus_10_ns
Datos/Med_con_Decaimientos/decaimientos.txt::block824::event824,824,Datos/Med_con_Decaimientos/decaimientos.txt,1024,not_detected_above_threshold,accepted,candidate,outside_fit_window,0,83.00800000000001,83.00800000000001,2,2,1449.1799999999998,outside_fit_window,83.00800000000001,,,frozen_selection,,,frozen_clean_CH2_CH3,Below unchanged 120 ns lower limit,outside_fit_window,1484.1799999999998,1474.1799999999998,False,Below unchanged 120 ns lower limit,outside_fit_window,record_end_minus_10_ns
Datos/Med_con_Decaimientos/decaimientos.txt::block825::event825,825,Datos/Med_con_Decaimientos/decaimientos.txt,1024,detected,accepted,ambiguous,veto_prompt3_detected,,,,,,1460.801,veto_prompt3_detected,,,,frozen_selection,,,frozen_clean_CH2_CH3,veto_prompt3_detected,veto_prompt3_detected,1495.801,1485.801,False,veto_prompt3_detected,veto_prompt3_detected,record_end_minus_10_ns
Datos/Med_con_Decaimientos/decaimientos.txt::block826::event826,826,Datos/Med_con_Decaimientos/decaimientos.txt,1024,not_detected_above_threshold,accepted,candidate,selected,0,700.586,700.586,2,2,1452.5,selected,700.586,,,frozen_selection,,,frozen_clean_CH2_CH3,"Inside user-adopted [120 ns, individual record end minus 10 ns] window",selected,1487.5,1477.5,True,Inside tested observation window,selected,record_end_minus_10_ns
Datos/Med_con_Decaimientos/decaimientos.txt::block827::event827,827,Datos/Med_con_Decaimientos/decaimientos.txt,1024,detected,accepted,ambiguous,veto_prompt3_detected,0,451.562,451.562,2,2,1452.5,veto_prompt3_detected,451.562,,,frozen_selection,,,frozen_clean_CH2_CH3,veto_prompt3_detected,veto_prompt3_detected,1487.5,1477.5,False,veto_prompt3_detected,veto_prompt3_detected,record_end_minus_10_ns
Datos/Med_con_Decaimientos/decaimientos.txt::block828::event828,828,Datos/Med_con_Decaimientos/decaimientos.txt,1024,detected,accepted,ambiguous,veto_prompt3_detected,,,,,,1455.82,veto_prompt3_detected,,,,frozen_selection,,,frozen_clean_CH2_CH3,veto_prompt3_detected,veto_prompt3_detected,1490.82,1480.82,False,veto_prompt3_detected,veto_prompt3_detected,record_end_minus_10_ns
Datos/Med_con_Decaimientos/decaimientos.txt::block829::event829,829,Datos/Med_con_Decaimientos/decaimientos.txt,1024,detected,accepted,ambiguous,veto_prompt3_detected,0,177.63700000000003,177.63700000000003,3,3,1445.86,veto_prompt3_detected,177.63700000000003,,,frozen_selection,,,frozen_clean_CH2_CH3,veto_prompt3_detected,veto_prompt3_detected,1480.86,1470.86,False,veto_prompt3_detected,veto_prompt3_detected,record_end_minus_10_ns
Datos/Med_con_Decaimientos/decaimientos.txt::block830::event830,830,Datos/Med_con_Decaimientos/decaimientos.txt,1024,detected,accepted,ambiguous,veto_prompt3_detected,0,89.64900000000003,89.64900000000003,3,3,1449.1799999999998,veto_prompt3_detected,89.64900000000003,,,frozen_selection,,,frozen_clean_CH2_CH3,veto_prompt3_detected,veto_prompt3_detected,1484.1799999999998,1474.1799999999998,False,veto_prompt3_detected,veto_prompt3_detected,record_end_minus_10_ns
Datos/Med_con_Decaimientos/decaimientos.txt::block831::event831,831,Datos/Med_con_Decaimientos/decaimientos.txt,1024,not_detected_above_threshold,accepted,candidate,selected,1,851.661,851.661,2,2,1457.481,selected,851.661,,,frozen_selection,,,frozen_clean_CH2_CH3,"Inside user-adopted [120 ns, individual record end minus 10 ns] window",selected,1492.481,1482.481,True,Inside tested observation window,selected,record_end_minus_10_ns
Datos/Med_con_Decaimientos/decaimientos.txt::block832::event832,832,Datos/Med_con_Decaimientos/decaimientos.txt,1024,not_detected_above_threshold,accepted,candidate,selected,0,328.711,328.711,2,2,1449.1799999999998,selected,328.711,,,frozen_selection,,,frozen_clean_CH2_CH3,"Inside user-adopted [120 ns, individual record end minus 10 ns] window",selected,1484.1799999999998,1474.1799999999998,True,Inside tested observation window,selected,record_end_minus_10_ns
Datos/Med_con_Decaimientos/decaimientos.txt::block833::event833,833,Datos/Med_con_Decaimientos/decaimientos.txt,1024,ambiguous,accepted,ambiguous,pending_prompt3_uncertain,,,,,,1455.82,pending_prompt3_uncertain,,,,frozen_selection,,,frozen_clean_CH2_CH3,pending_prompt3_uncertain,pending_prompt3_uncertain,1490.82,1480.82,False,pending_prompt3_uncertain,pending_prompt3_uncertain,record_end_minus_10_ns
Datos/Med_con_Decaimientos/decaimientos.txt::block834::event834,834,Datos/Med_con_Decaimientos/decaimientos.txt,1024,detected,accepted,ambiguous,veto_prompt3_detected,2,1069.141,1069.141,3,3,1457.481,veto_prompt3_detected,1069.141,,,frozen_selection,,,frozen_clean_CH2_CH3,veto_prompt3_detected,veto_prompt3_detected,1492.481,1482.481,False,veto_prompt3_detected,veto_prompt3_detected,record_end_minus_10_ns
Datos/Med_con_Decaimientos/decaimientos.txt::block835::event835,835,Datos/Med_con_Decaimientos/decaimientos.txt,1024,not_detected_above_threshold,accepted,ambiguous,selected,0,909.7659999999998,909.7659999999998,1+2,2,1459.1409999999998,selected,909.7659999999998,,,frozen_selection,,,frozen_clean_CH2_CH3,"Inside user-adopted [120 ns, individual record end minus 10 ns] window",selected,1494.1409999999998,1484.1409999999998,True,Inside tested observation window,selected,record_end_minus_10_ns
Datos/Med_con_Decaimientos/decaimientos.txt::block836::event836,836,Datos/Med_con_Decaimientos/decaimientos.txt,1024,detected,accepted,ambiguous,veto_prompt3_detected,0,386.81600000000003,386.81600000000003,3,3,1455.82,veto_prompt3_detected,386.81600000000003,,,frozen_selection,,,frozen_clean_CH2_CH3,veto_prompt3_detected,veto_prompt3_detected,1490.82,1480.82,False,veto_prompt3_detected,veto_prompt3_detected,record_end_minus_10_ns
Datos/Med_con_Decaimientos/decaimientos.txt::block837::event837,837,Datos/Med_con_Decaimientos/decaimientos.txt,1024,not_detected_above_threshold,accepted,candidate,selected,3,909.7660000000001,909.7660000000001,2,2,1460.801,selected,909.7660000000001,,,frozen_selection,,,frozen_clean_CH2_CH3,"Inside user-adopted [120 ns, individual record end minus 10 ns] window",selected,1495.801,1485.801,True,Inside tested observation window,selected,record_end_minus_10_ns
Datos/Med_con_Decaimientos/decaimientos.txt::block838::event838,838,Datos/Med_con_Decaimientos/decaimientos.txt,1024,not_detected_above_threshold,accepted,ambiguous,selected,1,1221.875,1219.3845,1+2,2,1465.781,selected,1221.875,,,frozen_selection,,,frozen_clean_CH2_CH3,"Inside user-adopted [120 ns, individual record end minus 10 ns] window",selected,1500.781,1490.781,True,Inside tested observation window,selected,record_end_minus_10_ns
Datos/Med_con_Decaimientos/decaimientos.txt::block839::event839,839,Datos/Med_con_Decaimientos/decaimientos.txt,1024,detected,accepted,ambiguous,veto_prompt3_detected,0,1243.457,1243.457,3,3,1457.481,veto_prompt3_detected,1243.457,,,frozen_selection,,,frozen_clean_CH2_CH3,veto_prompt3_detected,veto_prompt3_detected,1492.481,1482.481,False,veto_prompt3_detected,veto_prompt3_detected,record_end_minus_10_ns
Datos/Med_con_Decaimientos/decaimientos.txt::block840::event840,840,Datos/Med_con_Decaimientos/decaimientos.txt,1024,not_detected_above_threshold,accepted,candidate,selected,0,542.8710000000001,542.8710000000001,3,3,1442.539,selected,542.8710000000001,,,frozen_selection,,,frozen_clean_CH2_CH3,"Inside user-adopted [120 ns, individual record end minus 10 ns] window",selected,1477.539,1467.539,True,Inside tested observation window,selected,record_end_minus_10_ns
Datos/Med_con_Decaimientos/decaimientos.txt::block841::event841,841,Datos/Med_con_Decaimientos/decaimientos.txt,1024,not_detected_above_threshold,accepted,candidate,selected,0,358.593,358.593,2,2,1464.1209999999999,selected,358.593,,,frozen_selection,,,frozen_clean_CH2_CH3,"Inside user-adopted [120 ns, individual record end minus 10 ns] window",selected,1499.1209999999999,1489.1209999999999,True,Inside tested observation window,selected,record_end_minus_10_ns
Datos/Med_con_Decaimientos/decaimientos.txt::block842::event842,842,Datos/Med_con_Decaimientos/decaimientos.txt,1024,not_detected_above_threshold,accepted,candidate,outside_fit_window,0,112.06099999999998,112.06099999999998,2+3,2+3,1447.52,outside_fit_window,112.06099999999998,,,frozen_selection,,,frozen_clean_CH2_CH3,Below unchanged 120 ns lower limit,outside_fit_window,1482.52,1472.52,False,Below unchanged 120 ns lower limit,outside_fit_window,record_end_minus_10_ns
Datos/Med_con_Decaimientos/decaimientos.txt::block843::event843,843,Datos/Med_con_Decaimientos/decaimientos.txt,1024,not_detected_above_threshold,accepted,candidate,selected,0,486.42600000000004,486.42600000000004,2,2,1449.1799999999998,selected,486.42600000000004,,,frozen_selection,,,frozen_clean_CH2_CH3,"Inside user-adopted [120 ns, individual record end minus 10 ns] window",selected,1484.1799999999998,1474.1799999999998,True,Inside tested observation window,selected,record_end_minus_10_ns
Datos/Med_con_Decaimientos/decaimientos.txt::block844::event844,844,Datos/Med_con_Decaimientos/decaimientos.txt,1024,ambiguous,accepted,ambiguous,pending_prompt3_uncertain,0,511.32800000000003,511.32800000000003,3,3,1459.1409999999998,pending_prompt3_uncertain,511.32800000000003,,,frozen_selection,,,frozen_clean_CH2_CH3,pending_prompt3_uncertain,pending_prompt3_uncertain,1494.1409999999998,1484.1409999999998,False,pending_prompt3_uncertain,pending_prompt3_uncertain,record_end_minus_10_ns
Datos/Med_con_Decaimientos/decaimientos.txt::block845::event845,845,Datos/Med_con_Decaimientos/decaimientos.txt,1024,not_detected_above_threshold,accepted,candidate,selected,0,1052.539,1052.539,2,2,1459.1409999999998,selected,1052.539,,,frozen_selection,,,frozen_clean_CH2_CH3,"Inside user-adopted [120 ns, individual record end minus 10 ns] window",selected,1494.1409999999998,1484.1409999999998,True,Inside tested observation window,selected,record_end_minus_10_ns
Datos/Med_con_Decaimientos/decaimientos.txt::block846::event846,846,Datos/Med_con_Decaimientos/decaimientos.txt,1024,not_detected_above_threshold,accepted,candidate,selected,0,1293.262,1293.262,2,2,1450.84,selected,1293.262,,,frozen_selection,,,frozen_clean_CH2_CH3,"Inside user-adopted [120 ns, individual record end minus 10 ns] window",selected,1485.84,1475.84,True,Inside tested observation window,selected,record_end_minus_10_ns
Datos/Med_con_Decaimientos/decaimientos.txt::block847::event847,847,Datos/Med_con_Decaimientos/decaimientos.txt,1024,not_detected_above_threshold,accepted,ambiguous,selected,3,556.152,554.492,1+2,2,1440.879,selected,556.152,,,frozen_selection,,,frozen_clean_CH2_CH3,"Inside user-adopted [120 ns, individual record end minus 10 ns] window",selected,1475.879,1465.879,True,Inside tested observation window,selected,record_end_minus_10_ns
