event_id,time_ns,ch1_mV,ch2_mV,ch3_mV
8,0.0,2.9,8.5,-9.9
8,1.66,8.5,-9.4,3.1
8,3.32,27.7,-9.2,5.5
8,4.98,26.0,10.2,15.9
8,6.641,-22.5,-8.6,-34.9
8,8.301,-39.6,-27.5,-43.1
8,9.961,-27.2,-8.0,5.2
8,11.621,16.6,-1.7,6.3
8,13.281,42.3,-5.9,0.7
8,14.941,20.5,2.8,9.3
8,16.602,-6.6,7.9,4.0
8,18.262,-43.2,-30.2,-46.6
8,19.922,-26.9,-16.1,-10.7
8,21.582,2.0,9.8,19.6
8,23.242,23.1,7.2,10.9
8,24.902,4.3,-4.3,0.3
8,26.562,-38.6,-7.1,-29.0
8,28.223,-44.2,-10.8,-34.9
8,29.883,-42.4,-24.8,-41.4
8,31.543,5.5,6.6,22.9
8,33.203,13.6,10.8,26.5
8,34.863,-1.0,-12.9,-12.7
8,36.523,-10.3,-12.8,-15.4
8,38.184,-36.0,-6.9,-21.5
8,39.844,-25.2,-15.6,-19.6
8,41.504,8.1,-4.5,7.9
8,43.164,15.9,2.2,11.7
8,44.824,10.9,-2.2,-2.3
8,46.484,-8.3,-12.4,-18.3
8,48.145,-25.0,-5.0,-12.1
8,49.805,-21.8,-0.1,-7.1
8,51.465,-4.0,-6.6,-0.6
8,53.125,10.9,-12.3,-4.4
8,54.785,9.5,-11.4,-6.4
8,56.445,-9.3,-0.7,-3.0
8,58.105,-8.7,-6.6,-7.9
8,59.766,-9.6,-2.9,-14.6
8,61.426,-10.8,1.2,-7.7
8,63.086,-10.0,-5.5,1.4
8,64.746,-0.9,-24.4,-16.1
8,66.406,-2.7,-20.6,-12.4
8,68.066,-5.9,4.3,0.0
8,69.727,-6.1,-3.9,-11.0
8,71.387,-8.4,-5.4,-5.5
8,73.047,-13.8,-5.8,-1.7
8,74.707,-10.7,-21.2,-13.8
8,76.367,-11.0,-19.6,-19.8
8,78.027,-8.2,-11.8,-14.3
8,79.688,-1.7,6.7,3.2
8,81.348,2.1,4.5,0.1
8,83.008,-7.1,-11.0,-11.9
8,84.668,-8.4,-12.8,-7.1
8,86.328,-19.6,-14.5,-17.2
8,87.988,-1.0,1.1,-1.2
8,89.648,3.1,4.8,5.1
8,91.309,1.2,4.1,5.6
8,92.969,0.9,-11.9,-13.5
8,94.629,-8.1,-19.2,-14.7
8,96.289,-18.2,-13.1,-5.2
8,97.949,-12.6,-9.0,-15.7
8,99.609,-2.2,-16.4,-15.0
8,101.27,-0.7,0.9,1.4
8,102.93,-2.3,5.8,1.8
8,104.59,-1.8,-18.2,-17.6
8,106.25,-6.0,-17.6,-10.7
8,107.91,-15.9,3.3,-0.5
8,109.57,-13.8,-11.3,-17.7
8,111.23,-13.6,-22.7,-22.3
8,112.891,-3.0,-9.4,-3.0
8,114.551,7.9,-1.4,-5.4
8,116.211,-6.4,-7.8,-16.5
8,117.871,-18.2,-0.5,-12.9
8,119.531,-21.1,-5.1,-3.9
8,121.191,-8.5,-23.5,-18.3
8,122.852,4.5,-10.8,-2.9
8,124.512,5.5,2.1,3.6
8,126.172,-1.5,8.7,-1.8
8,127.832,-6.5,-4.2,-9.3
8,129.492,-8.5,-14.6,-15.2
8,131.152,-22.1,-13.8,-11.0
8,132.812,-18.1,-23.7,-15.9
8,134.473,4.2,-8.1,-4.2
8,136.133,12.6,21.0,8.7
8,137.793,10.5,23.1,9.4
8,139.453,-7.1,-11.7,-20.6
8,141.113,-32.9,-27.8,-16.8
8,142.773,-30.4,-26.9,-9.9
8,144.434,3.1,-11.2,-2.5
8,146.094,21.8,13.4,4.4
8,147.754,14.9,24.6,5.8
8,149.414,-14.4,-13.7,-19.4
8,151.074,-28.3,-33.6,-21.6
8,152.734,-22.9,-25.6,-4.3
8,154.395,-15.8,-20.0,-1.3
8,156.055,9.6,17.7,-1.8
8,157.715,12.8,23.9,8.0
8,159.375,4.9,10.1,4.8
8,161.035,-14.1,-27.9,-21.2
8,162.695,-24.9,-30.3,-15.5
8,164.355,-24.2,-19.5,-12.0
8,166.016,1.4,8.1,0.9
8,167.676,9.4,17.6,6.7
8,169.336,12.3,10.8,-0.8
8,170.996,-20.4,-24.5,-22.3
8,172.656,-27.6,-29.3,-14.7
8,174.316,-25.6,-29.7,-12.9
8,175.977,-8.3,-15.3,-13.8
8,177.637,4.4,7.7,1.2
8,179.297,13.9,19.5,8.4
8,180.957,4.1,-14.5,-19.4
8,182.617,-14.5,-24.1,-17.9
8,184.277,-27.3,-17.3,-12.6
8,185.938,-21.0,-15.5,-16.8
8,187.598,-7.9,-8.6,-19.6
8,189.258,16.3,20.8,12.3
8,190.918,5.4,-1.9,-6.2
8,192.578,-10.5,-33.6,-23.2
8,194.238,-29.2,-20.2,-5.2
8,195.898,-23.0,-5.9,-9.2
8,197.559,12.8,4.0,-1.9
8,199.219,15.2,6.0,0.0
8,200.879,8.4,9.9,7.2
8,202.539,-18.3,-29.3,-25.2
8,204.199,-36.1,-47.1,-21.7
8,205.859,-62.1,-20.6,-4.1
8,207.52,-124.0,-74.5,-5.4
8,209.18,-177.8,-153.2,3.8
8,210.84,-209.3,-238.3,-2.6
8,212.5,-185.9,-279.4,-23.0
8,214.16,-163.0,-268.4,-22.4
8,215.82,-154.4,-250.2,-18.7
8,217.48,-128.2,-138.3,2.6
8,219.141,-69.1,-93.1,5.5
8,220.801,-47.3,-100.9,-9.9
8,222.461,-69.0,-99.5,-17.4
8,224.121,-72.5,-78.3,-22.3
8,225.781,-74.1,-80.4,-23.0
8,227.441,-7.9,-17.3,3.8
8,229.102,-2.3,-10.6,6.9
8,230.762,-1.3,-3.6,6.5
8,232.422,-18.4,-40.7,-17.4
8,234.082,-45.5,-55.9,-27.5
8,235.742,-52.1,-47.5,-20.2
8,237.402,-15.0,-20.7,-3.3
8,239.062,11.2,-3.9,4.1
8,240.723,14.7,14.3,3.8
8,242.383,-28.3,-27.4,-20.6
8,244.043,-55.1,-54.2,-30.8
8,245.703,-42.0,-41.8,-17.7
8,247.363,7.4,2.1,10.0
8,249.023,23.2,19.0,13.8
8,250.684,12.6,17.0,-5.8
8,252.344,-26.9,-24.3,-9.4
8,254.004,-49.3,-55.2,-31.2
8,255.664,-46.3,-58.6,-33.7
8,257.324,-3.8,-12.6,0.1
8,258.984,24.9,33.5,20.7
8,260.645,25.6,13.8,-9.7
8,262.305,-32.2,-26.5,-13.9
8,263.965,-55.2,-36.7,-22.2
8,265.625,-27.0,-45.1,-32.6
8,267.285,14.1,0.8,10.4
8,268.945,23.8,38.5,30.9
8,270.605,2.8,-0.2,-22.8
8,272.266,-12.6,-28.2,-35.5
8,273.926,-46.9,-31.1,-11.8
8,275.586,-40.6,-29.5,-8.2
8,277.246,25.8,12.8,11.7
8,278.906,26.8,13.1,12.9
8,280.566,22.4,34.3,21.1
8,282.227,-7.4,4.1,-19.8
8,283.887,-40.1,-46.5,-23.9
8,285.547,-39.2,-29.5,-4.3
8,287.207,10.4,-10.2,-4.3
8,288.867,23.0,-0.6,2.7
8,290.527,21.8,15.3,6.1
8,292.188,-3.9,12.7,-10.6
8,293.848,-37.5,-23.6,-30.4
8,295.508,-32.0,-38.3,-13.6
8,297.168,-8.6,-24.5,7.2
8,298.828,16.4,7.9,6.0
8,300.488,17.4,9.1,-2.2
8,302.148,-2.4,2.8,-15.6
8,303.809,-41.5,-15.4,-21.5
8,305.469,-29.0,-35.6,-15.1
8,307.129,-9.1,-34.5,-8.6
8,308.789,11.4,-8.9,8.9
8,310.449,10.1,0.9,-4.3
8,312.109,-3.9,-6.4,-24.6
8,313.77,-36.6,-9.7,-14.5
8,315.43,-40.0,-8.0,-10.0
8,317.09,0.0,-29.8,-8.8
8,318.75,10.2,-22.7,-4.9
8,320.41,17.2,13.9,16.5
8,322.07,-9.7,-7.5,-26.7
8,323.73,-30.3,-18.6,-31.0
8,325.391,-34.4,-14.8,-2.1
8,327.051,-24.4,-17.7,-0.1
8,328.711,16.1,-11.9,-1.4
8,330.371,19.5,-3.1,1.2
8,332.031,6.2,13.1,2.4
8,333.691,-25.6,-13.9,-24.2
8,335.352,-29.9,-23.3,-20.4
8,337.012,-22.8,-22.6,-6.0
8,338.672,1.9,-4.2,0.5
8,340.332,2.8,-4.3,0.1
8,341.992,12.3,0.2,-6.7
8,343.652,-24.5,-0.9,-15.9
8,345.312,-27.5,-21.9,-19.2
8,346.973,-24.5,-27.3,-17.8
8,348.633,-10.2,-14.8,-4.1
8,350.293,14.5,5.7,3.8
8,351.953,17.0,1.7,-2.1
8,353.613,-0.1,-4.8,-9.9
8,355.273,-25.5,-10.9,-11.3
8,356.934,-26.6,-28.7,-26.3
8,358.594,-5.6,-8.4,-3.4
8,360.254,2.5,1.5,5.5
8,361.914,11.0,8.4,4.6
8,363.574,-3.9,-9.2,-17.0
8,365.234,-12.6,-13.6,-13.7
8,366.895,-25.8,-14.5,-2.4
8,368.555,-14.8,-18.5,-22.6
8,370.215,2.7,-3.2,-5.8
8,371.875,7.6,7.5,12.3
8,373.535,3.7,5.4,2.9
8,375.195,-14.3,-19.7,-18.4
8,376.855,-22.9,-23.7,-17.1
8,378.516,-27.3,-15.8,-12.2
8,380.176,-19.3,-6.7,-10.0
8,381.836,6.1,0.3,-1.8
8,383.496,4.6,5.4,1.2
8,385.156,-15.9,-22.1,-17.5
8,386.816,-17.8,-27.4,-21.0
8,388.477,-19.8,-29.0,-18.7
8,390.137,-6.6,3.0,-3.7
8,391.797,8.1,-1.0,-6.4
8,393.457,8.7,0.1,-4.5
8,395.117,-4.9,-5.1,-2.8
8,396.777,-21.9,-25.7,-15.1
8,398.438,-20.4,-29.0,-21.4
8,400.098,-4.7,0.0,-3.8
8,401.758,0.9,12.2,1.6
8,403.418,6.4,6.9,-5.9
8,405.078,-1.9,-9.3,-6.5
8,406.738,-15.8,-18.7,-6.0
8,408.398,-21.4,-25.8,-15.5
8,410.059,-4.6,-9.7,-9.8
8,411.719,7.0,12.7,0.5
8,413.379,2.1,11.5,-2.3
8,415.039,-2.9,-0.9,-7.5
8,416.699,-18.0,-22.7,-10.6
8,418.359,-19.8,-27.0,-16.2
8,420.02,-10.9,-15.0,-12.7
8,421.68,7.2,6.5,8.0
8,423.34,4.4,9.1,-2.2
8,425.0,-3.1,-1.4,-19.9
8,426.66,-23.4,-14.5,-4.4
8,428.32,-23.3,-23.6,-8.3
8,429.98,-19.0,-23.3,-18.7
8,431.641,-0.7,-13.9,-14.5
8,433.301,3.3,20.7,17.1
8,434.961,0.8,6.3,-11.3
8,436.621,-6.1,-14.0,-28.3
8,438.281,-28.7,-17.6,-2.4
8,439.941,-20.1,-16.6,-8.9
8,441.602,0.9,-14.0,-15.2
8,443.262,12.4,12.6,16.6
8,444.922,-1.1,20.0,8.2
8,446.582,-7.5,5.8,-9.0
8,448.242,-15.1,-32.7,-35.7
8,449.902,-19.8,1.4,-3.9
8,451.562,-7.9,0.0,-9.1
8,453.223,8.6,-0.4,-12.9
8,454.883,11.6,13.9,15.7
8,456.543,-24.4,-24.8,-29.5
8,458.203,-29.7,-33.9,-37.9
8,459.863,-31.4,-31.8,-18.1
8,461.523,-3.3,4.2,1.8
8,463.184,14.2,8.9,0.3
8,464.844,21.4,4.9,10.7
8,466.504,16.4,4.1,7.8
8,468.164,-26.4,-21.8,-25.5
8,469.824,-29.9,-28.8,-18.2
8,471.484,-18.7,-16.5,-5.9
8,473.145,8.6,9.9,7.7
8,474.805,17.5,19.8,6.9
8,476.465,6.1,-3.9,-2.7
8,478.125,-2.9,-12.4,-8.0
8,479.785,-37.2,-34.6,-22.5
8,481.445,-35.4,-31.4,-26.3
8,483.105,-15.6,-13.2,-16.6
8,484.766,15.3,25.2,12.0
8,486.426,20.0,13.8,7.0
8,488.086,8.5,-13.2,-9.7
8,489.746,-18.3,-30.4,-25.0
8,491.406,-43.0,-25.7,-21.6
8,493.066,-31.3,-15.7,-10.6
8,494.727,-3.2,-1.9,-2.3
8,496.387,24.7,23.0,7.1
8,498.047,10.6,3.9,5.4
8,499.707,-28.4,-37.2,-28.1
8,501.367,-33.9,-27.0,-22.8
8,503.027,-31.1,-21.6,-17.5
8,504.688,-5.5,7.9,0.5
8,506.348,17.5,16.0,-2.7
8,508.008,22.4,10.5,0.3
8,509.668,-19.0,-22.2,-11.9
8,511.328,-28.4,-33.6,-31.9
8,512.988,-28.8,-34.9,-32.3
8,514.648,-14.5,4.6,2.3
8,516.309,3.9,17.9,0.6
8,517.969,16.4,5.6,-6.1
8,519.629,-4.5,-8.8,0.4
8,521.289,-23.3,-16.5,-16.5
8,522.949,-21.3,-30.1,-31.4
8,524.609,-12.5,-17.2,-12.3
8,526.27,-10.5,13.6,9.2
8,527.93,12.2,-8.5,-17.4
8,529.59,-4.0,-14.6,-6.1
8,531.25,-7.6,-13.2,-1.1
8,532.91,-20.5,-6.5,5.1
8,534.57,-6.8,-22.2,-24.8
8,536.23,-1.4,-18.3,-20.2
8,537.891,0.1,13.0,6.6
8,539.551,-1.6,8.4,-5.1
8,541.211,-6.8,-16.1,-22.3
8,542.871,-9.7,-6.6,1.5
8,544.531,-9.2,-5.4,-4.1
8,546.191,-4.6,-13.0,-19.6
8,547.852,-2.4,-1.7,-6.1
8,549.512,-2.3,4.5,1.1
8,551.172,-11.2,-12.3,-16.0
8,552.832,-14.2,-16.9,-18.8
8,554.492,-7.5,-14.6,-3.6
8,556.152,-2.6,1.8,-1.9
8,557.812,1.5,0.6,-3.6
8,559.473,2.6,-10.7,-7.7
8,561.133,-9.6,-7.5,-12.4
8,562.793,-24.3,-7.2,-12.4
8,564.453,-21.7,-11.8,-13.6
8,566.113,-3.0,-17.2,-8.1
8,567.773,6.9,7.7,10.3
8,569.434,3.7,8.6,7.6
8,571.094,0.0,-13.0,-15.8
8,572.754,-24.1,-14.0,-18.0
8,574.414,-28.4,-5.2,-5.9
8,576.074,-24.5,-13.3,-5.8
8,577.734,1.3,-10.6,-5.7
8,579.395,11.0,10.7,6.5
8,581.055,-7.6,-13.1,-17.4
8,582.715,-11.1,-15.7,-21.7
8,584.375,-25.5,-9.0,-13.1
8,586.035,-21.0,-11.1,-7.3
8,587.695,-8.2,-11.2,-7.1
8,589.355,9.8,-0.9,3.7
8,591.016,6.7,2.8,-5.6
8,592.676,-0.6,-0.9,-11.3
8,594.336,-18.5,-10.0,-12.8
8,595.996,-22.9,-12.9,-8.0
8,597.656,-20.5,-20.7,-14.5
8,599.316,-1.2,-3.7,-1.3
8,600.977,6.7,4.5,3.4
8,602.637,5.5,-1.1,-8.0
8,604.297,-14.0,-6.3,-7.6
8,605.957,-22.6,-20.9,-19.1
8,607.617,-17.3,-24.2,-21.3
8,609.277,-5.6,-7.6,-2.0
8,610.938,0.7,7.6,8.8
8,612.598,4.5,-1.2,-13.1
8,614.258,-3.3,-6.3,-14.1
8,615.918,-13.3,-7.5,-1.9
8,617.578,-15.6,-16.6,-13.3
8,619.238,-11.9,-21.0,-18.5
8,620.898,-6.4,-2.3,-2.5
8,622.559,-2.7,10.3,-0.9
8,624.219,0.0,4.0,-8.8
8,625.879,-0.5,-8.3,4.1
8,627.539,-16.2,-14.2,-10.1
8,629.199,-21.1,-20.0,-23.4
8,630.859,-15.2,-13.7,-15.0
8,632.52,-7.3,4.3,1.1
8,634.18,2.2,5.9,-4.9
8,635.84,5.9,-6.8,-8.7
8,637.5,-5.8,-12.0,0.8
8,639.16,-23.6,-9.5,-15.5
8,640.82,-26.5,-11.5,-17.2
8,642.48,-1.4,5.3,-0.7
8,644.141,1.0,9.3,0.4
8,645.801,4.4,-5.5,-0.5
8,647.461,0.1,-20.2,-5.1
8,649.121,-2.7,-18.1,-6.5
8,650.781,-22.7,-6.2,-15.7
8,652.441,-22.9,-5.4,-20.7
8,654.102,-5.8,-1.7,-8.9
8,655.762,1.2,-1.2,-0.1
8,657.422,7.2,-18.0,-3.0
8,659.082,-0.7,-14.0,-6.9
8,660.742,-6.8,-9.4,-10.4
8,662.402,-23.0,2.4,-18.5
8,664.062,-24.6,1.3,-18.1
8,665.723,-4.0,-8.4,-1.4
8,667.383,6.4,-10.8,2.3
8,669.043,3.1,-11.2,-4.5
8,670.703,-6.9,-10.8,-6.8
8,672.363,-13.4,-1.2,-11.3
8,674.023,-24.0,1.9,-19.7
8,675.684,-9.4,0.7,-1.3
8,677.344,8.1,-22.3,-8.7
8,679.004,3.8,-15.5,-7.1
8,680.664,2.5,-10.9,-5.0
8,682.324,-20.0,3.4,-18.4
8,683.984,-12.6,-6.1,-26.1
8,685.645,-9.7,-4.5,-17.9
8,687.305,1.3,-7.3,4.2
8,688.965,-0.2,-19.9,-15.2
8,690.625,-4.1,-9.7,-4.1
8,692.285,-21.4,11.9,-11.6
8,693.945,-19.5,2.8,-25.3
8,695.605,-0.6,-13.8,-11.2
8,697.266,3.8,-5.0,14.3
8,698.926,-1.0,-8.9,2.1
8,700.586,-3.2,-30.6,-30.6
8,702.246,-14.0,-3.2,-5.9
8,703.906,-17.8,19.4,1.4
8,705.566,7.7,-21.1,-17.2
8,707.227,7.7,-20.3,-17.5
8,708.887,-7.3,-1.3,3.9
8,710.547,-16.7,-22.2,-30.2
8,712.207,-9.8,-21.7,-22.5
8,713.867,-5.2,11.8,9.0
8,715.527,-0.6,5.9,-7.6
8,717.188,0.5,-12.3,-17.9
8,718.848,-3.4,-16.2,-5.3
8,720.508,-15.8,-10.2,-12.9
8,722.168,-18.9,-16.5,-25.2
8,723.828,-6.4,-6.5,-8.7
8,725.488,7.1,9.9,6.0
8,727.148,6.9,6.1,-4.2
8,728.809,-13.1,-20.1,-14.7
8,730.469,-21.5,-18.4,-13.6
8,732.129,-20.5,-6.7,-11.2
8,733.789,-19.5,-4.9,-9.5
8,735.449,13.7,-2.5,-0.1
8,737.109,6.1,8.1,2.1
8,738.77,-16.0,-13.7,-15.0
8,740.43,-23.8,-27.3,-24.0
8,742.09,-22.6,-11.2,-13.1
8,743.75,-6.6,4.1,5.2
8,745.41,25.3,-0.2,-4.5
8,747.07,7.4,-2.5,-10.9
8,748.73,-11.1,2.1,-9.5
8,750.391,-37.1,-20.5,-19.5
8,752.051,-12.5,-18.4,-15.7
8,753.711,1.7,-2.0,0.6
8,755.371,21.3,10.8,14.6
8,757.031,11.9,0.2,-6.1
8,758.691,-11.4,-13.3,-26.1
8,760.352,-35.1,-18.0,-19.9
8,762.012,-32.3,-18.5,-12.5
8,763.672,25.0,3.1,5.6
8,765.332,27.4,8.5,7.9
8,766.992,3.1,11.4,0.9
8,768.652,-24.7,-18.6,-32.4
8,770.312,-32.6,-36.8,-36.0
8,771.973,-26.9,-13.8,-7.0
8,773.633,-20.2,-0.3,-2.1
8,775.293,33.8,7.0,9.9
8,776.953,24.8,9.7,8.0
8,778.613,-31.6,-4.2,-17.8
8,780.273,-39.9,-43.3,-43.9
8,781.934,-31.8,-35.5,-26.2
8,783.594,24.1,22.0,18.2
8,785.254,29.5,6.5,-1.7
8,786.914,28.7,5.5,-1.8
8,788.574,-5.3,-2.1,-8.6
8,790.234,-40.6,-34.4,-33.9
8,791.895,-28.4,-33.5,-30.0
8,793.555,-14.1,-12.0,-4.1
8,795.215,33.5,27.4,14.9
8,796.875,6.1,-7.6,-18.8
8,798.535,-35.2,-28.7,-16.3
8,800.195,-36.0,-27.6,-17.6
8,801.855,-36.5,-31.8,-23.4
8,803.516,-8.2,-12.4,-11.6
8,805.176,18.1,14.7,10.1
8,806.836,20.0,26.8,14.4
8,808.496,-3.7,-3.5,-11.1
8,810.156,-25.3,-40.6,-29.3
8,811.816,-30.2,-25.9,-18.6
8,813.477,-28.7,-18.5,-14.2
8,815.137,18.7,17.7,5.4
8,816.797,22.2,16.3,8.5
8,818.457,-7.7,1.9,-6.9
8,820.117,-30.9,-28.0,-24.1
8,821.777,-22.2,-39.7,-18.3
8,823.438,-11.8,-18.4,-6.7
8,825.098,6.1,19.0,5.2
8,826.758,9.8,8.6,-6.6
8,828.418,3.1,3.1,-6.1
8,830.078,-27.4,-30.2,-16.0
8,831.738,-15.2,-34.2,-16.0
8,833.398,-0.4,-0.9,4.4
8,835.059,8.3,23.6,7.4
8,836.719,7.5,22.0,-10.3
8,838.379,-5.2,-4.2,-10.2
8,840.039,-16.3,-22.4,-11.1
8,841.699,-22.8,-39.6,-15.5
8,843.359,-7.7,-9.1,-7.2
8,845.02,2.6,14.3,-0.4
8,846.68,4.3,19.1,-9.3
8,848.34,-2.9,5.6,-8.0
8,850.0,-11.7,-16.0,-4.9
8,851.66,-9.1,-32.5,-14.1
8,853.32,-7.8,-26.8,-11.5
8,854.98,-7.5,14.0,0.6
8,856.641,-4.6,16.8,-6.1
8,858.301,-9.6,-2.0,-7.4
8,859.961,-7.3,-11.5,1.3
8,861.621,-11.1,-20.1,-1.9
8,863.281,-3.7,-21.2,-12.2
8,864.941,-12.6,7.4,5.1
8,866.602,-13.3,14.8,-5.6
8,868.262,-4.3,-9.7,-16.2
8,869.922,1.0,-4.8,11.9
8,871.582,0.0,-8.8,4.8
8,873.242,-2.0,-27.6,-22.0
8,874.902,-17.1,-2.0,-3.7
8,876.562,-20.8,11.2,-4.6
8,878.223,2.1,-10.9,-13.4
8,879.883,3.1,-9.9,-12.3
8,881.543,5.9,-2.4,12.4
8,883.203,-8.3,-19.1,-21.0
8,884.863,-11.8,-23.1,-21.2
8,886.523,-21.7,-2.6,-5.9
8,888.184,-10.7,5.5,-9.3
8,889.844,6.7,-8.3,-2.7
8,891.504,6.5,-5.9,6.4
8,893.164,-19.1,-15.5,-16.9
8,894.824,-19.8,-17.0,-18.3
8,896.484,-13.2,4.6,-7.7
8,898.145,-5.5,9.4,-7.6
8,899.805,9.6,1.5,1.3
8,901.465,8.6,-7.8,-0.5
8,903.125,-10.7,-14.4,-11.5
8,904.785,-30.1,-10.9,-18.5
8,906.445,-17.2,-6.7,-13.2
8,908.105,0.5,1.7,-4.6
8,909.766,8.3,5.6,1.0
8,911.426,3.1,-12.5,-7.4
8,913.086,-1.0,-18.1,-8.4
8,914.746,-28.0,-14.4,-17.4
8,916.406,-23.2,-3.3,-10.9
8,918.066,-4.7,-0.2,-7.8
8,919.727,13.9,3.2,2.2
8,921.387,3.2,-2.9,-4.0
8,923.047,-19.5,-22.6,-16.7
8,924.707,-27.3,-24.3,-22.1
8,926.367,-17.7,-7.0,-14.3
8,928.027,6.0,14.4,11.3
8,929.688,10.1,-6.8,-11.8
8,931.348,-19.3,-21.5,-11.0
8,933.008,-15.8,-21.5,-10.9
8,934.668,-16.6,-16.3,-25.3
8,936.328,4.5,7.2,0.1
8,937.988,9.6,27.0,19.1
8,939.648,10.5,24.4,15.4
8,941.309,-8.0,-37.5,-26.9
8,942.969,-30.3,-25.7,-11.4
8,944.629,-22.4,-7.0,-16.9
8,946.289,5.0,-5.5,-17.9
8,947.949,17.2,29.1,24.3
8,949.609,6.7,21.3,7.5
8,951.27,-23.0,-42.4,-32.5
8,952.93,-29.1,-34.3,-11.1
8,954.59,-12.4,2.5,-6.9
8,956.25,-0.3,0.9,-15.1
8,957.91,20.5,6.0,0.7
8,959.57,5.0,18.8,18.8
8,961.23,-13.5,-18.0,-21.0
8,962.891,-27.5,-35.9,-23.3
8,964.551,-22.7,-17.0,-2.4
8,966.211,3.1,7.4,-8.3
8,967.871,4.8,6.1,-9.8
8,969.531,1.7,6.3,1.8
8,971.191,-14.5,-10.1,-9.7
8,972.852,-22.3,-26.8,-21.4
8,974.512,-10.5,-18.9,-6.6
8,976.172,-5.1,-0.4,-4.1
8,977.832,-0.2,13.4,-2.3
8,979.492,2.8,12.3,2.3
8,981.152,-0.2,-12.9,-11.9
8,982.812,-18.6,-17.4,-11.5
8,984.473,-20.0,-14.2,-9.8
8,986.133,-0.9,-4.5,-3.1
8,987.793,0.4,2.1,-2.4
8,989.453,-2.1,4.8,-8.1
8,991.113,-3.8,-13.3,-19.3
8,992.773,-7.8,-5.8,-3.0
8,994.434,-4.1,-16.9,-1.2
8,996.094,-3.1,-20.4,-14.9
8,997.754,-8.5,-5.4,-13.0
8,999.414,-16.1,7.6,-7.1
8,1001.074,-11.0,-1.2,-12.4
8,1002.734,-8.6,-11.3,-15.9
8,1004.395,3.7,-3.4,3.8
8,1006.055,-1.2,-10.1,-3.9
8,1007.715,-10.1,-8.6,-13.2
8,1009.375,-17.9,-2.4,-14.0
8,1011.035,-17.0,-2.2,-13.7
8,1012.695,-5.2,-1.4,-10.9
8,1014.355,3.5,-4.0,-1.0
8,1016.016,1.7,-12.1,2.0
8,1017.676,-9.9,-8.9,-6.4
8,1019.336,-18.1,-13.1,-22.7
8,1020.996,-15.4,-2.4,-13.7
8,1022.656,-5.3,1.2,-2.4
8,1024.316,13.9,-15.9,0.0
8,1025.977,7.7,-14.7,0.2
8,1027.637,-6.3,-1.2,-2.8
8,1029.297,-19.2,-6.8,-21.2
8,1030.957,-20.3,-8.3,-20.1
8,1032.617,-6.4,3.9,3.6
8,1034.277,7.8,2.0,8.9
8,1035.938,13.3,-14.9,-2.0
8,1037.598,-6.6,-0.7,-2.9
8,1039.258,-15.5,0.1,-10.7
8,1040.918,-23.1,-9.3,-29.2
8,1042.578,-19.0,-11.6,-20.6
8,1044.238,2.1,-0.1,14.2
8,1045.898,5.3,-8.8,-0.4
8,1047.559,-1.4,-14.0,-10.4
8,1049.219,-3.6,-10.9,-5.7
8,1050.879,-23.2,-1.4,-20.4
8,1052.539,-16.2,-6.7,-22.3
8,1054.199,-5.4,-11.2,-7.5
8,1055.859,1.6,-4.9,8.5
8,1057.52,2.4,-10.0,-10.1
8,1059.18,-4.1,-6.7,-13.2
8,1060.84,-13.5,2.3,-11.7
8,1062.5,-17.2,-3.8,-11.7
8,1064.16,0.3,-10.9,0.0
8,1065.82,1.5,-8.4,2.6
8,1067.48,-0.9,-2.9,-3.9
8,1069.141,-4.5,-13.8,-17.6
8,1070.801,-6.9,-9.1,-13.2
8,1072.461,-10.7,-0.5,-10.7
8,1074.121,-12.4,-2.2,-8.8
8,1075.781,-7.6,-13.8,-7.9
8,1077.441,-4.5,-6.2,-1.7
8,1079.102,-4.7,-8.3,-14.5
8,1080.762,-3.2,-7.3,-15.1
8,1082.422,-3.2,1.1,-2.9
8,1084.082,-13.1,-9.3,-10.5
8,1085.742,-11.7,-11.2,-10.1
8,1087.402,-10.4,-9.7,-3.2
8,1089.062,-8.4,-14.0,-10.6
8,1090.723,4.8,0.1,0.1
8,1092.383,5.7,2.7,1.1
8,1094.043,-12.2,-8.2,-18.3
8,1095.703,-21.6,-12.0,-5.5
8,1097.363,-20.7,-12.2,-1.2
8,1099.023,-3.0,-16.4,-16.6
8,1100.684,7.8,7.6,9.8
8,1102.344,2.1,9.6,6.5
8,1104.004,-3.7,2.5,-11.2
8,1105.664,-23.7,-10.3,-1.8
8,1107.324,-22.6,-11.9,-3.0
8,1108.984,6.3,-23.7,-15.8
8,1110.645,12.0,-21.0,-14.0
8,1112.305,13.2,16.9,17.5
8,1113.965,-13.2,-4.1,-27.2
8,1115.625,-26.8,-19.3,-8.8
8,1117.285,-14.2,-5.6,5.1
8,1118.945,7.9,-15.9,-15.3
8,1120.605,19.9,-13.9,-11.1
8,1122.266,3.8,15.4,14.6
8,1123.926,-19.7,4.5,-18.4
8,1125.586,-22.1,-22.8,-35.2
8,1127.246,-18.5,-21.9,-7.8
8,1128.906,-6.9,-0.6,6.6
8,1130.566,9.0,-6.8,-12.7
8,1132.227,5.1,2.2,-1.1
8,1133.887,-9.3,8.7,-6.2
8,1135.547,-26.0,-14.5,-18.5
8,1137.207,-5.7,-16.0,-4.1
8,1138.867,6.3,-10.0,1.4
8,1140.527,7.3,-3.9,-1.2
8,1142.188,0.0,-3.1,-5.4
8,1143.848,-13.6,-1.9,-11.2
8,1145.508,-22.8,-6.0,-16.2
8,1147.168,-18.7,-8.0,-13.0
8,1148.828,11.3,-12.4,3.0
8,1150.488,-6.3,1.2,-5.5
8,1152.148,-8.3,2.0,-7.6
8,1153.809,-12.8,-7.7,-20.1
8,1155.469,-12.1,-6.4,-8.8
8,1157.129,-6.2,-4.5,-2.0
8,1158.789,3.9,-7.9,2.3
8,1160.449,-3.8,-4.0,-11.1
8,1162.109,-20.4,1.7,-12.5
8,1163.77,-20.8,-8.7,-18.4
8,1165.43,-5.0,-2.4,-7.4
8,1167.09,0.2,0.4,-2.6
8,1168.75,3.5,-12.7,-7.2
8,1170.41,-12.4,-11.3,-23.9
8,1172.07,-21.7,-9.5,-21.7
8,1173.73,-21.6,-7.4,-13.1
8,1175.391,1.8,-14.7,-33.6
8,1177.051,17.7,-45.2,-65.1
8,1178.711,3.1,-43.7,-67.2
8,1180.371,-28.3,-53.8,-115.5
8,1182.031,-26.9,-46.7,-114.3
8,1183.691,-18.0,-32.1,-87.0
8,1185.352,2.7,-18.8,-60.4
8,1187.012,23.8,-31.2,-74.2
8,1188.672,-3.1,-27.4,-59.1
8,1190.332,-31.6,-19.4,-52.5
8,1191.992,-33.3,-38.0,-62.2
8,1193.652,-4.8,-5.9,-12.3
8,1195.312,21.6,3.3,-9.2
8,1196.973,23.4,-3.5,-18.1
8,1198.633,-5.4,-22.2,-28.5
8,1200.293,-31.0,-9.9,-17.2
8,1201.953,-24.6,-27.3,-33.3
8,1203.613,-12.6,-20.0,-21.6
8,1205.273,22.2,23.8,17.2
8,1206.934,20.5,-1.3,-13.4
8,1208.594,-20.3,-28.6,-28.0
8,1210.254,-34.9,-24.7,-21.6
8,1211.914,-22.9,-11.2,-22.5
8,1213.574,-5.3,-7.7,-19.0
8,1215.234,23.7,7.4,6.6
8,1216.895,10.2,3.7,-6.5
8,1218.555,-22.6,-19.6,-26.8
8,1220.215,-32.7,-25.6,-20.8
8,1221.875,-17.7,-5.8,-7.7
8,1223.535,9.1,6.8,0.2
8,1225.195,26.8,1.6,0.0
8,1226.855,23.5,0.3,0.5
8,1228.516,-31.8,-12.2,-22.3
8,1230.176,-31.3,-27.9,-25.9
8,1231.836,-6.2,-13.2,-5.6
8,1233.496,8.5,9.8,0.7
8,1235.156,13.3,-3.6,-12.3
8,1236.816,-13.7,-9.4,-17.4
8,1238.477,-27.0,-6.3,-8.3
8,1240.137,-21.9,-15.3,-15.9
8,1241.797,-2.6,-11.6,-11.6
8,1243.457,7.4,4.8,1.2
8,1245.117,4.4,-1.5,-5.4
8,1246.777,-9.8,-11.2,-21.1
8,1248.438,-19.7,-4.7,-8.1
8,1250.098,-4.3,-14.3,-8.0
8,1251.758,2.3,-13.0,-8.0
8,1253.418,11.6,-6.0,1.2
8,1255.078,-1.2,-6.7,-12.5
8,1256.738,-16.2,-8.0,-22.1
8,1258.398,-18.1,-5.0,-10.1
8,1260.059,-6.9,-6.6,-1.2
8,1261.719,10.2,-9.4,-13.2
8,1263.379,7.7,-7.3,-1.7
8,1265.039,-4.2,-10.1,-17.4
8,1266.699,-24.6,-1.3,-16.4
8,1268.359,-20.0,-2.2,-9.3
8,1270.02,-16.6,-6.6,-10.2
8,1271.68,13.0,-2.6,10.0
8,1273.34,11.2,-4.1,11.6
8,1275.0,-14.7,-13.4,-29.8
8,1276.66,-21.9,-4.0,-13.7
8,1278.32,-21.5,-2.9,-11.6
8,1279.98,-5.3,-2.9,3.8
8,1281.641,11.7,-15.0,-4.9
8,1283.301,-5.5,-3.0,-3.7
8,1284.961,-18.9,-7.2,-24.7
8,1286.621,-22.8,-12.2,-27.3
8,1288.281,-12.8,-2.7,-2.8
8,1289.941,-3.9,1.1,6.5
8,1291.602,5.1,-15.7,-9.3
8,1293.262,4.3,-7.7,-3.1
8,1294.922,-12.6,3.9,-12.0
8,1296.582,-20.3,-1.8,-16.8
8,1298.242,-16.5,-10.0,-14.3
8,1299.902,-4.6,-10.0,0.0
8,1301.562,3.6,-17.2,-9.2
8,1303.223,5.2,-16.6,-12.8
8,1304.883,-5.8,5.3,-9.2
8,1306.543,-20.4,13.0,-11.6
8,1308.203,-21.7,-2.5,-11.0
8,1309.863,-3.3,-14.2,-2.4
8,1311.523,3.9,-18.9,-3.6
8,1313.184,1.1,-14.3,-9.0
8,1314.844,-2.1,-0.4,-10.4
8,1316.504,-9.5,9.9,-7.8
8,1318.164,-15.9,9.7,-9.0
8,1319.824,-1.8,-20.7,-5.8
8,1321.484,-1.5,-21.9,-7.4
8,1323.145,-1.4,1.1,-5.5
8,1324.805,-0.6,6.7,-2.8
8,1326.465,-2.8,9.1,-5.9
8,1328.125,-15.1,-3.6,-15.6
8,1329.785,-4.4,-20.8,-3.1
8,1331.445,-5.2,-21.9,-0.9
8,1333.105,-4.9,-16.0,-10.1
8,1334.766,-0.7,1.8,-4.2
8,1336.426,-11.5,9.2,-10.0
8,1338.086,-12.2,-0.3,-18.0
8,1339.746,-10.9,-19.5,-18.1
8,1341.406,-10.3,-13.7,6.6
8,1343.066,-2.6,-12.9,-15.6
8,1344.727,0.7,-4.6,-7.4
8,1346.387,-14.4,11.2,4.5
8,1348.047,-14.5,-0.7,-17.3
8,1349.707,-4.2,-22.3,-24.7
8,1351.367,-8.4,-4.8,12.1
8,1353.027,-6.0,0.0,-3.7
8,1354.688,-2.2,-16.5,-21.9
8,1356.348,-9.5,0.5,5.2
8,1358.008,-16.0,0.3,-11.2
8,1359.668,-1.0,-24.7,-23.0
8,1361.328,3.0,2.7,14.7
8,1362.988,-3.5,-1.5,-12.5
8,1364.648,-9.0,-25.7,-30.7
8,1366.309,-22.0,-7.0,0.0
8,1367.969,-12.3,-2.2,-6.7
8,1369.629,9.5,-12.9,-14.1
8,1371.289,9.5,2.4,7.8
8,1372.949,-2.0,14.0,9.5
8,1374.609,-15.3,-25.4,-27.7
8,1376.27,-20.8,-31.5,-22.4
8,1377.93,-7.5,-5.4,-4.7
8,1379.59,1.9,4.0,-8.9
8,1381.25,8.5,5.8,0.7
8,1382.91,1.6,6.6,-2.1
8,1384.57,-21.2,-19.3,-20.0
8,1386.23,-19.6,-31.5,-16.9
8,1387.891,-12.6,-27.0,-11.4
8,1389.551,-0.5,9.9,-3.4
8,1391.211,11.8,6.9,-1.4
8,1392.871,7.5,2.6,-4.3
8,1394.531,-26.4,-25.5,-16.0
8,1396.191,-19.7,-32.7,-18.1
8,1397.852,-7.4,-19.0,-13.9
8,1399.512,3.8,23.2,5.7
8,1401.172,7.8,27.0,2.4
8,1402.832,5.6,-6.2,-11.4
8,1404.492,-11.1,-29.5,-20.2
8,1406.152,-23.3,-26.4,-9.2
8,1407.812,-16.9,-20.6,-13.0
8,1409.473,1.4,-5.2,-13.7
8,1411.133,9.0,24.9,4.1
8,1412.793,7.0,20.0,5.9
8,1414.453,-10.5,-19.9,-18.0
8,1416.113,-15.0,-24.0,-6.4
8,1417.773,-11.6,-17.5,-2.1
8,1419.434,-1.6,11.4,-6.6
8,1421.094,5.8,16.6,-7.8
8,1422.754,4.5,7.7,-5.3
8,1424.414,-15.0,-15.8,-6.8
8,1426.074,-14.7,-35.6,-19.4
8,1427.734,-6.1,-13.0,-2.4
8,1429.395,-2.7,20.7,3.2
8,1431.055,6.4,6.4,-15.1
8,1432.715,1.7,-5.7,-16.9
8,1434.375,-16.2,-9.9,-1.2
8,1436.035,-13.5,-29.9,-18.4
8,1437.695,-8.1,-23.6,-17.3
8,1439.355,-6.1,20.3,7.7
8,1441.016,2.2,20.5,0.5
8,1442.676,-3.9,-22.1,-20.7
8,1444.336,-9.3,-21.4,-1.3
8,1445.996,-14.5,-22.1,-8.5
8,1447.656,-6.8,-6.0,-8.4
8,1449.316,-2.8,15.0,4.5
8,1450.977,7.2,15.2,3.2
8,1452.637,2.5,-9.6,-16.0
8,1454.297,-17.1,-24.2,-6.8
8,1455.957,-15.7,-21.8,-9.5
8,1457.617,-17.4,-12.8,-14.3
8,1459.277,10.7,15.3,5.9
8,1460.938,15.4,11.3,4.3
8,1462.598,12.2,9.3,0.5
8,1464.258,-25.1,-33.8,-20.4
8,1465.918,-28.3,-26.5,-12.4
8,1467.578,-17.2,5.3,-0.1
8,1469.238,1.8,14.3,1.8
8,1470.898,24.3,9.6,2.1
8,1472.559,20.5,7.6,0.2
8,1474.219,-29.2,-32.5,-21.9
8,1475.879,-31.9,-36.3,-23.0
8,1477.539,-30.7,-18.4,-19.8
8,1479.199,5.6,22.0,8.5
8,1480.859,24.7,16.4,2.7
8,1482.52,21.1,0.5,-3.0
8,1484.18,-16.5,-16.1,-11.0
8,1485.84,-25.6,-21.8,-17.1
8,1487.5,-46.4,-39.9,-32.4
8,1489.16,-19.8,-8.0,-10.4
8,1490.82,33.9,26.1,13.5
8,1492.48,31.9,11.9,6.9
8,1494.141,5.8,-5.6,-4.3
8,1495.801,-44.4,-35.2,-31.1
8,1497.461,-55.2,-35.8,-33.6
8,1499.121,-26.5,-11.5,-6.6
8,1500.781,32.0,22.1,11.0
8,1502.441,46.3,24.4,11.0
8,1504.102,-37.3,-32.5,-23.6
8,1505.762,-57.1,-48.1,-38.1
8,1507.422,-52.0,-43.6,-32.1
8,1509.082,-2.3,4.5,12.0
8,1510.742,34.5,25.1,14.7
8,1512.402,11.9,7.2,1.3
8,1514.062,-16.2,-7.2,-2.5
8,1515.723,-41.5,-27.6,-22.4
8,1517.383,-33.6,-36.7,-20.0
8,1519.043,-6.6,-6.1,6.5
8,1520.703,37.6,32.6,6.2
8,1522.363,33.1,15.9,-9.4
8,1524.023,-3.7,-4.8,-6.6
8,1525.684,-54.2,-42.3,-27.6
8,1527.344,-55.2,-46.9,-35.6
8,1529.004,-3.1,-12.1,-0.5
8,1530.664,32.4,39.3,20.4
8,1532.324,21.1,15.5,-12.2
8,1533.984,7.8,-1.4,-18.7
8,1535.645,-49.8,-30.3,-16.7
8,1537.305,-39.2,-35.0,-22.2
8,1538.965,11.1,-15.0,1.5
8,1540.625,34.6,33.3,22.6
8,1542.285,14.2,29.7,-3.8
8,1543.945,-22.4,-15.1,-30.5
8,1545.605,-41.7,-41.9,-26.9
8,1547.266,-32.7,-32.8,-10.5
8,1548.926,14.8,-6.1,4.7
8,1550.586,30.3,23.6,2.0
8,1552.246,14.9,27.3,-4.3
8,1553.906,-25.1,3.3,-22.1
8,1555.566,-34.0,-41.6,-13.1
8,1557.227,9.2,-10.6,4.4
8,1558.887,8.7,-10.7,4.0
8,1560.547,26.8,18.6,2.3
8,1562.207,-1.6,12.2,-17.2
8,1563.867,-20.7,1.2,-22.5
8,1565.527,-45.6,-27.0,-22.1
8,1567.188,-5.0,-30.5,0.0
8,1568.848,16.5,-0.7,8.5
8,1570.508,17.7,19.4,0.7
8,1572.168,-13.0,0.0,-26.3
8,1573.828,-40.5,-23.9,-26.4
8,1575.488,-31.1,-25.0,-9.6
8,1577.148,5.7,-11.4,10.0
8,1578.809,23.8,3.8,3.9
8,1580.469,18.4,10.5,-6.4
8,1582.129,-9.5,7.2,-10.4
8,1583.789,-34.2,-14.4,-27.1
8,1585.449,-19.2,-27.0,-6.6
8,1587.109,-19.3,-26.6,-6.5
8,1588.77,10.9,0.1,12.0
8,1590.43,15.6,3.1,-13.1
8,1592.09,-12.3,4.9,-3.4
8,1593.75,-31.9,-13.2,-19.7
8,1595.41,-25.3,-22.7,-27.3
8,1597.07,-8.0,-14.2,0.0
8,1598.73,0.0,5.6,22.0
8,1600.391,16.4,-11.1,-23.8
8,1602.051,6.6,-17.3,-20.5
8,1603.711,-20.7,3.5,3.1
8,1605.371,-23.4,-19.5,-26.5
8,1607.031,-6.5,-29.5,-21.0
8,1608.691,1.8,15.0,17.9
8,1610.352,5.9,4.0,-7.4
8,1612.012,1.2,-20.6,-16.7
8,1613.672,-14.8,-5.9,3.5
8,1615.332,-24.0,-1.9,-6.3
8,1616.992,-8.6,-16.3,-18.2
8,1618.652,4.0,9.0,10.3
8,1620.312,0.3,6.1,-1.3
8,1621.973,-4.6,-16.4,-12.7
8,1623.633,-5.5,-12.3,0.0
8,1625.293,-18.5,-10.2,-19.7
8,1626.953,-20.3,-10.5,-21.2
8,1628.613,-9.9,-4.0,-9.7
8,1630.273,7.6,3.2,5.3
8,1631.934,7.3,0.4,3.6
8,1633.594,-0.2,-16.1,-6.2
8,1635.254,-13.2,-22.2,-17.8
8,1636.914,-29.5,-4.3,-15.6
8,1638.574,-28.0,-1.5,-12.7
8,1640.234,-0.5,-6.1,-9.3
8,1641.895,12.2,6.2,8.0
8,1643.555,0.0,-7.0,-0.5
8,1645.215,-9.6,-25.9,-21.0
8,1646.875,-21.9,-21.4,-25.7
8,1648.535,-30.9,-3.4,-17.0
8,1650.195,-9.9,2.0,-4.2
8,1651.855,13.0,2.3,3.0
8,1653.516,7.5,2.7,6.7
8,1655.176,-9.8,-24.9,-15.0
8,1656.836,-21.7,-16.4,-23.8
8,1658.496,-18.1,5.5,-9.7
8,1660.156,3.9,4.4,1.6
8,1661.816,4.6,3.2,2.6
8,1663.477,7.7,-13.7,-6.7
8,1665.137,-6.7,-16.6,-12.5
8,1666.797,-25.4,-15.1,-18.1
8,1668.457,-15.7,-2.0,-9.1
8,1670.117,3.0,7.5,0.1
8,1671.777,2.6,-4.6,-5.2
8,1673.438,-10.2,-24.1,-15.9
8,1675.098,-13.7,-25.7,-14.2
8,1676.758,-16.5,-5.9,-5.9
8,1678.418,-2.2,3.6,-6.0
8,1680.078,3.9,6.8,-4.8
8,1681.738,-1.0,5.2,-2.8
8,1683.398,-15.8,-14.0,-9.9
8,1685.059,-12.5,-32.1,-23.5
8,1686.719,2.2,10.0,8.1
8,1688.379,6.2,16.6,11.1
8,1690.039,10.9,12.8,-6.2
8,1691.699,-11.8,-4.4,-14.3
8,1693.359,-27.6,-23.0,-13.4
8,1695.02,-21.6,-29.6,-19.0
8,1696.68,4.2,-4.1,0.0
8,1698.34,19.8,21.9,17.8
10,0.0,-2.8,-26.6,-33.9
10,1.66,-5.1,7.2,0.7
10,3.32,-26.9,-41.2,-21.1
10,4.98,-13.7,-23.2,-12.4
10,6.641,-11.6,-18.3,-7.9
10,8.301,0.8,-2.0,2.3
10,9.961,9.6,23.8,-6.1
10,11.621,3.8,17.0,-10.0
10,13.281,-12.1,-13.4,-10.5
10,14.941,-19.9,-26.0,-7.9
10,16.602,-24.6,-33.8,-10.7
10,18.262,5.1,-3.6,-7.9
10,19.922,10.5,17.4,4.3
10,21.582,4.2,27.7,1.7
10,23.242,-8.7,3.0,-15.5
10,24.902,-12.6,-25.2,-20.0
10,26.562,-19.3,-20.7,3.4
10,28.223,-15.5,-18.5,3.3
10,29.883,6.9,-9.4,-16.9
10,31.543,1.1,19.2,-0.5
10,33.203,-8.5,22.0,0.5
10,34.863,-8.7,-27.9,-16.7
10,36.523,-11.5,-35.6,-11.4
10,38.184,-16.0,-15.5,3.6
10,39.844,-9.2,-4.6,-1.7
10,41.504,1.4,-6.4,-15.7
10,43.164,-7.5,12.1,-1.1
10,44.824,-5.9,10.2,-3.1
10,46.484,-7.1,-22.3,-19.1
10,48.145,-11.5,-22.5,-5.1
10,49.805,-8.0,-4.5,0.6
10,51.465,2.1,-3.8,1.3
10,53.125,-4.0,0.2,-10.2
10,54.785,-8.9,0.6,-11.7
10,56.445,-14.3,-11.5,-4.0
10,58.105,-9.3,-10.3,0.7
10,59.766,5.0,-8.6,0.3
10,61.426,4.8,-11.9,-11.7
10,63.086,-7.8,3.4,-7.7
10,64.746,-17.0,-2.7,-10.3
10,66.406,-13.1,-27.2,-25.7
10,68.066,-10.6,-19.7,-14.3
10,69.727,-3.6,1.4,6.6
10,71.387,6.3,1.7,2.2
10,73.047,9.6,-10.6,-12.9
10,74.707,-15.8,3.9,3.9
10,76.367,-19.0,-16.2,-16.6
10,78.027,-17.4,-28.4,-29.1
10,79.688,-7.9,3.9,8.3
10,81.348,15.0,-3.5,-6.3
10,83.008,14.1,-8.6,-8.5
10,84.668,-2.5,1.0,5.5
10,86.328,-20.6,-5.7,-7.0
10,87.988,-25.0,-26.3,-33.7
10,89.648,-12.7,-13.1,-13.2
10,91.309,8.1,11.6,14.9
10,92.969,14.6,7.9,7.1
10,94.629,9.1,-4.3,-7.4
10,96.289,-10.6,-14.5,-12.5
10,97.949,-30.8,-21.3,-23.1
10,99.609,-32.0,-19.9,-19.9
10,101.27,5.5,-4.0,-1.0
10,102.93,18.9,16.0,11.7
10,104.59,15.1,18.9,14.1
10,106.25,-6.3,-21.0,-18.7
10,107.91,-21.7,-34.6,-30.3
10,109.57,-33.4,-10.6,-8.8
10,111.23,-22.1,-2.8,-2.8
10,112.891,19.1,-7.0,-3.3
10,114.551,11.5,21.6,21.3
10,116.211,7.7,20.6,21.3
10,117.871,-23.5,-42.8,-39.3
10,119.531,-23.3,-33.1,-26.4
10,121.191,-16.8,6.0,13.3
10,122.852,12.0,-7.8,-17.0
10,124.512,12.9,-7.2,-13.3
10,126.172,3.1,11.5,15.1
10,127.832,-20.2,-14.0,-19.9
10,129.492,-24.1,-37.8,-31.9
10,131.152,-15.4,-19.2,-3.3
10,132.812,3.6,4.0,-11.9
10,134.473,8.1,-4.1,-14.6
10,136.133,6.8,-3.1,-3.5
10,137.793,-8.8,1.1,6.1
10,139.453,-17.0,-10.2,-11.2
10,141.113,-10.8,-29.5,-22.3
10,142.773,-0.1,4.5,7.0
10,144.434,-1.2,10.3,-8.2
10,146.094,-2.2,1.4,-10.7
10,147.754,-5.8,-10.4,-11.9
10,149.414,-17.2,-14.6,-11.2
10,151.074,-13.5,-15.2,-13.7
10,152.734,6.8,-4.0,-4.5
10,154.395,-3.6,12.7,-4.5
10,156.055,-5.8,13.2,-3.7
10,157.715,-14.5,-21.1,-18.3
10,159.375,-12.7,-27.1,-16.8
10,161.035,-12.2,-20.1,-12.8
10,162.695,4.9,3.3,3.7
10,164.355,-5.5,4.4,-13.1
10,166.016,-13.1,3.5,-11.4
10,167.676,-24.4,-18.7,-15.6
10,169.336,-17.6,-28.8,-19.0
10,170.996,0.1,-18.9,-6.7
10,172.656,3.9,-0.9,5.9
10,174.316,3.9,10.7,3.0
10,175.977,-6.7,0.9,-16.5
10,177.637,-22.7,-8.9,-17.8
10,179.297,-16.3,-21.7,-7.9
10,180.957,-3.1,-22.4,-6.0
10,182.617,-3.2,-22.4,-6.3
10,184.277,4.8,10.2,-0.7
10,185.938,-5.4,11.6,-3.4
10,187.598,-16.4,-9.8,-20.8
10,189.258,-12.8,-29.5,-15.6
10,190.918,-8.7,-22.8,3.6
10,192.578,-5.1,-11.6,-1.3
10,194.238,1.1,-3.4,-14.2
10,195.898,-6.6,19.3,5.5
10,197.559,-10.1,11.5,-0.8
10,199.219,-9.6,-29.7,-28.6
10,200.879,-5.9,-39.0,-8.6
10,202.539,-11.7,-8.7,8.6
10,204.199,4.7,3.6,-19.9
10,205.859,2.6,8.8,-4.5
10,207.52,-9.3,11.6,7.7
10,209.18,-9.9,4.3,-0.5
10,210.84,-7.1,-46.6,-23.8
10,212.5,-23.8,-15.7,7.2
10,214.16,-73.0,-14.4,-20.9
10,215.82,-105.4,-35.2,-22.9
10,217.48,-167.3,-72.1,14.2
10,219.141,-158.6,-97.9,1.6
10,220.801,-134.9,-174.4,-15.9
10,222.461,-125.5,-143.9,-1.1
10,224.121,-122.3,-117.9,-8.1
10,225.781,-72.8,-62.5,-19.9
10,227.441,-41.8,-49.3,12.3
10,229.102,-34.8,-60.5,8.6
10,230.762,-21.4,-74.3,-15.4
10,232.422,-30.9,-49.5,-6.7
10,234.082,-39.6,-17.7,-12.3
10,235.742,-37.7,-12.3,-25.5
10,237.402,-17.0,0.6,1.4
10,239.062,14.4,-25.9,2.4
10,240.723,12.0,-35.6,-7.3
10,242.383,-32.2,-34.7,-12.8
10,244.043,-39.7,-12.8,-17.3
10,245.703,-28.0,-1.4,-25.2
10,247.363,-5.7,13.3,7.5
10,249.023,-2.9,14.3,15.9
10,250.684,6.5,-35.8,-8.6
10,252.344,-6.5,-39.5,-16.1
10,254.004,-33.5,-17.0,-11.1
10,255.664,-25.4,-3.4,-28.1
10,257.324,-17.0,8.0,-16.4
10,258.984,13.1,-7.5,13.0
10,260.645,3.5,-32.2,-11.4
10,262.305,-0.9,-33.3,-12.5
10,263.965,-23.7,-29.4,-19.4
10,265.625,-36.9,-0.5,-15.7
10,267.285,-22.1,12.5,-9.6
10,268.945,-0.6,11.1,3.1
10,270.605,17.4,-12.1,3.2
10,272.266,-19.2,-25.5,-12.1
10,273.926,-32.0,-26.6,-23.6
10,275.586,-32.3,-25.9,-24.8
10,277.246,-23.7,-3.6,-12.8
10,278.906,-3.0,16.5,1.7
10,280.566,16.3,-1.9,-2.2
10,282.227,11.0,-17.4,0.7
10,283.887,-16.5,-11.2,0.1
10,285.547,-33.8,-28.3,-27.5
10,287.207,-17.7,-11.3,-12.7
10,288.867,-16.0,-4.4,-7.1
10,290.527,11.1,10.3,0.4
10,292.188,10.2,-21.0,-13.0
10,293.848,-15.5,-20.8,-5.7
10,295.508,-31.7,-13.1,-7.7
10,297.168,-22.2,-22.2,-20.8
10,298.828,-8.0,-11.0,-7.7
10,300.488,10.8,14.4,11.0
10,302.148,-8.8,-11.3,-18.6
10,303.809,-16.7,-17.2,-19.9
10,305.469,-29.7,-22.7,-8.6
10,307.129,-7.7,-8.6,-9.7
10,308.789,5.6,-1.1,-3.5
10,310.449,14.9,4.8,-1.5
10,312.109,0.0,3.6,-2.4
10,313.77,-27.5,-16.7,-17.3
10,315.43,-26.0,-27.9,-18.1
10,317.09,-16.6,-15.4,-6.9
10,318.75,1.9,7.5,6.6
10,320.41,15.6,-1.3,-3.1
10,322.07,0.3,-5.8,-13.2
10,323.73,-28.0,-0.7,-8.0
10,325.391,-31.8,-17.4,-16.2
10,327.051,-4.1,-24.2,-10.9
10,328.711,-1.2,-8.0,5.8
10,330.371,12.7,2.2,4.9
10,332.031,15.5,-7.4,-10.3
10,333.691,-35.6,-5.2,-15.3
10,335.352,-40.3,-11.5,-15.7
10,337.012,-23.1,-20.8,-13.8
10,338.672,18.8,-12.2,7.9
10,340.332,21.4,6.5,15.8
10,341.992,8.0,5.9,-1.4
10,343.652,-32.3,-13.7,-26.5
10,345.312,-37.0,-19.6,-16.1
10,346.973,-19.2,-20.4,-9.7
10,348.633,13.5,-9.8,4.6
10,350.293,19.9,5.7,3.7
10,351.953,2.5,4.8,-5.2
10,353.613,-35.3,-20.1,-27.7
10,355.273,-34.2,-20.8,-28.6
10,356.934,-15.5,-13.1,-5.3
10,358.594,10.7,7.0,20.7
10,360.254,19.4,2.1,8.4
10,361.914,13.9,-8.0,-14.4
10,363.574,-25.8,4.9,-8.7
10,365.234,-38.7,-23.2,-28.5
10,366.895,-13.8,-27.8,-21.0
10,368.555,14.2,11.3,30.5
10,370.215,16.6,11.6,28.8
10,371.875,-8.2,-4.2,-14.1
10,373.535,-18.3,1.2,-6.1
10,375.195,-31.1,-9.1,-17.9
10,376.855,-15.9,-32.5,-32.1
10,378.516,4.8,-8.0,14.3
10,380.176,4.5,12.8,18.0
10,381.836,0.4,-15.1,-29.9
10,383.496,-7.8,-14.9,-17.4
10,385.156,-23.4,5.6,0.6
10,386.816,-11.3,-25.6,-25.4
10,388.477,-8.3,-27.7,-20.2
10,390.137,0.2,3.5,15.8
10,391.797,-8.4,1.1,-12.0
10,393.457,-8.2,-7.8,-24.2
10,395.117,-5.7,-1.6,-2.4
10,396.777,-9.4,0.6,-7.5
10,398.438,-13.3,-24.1,-14.5
10,400.098,-8.5,-20.8,-1.0
10,401.758,-7.9,-6.3,-6.0
10,403.418,-3.3,2.8,-10.2
10,405.078,3.8,-1.3,-2.8
10,406.738,-13.8,-17.1,-13.8
10,408.398,-11.0,-16.1,-15.6
10,410.059,-21.3,-16.3,-9.2
10,411.719,-4.4,-3.1,-11.0
10,413.379,6.4,9.8,4.2
10,415.039,8.0,10.0,6.8
10,416.699,0.8,-15.3,-14.9
10,418.359,-19.3,-18.3,-14.3
10,420.02,-26.5,-15.4,-14.9
10,421.68,-14.8,-15.4,-21.5
10,423.34,10.5,7.5,9.0
10,425.0,10.3,10.8,11.2
10,426.66,-8.8,-13.9,-18.9
10,428.32,-21.3,-16.1,-19.7
10,429.98,-26.8,-15.4,-8.3
10,431.641,-21.7,-12.7,-7.1
10,433.301,-0.2,-7.6,-9.4
10,434.961,18.6,4.4,0.8
10,436.621,5.1,5.2,3.8
10,438.281,-19.0,-12.2,-17.7
10,439.941,-24.5,-21.5,-23.3
10,441.602,-11.0,-6.4,-0.1
10,443.262,-10.1,-4.2,-1.5
10,444.922,13.1,-11.6,-3.6
10,446.582,-4.5,-3.8,2.3
10,448.242,-16.1,1.4,-3.0
10,449.902,-14.6,-19.3,-21.3
10,451.562,-9.8,-14.4,-10.9
10,453.223,-5.7,3.7,3.7
10,454.883,-2.4,-2.1,-5.6
10,456.543,2.4,-14.5,-7.1
10,458.203,-18.0,4.3,-11.1
10,459.863,-17.6,7.6,-6.5
10,461.523,-1.1,-12.0,-0.3
10,463.184,-2.8,-8.9,1.9
10,464.844,-5.7,-14.4,-11.7
10,466.504,-11.3,-16.0,-10.8
10,468.164,-9.6,7.2,0.0
10,469.824,-2.6,-1.8,-11.4
10,471.484,-1.0,-8.7,-8.4
10,473.145,-4.0,-9.7,-2.7
10,474.805,-7.3,-16.6,-14.4
10,476.465,-12.8,-18.8,-16.7
10,478.125,-20.6,-7.6,-6.5
10,479.785,-5.5,3.0,-7.6
10,481.445,4.0,-4.3,-7.0
10,483.105,-0.3,-2.2,4.9
10,484.766,-8.5,-18.5,-13.5
10,486.426,-8.7,-25.4,-25.2
10,488.086,-25.2,6.8,0.4
10,489.746,-11.5,5.5,0.2
10,491.406,8.7,-11.6,-13.5
10,493.066,4.7,-3.3,3.8
10,494.727,-13.0,-20.0,-15.3
10,496.387,-20.2,-15.6,-20.7
10,498.047,-20.1,11.5,3.0
10,499.707,6.9,-7.7,-9.4
10,501.367,13.2,-12.4,-7.7
10,503.027,4.6,-5.3,1.7
10,504.688,-13.3,-9.0,-11.9
10,506.348,-20.7,-9.1,-14.7
10,508.008,-10.5,3.5,5.3
10,509.668,-0.8,3.5,2.2
10,511.328,6.2,-4.5,-6.8
10,512.988,-0.7,-13.7,-9.5
10,514.648,-9.1,-15.5,-9.6
10,516.309,-20.9,-9.2,-14.2
10,517.969,-20.6,0.7,-9.3
10,519.629,3.0,-0.7,1.3
10,521.289,7.0,1.2,2.8
10,522.949,1.3,-12.0,-9.4
10,524.609,-4.5,-25.5,-18.6
10,526.27,-26.1,1.0,-5.9
10,527.93,-24.3,9.7,1.2
10,529.59,2.9,-5.5,-9.4
10,531.25,16.9,-9.1,-2.1
10,532.91,-6.6,-6.7,-1.7
10,534.57,-22.7,-33.7,-35.9
10,536.23,-25.3,-15.2,-20.7
10,537.891,-14.7,16.3,11.0
10,539.551,21.7,-18.0,-11.9
10,541.211,18.7,-12.6,-6.1
10,542.871,-11.0,-2.5,3.7
10,544.531,-36.3,-26.7,-37.6
10,546.191,-33.1,-28.9,-38.1
10,547.852,-0.4,7.2,12.6
10,549.512,4.1,13.7,20.3
10,551.172,20.2,-2.0,-11.1
10,552.832,-1.8,-16.7,-10.9
10,554.492,-39.7,-20.9,-20.5
10,556.152,-42.2,-24.3,-24.6
10,557.812,-0.2,-1.5,-0.8
10,559.473,18.4,5.3,1.5
10,561.133,20.1,5.0,2.8
10,562.793,-6.6,-28.9,-17.2
10,564.453,-27.3,-32.5,-25.4
10,566.113,-40.1,-12.3,-12.6
10,567.773,-11.6,-5.2,-3.0
10,569.434,37.0,20.8,11.2
10,571.094,15.5,13.9,6.1
10,572.754,-9.2,-9.2,-9.7
10,574.414,-43.3,-41.5,-32.5
10,576.074,-10.8,3.4,2.7
10,577.734,7.3,8.4,8.8
10,579.395,31.1,14.8,8.4
10,581.055,-1.8,0.9,-1.0
10,582.715,-33.6,-23.5,-23.6
10,584.375,-41.2,-42.1,-27.0
10,586.035,-36.5,-36.6,-21.0
10,587.695,4.2,6.5,10.5
10,589.355,28.2,21.8,0.3
10,591.016,-7.0,-7.5,-10.4
10,592.676,-38.7,-28.9,-18.6
10,594.336,-41.1,-38.6,-23.3
10,595.996,-21.4,-28.3,-17.1
10,597.656,18.4,9.4,7.6
10,599.316,30.8,32.0,16.6
10,600.977,8.9,11.3,-6.8
10,602.637,-31.3,-32.8,-38.4
10,604.297,-46.3,-33.1,-14.1
10,605.957,-25.5,-19.0,5.5
10,607.617,38.1,11.0,-2.3
10,609.277,36.4,27.1,4.7
10,610.938,-26.6,-1.7,-19.8
10,612.598,-44.0,-54.3,-42.0
10,614.258,-31.1,-38.8,-9.8
10,615.918,-11.1,-4.2,20.0
10,617.578,23.5,13.9,7.5
10,619.238,30.6,14.0,-7.3
10,620.898,-34.7,5.3,-8.4
10,622.559,-41.5,-3.8,-15.4
10,624.219,-13.3,-35.4,-3.1
10,625.879,21.5,24.0,28.1
10,627.539,25.1,27.6,24.8
10,629.199,17.3,5.9,-15.2
10,630.859,-34.0,-7.4,-9.6
10,632.52,-49.5,-18.9,-21.3
10,634.18,-46.5,-42.6,-36.7
10,635.84,23.6,10.9,26.1
10,637.5,32.0,27.2,7.0
10,639.16,13.7,12.2,-16.2
10,640.82,-37.3,-14.3,-21.4
10,642.48,-41.0,-16.6,-22.1
10,644.141,1.6,-16.5,10.9
10,645.801,29.2,16.4,16.8
10,647.461,32.6,19.1,8.0
10,649.121,-5.3,1.2,-12.7
10,650.781,-30.4,-12.4,-15.1
10,652.441,-27.3,-30.1,-22.6
10,654.102,-14.4,-22.0,-6.4
10,655.762,16.1,7.8,15.6
10,657.422,18.3,9.9,-6.1
10,659.082,2.9,6.6,-13.8
10,660.742,-23.1,-5.2,-10.1
10,662.402,-30.2,-23.8,-18.7
10,664.062,-16.7,-20.0,-10.8
10,665.723,1.1,1.9,7.6
10,667.383,14.1,7.5,-0.6
10,669.043,-3.2,-0.7,-15.5
10,670.703,-21.2,-14.3,-7.9
10,672.363,-19.7,-17.1,-11.1
10,674.023,-15.5,-22.0,-12.6
10,675.684,-6.1,-5.8,-2.2
10,677.344,5.4,5.8,-4.1
10,679.004,1.6,6.7,-8.2
10,680.664,-6.4,-11.7,-6.3
10,682.324,-17.2,-13.5,-8.1
10,683.984,-19.0,-15.1,-17.3
10,685.645,-12.8,-14.7,-16.4
10,687.305,1.7,11.8,7.2
10,688.965,0.0,15.3,4.0
10,690.625,4.0,-10.4,-7.8
10,692.285,-17.9,-22.5,-8.5
10,693.945,-30.5,-9.0,-14.9
10,695.605,-8.1,-10.8,-21.3
10,697.266,7.9,5.8,3.2
10,698.926,6.6,10.9,6.6
10,700.586,6.0,-12.3,-7.3
10,702.246,-5.5,-29.1,-16.9
10,703.906,-24.4,-7.5,-12.0
10,705.566,-12.2,-6.4,-12.8
10,707.227,8.6,13.2,1.0
10,708.887,13.3,11.1,5.1
10,710.547,-7.8,-19.0,-10.6
10,712.207,-30.1,-31.3,-21.2
10,713.867,-21.6,-14.0,-13.3
10,715.527,-1.7,1.9,-7.2
10,717.188,11.1,17.0,4.1
10,718.848,1.7,-9.8,-8.1
10,720.508,-8.6,-20.2,-13.7
10,722.168,-32.7,-28.2,-13.9
10,723.828,-2.9,-12.7,-12.0
10,725.488,9.8,24.9,5.0
10,727.148,5.3,28.0,7.6
10,728.809,2.5,9.1,0.3
10,730.469,-13.6,-33.1,-20.0
10,732.129,-24.7,-31.4,-13.4
10,733.789,-14.4,-11.1,-10.6
10,735.449,13.8,0.3,-9.7
10,737.109,3.3,28.0,-2.3
10,738.77,-4.2,5.6,-1.4
10,740.43,-18.4,-38.4,-33.2
10,742.09,-27.0,-26.4,-4.3
10,743.75,-9.3,-3.6,5.5
10,745.41,3.6,1.5,4.7
10,747.07,1.6,16.5,0.7
10,748.73,-7.7,10.5,-0.4
10,750.391,-37.9,-38.0,-33.3
10,752.051,-5.6,-15.9,4.5
10,753.711,-3.8,-13.8,7.3
10,755.371,23.2,23.3,14.2
10,757.031,1.7,4.5,-14.9
10,758.691,-37.2,-31.7,-27.3
10,760.352,-42.5,-32.8,-21.7
10,762.012,-15.1,-20.3,-4.9
10,763.672,20.8,-2.8,3.6
10,765.332,34.0,24.3,14.6
10,766.992,12.9,26.9,8.2
10,768.652,-37.2,-44.6,-44.3
10,770.312,-45.4,-45.0,-32.9
10,771.973,2.2,1.1,15.1
10,773.633,20.4,4.2,11.0
10,775.293,41.5,10.6,1.4
10,776.953,-10.3,13.0,-0.1
10,778.613,-51.5,-44.3,-49.0
10,780.273,-42.4,-47.4,-31.1
10,781.934,-10.2,-2.2,16.1
10,783.594,30.1,23.8,19.0
10,785.254,39.2,9.5,-3.8
10,786.914,14.0,4.9,-1.5
10,788.574,-50.3,-28.4,-35.0
10,790.234,-41.8,-47.8,-42.8
10,791.895,-19.6,-32.1,-14.1
10,793.555,15.6,19.9,34.1
10,795.215,9.6,-6.7,-13.9
10,796.875,16.2,-1.1,-11.9
10,798.535,-52.4,-31.9,-31.2
10,800.195,-38.5,-37.3,-29.6
10,801.855,-23.7,-24.8,-16.2
10,803.516,26.8,25.4,24.3
10,805.176,14.6,-3.1,-15.1
10,806.836,8.4,-8.7,-18.3
10,808.496,-32.9,-30.4,-23.7
10,810.156,-44.4,-25.9,-24.1
10,811.816,-7.2,-10.2,-5.3
10,813.477,15.3,2.7,8.2
10,815.137,27.7,21.4,12.5
10,816.797,-2.8,6.0,-4.8
10,818.457,-25.6,-30.2,-23.6
10,820.117,-28.2,-19.3,-12.3
10,821.777,-16.4,-4.3,0.8
10,823.438,3.3,2.7,3.2
10,825.098,16.0,5.0,-7.9
10,826.758,-5.5,1.6,-4.3
10,828.418,-15.1,-12.4,-9.3
10,830.078,-18.8,-24.9,-22.9
10,831.738,-15.3,-8.2,-3.3
10,833.398,-3.4,4.6,4.0
10,835.059,10.2,-2.3,-8.4
10,836.719,2.7,-5.3,-10.7
10,838.379,-13.4,-9.0,-6.9
10,840.039,-17.0,-15.1,-12.5
10,841.699,-5.8,-11.7,-5.7
10,843.359,3.0,0.1,2.0
10,845.02,0.6,0.4,-8.6
10,846.68,-6.1,-11.7,-15.7
10,848.34,-7.8,-9.8,-5.4
10,850.0,-15.9,-7.7,-3.1
10,851.66,-9.4,-13.4,-15.6
10,853.32,3.4,-6.9,1.4
10,854.98,-2.7,7.3,7.9
10,856.641,-8.9,-3.2,-20.8
10,858.301,-5.2,-13.2,-11.1
10,859.961,-14.2,-6.6,5.4
10,861.621,-0.3,-16.8,-24.6
10,863.281,3.1,-17.3,-20.1
10,864.941,-2.8,13.5,12.4
10,866.602,-13.6,-21.9,-30.7
10,868.262,-16.5,-27.3,-30.1
10,869.922,-9.9,-1.9,2.0
10,871.582,7.0,-11.8,-16.7
10,873.242,13.7,-9.5,-8.4
10,874.902,-5.4,15.9,9.1
10,876.562,-20.1,-4.9,-22.9
10,878.223,-24.8,-30.5,-27.2
10,879.883,-17.5,-18.4,1.4
10,881.543,7.8,-0.9,-6.8
10,883.203,18.3,0.0,-7.9
10,884.863,10.9,7.8,3.4
10,886.523,-14.2,1.6,-15.1
10,888.184,-24.0,-13.5,-29.0
10,889.844,-29.2,-28.3,-11.2
10,891.504,23.0,0.9,-4.8
10,893.164,26.6,7.7,-2.6
10,894.824,6.6,20.7,6.7
10,896.484,-14.2,-6.8,-17.2
10,898.145,-29.4,-28.9,-31.8
10,899.805,-35.2,-28.4,-12.1
10,901.465,-5.7,-12.6,-0.9
10,903.125,29.8,7.3,0.2
10,904.785,6.1,24.3,12.0
10,906.445,-19.3,-11.2,-19.0
10,908.105,-31.4,-30.9,-33.8
10,909.766,-32.9,-29.6,-11.1
10,911.426,3.8,-0.9,2.1
10,913.086,23.9,6.6,-3.1
10,914.746,15.6,17.4,3.3
10,916.406,-5.4,4.7,-2.7
10,918.066,-34.7,-30.2,-27.0
10,919.727,-27.3,-30.4,-16.7
10,921.387,-1.9,-10.1,3.7
10,923.047,16.8,16.4,1.1
10,924.707,15.9,17.1,-3.4
10,926.367,-4.2,-5.6,-9.1
10,928.027,-26.0,-14.7,-13.6
10,929.688,-25.9,-31.4,-17.8
10,931.348,-7.1,-25.6,-13.8
10,933.008,7.3,0.6,1.7
10,934.668,4.7,3.6,-9.1
10,936.328,-3.7,-16.8,-14.0
10,937.988,-7.7,-19.7,-13.6
10,939.648,-23.0,-21.0,-11.4
10,941.309,-9.2,-20.1,-17.1
10,942.969,2.7,14.0,3.0
10,944.629,6.7,21.0,7.5
10,946.289,7.8,-5.7,-9.1
10,947.949,0.8,-17.7,-12.3
10,949.609,-24.7,-10.7,-10.3
10,951.27,-23.8,-15.1,-10.7
10,952.93,-6.5,-8.5,-16.0
10,954.59,10.2,14.5,4.3
10,956.25,9.2,8.7,2.0
10,957.91,-3.1,-22.6,-15.4
10,959.57,-14.1,-20.7,-8.3
10,961.23,-18.7,-18.5,-9.0
10,962.891,-19.5,-4.4,-14.3
10,964.551,-3.0,3.8,-7.7
10,966.211,12.8,-0.8,2.5
10,967.871,-5.9,-12.0,-6.8
10,969.531,-11.5,-20.9,-11.3
10,971.191,-16.2,-24.0,-15.6
10,972.852,-16.3,5.2,-8.6
10,974.512,-8.7,14.0,-2.5
10,976.172,16.6,-9.2,-3.7
10,977.832,3.8,-10.8,-1.0
10,979.492,-21.6,-32.1,-22.9
10,981.152,-16.0,-12.6,-18.4
10,982.812,-14.6,-1.9,-12.3
10,984.473,2.9,18.6,9.1
10,986.133,16.7,-1.1,-1.6
10,987.793,-20.1,-18.7,-6.1
10,989.453,-28.4,-20.0,-8.4
10,991.113,-31.0,-19.5,-19.3
10,992.773,3.0,11.3,-4.2
10,994.434,11.4,21.0,7.4
10,996.094,6.9,-2.6,-2.5
10,997.754,-4.7,-26.7,-17.1
10,999.414,-20.9,-35.1,-19.0
10,1001.074,-25.3,-10.0,-15.1
10,1002.734,-23.2,-1.8,-13.6
10,1004.395,9.6,11.0,0.5
10,1006.055,12.2,-0.5,2.3
10,1007.715,-14.0,-17.5,-8.5
10,1009.375,-19.1,-25.7,-16.8
10,1011.035,-19.0,-10.5,-13.6
10,1012.695,-5.8,13.7,6.3
10,1014.355,12.0,10.6,0.6
10,1016.016,13.7,-5.6,-11.9
10,1017.676,-9.7,-10.6,-0.4
10,1019.336,-27.9,-27.4,-15.0
10,1020.996,-23.5,-36.4,-32.4
10,1022.656,-5.2,0.9,1.4
10,1024.316,10.8,21.6,9.1
10,1025.977,7.0,-19.6,-23.7
10,1027.637,-7.2,-22.2,-15.1
10,1029.297,-28.2,-15.0,4.8
10,1030.957,-7.2,-19.9,-28.6
10,1032.617,7.8,23.4,23.9
10,1034.277,7.7,22.5,23.2
10,1035.938,-2.4,-7.4,-19.1
10,1037.598,-12.9,-29.8,-17.7
10,1039.258,-17.9,-24.5,-8.4
10,1040.918,-20.5,-7.0,-3.6
10,1042.578,5.5,-15.7,-9.1
10,1044.238,9.6,-28.7,-3.6
10,1045.898,-12.9,-113.3,-42.7
10,1047.559,-21.5,-160.4,-48.4
10,1049.219,-8.8,-143.5,-28.0
10,1050.879,4.1,-135.0,-33.3
10,1052.539,10.8,-109.8,-27.8
10,1054.199,2.3,-95.5,-23.4
10,1055.859,-18.4,-81.0,-34.2
10,1057.52,-28.1,-75.6,-35.9
10,1059.18,-10.0,-65.1,-15.0
10,1060.84,14.1,-35.0,-2.0
10,1062.5,13.5,-34.0,-2.8
10,1064.16,-0.7,-16.7,-4.7
10,1065.82,-20.7,-30.0,-23.7
10,1067.48,-27.6,-30.9,-26.3
10,1069.141,-7.6,-15.4,-1.2
10,1070.801,2.6,-10.6,4.6
10,1072.461,17.9,-5.4,1.5
10,1074.121,8.4,-4.9,-1.0
10,1075.781,-22.6,-26.6,-30.4
10,1077.441,-30.0,-30.1,-33.7
10,1079.102,-22.0,-14.8,-10.7
10,1080.762,10.9,-0.7,12.0
10,1082.422,18.9,-6.4,-2.8
10,1084.082,-8.2,-10.6,-11.8
10,1085.742,-27.6,-16.1,-18.7
10,1087.402,-27.6,-23.7,-29.8
10,1089.062,-6.0,-10.4,-8.7
10,1090.723,11.3,4.7,14.7
10,1092.383,11.1,1.1,-1.5
10,1094.043,-7.9,-29.6,-23.4
10,1095.703,-25.3,-25.3,-17.0
10,1097.363,-33.9,-11.7,-13.9
10,1099.023,-12.0,-7.7,-19.6
10,1100.684,20.1,4.1,16.2
10,1102.344,15.0,8.3,14.2
10,1104.004,-6.3,-16.7,-21.5
10,1105.664,-20.9,-30.2,-25.5
10,1107.324,-29.1,-10.8,-7.0
10,1108.984,-12.6,-4.3,-9.5
10,1110.645,13.4,-8.0,-4.3
10,1112.305,9.8,10.5,13.2
10,1113.965,-0.8,4.9,2.8
10,1115.625,-16.1,-30.6,-29.6
10,1117.285,-24.5,-17.3,-9.4
10,1118.945,-2.6,0.3,-7.6
10,1120.605,10.0,-3.6,-7.8
10,1122.266,16.0,-1.0,3.2
10,1123.926,8.9,3.6,8.4
10,1125.586,-10.6,-19.3,-22.5
10,1127.246,-26.4,-20.0,-12.4
10,1128.906,-20.5,-11.0,-8.5
10,1130.566,5.6,0.5,-8.1
10,1132.227,6.4,4.5,1.7
10,1133.887,-1.0,-5.1,-6.5
10,1135.547,-20.2,-28.0,-17.8
10,1137.207,-22.4,-27.4,-16.5
10,1138.867,-7.8,-11.9,-12.1
10,1140.527,5.9,-7.0,-15.7
10,1142.188,-1.6,13.6,6.4
10,1143.848,-1.6,-5.8,-3.6
10,1145.508,-5.4,-33.6,-21.7
10,1147.168,-20.7,-11.0,-0.4
10,1148.828,2.0,-4.5,-15.0
10,1150.488,5.4,-0.5,-16.2
10,1152.148,-0.6,10.0,5.3
10,1153.809,-9.9,-6.8,-1.4
10,1155.469,-8.7,-18.5,-12.3
10,1157.129,-9.9,-27.6,-15.4
10,1158.789,-8.8,-2.0,3.9
10,1160.449,-1.6,-2.6,-17.2
10,1162.109,-3.5,0.9,-6.1
10,1163.77,-7.8,-3.9,0.9
10,1165.43,-12.1,-17.5,-8.0
10,1167.09,-10.4,-23.8,-11.7
10,1168.75,-2.8,-5.4,0.0
10,1170.41,-3.5,8.1,-2.9
10,1172.07,-6.2,5.7,-13.9
10,1173.73,-6.5,-18.8,-15.3
10,1175.391,-13.4,-15.5,-2.2
10,1177.051,-6.7,-16.2,-5.5
10,1178.711,-0.8,-12.6,-9.1
10,1180.371,1.3,3.5,-9.6
10,1182.031,-8.2,6.2,-10.4
10,1183.691,-12.0,-25.8,-20.8
10,1185.352,-14.6,-16.8,-0.9
10,1187.012,-5.4,-1.1,2.9
10,1188.672,7.4,-12.1,-19.0
10,1190.332,3.2,-2.2,-13.7
10,1191.992,-1.0,12.8,-0.6
10,1193.652,-14.6,-22.1,-19.4
10,1195.312,-12.7,-35.1,-21.5
10,1196.973,-9.6,-10.1,2.8
10,1198.633,-7.5,3.6,8.2
10,1200.293,4.1,1.7,-13.0
10,1201.953,-10.9,6.6,7.8
10,1203.613,-16.1,1.7,4.8
10,1205.273,-18.7,-14.3,-14.0
10,1206.934,-7.5,-25.8,-5.6
10,1208.594,-5.5,-21.4,-0.9
10,1210.254,1.3,3.8,-15.9
10,1211.914,3.2,1.0,-16.4
10,1213.574,-8.7,-10.8,-1.5
10,1215.234,-19.8,-19.8,-12.5
10,1216.895,-12.1,-24.8,-14.7
10,1218.555,-3.9,-10.2,-11.1
10,1220.215,-0.6,14.2,-4.5
10,1221.875,0.3,15.3,-0.6
10,1223.535,-2.1,-20.0,-10.4
10,1225.195,-15.9,-19.8,-10.1
10,1226.855,-24.4,-25.7,-10.2
10,1228.516,-16.3,-26.4,-16.1
10,1230.176,-11.3,-13.6,-16.5
10,1231.836,5.8,20.9,7.3
10,1233.496,5.7,18.7,6.2
10,1235.156,-3.0,-20.1,-13.4
10,1236.816,-12.2,-28.3,-17.7
10,1238.477,-30.0,-26.5,-7.1
10,1240.137,-8.5,-7.4,-19.6
10,1241.797,-3.2,-1.0,-17.2
10,1243.457,14.1,22.7,11.6
10,1245.117,6.6,4.7,3.3
10,1246.777,-11.4,-34.5,-16.1
10,1248.438,-25.5,-31.8,-17.3
10,1250.098,-26.4,-16.5,-15.5
10,1251.758,-13.5,-0.5,-13.8
10,1253.418,-1.0,13.0,-9.4
10,1255.078,18.2,13.4,9.9
10,1256.738,10.7,8.8,10.3
10,1258.398,-22.9,-41.3,-28.0
10,1260.059,-24.7,-33.5,-23.1
10,1261.719,-10.2,9.5,1.7
10,1263.379,13.7,8.7,-10.8
10,1265.039,13.1,5.6,-10.7
10,1266.699,-1.8,-1.7,7.6
10,1268.359,-16.9,-21.4,-4.5
10,1270.02,-20.9,-48.1,-35.0
10,1271.68,-19.2,-36.8,-28.4
10,1273.34,-0.6,27.6,9.2
10,1275.0,5.1,16.3,-8.7
10,1276.66,8.0,-10.9,-8.1
10,1278.32,-2.7,-12.2,4.1
10,1279.98,-19.6,-32.5,-28.8
10,1281.641,-10.2,-34.0,-28.2
10,1283.301,-1.8,1.5,7.3
10,1284.961,-1.7,30.3,-0.6
10,1286.621,-0.8,7.4,-25.0
10,1288.281,-6.7,-19.7,-14.6
10,1289.941,-11.3,-16.6,-2.8
10,1291.602,-0.9,-19.0,-17.6
10,1293.262,0.6,-3.7,-4.0
10,1294.922,-2.0,16.7,4.7
10,1296.582,-14.7,-8.3,-26.1
10,1298.242,-14.0,-23.4,-5.0
10,1299.902,-8.5,-17.5,0.0
10,1301.562,8.4,-9.2,-5.3
10,1303.223,7.0,3.1,1.7
10,1304.883,-3.3,12.7,-1.9
10,1306.543,-22.8,-14.6,-29.6
10,1308.203,-30.2,-24.0,-18.3
10,1309.863,-5.6,-17.0,1.7
10,1311.523,19.7,-3.0,-3.8
10,1313.184,22.7,5.1,-0.9
10,1314.844,-2.5,7.6,0.8
10,1316.504,-26.4,-18.1,-33.4
10,1318.164,-34.1,-21.1,-34.0
10,1319.824,-14.1,-14.5,-0.1
10,1321.484,16.6,-11.1,1.6
10,1323.145,26.8,-4.9,4.7
10,1324.805,-1.7,10.8,3.9
10,1326.465,-22.0,-10.0,-25.0
10,1328.125,-39.7,-30.4,-36.1
10,1329.785,-42.7,-27.9,-27.5
10,1331.445,22.3,0.9,12.5
10,1333.105,27.8,4.0,7.7
10,1334.766,19.6,8.7,1.0
10,1336.426,-21.6,-5.5,-14.9
10,1338.086,-46.8,-22.1,-35.8
10,1339.746,-34.0,-30.6,-29.7
10,1341.406,8.0,-5.5,10.1
10,1343.066,18.2,2.2,15.1
10,1344.727,20.7,12.1,6.6
10,1346.387,-16.1,-15.9,-20.3
10,1348.047,-41.1,-11.5,-23.4
10,1349.707,-44.0,-10.6,-24.8
10,1351.367,-17.6,-25.1,-18.6
10,1353.027,8.7,-12.0,3.0
10,1354.688,19.1,18.7,20.6
10,1356.348,6.6,-3.7,-10.0
10,1358.008,-12.3,-22.7,-26.7
10,1359.668,-34.9,-7.7,-17.0
10,1361.328,-24.9,-14.6,-15.7
10,1362.988,-7.8,-18.4,-14.6
10,1364.648,17.2,8.2,15.1
10,1366.309,5.5,10.5,-1.0
10,1367.969,-13.6,-16.9,-24.2
10,1369.629,-26.6,-13.8,-12.9
10,1371.289,-17.8,-11.4,-8.8
10,1372.949,4.4,0.2,-1.9
10,1374.609,5.6,1.6,-1.1
10,1376.27,5.5,1.7,0.6
10,1377.93,-11.0,-9.8,-10.6
10,1379.59,-19.2,-15.7,-19.8
10,1381.25,-6.6,-11.6,-11.0
10,1382.91,-1.6,3.8,2.6
10,1384.57,-2.4,5.3,-0.7
10,1386.23,0.8,-10.8,-15.9
10,1387.891,-15.4,-14.7,-10.9
10,1389.551,-21.4,-13.0,-5.9
10,1391.211,-11.2,-13.4,-8.7
10,1392.871,9.2,-5.0,-8.5
10,1394.531,-10.5,13.8,4.4
10,1396.191,-12.5,-25.4,-25.1
10,1397.852,-10.6,-24.8,-17.3
10,1399.512,-5.7,-7.0,4.3
10,1401.172,-5.3,-5.8,5.2
10,1402.832,7.0,-5.8,-16.3
10,1404.492,5.2,-0.6,-12.8
10,1406.152,-15.5,14.2,1.6
10,1407.812,-19.8,-24.9,-22.9
10,1409.473,-12.8,-33.1,-21.5
10,1411.133,-0.1,-8.8,6.5
10,1412.793,8.7,4.0,3.6
10,1414.453,8.4,7.1,-8.1
10,1416.113,-15.9,2.2,-9.7
10,1417.773,-23.2,-18.9,-14.6
10,1419.434,-14.7,-29.6,-12.4
10,1421.094,7.0,-22.2,-4.4
10,1422.754,8.2,14.2,5.7
10,1424.414,2.3,24.0,1.8
10,1426.074,-18.5,-10.8,-25.6
10,1427.734,-24.2,-23.7,-11.5
10,1429.395,-16.9,-18.9,-0.8
10,1431.055,-0.8,-22.6,-4.5
10,1432.715,17.9,-11.4,-10.0
10,1434.375,-4.3,31.9,10.5
10,1436.035,-15.3,10.3,-13.6
10,1437.695,-9.9,-32.8,-19.8
10,1439.355,-6.7,-13.4,14.9
10,1441.016,-1.7,-15.0,-7.8
10,1442.676,4.2,-8.7,-23.6
10,1444.336,-4.1,16.5,-4.0
10,1445.996,-20.1,1.4,-15.3
10,1447.656,-14.7,-24.1,-29.2
10,1449.316,-0.6,-31.7,-4.5
10,1450.977,-2.1,-6.1,18.6
10,1452.637,-4.7,-3.4,-26.3
10,1454.297,-3.4,-3.8,-24.4
10,1455.957,-10.1,13.9,-2.2
10,1457.617,-15.1,8.3,-0.5
10,1459.277,2.0,-31.6,-13.9
10,1460.938,2.8,-20.7,2.1
10,1462.598,-19.2,3.1,-21.3
10,1464.258,-16.6,-1.1,-26.3
10,1465.918,-9.2,1.6,-8.1
10,1467.578,-3.1,6.8,6.2
10,1469.238,-1.2,-9.0,-1.4
10,1470.898,2.0,-27.4,-9.2
10,1472.559,-10.7,-17.5,-9.3
10,1474.219,-25.0,2.9,-18.5
10,1475.879,-15.7,-0.4,-14.6
10,1477.539,2.8,-2.3,-6.7
10,1479.199,7.9,-6.7,2.2
10,1480.859,-2.9,-17.6,-0.6
10,1482.52,-8.8,-18.6,-10.5
10,1484.18,-20.7,-19.1,-29.1
10,1485.84,-21.0,-3.0,-1.0
10,1487.5,-2.6,1.1,2.7
10,1489.16,28.1,-4.1,2.3
10,1490.82,23.5,-6.3,1.9
10,1492.48,-30.6,-17.3,-23.9
10,1494.141,-35.3,-18.6,-28.3
10,1495.801,-30.4,-13.0,-20.5
10,1497.461,20.1,12.4,16.7
10,1499.121,28.6,2.0,3.8
10,1500.781,-2.1,-12.1,-13.2
10,1502.441,-24.5,-17.9,-16.6
10,1504.102,-34.6,-18.3,-22.3
10,1505.762,-26.7,-13.9,-20.4
10,1507.422,7.0,2.1,-2.5
10,1509.082,23.9,10.0,13.7
10,1510.742,9.9,-2.7,-1.4
10,1512.402,-27.2,-28.2,-31.1
10,1514.062,-39.0,-18.3,-15.0
10,1515.723,-37.7,-17.5,-15.3
10,1517.383,12.9,1.0,-6.0
10,1519.043,28.3,14.2,20.7
10,1520.703,-13.4,-7.9,-14.7
10,1522.363,-22.5,-24.2,-33.0
10,1524.023,-37.4,-39.9,-29.7
10,1525.684,-10.0,2.1,6.1
10,1527.344,-0.5,5.6,3.6
10,1529.004,29.9,5.1,0.9
10,1530.664,-2.2,12.2,7.0
10,1532.324,-38.2,-25.7,-38.3
10,1533.984,-33.6,-36.3,-23.3
10,1535.645,-22.2,-24.8,-7.7
10,1537.305,8.8,13.2,14.8
10,1538.965,27.9,2.0,-8.2
10,1540.625,17.5,1.2,-7.3
10,1542.285,-25.7,-2.3,-12.0
10,1543.945,-33.1,-32.4,-28.9
10,1545.605,-16.1,-16.3,-3.8
10,1547.266,22.2,18.3,13.1
10,1548.926,27.4,11.9,2.8
10,1550.586,0.2,-4.6,-5.2
10,1552.246,-17.8,-5.1,-8.5
10,1553.906,-36.2,-22.3,-30.5
10,1555.566,-33.0,-26.0,-29.0
10,1557.227,-5.0,-4.7,6.5
10,1558.887,26.8,0.8,-8.1
10,1560.547,-9.9,-0.6,-6.6
10,1562.207,-21.8,-3.8,-7.1
10,1563.867,-30.2,-13.8,-19.2
10,1565.527,-13.5,-22.3,-16.5
10,1567.188,7.8,6.0,16.9
10,1568.848,13.8,12.7,18.2
10,1570.508,14.7,-3.4,-12.9
10,1572.168,-26.5,-8.5,-15.1
10,1573.828,-35.3,-14.3,-13.5
10,1575.488,-17.6,-21.4,-19.4
10,1577.148,7.4,-5.3,-1.6
10,1578.809,16.2,7.6,14.5
10,1580.469,14.9,5.7,4.0
10,1582.129,-18.0,-13.1,-22.5
10,1583.789,-27.5,-14.5,-19.1
10,1585.449,-17.8,-13.3,-10.0
10,1587.109,2.7,-8.8,-4.7
10,1588.77,14.5,-1.9,3.7
10,1590.43,15.2,1.3,6.7
10,1592.09,-15.1,-8.0,-18.3
10,1593.75,-21.6,-10.3,-22.1
10,1595.41,-16.6,-15.9,-14.8
10,1597.07,-8.7,-0.5,0.3
10,1598.73,3.2,0.2,1.8
10,1600.391,11.2,-17.5,-9.4
10,1602.051,-9.8,-3.8,-6.2
10,1603.711,-22.3,5.5,-9.6
10,1605.371,-20.4,0.7,-16.1
10,1607.031,-11.3,-16.6,-21.4
10,1608.691,-3.3,-1.9,10.0
10,1610.352,0.0,-2.4,6.6
10,1612.012,3.1,-14.4,-11.4
10,1613.672,-10.9,-0.4,-5.9
10,1615.332,-17.2,11.4,-2.8
10,1616.992,-11.3,-4.3,-10.9
10,1618.652,-4.4,-12.3,-11.2
10,1620.312,-6.2,-7.2,2.0
10,1621.973,-7.4,-7.7,-0.1
10,1623.633,-8.8,-17.8,-18.1
10,1625.293,-6.0,12.9,-0.4
10,1626.953,-6.5,8.9,-4.0
10,1628.613,-11.5,-1.2,-9.2
10,1630.273,-8.2,-20.7,-8.0
10,1631.934,-12.7,-18.0,-11.4
10,1633.594,-11.1,-15.5,-11.5
10,1635.254,-3.2,-1.5,-11.0
10,1636.914,6.0,16.1,-1.1
10,1638.574,-4.6,13.8,-2.6
10,1640.234,-14.5,-23.7,-12.2
10,1641.895,-8.6,-32.3,-11.8
10,1643.555,-13.8,-25.9,-13.5
10,1645.215,0.1,13.0,-8.9
10,1646.875,7.2,4.9,-10.6
10,1648.535,8.1,2.2,-6.9
10,1650.195,-5.4,3.1,-3.9
10,1651.855,-13.8,-40.3,-16.2
10,1653.516,-12.3,-45.3,-19.5
10,1655.176,-6.2,-11.5,-8.4
10,1656.836,-1.0,21.4,5.1
10,1658.496,9.4,16.6,-4.1
10,1660.156,-3.8,-5.3,-11.1
10,1661.816,-21.6,-17.9,-2.4
10,1663.477,-21.1,-31.1,-11.1
10,1665.137,-9.3,-27.2,-15.7
10,1666.797,1.2,5.8,-1.2
10,1668.457,3.4,19.7,3.2
10,1670.117,-2.8,10.7,-11.3
10,1671.777,-9.4,-17.6,-13.7
10,1673.438,-12.4,-24.5,-5.6
10,1675.098,-6.9,-1.9,-7.6
10,1676.758,3.5,0.7,-11.2
10,1678.418,1.8,1.9,-9.7
10,1680.078,-3.1,4.9,-2.0
10,1681.738,-12.2,-14.0,-12.7
10,1683.398,-11.4,-24.3,-18.0
10,1685.059,-8.5,1.4,10.3
10,1686.719,-2.5,-3.6,-5.2
10,1688.379,-2.9,-6.0,-10.6
10,1690.039,-7.2,-6.4,-15.7
10,1691.699,-16.0,5.9,6.0
10,1693.359,-14.0,-7.7,-7.5
10,1695.02,0.9,-17.5,-8.6
10,1696.68,-4.8,13.0,15.2
10,1698.34,-6.0,1.9,-11.0
142,0.0,25.1,6.6,16.0
142,1.66,-13.1,3.4,-16.6
142,3.32,-25.4,-13.8,-29.4
142,4.98,-10.9,-14.5,3.7
142,6.641,-2.4,-22.5,-11.7
142,8.301,-3.6,-17.3,-16.7
142,9.961,16.0,8.4,4.4
142,11.621,-5.0,1.6,-15.9
142,13.281,-26.3,-5.7,-18.8
142,14.941,-23.5,-19.4,-8.7
142,16.602,-10.9,-23.3,-13.0
142,18.262,0.0,-18.0,-8.9
142,19.922,24.4,14.5,3.1
142,21.582,-5.2,-3.2,-18.6
142,23.242,-32.6,-7.4,-9.3
142,24.902,-34.1,-9.2,-9.1
142,26.562,-20.7,-33.6,-24.1
142,28.223,5.9,3.2,8.5
142,29.883,30.9,33.3,22.8
142,31.543,-7.7,-6.1,-21.2
142,33.203,-35.3,-8.2,-8.3
142,34.863,-32.0,-22.7,-17.8
142,36.523,-19.7,-40.2,-29.9
142,38.184,3.8,-18.5,-6.9
142,39.844,35.7,26.6,15.5
142,41.504,13.5,18.9,-4.1
142,43.164,-27.9,-15.2,-23.7
142,44.824,-33.7,-20.7,-14.2
142,46.484,-4.1,-18.6,-8.6
142,48.145,-3.2,-18.8,-7.3
142,49.805,16.7,21.3,21.3
142,51.465,31.0,18.9,3.8
142,53.125,-21.4,-12.3,-18.0
142,54.785,-35.1,-15.1,-9.7
142,56.445,-22.7,-35.3,-35.1
142,58.105,-9.3,-18.5,-14.4
142,59.766,22.9,23.2,30.1
142,61.426,30.5,26.3,21.8
142,63.086,2.1,-14.8,-31.1
142,64.746,-30.2,-7.7,-0.5
142,66.406,-31.8,-15.6,-8.4
142,68.066,-10.4,-19.3,-25.8
142,69.727,12.5,10.6,19.4
142,71.387,19.2,23.0,23.1
142,73.047,-12.4,-16.2,-34.0
142,74.707,-18.6,-10.6,1.6
142,76.367,-24.8,-6.0,2.9
142,78.027,-22.9,-21.3,-26.0
142,79.688,16.8,3.5,23.0
142,81.348,14.8,16.0,20.9
142,83.008,-18.0,-14.5,-38.2
142,84.668,-19.2,-16.8,-31.9
142,86.328,-12.4,-9.2,-5.6
142,87.988,-12.8,-9.2,-13.9
142,89.648,6.1,-8.2,-11.5
142,91.309,-4.1,-3.6,-5.9
142,92.969,-21.0,-12.8,-31.4
142,94.629,-13.0,-11.3,-2.9
142,96.289,-5.0,-8.8,6.2
142,97.949,-1.0,0.1,-8.0
142,99.609,5.5,4.1,1.9
142,101.27,1.9,-0.7,5.4
142,102.93,-25.8,-26.8,-32.6
142,104.59,-26.0,-12.4,-8.5
142,106.25,-3.9,3.9,-0.1
142,107.91,15.0,-6.1,-8.7
142,109.57,16.1,-5.9,-9.4
142,111.23,-10.4,3.1,-1.4
142,112.891,-24.3,-35.9,-35.4
142,114.551,-21.5,-2.8,7.1
142,116.211,-16.4,8.7,8.3
142,117.871,9.7,-2.8,-13.9
142,119.531,13.2,5.7,12.8
142,121.191,7.5,10.6,13.6
142,122.852,-16.0,-17.2,-25.1
142,124.512,-35.5,-32.1,-22.3
142,126.172,1.5,11.7,5.9
142,127.832,6.7,-3.4,-7.9
142,129.492,3.5,-3.5,-8.7
142,131.152,9.7,3.2,4.0
142,132.812,-22.2,-16.0,-13.6
142,134.473,-39.2,-28.3,-24.1
142,136.133,-18.4,-15.5,-13.8
142,137.793,5.5,0.1,-10.5
142,139.453,5.9,6.9,-1.5
142,141.113,19.0,0.9,2.9
142,142.773,4.7,-9.7,-3.4
142,144.434,-37.9,-19.7,-21.8
142,146.094,-33.1,-18.3,-15.5
142,147.754,-5.9,-13.9,-7.5
142,149.414,-2.6,-14.2,-19.1
142,151.074,6.9,17.5,4.8
142,152.734,2.0,-6.8,-3.6
142,154.395,-22.1,-27.8,-23.0
142,156.055,-21.6,-20.2,-12.9
142,157.715,-18.0,-9.8,5.3
142,159.375,-0.5,-17.2,-28.5
142,161.035,15.2,16.6,15.9
142,162.695,10.4,28.1,29.2
142,164.355,-15.3,-18.9,-27.4
142,166.016,-18.1,-23.8,-4.8
142,167.676,-16.6,-7.5,13.1
142,169.336,-7.7,-7.9,-26.2
142,170.996,11.2,0.7,-10.5
142,172.656,6.6,13.8,7.2
142,174.316,-7.7,1.4,-8.0
142,175.977,-20.3,-28.4,-16.6
142,177.637,-15.7,-24.1,0.2
142,179.297,-3.1,-9.2,-16.7
142,180.957,-0.2,6.3,0.8
142,182.617,3.3,15.8,9.3
142,184.277,-4.7,-0.5,-13.4
142,185.938,-24.7,-23.4,-15.1
142,187.598,-24.5,-18.1,-1.1
142,189.258,0.3,-17.8,-11.8
142,190.918,13.0,-4.7,-1.8
142,192.578,2.0,28.4,16.7
142,194.238,-3.1,9.7,-14.8
142,195.898,-29.8,-37.1,-23.9
142,197.559,-29.1,-20.9,3.8
142,199.219,-15.1,-7.4,7.2
142,200.879,17.6,-15.3,-16.7
142,202.539,4.4,17.5,14.1
142,204.199,0.2,37.9,15.1
142,205.859,-7.1,7.9,-19.0
142,207.52,-40.2,-37.3,-12.3
142,209.18,-7.8,-7.9,12.6
142,210.84,11.8,-4.6,1.3
142,212.5,14.2,5.0,-5.2
142,214.16,5.7,33.7,13.7
142,215.82,0.0,26.4,7.8
142,217.48,-70.1,-47.4,-43.0
142,219.141,-119.0,-83.1,13.9
142,220.801,-112.4,-92.6,12.2
142,222.461,-106.9,-115.8,-4.8
142,224.121,-90.6,-81.4,16.4
142,225.781,-115.9,-120.2,-37.5
142,227.441,-123.0,-131.7,-48.6
142,229.102,-87.6,-119.4,-21.5
142,230.762,-28.1,-62.5,11.8
142,232.422,-12.6,-34.2,-5.8
142,234.082,-3.8,11.8,12.3
142,235.742,-3.6,15.7,15.5
142,237.402,-52.5,-47.3,-47.2
142,239.062,-33.1,-42.0,8.8
142,240.723,-15.7,-27.8,25.1
142,242.383,13.3,-16.0,-5.1
142,244.043,17.8,-2.0,-16.1
142,245.703,-13.1,11.4,4.3
142,247.363,-22.5,-1.0,-11.3
142,249.023,-42.7,-52.5,-43.7
142,250.684,-22.3,-36.4,2.8
142,252.344,-7.2,-20.8,17.3
142,254.004,8.4,-3.7,-15.2
142,255.664,12.2,19.1,13.3
142,257.324,-10.1,11.6,-1.9
142,258.984,-36.7,-29.5,-43.3
142,260.645,-24.5,-35.3,-4.5
142,262.305,-0.8,-27.6,17.0
142,263.965,0.0,-8.8,1.1
142,265.625,6.0,17.1,-0.6
142,267.285,-5.4,11.5,-9.5
142,268.945,-25.8,-27.0,-17.0
142,270.605,-7.7,-27.2,2.8
142,272.266,-7.5,-29.3,-0.8
142,273.926,-3.4,-15.6,-9.3
142,275.586,4.8,14.9,4.9
142,277.246,4.9,19.4,2.8
142,278.906,-24.9,-21.0,-23.2
142,280.566,-16.9,-16.5,3.7
142,282.227,-15.2,-17.0,4.1
142,283.887,-7.5,-29.6,-17.8
142,285.547,2.3,4.5,2.2
142,287.207,2.6,19.9,14.4
142,288.867,-15.8,-14.4,-31.7
142,290.527,-15.5,-18.8,-5.3
142,292.188,-15.7,-12.8,3.1
142,293.848,-11.4,-30.0,-13.5
142,295.508,-4.1,-19.8,-12.8
142,297.168,6.7,21.2,-3.0
142,298.828,-16.9,-5.7,-24.8
142,300.488,-21.4,-8.2,-21.2
142,302.148,-22.9,-18.0,-11.2
142,303.809,-16.8,-32.3,-16.5
142,305.469,-13.1,-30.8,-15.6
142,307.129,0.7,6.9,12.7
142,308.789,17.4,19.8,3.2
142,310.449,3.7,4.4,-23.2
142,312.109,-30.7,-12.8,0.2
142,313.77,-24.7,-32.4,-13.1
142,315.43,-13.7,-42.7,-26.1
142,317.09,-1.3,-3.4,5.6
142,318.75,14.5,24.5,22.3
142,320.41,-0.9,-13.2,-25.5
142,322.07,-11.3,-18.0,-30.2
142,323.73,-33.1,-16.9,-2.3
142,325.391,-28.0,-38.6,-32.2
142,327.051,-11.7,-26.9,-20.4
142,328.711,29.2,29.3,32.7
142,330.371,26.4,29.0,10.0
142,332.031,-8.0,-11.6,-33.3
142,333.691,-27.5,-24.3,-13.7
142,335.352,-43.3,-27.6,-7.8
142,337.012,-4.5,-25.1,-20.4
142,338.672,16.6,-9.6,-1.4
142,340.332,38.1,32.7,38.4
142,341.992,-5.3,0.0,-21.3
142,343.652,-32.3,-71.5,-28.3
142,345.312,-40.4,-102.9,-15.8
142,346.973,-35.4,-367.4,-25.9
142,348.633,9.1,-499.9,-9.2
142,350.293,14.9,-455.2,-1.6
142,351.953,3.7,-440.1,-12.8
142,353.613,-33.6,-423.3,-19.0
142,355.273,-46.0,-412.2,-14.5
142,356.934,-34.0,-336.4,-34.6
142,358.594,5.4,-175.8,6.8
142,360.254,34.8,-93.1,25.8
142,361.914,27.9,-92.8,-0.7
142,363.574,-23.5,-109.8,-19.9
142,365.234,-42.6,-96.2,-8.2
142,366.895,-41.9,-84.6,-16.2
142,368.555,0.2,-69.3,-13.9
142,370.215,19.3,-22.4,23.6
142,371.875,23.9,-4.3,-5.8
142,373.535,-25.4,-62.7,-22.4
142,375.195,-39.9,-44.0,-9.4
142,376.855,-26.3,-49.3,-23.4
142,378.516,0.0,-45.4,-18.7
142,380.176,17.9,-10.4,16.4
142,381.836,14.0,0.4,-1.6
142,383.496,-21.2,-42.8,-39.9
142,385.156,-41.1,-47.4,-21.7
142,386.816,-16.6,-29.8,-1.9
142,388.477,-4.8,-34.2,-10.0
142,390.137,8.1,-11.5,0.0
142,391.797,28.7,18.3,16.1
142,393.457,15.2,5.1,4.9
142,395.117,-39.0,-39.4,-25.2
142,396.777,-5.1,-22.5,5.6
142,398.438,-0.1,-25.7,-3.8
142,400.098,9.4,-0.7,-2.9
142,401.758,22.3,16.1,13.4
142,403.418,-17.4,-22.1,-22.2
142,405.078,-43.6,-39.6,-40.0
142,406.738,-5.1,-25.6,7.0
142,408.398,8.0,-14.0,-8.6
142,410.059,5.5,-13.5,-9.0
142,411.719,3.5,-3.6,2.3
142,413.379,-15.6,-14.6,-11.1
142,415.039,-39.5,-37.1,-42.9
142,416.699,-7.0,-11.7,18.6
142,418.359,3.4,-11.5,11.7
142,420.02,14.5,-17.3,-16.1
142,421.68,11.8,10.9,18.0
142,423.34,-29.6,-15.9,-17.3
142,425.0,-37.6,-38.5,-49.8
142,426.66,-6.0,-6.3,18.8
142,428.32,13.0,1.0,5.1
142,429.98,23.1,-5.6,-10.1
142,431.641,17.9,0.9,4.6
142,433.301,1.2,-0.1,12.0
142,434.961,-38.9,-35.7,-40.8
142,436.621,-33.6,-21.9,-10.7
142,438.281,14.2,-10.0,4.1
142,439.941,24.5,-7.7,2.5
142,441.602,19.7,4.6,8.8
142,443.262,-12.5,-1.6,-3.9
142,444.922,-33.3,-31.0,-36.5
142,446.582,-24.8,-20.5,-1.7
142,448.242,25.1,-12.4,-8.1
142,449.902,25.4,-9.0,-5.3
142,451.562,6.6,18.4,17.6
142,453.223,-13.0,-11.2,-18.4
142,454.883,-17.7,-29.1,-34.9
142,456.543,-35.4,-22.4,-3.9
142,458.203,19.7,-13.5,-12.4
142,459.863,21.4,-15.3,-7.9
142,461.523,9.2,21.5,20.6
142,463.184,6.9,17.1,6.3
142,464.844,-39.6,-39.1,-40.3
142,466.504,-44.3,-45.5,-31.4
142,468.164,-14.7,-12.9,10.2
142,469.824,15.8,-17.3,-11.0
142,471.484,11.8,-11.6,-11.0
142,473.145,9.0,24.9,17.0
142,474.805,-33.5,-29.7,-32.7
142,476.465,-33.6,-28.4,-32.9
142,478.125,-22.5,-20.7,2.9
142,479.785,2.9,-21.0,-15.2
142,481.445,7.3,-16.9,-20.6
142,483.105,12.0,20.2,20.2
142,484.766,-7.7,-5.1,-15.8
142,486.426,-32.1,-30.0,-42.2
142,488.086,-29.8,-23.6,-9.5
142,489.746,-0.3,-28.0,-15.5
142,491.406,7.5,-27.6,-29.3
142,493.066,9.2,15.5,13.7
142,494.727,-1.7,22.3,8.8
142,496.387,-17.6,-14.2,-34.9
142,498.047,-8.2,-19.3,9.6
142,499.707,-11.1,-27.9,-8.8
142,501.367,-4.6,-22.7,-25.3
142,503.027,-0.9,-14.1,-12.5
142,504.688,6.9,22.4,13.2
142,506.348,-17.5,-9.2,-36.0
142,508.008,-16.0,-18.0,10.7
142,509.668,-10.8,-22.7,9.0
142,511.328,-3.6,-30.9,-27.7
142,512.988,7.2,-5.2,-5.0
142,514.648,-10.5,10.2,-14.8
142,516.309,-21.7,-8.4,-30.9
142,517.969,-16.8,-16.9,-19.3
142,519.629,-3.3,-18.4,3.9
142,521.289,-4.1,-18.0,-14.6
142,522.949,2.1,-11.3,0.0
142,524.609,1.3,5.0,-2.2
142,526.27,-21.7,2.6,-26.5
142,527.93,-17.6,-7.3,-12.5
142,529.59,-3.6,-16.5,1.5
142,531.25,4.2,-31.4,-13.6
142,532.91,0.0,8.7,13.9
142,534.57,-2.9,10.3,8.6
142,536.23,-22.0,-8.0,-33.0
142,537.891,-18.5,-7.1,-3.9
142,539.551,-10.5,-6.3,2.0
142,541.211,6.8,-30.7,-14.4
142,542.871,8.2,-25.4,-5.4
142,544.531,-3.1,8.5,-0.5
142,546.191,-18.0,4.1,-20.1
142,547.852,-29.4,-14.5,-19.6
142,549.512,-1.8,-6.7,-0.1
142,551.172,9.4,-17.5,-9.6
142,552.832,11.8,-1.2,10.7
142,554.492,-5.5,2.5,-5.9
142,556.152,-7.5,2.5,-8.1
142,557.812,-39.1,-14.4,-24.5
142,559.473,-4.8,-7.7,-9.1
142,561.133,13.0,-10.8,-1.9
142,562.793,9.4,-10.6,2.9
142,564.453,13.2,10.0,6.3
142,566.113,-26.8,-15.2,-26.8
142,567.773,-26.7,-12.2,-9.9
142,569.434,-28.6,-11.9,-10.1
142,571.094,-1.9,-16.8,-9.9
142,572.754,7.0,-11.1,-7.5
142,574.414,11.5,14.9,16.6
142,576.074,7.1,-3.1,-7.0
142,577.734,-26.2,-27.5,-33.1
142,579.395,-33.3,-12.9,-12.6
142,581.055,-7.2,-13.1,-12.6
142,582.715,-5.9,-18.5,-21.0
142,584.375,5.1,6.1,7.0
142,586.035,4.9,13.7,21.3
142,587.695,-13.3,-21.0,-32.8
142,589.355,-10.7,-21.3,-14.3
142,591.016,-16.1,-4.3,3.3
142,592.676,-19.8,-16.8,-23.2
142,594.336,-0.7,-15.8,-21.0
142,595.996,-1.1,8.1,-4.3
142,597.656,-3.5,0.7,-16.4
142,599.316,-1.1,-15.1,-4.6
142,600.977,-17.4,-8.6,-13.8
142,602.637,-22.3,-18.2,-32.5
142,604.297,-13.8,-11.1,-13.0
142,605.957,-3.7,4.5,0.8
142,607.617,5.8,-3.8,-15.8
142,609.277,5.4,-9.0,-4.6
142,610.938,-0.7,-7.1,2.3
142,612.598,-17.0,-18.3,-31.0
142,614.258,-30.5,-12.7,-12.3
142,615.918,-20.7,-5.2,-8.0
142,617.578,3.5,-15.8,-24.6
142,619.238,13.4,0.2,9.6
142,620.898,9.2,7.6,-2.4
142,622.559,-3.4,-18.6,-30.3
142,624.219,-39.0,-16.1,-5.6
142,625.879,-37.1,1.2,1.4
142,627.539,6.0,-25.1,-22.6
142,629.199,12.9,-2.3,11.1
142,630.859,18.1,25.5,30.7
142,632.52,0.0,-15.3,-21.0
142,634.18,-40.5,-37.5,-25.5
142,635.84,-36.5,-7.6,-6.3
142,637.5,-8.8,-21.8,-22.6
142,639.16,11.0,-4.5,2.8
142,640.82,33.6,25.0,25.3
142,642.48,-4.6,-7.6,-15.2
142,644.141,-36.2,-24.8,-20.6
142,645.801,-21.8,-11.0,-2.6
142,647.461,-11.9,-16.2,-24.6
142,649.121,-10.5,-15.3,-24.2
142,650.781,27.9,17.4,21.5
142,652.441,-4.8,-9.0,-12.0
142,654.102,-24.6,-20.9,-30.2
142,655.762,-20.0,-10.0,-4.3
142,657.422,-19.4,-21.0,-18.2
142,659.082,2.9,2.6,-5.2
142,660.742,22.2,15.5,20.7
142,662.402,-21.1,-12.6,-32.4
142,664.062,-23.8,-15.0,-33.0
142,665.723,-8.9,-15.0,-7.6
142,667.383,-8.1,-22.4,-21.2
142,669.043,3.9,9.0,3.2
142,670.703,5.3,24.2,24.1
142,672.363,-10.4,-15.9,-31.2
142,674.023,-15.4,-17.5,-19.0
142,675.684,-10.3,-2.7,10.3
142,677.344,-6.0,-13.6,-15.2
142,679.004,5.6,-6.6,-8.5
142,680.664,-3.7,9.0,7.4
142,682.324,-8.3,-1.3,-9.3
142,683.984,-19.5,-21.2,-13.9
142,685.645,-5.2,-11.9,5.8
142,687.305,2.0,-14.0,-3.0
142,688.965,-2.0,0.2,-7.5
142,690.625,0.3,4.9,1.5
142,692.285,-17.4,-11.4,-21.7
142,693.945,-20.6,-10.8,-14.7
142,695.605,-5.0,-7.9,0.5
142,697.266,2.6,-11.1,-13.7
142,698.926,-3.5,12.3,6.9
142,700.586,-12.4,-15.0,-32.3
142,702.246,-9.3,-10.8,-27.6
142,703.906,-9.9,-5.3,4.5
142,705.566,2.7,-8.9,-3.9
142,707.227,-1.4,-16.3,-14.5
142,708.887,1.6,-3.3,-2.3
142,710.547,-12.0,-4.1,-18.1
142,712.207,-20.8,-20.1,-26.3
142,713.867,-2.7,2.0,11.2
142,715.527,5.1,-6.8,-1.5
142,717.188,-6.0,-0.4,-4.0
142,718.848,-3.7,8.0,3.0
142,720.508,-10.8,-18.0,-26.1
142,722.168,-18.6,-20.9,-17.8
142,723.828,-2.3,1.4,11.7
142,725.488,-0.7,-9.2,-3.3
142,727.148,-10.8,-17.5,-26.4
142,728.809,-5.6,7.6,5.7
142,730.469,3.7,0.2,-6.9
142,732.129,-10.6,-14.5,-19.5
142,733.789,-9.7,0.3,4.9
142,735.449,-12.7,-21.4,-17.8
142,737.109,-17.1,-27.2,-24.5
142,738.77,2.9,13.4,13.6
142,740.43,7.0,0.6,-15.0
142,742.09,2.2,-15.5,-31.5
142,743.75,-8.8,-0.3,16.3
142,745.41,-14.5,-9.2,2.8
142,747.07,-21.8,-26.2,-39.3
142,748.73,-20.7,-18.9,-23.5
142,750.391,6.3,7.0,4.7
142,752.051,4.4,-12.1,-10.9
142,753.711,4.6,-12.5,-13.1
142,755.371,-29.9,-17.9,-22.0
142,757.031,-33.3,-17.8,-25.7
142,758.691,-5.8,-9.8,-5.9
142,760.352,11.3,5.2,0.6
142,762.012,5.8,-4.4,-22.2
142,763.672,-7.1,-5.5,8.4
142,765.332,-23.6,-16.9,-15.2
142,766.992,-32.8,-28.2,-37.5
142,768.652,-5.8,-6.9,-0.2
142,770.312,7.6,1.3,7.9
142,771.973,13.4,2.7,-7.5
142,773.633,6.7,-3.0,-2.9
142,775.293,-28.1,-11.9,-16.8
142,776.953,-29.3,-22.9,-30.6
142,778.613,-8.8,-9.4,4.1
142,780.273,3.0,2.6,11.9
142,781.934,12.0,-1.0,-14.7
142,783.594,3.1,6.8,-0.2
142,785.254,-23.9,-6.0,-14.9
142,786.914,-26.2,-37.3,-47.1
142,788.574,-11.9,0.4,12.7
142,790.234,14.6,0.8,-10.3
142,791.895,5.9,-10.8,-11.3
142,793.555,-22.1,9.4,-3.9
142,795.215,-23.7,-4.7,-21.9
142,796.875,-18.1,-31.9,-26.4
142,798.535,0.2,-4.0,10.7
142,800.195,8.4,-3.4,-13.3
142,801.855,-14.6,-14.2,-14.9
142,803.516,-13.4,0.6,-6.0
142,805.176,-9.3,2.3,-11.5
142,806.836,-15.7,-21.0,-12.7
142,808.496,1.4,-9.7,2.6
142,810.156,13.0,-1.3,2.7
142,811.816,-13.2,-12.8,-18.5
142,813.477,-14.2,1.5,-4.8
142,815.137,-4.9,-2.8,-10.6
142,816.797,-10.2,-5.6,-12.2
142,818.457,-5.9,-8.3,-6.7
142,820.117,-3.9,-16.0,-11.5
142,821.777,-23.8,-23.9,-24.1
142,823.438,-23.1,-1.7,-12.7
142,825.098,-0.7,1.1,-4.0
142,826.758,3.2,0.1,-6.8
142,828.418,6.9,5.2,13.7
142,830.078,-6.4,-19.7,-12.2
142,831.738,-26.9,-31.6,-36.8
142,833.398,-8.5,7.5,-2.6
142,835.059,-3.5,-3.2,-20.1
142,836.719,22.5,1.9,-5.5
142,838.379,4.3,6.2,23.2
142,840.039,-15.7,-9.9,-3.4
142,841.699,-32.1,-36.6,-45.3
142,843.359,-30.8,-29.3,-29.4
142,845.02,-2.9,7.4,-0.9
142,846.68,25.9,-0.3,-12.9
142,848.34,2.1,4.8,12.5
142,850.0,-2.2,0.8,6.7
142,851.66,-38.7,-34.7,-27.1
142,853.32,9.7,6.6,-8.9
142,854.98,10.7,6.0,-7.8
142,856.641,21.9,14.2,10.9
142,858.301,15.6,11.1,15.5
142,859.961,-24.5,-29.3,-31.9
142,861.621,-42.4,-31.5,-26.0
142,863.281,-3.2,-4.5,-12.5
142,864.941,22.9,1.1,-10.2
142,866.602,19.5,15.9,14.6
142,868.262,3.0,6.9,-3.7
142,869.922,-38.5,-33.5,-15.1
142,871.582,-37.5,-16.9,2.1
142,873.242,-25.9,3.8,-1.6
142,874.902,14.4,-7.9,-2.4
142,876.562,13.7,20.3,23.4
142,878.223,-7.1,-13.0,-20.6
142,879.883,-17.1,-31.3,-34.9
142,881.543,-35.3,-29.1,-16.7
142,883.203,6.2,14.7,-1.2
142,884.863,2.8,-7.7,-12.1
142,886.523,8.7,15.5,12.7
142,888.184,-11.2,-11.3,-14.7
142,889.844,-34.4,-36.2,-32.4
142,891.504,-16.6,-12.6,-4.1
142,893.164,13.9,17.0,8.6
142,894.824,-1.1,-2.2,-21.1
142,896.484,-4.5,-1.2,-9.9
142,898.145,-9.5,-10.9,-4.1
142,899.805,-24.6,-32.3,-35.0
142,901.465,-1.2,1.9,9.0
142,903.125,12.6,9.2,14.8
142,904.785,-6.7,-2.5,-22.8
142,906.445,-9.1,-0.1,5.6
142,908.105,-19.1,-24.3,-13.9
142,909.766,-27.1,-36.6,-36.5
142,911.426,-8.1,-5.1,-3.2
142,913.086,13.6,15.5,12.1
142,914.746,-0.1,-5.9,-25.3
142,916.406,-3.8,-8.1,-20.6
142,918.066,-25.3,-22.5,-21.6
142,919.727,-12.6,-22.8,-17.4
142,921.387,-7.1,-17.8,-9.2
142,923.047,11.3,12.1,-2.4
142,924.707,-4.1,-4.2,-26.9
142,926.367,-7.0,-6.9,-8.2
142,928.027,-12.8,-10.8,3.8
142,929.688,-15.1,-19.3,-19.2
142,931.348,8.3,2.5,12.1
142,933.008,7.6,5.1,-0.5
142,934.668,-10.0,0.4,-11.1
142,936.328,-9.0,-2.6,-10.6
142,937.988,-24.5,-21.7,-20.5
142,939.648,-8.2,-7.7,-3.6
142,941.309,0.9,-2.3,8.3
142,942.969,2.8,-6.1,-14.0
142,944.629,-8.7,1.5,-6.2
142,946.289,-9.3,-1.1,-10.7
142,947.949,-13.3,-19.0,-22.4
142,949.609,-10.5,-14.6,-0.2
142,951.27,-3.1,-5.9,-1.9
142,952.93,-5.4,-12.8,-19.7
142,954.59,-3.5,0.4,-10.4
142,956.25,-1.6,15.2,5.6
142,957.91,-8.9,-13.8,-23.7
142,959.57,-7.8,-13.6,-9.9
142,961.23,-8.3,-8.4,0.5
142,962.891,-11.6,-19.4,-22.5
142,964.551,3.2,19.4,8.3
142,966.211,3.2,18.1,6.4
142,967.871,-4.9,-9.8,-19.0
142,969.531,-9.2,-14.0,-7.1
142,971.191,-2.3,-19.2,-5.4
142,972.852,-13.3,-18.4,-17.2
142,974.512,-7.9,7.8,0.2
142,976.172,-0.6,10.1,-9.1
142,977.832,-8.7,-4.2,-10.7
142,979.492,-7.5,-2.4,-0.1
142,981.152,-5.8,-30.5,-16.3
142,982.812,-15.0,-32.0,-24.6
142,984.473,-13.0,0.1,3.2
142,986.133,3.2,3.4,-18.7
142,987.793,-5.2,-3.4,-16.4
142,989.453,-4.7,1.5,10.7
142,991.113,-7.4,-29.8,-24.3
142,992.773,-14.6,-27.5,-23.6
142,994.434,-5.9,9.3,12.9
142,996.094,-2.8,19.0,8.4
142,997.754,1.6,-5.5,-13.8
142,999.414,-0.7,3.2,17.1
142,1001.074,-13.7,-19.0,-18.3
142,1002.734,-9.9,-16.1,-22.2
142,1004.395,-2.3,8.5,17.9
142,1006.055,-12.1,3.0,-28.7
142,1007.715,-4.8,-3.9,-20.0
142,1009.375,-2.6,-2.7,9.3
142,1011.035,-11.2,-17.4,-10.4
142,1012.695,-0.1,-8.3,4.1
142,1014.355,-3.4,3.4,12.3
142,1016.016,-9.4,5.0,-18.2
142,1017.676,-5.9,-5.8,-0.4
142,1019.336,-9.9,-15.7,-15.8
142,1020.996,-5.7,-17.4,-21.0
142,1022.656,-2.8,-11.8,-2.5
142,1024.316,-2.0,5.6,5.7
142,1025.977,-1.6,-5.3,-23.9
142,1027.637,-14.7,1.2,0.5
142,1029.297,-14.9,5.3,3.8
142,1030.957,-2.9,-24.9,-31.9
142,1032.617,-8.1,-4.4,10.0
142,1034.277,-2.0,18.4,11.9
142,1035.938,0.9,-26.4,-37.2
142,1037.598,-17.2,-6.8,-2.1
142,1039.258,-21.5,2.8,6.5
142,1040.918,-10.2,-27.3,-15.0
142,1042.578,-5.9,-25.9,-9.7
142,1044.238,15.5,17.7,11.9
142,1045.898,-19.0,-23.8,-27.0
142,1047.559,-18.5,-25.4,-26.1
142,1049.219,-11.9,1.6,-2.6
142,1050.879,-21.8,-24.4,-25.5
142,1052.539,13.6,5.8,5.5
142,1054.199,26.2,13.6,11.5
142,1055.859,-3.2,-14.4,-18.4
142,1057.52,-16.4,-13.5,-15.9
142,1059.18,-9.2,-3.4,-2.9
142,1060.84,-26.5,-15.7,-19.3
142,1062.5,-2.7,4.6,4.3
142,1064.16,25.6,11.3,14.8
142,1065.82,-12.3,-6.6,-19.8
142,1067.48,-8.3,-8.0,-12.2
142,1069.141,-11.4,-8.7,-2.8
142,1070.801,-24.3,-22.0,-36.3
142,1072.461,0.5,11.8,15.4
142,1074.121,16.1,4.3,11.0
142,1075.781,5.0,-11.6,-27.0
142,1077.441,-6.5,-6.7,-2.1
142,1079.102,-26.1,-11.5,-5.6
142,1080.762,-27.7,-26.3,-32.6
142,1082.422,-0.6,5.3,11.2
142,1084.082,3.9,8.6,1.8
142,1085.742,0.6,-9.6,-29.7
142,1087.402,-3.6,-15.9,-20.2
142,1089.062,-17.9,-16.6,-31.1
142,1090.723,-19.4,-17.9,-29.9
142,1092.383,5.1,6.9,6.9
142,1094.043,3.3,3.2,-7.8
142,1095.703,-2.5,-6.3,-17.9
142,1097.363,-14.9,-17.2,-5.7
142,1099.023,-10.0,-11.9,-18.9
142,1100.684,-10.4,-3.8,-10.8
142,1102.344,1.8,11.9,10.2
142,1104.004,3.2,-3.5,-17.4
142,1105.664,-21.4,-14.7,-9.9
142,1107.324,-23.9,-6.9,1.0
142,1108.984,-3.5,-9.9,-7.2
142,1110.645,-0.1,-9.6,-10.2
142,1112.305,6.5,21.6,12.6
142,1113.965,-2.7,-18.9,-24.0
142,1115.625,-24.3,-26.6,-15.9
142,1117.285,-28.0,-3.1,-0.9
142,1118.945,-9.5,-9.2,-20.9
142,1120.605,5.1,2.6,-1.8
142,1122.266,17.6,26.2,21.4
142,1123.926,-14.4,-18.5,-27.0
142,1125.586,-39.6,-34.6,-30.5
142,1127.246,-21.2,-11.9,-3.8
142,1128.906,-0.9,-13.5,-19.2
142,1130.566,12.0,11.1,-1.1
142,1132.227,12.8,16.0,2.8
142,1133.887,-22.7,-28.2,-26.2
142,1135.547,-36.3,-35.6,-16.9
142,1137.207,-16.1,-7.0,-2.2
142,1138.867,5.3,-4.2,-16.3
142,1140.527,22.6,20.8,10.7
142,1142.188,27.9,28.3,23.4
142,1143.848,-25.2,-33.2,-40.2
142,1145.508,-43.2,-38.6,-31.3
142,1147.168,-13.1,-8.0,-2.0
142,1148.828,6.6,-2.9,-26.3
142,1150.488,23.2,24.7,9.3
142,1152.148,10.0,14.8,13.5
142,1153.809,-28.0,-42.6,-42.3
142,1155.469,-30.5,-13.5,6.8
142,1157.129,-21.6,-9.3,9.6
142,1158.789,-0.9,4.7,-23.0
142,1160.449,20.9,23.5,27.9
142,1162.109,10.2,15.9,14.4
142,1163.77,-32.4,-36.6,-30.4
142,1165.43,-19.8,-14.5,17.1
142,1167.09,-11.8,-1.8,5.8
142,1168.75,3.8,6.7,-19.5
142,1170.41,19.8,23.2,9.4
142,1172.07,-0.2,5.6,-5.1
142,1173.73,-22.4,-28.9,-31.9
142,1175.391,-16.8,-23.1,3.9
142,1177.051,-9.5,-9.0,1.7
142,1178.711,-4.6,2.4,-19.0
142,1180.371,9.6,19.9,5.6
142,1182.031,10.7,14.6,10.0
142,1183.691,-18.7,-21.7,-32.0
142,1185.352,-10.2,-15.1,0.9
142,1187.012,-7.9,-16.9,-8.5
142,1188.672,2.4,0.8,-9.4
142,1190.332,3.5,19.7,10.4
142,1191.992,-1.9,12.2,-7.4
142,1193.652,-13.8,-20.6,-30.5
142,1195.312,-15.1,-16.7,0.1
142,1196.973,-3.4,-12.7,-7.0
142,1198.633,1.5,-9.3,-12.9
142,1200.293,-0.9,25.3,7.1
142,1201.953,-4.4,17.4,-0.9
142,1203.613,-13.6,-20.8,-24.4
142,1205.273,-8.4,-15.1,2.9
142,1206.934,-5.5,-14.5,-5.6
142,1208.594,-6.2,-14.9,-14.9
142,1210.254,0.0,8.7,-0.6
142,1211.914,-5.7,3.8,-16.3
142,1213.574,-20.2,-16.6,-17.5
142,1215.234,-6.2,-15.0,0.8
142,1216.895,-6.0,-23.3,-8.6
142,1218.555,-11.8,-12.7,-9.3
142,1220.215,9.9,9.1,-6.1
142,1221.875,6.3,7.1,-14.2
142,1223.535,-25.6,-3.7,-8.3
142,1225.195,-15.0,-5.5,-2.2
142,1226.855,0.7,-29.0,-9.5
142,1228.516,-5.2,7.4,6.7
142,1230.176,9.2,17.2,-0.7
142,1231.836,4.6,12.4,-7.1
142,1233.496,-18.5,0.7,-4.6
142,1235.156,-15.1,-2.9,10.4
142,1236.816,-9.3,-36.5,-28.1
142,1238.477,1.3,-26.6,-20.0
142,1240.137,12.6,18.6,17.7
142,1241.797,7.9,24.3,15.8
142,1243.457,-15.9,-7.7,-17.7
142,1245.117,-14.9,-7.2,-10.4
142,1246.777,-25.9,-20.8,-12.5
142,1248.438,8.2,-20.8,-10.4
142,1250.098,18.0,7.5,18.4
142,1251.758,2.1,19.6,-10.8
142,1253.418,-13.3,-6.1,-30.7
142,1255.078,-17.5,-7.3,-21.2
142,1256.738,-29.6,-14.1,-2.7
142,1258.398,-9.1,-25.8,-22.7
142,1260.059,23.3,7.7,22.6
142,1261.719,8.6,15.8,-10.5
142,1263.379,-8.8,9.0,-23.6
142,1265.039,-28.0,-4.6,-7.3
142,1266.699,-25.0,-33.6,-29.6
142,1268.359,-12.9,-37.3,-18.7
142,1270.02,11.3,12.7,19.4
142,1271.68,25.6,18.6,-5.5
142,1273.34,-36.3,6.2,4.0
142,1275.0,-37.5,-17.4,-26.8
142,1276.66,-31.4,-37.6,-43.4
142,1278.32,-9.9,-27.2,1.5
142,1279.98,19.2,23.4,35.0
142,1281.641,9.5,-8.0,-27.7
142,1283.301,-17.6,-4.3,-13.5
142,1284.961,-33.9,5.2,-0.4
142,1286.621,-29.4,-47.0,-36.8
142,1288.281,-17.3,-45.5,-24.3
142,1289.941,32.8,31.7,27.1
142,1291.602,24.7,18.7,-1.7
142,1293.262,-8.0,-8.5,-26.3
142,1294.922,-21.5,-2.6,-8.7
142,1296.582,-24.2,-5.7,-12.7
142,1298.242,-34.2,-42.0,-29.9
142,1299.902,34.1,19.0,27.4
142,1301.562,23.1,17.7,-1.5
142,1303.223,3.6,8.2,-16.5
142,1304.883,-22.9,-9.3,-5.1
142,1306.543,-29.3,-32.2,-18.4
142,1308.203,-20.9,-29.1,-28.2
142,1309.863,23.5,15.6,30.7
142,1311.523,17.1,9.1,3.9
142,1313.184,-3.3,1.9,-22.9
142,1314.844,-15.0,0.3,-7.3
142,1316.504,-34.7,-25.7,-24.4
142,1318.164,-10.6,-19.7,-18.7
142,1319.824,16.5,11.0,27.2
142,1321.484,18.3,8.3,7.9
142,1323.145,-1.4,-0.1,-23.4
142,1324.805,-25.6,-7.2,-1.2
142,1326.465,-20.5,-30.0,-30.1
142,1328.125,-22.4,-31.2,-31.6
142,1329.785,9.2,10.8,25.3
142,1331.445,1.9,0.0,-24.4
142,1333.105,0.2,-3.4,-30.1
142,1334.766,-14.6,-4.2,1.8
142,1336.426,-21.9,-21.9,-24.4
142,1338.086,-13.1,-20.2,-19.1
142,1339.746,12.5,4.5,11.0
142,1341.406,-6.1,-3.2,-17.4
142,1343.066,-18.5,-2.4,-4.0
142,1344.727,-8.5,-6.8,-9.7
142,1346.387,-10.0,-16.8,-23.2
142,1348.047,-5.6,-2.5,-3.0
142,1349.707,13.1,6.4,4.6
142,1351.367,0.5,-8.5,-15.0
142,1353.027,-21.9,-8.8,-8.7
142,1354.688,-14.9,-10.8,-11.9
142,1356.348,-16.0,-10.9,-12.9
142,1358.008,-5.1,-9.6,-8.3
142,1359.668,11.9,11.7,11.0
142,1361.328,-2.8,-10.4,-18.8
142,1362.988,-26.1,-9.6,-9.6
142,1364.648,-20.0,-0.2,-1.1
142,1366.309,-13.6,-26.2,-29.9
142,1367.969,-8.6,-21.6,-21.3
142,1369.629,19.3,15.4,7.5
142,1371.289,4.7,-5.0,-13.0
142,1372.949,-16.9,-18.6,-24.0
142,1374.609,-20.3,-10.3,-6.0
142,1376.27,-17.3,-25.4,-26.1
142,1377.93,-1.1,4.6,3.1
142,1379.59,20.3,20.0,12.6
142,1381.25,-2.9,-10.5,-19.2
142,1382.91,-25.8,-11.1,-5.4
142,1384.57,-24.6,-8.3,1.8
142,1386.23,-16.1,-21.5,-25.4
142,1387.891,12.3,17.8,15.6
142,1389.551,17.8,16.6,6.3
142,1391.211,-6.9,-11.6,-19.8
142,1392.871,-24.2,-4.6,2.0
142,1394.531,-24.0,-24.2,-27.2
142,1396.191,-17.6,-30.4,-38.4
142,1397.852,2.5,8.3,14.8
142,1399.512,19.1,14.2,13.1
142,1401.172,-4.8,-11.8,-27.3
142,1402.832,-17.9,-6.0,-3.6
142,1404.492,-19.9,-6.9,6.2
142,1406.152,-18.2,-31.0,-40.0
142,1407.812,-7.4,-23.3,-27.1
142,1409.473,14.8,21.8,30.0
142,1411.133,-4.7,-0.4,-31.1
142,1412.793,-14.6,-13.8,-6.7
142,1414.453,-19.5,-9.6,8.2
142,1416.113,-21.7,-15.4,-16.7
142,1417.773,-9.1,-20.9,-28.2
142,1419.434,14.8,5.5,13.3
142,1421.094,-8.9,6.1,-19.7
142,1422.754,-10.7,-6.1,-22.1
142,1424.414,-19.1,-21.0,-6.6
142,1426.074,-16.6,-18.9,-25.2
142,1427.734,3.0,-0.5,3.6
142,1429.395,14.6,6.5,-1.8
142,1431.055,12.2,7.7,-5.0
142,1432.715,-24.4,-4.6,-5.7
142,1434.375,-29.9,-17.0,-11.1
142,1436.035,-1.8,-22.8,-16.9
142,1437.695,15.7,8.3,18.5
142,1439.355,14.5,20.7,11.9
142,1441.016,-17.9,-14.3,-22.7
142,1442.676,-37.0,-7.1,-3.4
142,1444.336,-22.9,-18.0,-17.1
142,1445.996,-0.6,-28.7,-20.1
142,1447.656,15.6,11.5,22.4
142,1449.316,22.1,32.8,28.4
142,1450.977,1.3,2.3,-20.3
142,1452.637,-38.7,-19.4,-15.2
142,1454.297,-24.6,-27.5,-26.6
142,1455.957,4.2,-13.1,2.6
142,1457.617,20.2,9.6,16.5
142,1459.277,39.7,38.8,17.0
142,1460.938,-17.1,-5.1,-25.7
142,1462.598,-42.9,-28.1,-18.1
142,1464.258,-31.1,-32.4,-13.9
142,1465.918,-12.4,-20.8,-12.7
142,1467.578,35.5,27.4,17.4
142,1469.238,27.0,24.6,8.4
142,1470.898,-36.9,-11.1,-24.8
142,1472.559,-43.7,-22.9,-28.4
142,1474.219,-32.6,-45.7,-20.6
142,1475.879,-1.6,-12.1,-6.0
142,1477.539,37.7,36.4,27.3
142,1479.199,12.9,16.3,-16.1
142,1480.859,-30.7,-7.8,-28.4
142,1482.52,-36.9,-29.4,-5.4
142,1484.18,-34.5,-45.9,-19.7
142,1485.84,-19.8,-48.8,-29.0
142,1487.5,26.1,44.4,34.2
142,1489.16,16.4,33.6,-1.4
142,1490.82,-6.8,-7.4,-39.4
142,1492.48,-21.3,-19.7,-18.3
142,1494.141,-30.1,-45.5,-30.5
142,1495.801,17.7,-2.3,3.0
142,1497.461,20.1,7.5,13.2
142,1499.121,28.9,37.9,33.7
142,1500.781,-15.2,-1.0,-34.0
142,1502.441,-18.3,-6.3,-30.7
142,1504.102,-11.8,-38.2,-19.2
142,1505.762,-8.7,-33.3,-15.8
142,1507.422,15.2,17.8,14.2
142,1509.082,17.1,27.5,-9.6
142,1510.742,-23.2,0.2,-16.4
142,1512.402,-29.4,-17.1,-9.0
142,1514.062,-16.2,-39.5,-27.1
142,1515.723,-6.3,-31.5,-4.4
142,1517.383,15.5,19.5,-2.6
142,1519.043,12.9,11.5,-24.1
142,1520.703,-16.1,7.2,-9.2
142,1522.363,-26.5,10.3,3.6
142,1524.023,-19.6,-6.2,-12.7
142,1525.684,-9.6,-29.8,3.2
142,1527.344,-8.0,-17.9,13.8
142,1529.004,10.9,9.8,-15.8
142,1530.664,2.8,-0.2,-29.6
142,1532.324,-25.7,-3.0,-14.7
142,1533.984,-14.3,-12.9,-14.2
142,1535.645,-12.7,-23.7,-22.5
142,1537.305,-5.5,-21.4,8.3
142,1538.965,17.4,22.4,21.2
142,1540.625,-8.9,-11.7,-30.4
142,1542.285,-21.5,0.1,-15.9
142,1543.945,-11.1,5.2,1.7
142,1545.605,-16.2,-21.6,-14.9
142,1547.266,-21.6,-37.2,-23.6
142,1548.926,17.1,8.0,22.2
142,1550.586,26.5,17.3,19.3
142,1552.246,-18.5,2.6,-20.8
142,1553.906,-10.7,10.9,6.0
142,1555.566,-21.9,-22.0,-28.7
142,1557.227,-1.7,-12.8,6.9
142,1558.887,10.9,2.4,26.9
142,1560.547,15.4,1.0,-6.3
142,1562.207,2.0,-4.4,-30.9
142,1563.867,-11.0,12.2,2.4
142,1565.527,-21.4,0.2,-1.7
142,1567.188,-24.7,-31.8,-34.5
142,1568.848,-9.5,-17.7,3.1
142,1570.508,20.4,5.6,7.2
142,1572.168,21.3,-0.6,-16.4
142,1573.828,-5.4,14.5,8.9
142,1575.488,-24.4,0.4,-1.0
142,1577.148,-39.3,-33.1,-46.7
142,1578.809,-23.2,-21.7,-9.4
142,1580.469,9.6,-1.6,25.8
142,1582.129,25.4,5.6,1.9
142,1583.789,4.7,5.8,-1.8
142,1585.449,-36.9,-9.4,-18.5
142,1587.109,-50.1,-25.0,-39.7
142,1588.77,-40.6,-30.2,-37.1
142,1590.43,21.9,-1.5,10.8
142,1592.09,21.6,16.0,7.1
142,1593.75,16.7,16.0,4.1
142,1595.41,-21.6,-10.1,-19.6
142,1597.07,-49.2,-33.4,-38.0
142,1598.73,-35.2,-18.7,-15.7
142,1600.391,25.4,0.3,2.7
142,1602.051,33.8,5.7,-2.6
142,1603.711,9.4,17.8,14.1
142,1605.371,-31.1,-10.0,-24.7
142,1607.031,-43.7,-32.8,-43.3
142,1608.691,-30.0,-21.9,-14.8
142,1610.352,21.6,6.6,1.8
142,1612.012,27.2,8.4,0.0
142,1613.672,11.7,11.2,14.4
142,1615.332,-20.2,-3.2,-10.7
142,1616.992,-34.9,-27.6,-32.5
142,1618.652,-25.0,-15.1,-7.9
142,1620.312,12.0,9.2,3.6
142,1621.973,23.8,1.9,-9.6
142,1623.633,18.8,2.6,-2.6
142,1625.293,-25.7,-17.6,-20.5
142,1626.953,-39.2,-30.5,-34.6
142,1628.613,-33.0,-22.2,-20.8
142,1630.273,17.0,12.5,6.1
142,1631.934,17.2,1.8,-8.9
142,1633.594,-3.6,-0.5,-2.3
142,1635.254,-16.2,-17.4,-11.3
142,1636.914,-20.3,-22.1,-22.5
142,1638.574,-28.0,-19.8,-13.8
142,1640.234,24.4,13.2,2.2
142,1641.895,10.6,-0.7,-21.9
142,1643.555,4.1,2.6,-17.9
142,1645.215,-21.7,-10.2,-2.8
142,1646.875,-28.9,-27.9,-22.5
142,1648.535,-18.1,-27.3,-25.0
142,1650.195,16.0,22.6,22.3
142,1651.855,22.3,19.9,4.9
142,1653.516,-25.6,-17.0,-18.9
142,1655.176,-30.0,-20.3,-3.1
142,1656.836,-31.4,-10.2,4.9
142,1658.496,-5.2,-19.1,-28.2
142,1660.156,29.9,17.1,25.5
142,1661.816,11.8,26.4,7.5
142,1663.477,-26.7,-18.3,-39.9
142,1665.137,-32.1,-26.5,-13.9
142,1666.797,-20.9,-11.7,-14.6
142,1668.457,-19.6,-13.5,-16.9
142,1670.117,30.0,6.3,9.6
142,1671.777,13.7,22.7,17.0
142,1673.438,-23.9,-11.6,-38.7
142,1675.098,-42.4,-30.3,-16.9
142,1676.758,-11.7,-15.6,-17.2
142,1678.418,18.9,7.3,3.9
142,1680.078,34.1,22.2,22.6
142,1681.738,3.9,-1.2,-25.4
142,1683.398,-31.3,-19.9,-33.1
142,1685.059,-46.8,-21.0,-26.2
142,1686.719,-32.2,-21.8,-20.1
142,1688.379,23.6,-9.3,0.1
142,1690.039,25.3,32.0,17.6
142,1691.699,7.4,1.4,-25.1
142,1693.359,-50.2,-29.4,-14.6
142,1695.02,-46.1,-28.7,-16.4
142,1696.68,-21.1,-14.3,-18.5
142,1698.34,-13.7,-20.9,-27.3
373,0.0,-24.6,-66.5,-8.8
373,1.66,-2.9,-17.0,-11.3
373,3.32,26.0,27.3,23.8
373,4.98,22.9,29.9,24.5
373,6.641,27.2,30.8,4.0
373,8.301,-18.6,-18.6,-12.0
373,9.961,-27.8,-24.3,-11.5
373,11.621,-43.2,-36.2,-28.1
373,13.281,-20.8,-22.6,-13.0
373,14.941,12.9,2.9,11.7
373,16.602,19.0,11.6,-7.3
373,18.262,-4.5,-1.2,-7.6
373,19.922,-28.7,-13.9,-13.0
373,21.582,-38.3,-31.5,-30.6
373,23.242,-31.5,-33.1,-26.0
373,24.902,21.4,18.5,19.4
373,26.562,26.3,19.6,15.7
373,28.223,12.9,-3.0,-9.5
373,29.883,-23.8,-8.7,-9.4
373,31.543,-42.7,-19.0,-22.4
373,33.203,-24.9,-32.4,-22.1
373,34.863,5.4,-3.3,8.7
373,36.523,27.3,22.4,27.1
373,38.184,22.6,0.5,-7.3
373,39.844,-12.2,-13.7,-24.8
373,41.504,-42.5,-17.8,-15.9
373,43.164,-42.0,-23.5,-21.7
373,44.824,-10.1,-25.6,-21.9
373,46.484,26.0,19.7,21.5
373,48.145,21.7,8.3,7.1
373,49.805,10.9,-5.5,-12.4
373,51.465,-30.8,-10.7,-14.6
373,53.125,-44.0,-13.4,-12.5
373,54.785,20.9,3.5,10.2
373,56.445,24.5,11.4,20.1
373,58.105,19.5,7.9,7.4
373,59.766,-1.5,-14.1,-24.8
373,61.426,-28.0,-19.2,-19.2
373,63.086,-36.7,-17.9,-13.6
373,64.746,-13.0,-5.6,-21.6
373,66.406,10.2,1.3,-4.4
373,68.066,28.0,8.8,21.2
373,69.727,15.0,-1.1,-3.1
373,71.387,-12.4,-15.3,-25.3
373,73.047,-38.0,-17.9,-6.0
373,74.707,-29.4,-16.8,-23.7
373,76.367,6.6,0.1,-8.2
373,78.027,24.1,14.2,21.5
373,79.688,-11.4,-20.2,-26.0
373,81.348,-24.8,-21.4,-20.4
373,83.008,-36.8,-16.8,-6.1
373,84.668,-26.7,-14.2,-19.1
373,86.328,12.2,-1.6,-1.9
373,87.988,17.9,14.1,19.5
373,89.648,6.5,1.9,-6.4
373,91.309,-12.5,-20.6,-18.4
373,92.969,-26.5,-20.1,-10.0
373,94.629,-25.8,-8.4,-16.7
373,96.289,-9.7,-10.7,-15.7
373,97.949,0.9,-3.9,-6.0
373,99.609,8.4,1.6,-3.4
373,101.27,-10.8,-23.0,-17.3
373,102.93,-19.3,-18.6,-14.1
373,104.59,-22.8,-11.6,-9.4
373,106.25,-10.5,-15.1,-11.9
373,107.91,8.4,6.2,2.1
373,109.57,7.1,10.4,3.3
373,111.23,-10.1,-16.1,-18.6
373,112.891,-14.1,-14.4,-2.0
373,114.551,-17.4,-13.2,-1.0
373,116.211,4.6,-3.9,-8.1
373,117.871,1.8,2.0,-3.6
373,119.531,-3.4,6.2,-1.9
373,121.191,-18.3,-19.7,-22.6
373,122.852,-16.3,-21.8,-17.2
373,124.512,-12.4,-10.8,1.0
373,126.172,-1.9,-9.5,-8.1
373,127.832,7.3,6.9,2.5
373,129.492,0.0,11.2,2.9
373,131.152,-20.6,-26.6,-24.2
373,132.812,-18.1,-20.0,-6.8
373,134.473,-12.5,-15.2,3.0
373,136.133,-3.4,-10.2,-5.7
373,137.793,5.4,-3.3,-14.5
373,139.453,8.0,22.3,12.1
373,141.113,-16.6,-13.5,-21.1
373,142.773,-25.1,-27.5,-20.8
373,144.434,-22.2,-22.9,-4.4
373,146.094,-10.6,-11.0,0.1
373,147.754,11.9,1.7,-11.9
373,149.414,10.6,29.6,14.2
373,151.074,-19.9,-24.6,-35.4
373,152.734,-25.6,-43.9,-14.5
373,154.395,-26.6,-43.6,-10.8
373,156.055,-3.6,-8.2,-16.4
373,157.715,14.5,14.1,-9.1
373,159.375,19.5,25.8,6.3
373,161.035,-10.2,-4.5,-19.1
373,162.695,-30.8,-49.7,-13.0
373,164.355,-24.2,-37.4,-1.4
373,166.016,0.9,-6.9,-17.3
373,167.676,7.7,9.7,-14.5
373,169.336,14.6,35.8,12.0
373,170.996,9.0,27.0,10.2
373,172.656,-23.3,-20.9,-28.5
373,174.316,-22.7,-48.0,-5.6
373,175.977,-16.4,-34.2,0.2
373,177.637,3.4,-1.9,-21.4
373,179.297,12.9,41.4,13.2
373,180.957,13.7,40.7,13.2
373,182.617,-19.9,-12.7,-29.3
373,184.277,-24.1,-44.9,-5.4
373,185.938,-13.4,-36.7,3.8
373,187.598,3.9,-16.0,-18.3
373,189.258,12.6,31.7,5.2
373,190.918,4.7,45.3,5.2
373,192.578,-14.5,15.1,-21.2
373,194.238,-18.7,-38.3,4.8
373,195.898,-15.0,-38.2,6.7
373,197.559,1.1,-31.9,-17.9
373,199.219,7.2,8.6,-6.5
373,200.879,2.3,50.0,7.8
373,202.539,-22.7,-30.4,-24.3
373,204.199,-22.9,-36.8,-8.0
373,205.859,-6.7,-30.7,12.2
373,207.52,-6.5,-32.9,3.5
373,209.18,11.5,-10.4,-12.1
373,210.84,-6.1,48.1,2.5
373,212.5,-33.2,-7.3,-30.8
373,214.16,-33.8,-34.0,-31.8
373,215.82,-59.9,-78.6,16.6
373,217.48,-103.4,-159.0,6.8
373,219.141,-163.7,-295.2,-7.4
373,220.801,-174.5,-311.8,-0.8
373,222.461,-176.6,-323.8,-15.8
373,224.121,-154.8,-350.6,-30.3
373,225.781,-85.4,-289.8,17.3
373,227.441,-64.6,-252.4,10.1
373,229.102,-51.1,-169.7,-8.7
373,230.762,-44.9,-92.2,5.7
373,232.422,-54.0,-78.0,-19.9
373,234.082,-55.0,-90.6,-39.0
373,235.742,-36.5,-99.6,-2.4
373,237.402,-11.9,-75.1,-5.4
373,239.062,-8.5,-56.9,-5.1
373,240.723,-1.8,7.7,11.0
373,242.383,-16.1,-4.8,-27.6
373,244.043,-29.4,-26.2,-42.3
373,245.703,-35.3,-45.2,4.0
373,247.363,-31.4,-47.6,6.3
373,249.023,10.0,-30.2,-1.7
373,250.684,12.5,-1.5,12.8
373,252.344,-3.0,11.0,-12.4
373,254.004,-23.2,-31.6,-31.6
373,255.664,-34.5,-32.2,-13.1
373,257.324,-17.2,-44.6,-13.1
373,258.984,4.7,-20.6,-1.6
373,260.645,7.5,-15.3,1.5
373,262.305,11.5,21.8,15.4
373,263.965,-11.7,-10.1,-12.6
373,265.625,-27.0,-31.0,-15.9
373,267.285,-37.5,-39.7,-23.9
373,268.945,-20.1,-24.3,-9.5
373,270.605,18.5,10.2,12.3
373,272.266,19.5,12.2,5.3
373,273.926,19.1,11.4,3.8
373,275.586,-6.5,-9.1,-1.5
373,277.246,-40.1,-39.5,-26.8
373,278.906,-49.2,-53.5,-39.0
373,280.566,-18.2,-20.3,-2.8
373,282.227,16.6,15.7,11.9
373,283.887,30.2,11.4,4.2
373,285.547,-1.1,-14.8,-3.9
373,287.207,-8.8,-17.3,-7.3
373,288.867,-54.3,-50.0,-44.2
373,290.527,-31.7,-27.0,-27.0
373,292.188,10.2,19.4,23.1
373,293.848,29.8,9.1,11.3
373,295.508,17.8,-7.2,0.0
373,297.168,-9.0,-10.9,-0.2
373,298.828,-44.8,-31.0,-24.5
373,300.488,-18.3,-10.0,-7.3
373,302.148,-10.9,5.0,4.1
373,303.809,25.7,12.2,9.7
373,305.469,12.8,-14.8,2.9
373,307.129,-20.3,-17.1,7.5
373,308.789,-45.9,-41.9,-30.4
373,310.449,-41.6,-38.2,-47.7
373,312.109,4.6,17.6,21.9
373,313.77,17.7,20.1,20.0
373,315.43,18.9,-7.5,-9.9
373,317.09,-9.4,-17.1,8.0
373,318.75,-39.5,-28.7,-16.3
373,320.41,-42.0,-29.0,-43.4
373,322.07,-11.2,-2.5,3.8
373,323.73,15.9,15.9,8.8
373,325.391,8.4,-5.0,-11.9
373,327.051,-2.5,-17.7,4.7
373,328.711,-26.3,-32.0,-21.2
373,330.371,-36.4,-34.5,-42.5
373,332.031,9.9,15.3,20.4
373,333.691,12.8,18.3,9.0
373,335.352,13.7,-1.3,-18.8
373,337.012,-16.8,-22.3,-4.5
373,338.672,-30.8,-28.0,-16.7
373,340.332,-29.8,-28.8,-26.4
373,341.992,10.0,10.4,13.1
373,343.652,14.7,17.6,6.2
373,345.312,3.8,-6.7,-15.3
373,346.973,-22.1,-22.2,-7.8
373,348.633,-36.1,-22.8,-15.9
373,350.293,-19.9,-22.0,-21.0
373,351.953,25.0,17.8,20.5
373,353.613,25.3,18.4,18.4
373,355.273,-8.7,-12.5,-26.1
373,356.934,-33.6,-24.8,-15.9
373,358.594,-38.1,-19.1,-9.4
373,360.254,-11.0,-21.7,-17.0
373,361.914,17.9,9.3,16.8
373,363.574,11.3,13.7,5.5
373,365.234,-12.6,-17.1,-29.8
373,366.895,-35.4,-16.4,-13.7
373,368.555,-35.4,-17.5,-13.5
373,370.215,13.8,-0.4,10.0
373,371.875,21.5,9.7,18.9
373,373.535,12.5,8.3,0.0
373,375.195,-5.3,-11.4,-24.2
373,376.855,-37.5,-20.8,-18.8
373,378.516,-32.3,-22.7,-19.3
373,380.176,7.1,-9.5,-4.5
373,381.836,23.3,9.9,20.9
373,383.496,17.7,9.8,11.2
373,385.156,-20.6,-21.3,-26.9
373,386.816,-26.5,-20.9,-25.3
373,388.477,-34.4,-22.5,-20.2
373,390.137,-6.2,-15.2,-12.2
373,391.797,19.8,1.2,6.9
373,393.457,23.3,17.4,17.8
373,395.117,-6.4,-8.0,-17.1
373,396.777,-37.6,-26.1,-18.8
373,398.438,-34.1,-24.2,-22.8
373,400.098,-13.2,-15.0,-17.8
373,401.758,22.5,18.1,20.1
373,403.418,2.1,-10.0,-14.0
373,405.078,-30.5,-22.0,-8.6
373,406.738,-28.2,-22.5,-10.0
373,408.398,-18.6,-22.9,-30.7
373,410.059,6.7,10.2,-1.7
373,411.719,15.4,27.8,22.2
373,413.379,14.8,17.8,14.8
373,415.039,-16.3,-34.6,-18.1
373,416.699,-28.5,-22.1,-1.0
373,418.359,-15.5,-21.8,-31.1
373,420.02,4.4,-6.0,-10.6
373,421.68,3.3,16.9,-0.5
373,423.34,-6.1,6.5,-10.8
373,425.0,-17.1,-28.1,-0.1
373,426.66,-20.2,-19.6,2.2
373,428.32,-6.9,-16.6,-24.5
373,429.98,3.4,-5.3,-10.3
373,431.641,7.5,17.1,3.9
373,433.301,-7.8,-2.8,-17.1
373,434.961,-13.5,-19.4,-8.6
373,436.621,-11.5,-26.2,-1.6
373,438.281,-10.8,-24.4,-14.2
373,439.941,6.2,11.5,5.2
373,441.602,8.4,15.2,6.2
373,443.262,-17.9,-10.9,-20.3
373,444.922,-20.1,-14.3,3.1
373,446.582,-12.2,-19.3,8.7
373,448.242,4.8,-25.8,-14.3
373,449.902,6.6,-7.0,-1.5
373,451.562,-3.8,23.0,-2.2
373,453.223,-14.1,5.9,-21.4
373,454.883,-23.4,-14.6,-11.8
373,456.543,1.8,-23.4,-0.5
373,458.203,0.1,-17.7,7.3
373,459.863,5.6,7.4,7.5
373,461.523,4.5,14.7,8.3
373,463.184,-24.4,0.6,-31.4
373,464.844,-21.1,-18.9,-16.1
373,466.504,-10.4,-9.1,19.7
373,468.164,7.6,-30.4,-14.9
373,469.824,16.5,-7.3,-4.7
373,471.484,3.9,17.0,12.1
373,473.145,-24.6,1.9,-25.8
373,474.805,-32.6,-10.6,-42.8
373,476.465,-24.1,-10.0,-13.4
373,478.125,-1.7,-21.5,2.1
373,479.785,16.6,-6.3,-3.8
373,481.445,12.1,13.0,13.2
373,483.105,-15.0,8.1,-21.5
373,484.766,-29.7,-4.7,-38.7
373,486.426,-23.9,-21.8,1.0
373,488.086,-10.2,-29.5,-0.7
373,489.746,13.7,-12.1,0.0
373,491.406,17.3,11.7,24.9
373,493.066,-13.1,7.7,-24.7
373,494.727,-30.4,-6.7,-17.2
373,496.387,-24.4,-21.4,-5.0
373,498.047,8.5,-20.7,-10.9
373,499.707,17.2,-12.2,6.3
373,501.367,11.9,16.8,13.4
373,503.027,-2.3,12.5,-19.6
373,504.688,-24.5,-8.3,-9.9
373,506.348,-24.2,-26.1,-11.8
373,508.008,-15.6,-34.7,-19.1
373,509.668,4.7,-21.7,-3.5
373,511.328,12.1,31.2,8.1
373,512.988,7.2,22.0,-9.3
373,514.648,-4.9,-7.3,-10.7
373,516.309,-25.4,-23.0,-9.7
373,517.969,-21.7,-32.9,-18.6
373,519.629,-2.8,-17.9,-3.7
373,521.289,10.7,20.2,7.3
373,522.949,12.2,23.0,3.6
373,524.609,-3.2,-5.7,-5.7
373,526.27,-13.9,-18.4,-10.6
373,527.93,-31.5,-45.8,-26.0
373,529.59,-21.8,-22.1,-11.4
373,531.25,9.3,19.2,-2.1
373,532.91,13.9,12.6,0.0
373,534.57,5.6,7.0,6.8
373,536.23,-11.8,-24.1,-8.3
373,537.891,-25.0,-21.2,-16.8
373,539.551,-20.7,-8.3,-6.7
373,541.211,-4.2,19.1,-4.7
373,542.871,16.7,5.6,-7.0
373,544.531,16.9,5.0,8.5
373,546.191,-7.1,-19.9,-3.7
373,547.852,-12.4,-27.5,-9.4
373,549.512,-21.9,-9.0,-12.2
373,551.172,-12.4,10.3,-10.8
373,552.832,8.8,0.7,-6.8
373,554.492,10.6,-0.4,-2.1
373,556.152,-2.4,-19.5,-2.7
373,557.812,-25.6,-4.2,-4.0
373,559.473,-24.3,-5.4,-4.2
373,561.133,-15.1,10.3,-12.1
373,562.793,-5.9,1.0,-23.8
373,564.453,9.8,-7.4,21.0
373,566.113,2.1,-11.5,7.5
373,567.773,-18.4,-17.7,-23.8
373,569.434,-17.0,8.6,6.2
373,571.094,-12.8,2.4,-3.6
373,572.754,-3.3,-11.3,-22.5
373,574.414,0.4,-8.9,14.5
373,576.074,-5.1,-12.1,-4.0
373,577.734,-10.9,-15.7,-21.2
373,579.395,-6.4,12.5,3.6
373,581.055,-10.0,-1.8,-18.2
373,582.715,-5.6,-23.1,-6.8
373,584.375,-2.3,-19.4,3.9
373,586.035,-8.4,-7.8,-5.7
373,587.695,-5.4,-4.2,-14.1
373,589.355,-1.1,11.6,9.1
373,591.016,-9.6,-17.7,-25.8
373,592.676,-11.7,-29.1,-14.3
373,594.336,-14.1,-15.9,3.2
373,595.996,-13.7,-5.9,-13.8
373,597.656,-0.2,-0.6,-8.2
373,599.316,3.3,12.2,10.4
373,600.977,-1.3,-3.4,-12.0
373,602.637,-11.0,-24.2,-17.6
373,604.297,-16.4,-17.3,-3.7
373,605.957,-14.4,-12.5,-24.9
373,607.617,-5.4,-2.8,-9.5
373,609.277,8.9,9.0,6.6
373,610.938,-1.7,-26.8,-22.3
373,612.598,-10.8,-23.8,-6.8
373,614.258,-22.6,-8.3,-4.6
373,615.918,-25.0,-8.1,-24.8
373,617.578,-3.5,-3.9,-11.1
373,619.238,10.3,11.8,12.5
373,620.898,8.7,4.4,8.9
373,622.559,-10.0,-11.6,-4.0
373,624.219,-19.8,0.1,-12.5
373,625.879,-21.8,-0.8,-18.1
373,627.539,-3.2,-5.0,-8.8
373,629.199,6.7,4.3,12.1
373,630.859,5.1,-11.2,-1.3
373,632.52,-3.6,-23.3,-18.2
373,634.18,-15.2,6.9,-6.2
373,635.84,-14.0,-7.9,-23.6
373,637.5,-3.9,-8.0,-11.2
373,639.16,6.8,-13.3,1.7
373,640.82,3.2,-18.1,-3.3
373,642.48,-11.9,2.9,-0.9
373,644.141,-10.6,0.3,-14.5
373,645.801,-11.7,-2.1,-23.5
373,647.461,2.7,-0.4,8.2
373,649.121,-0.3,-19.7,-0.4
373,650.781,-11.1,-8.2,-7.4
373,652.441,-12.7,6.7,-0.6
373,654.102,-9.7,-3.2,-22.5
373,655.762,0.0,-5.1,-16.3
373,657.422,-0.7,-1.1,11.8
373,659.082,-4.3,-10.5,6.6
373,660.742,-7.2,-24.9,-26.1
373,662.402,-12.9,10.8,6.8
373,664.062,-11.0,11.8,-4.7
373,665.723,4.3,-9.3,-21.4
373,667.383,3.5,-3.6,12.2
373,669.043,-17.8,-19.3,-22.3
373,670.703,-18.5,-22.8,-23.1
373,672.363,-14.3,3.3,2.0
373,674.023,-10.4,11.0,-7.8
373,675.684,6.5,-7.0,4.0
373,677.344,3.2,-5.7,8.1
373,679.004,-15.3,-17.9,-18.4
373,680.664,-17.2,-12.5,-11.0
373,682.324,-8.7,-2.3,-10.6
373,683.984,-4.4,-3.4,-17.6
373,685.645,3.5,1.5,9.7
373,687.305,3.3,-0.3,5.0
373,688.965,-4.9,-13.8,-15.5
373,690.625,-19.6,-5.3,-2.8
373,692.285,-12.0,-7.2,-11.6
373,693.945,0.6,-15.3,-12.2
373,695.605,6.0,11.4,14.8
373,697.266,-4.0,-0.8,-5.4
373,698.926,-14.5,-26.4,-27.2
373,700.586,-19.5,-18.6,-16.6
373,702.246,-6.4,-9.4,-10.4
373,703.906,-0.8,-30.9,-25.3
373,705.566,6.1,10.0,6.0
373,707.227,-12.6,0.1,-7.0
373,708.887,-18.0,-24.8,-31.9
373,710.547,-8.1,-1.9,11.6
373,712.207,-4.5,-10.6,1.0
373,713.867,-0.7,-22.8,-25.5
373,715.527,4.0,6.4,-1.5
373,717.188,-17.7,-6.1,-21.2
373,718.848,-21.8,-18.9,-31.7
373,720.508,-11.7,-13.2,-3.5
373,722.168,0.2,-14.0,-16.3
373,723.828,6.6,-0.7,0.4
373,725.488,5.2,12.0,11.9
373,727.148,-11.3,8.8,-1.6
373,728.809,-22.0,-12.3,-35.1
373,730.469,-20.0,-13.5,-8.7
373,732.129,5.6,-17.9,5.5
373,733.789,9.1,-17.7,-20.9
373,735.449,-5.5,13.4,-2.6
373,737.109,-19.2,8.9,-13.5
373,738.77,-25.4,-15.7,-35.0
373,740.43,-13.2,-14.6,11.7
373,742.09,6.6,-17.5,2.1
373,743.75,6.2,-24.3,-12.4
373,745.41,-12.7,13.6,-9.1
373,747.07,-17.7,15.0,-12.2
373,748.73,-29.6,-16.4,-26.8
373,750.391,2.7,-21.9,4.8
373,752.051,3.7,-21.3,4.1
373,753.711,18.1,-18.7,-6.0
373,755.371,-7.2,21.6,0.9
373,757.031,-31.2,-5.2,-30.5
373,758.691,-24.8,-21.5,-26.3
373,760.352,-3.0,-16.7,4.8
373,762.012,6.9,-11.1,7.9
373,763.672,8.7,-10.1,0.4
373,765.332,3.9,0.4,-1.2
373,766.992,-28.5,9.0,-16.0
373,768.652,-28.1,-10.8,-24.5
373,770.312,-0.9,-15.1,5.7
373,771.973,8.7,-22.6,-0.3
373,773.633,11.0,-12.4,-0.1
373,775.293,-4.6,14.9,-3.2
373,776.953,-17.2,-4.0,-24.2
373,778.613,-16.3,-10.1,-13.8
373,780.273,-6.8,-9.1,2.9
373,781.934,1.3,-17.9,-3.6
373,783.594,7.6,-12.6,-6.5
373,785.254,2.4,0.7,1.8
373,786.914,-20.4,-1.7,-25.5
373,788.574,-11.1,-15.9,-13.3
373,790.234,-5.0,-6.4,10.3
373,791.895,1.7,-21.7,-2.0
373,793.555,-13.0,8.1,-0.3
373,795.215,-9.6,6.5,1.1
373,796.875,-5.4,-6.6,-10.5
373,798.535,-3.8,-1.6,4.7
373,800.195,0.8,-2.2,13.8
373,801.855,-1.2,-29.0,-24.8
373,803.516,-13.5,8.2,0.6
373,805.176,-17.2,7.5,-2.8
373,806.836,-15.0,1.7,-24.0
373,808.496,-2.4,-3.8,2.9
373,810.156,4.7,-13.5,0.5
373,811.816,1.9,-24.5,-14.9
373,813.477,-13.7,-18.3,-22.1
373,815.137,-20.6,7.5,0.2
373,816.797,-11.3,-0.9,-18.1
373,818.457,14.6,-9.5,11.5
373,820.117,6.3,-7.0,23.4
373,821.777,-5.6,-26.3,-27.2
373,823.438,-15.9,-20.2,-28.7
373,825.098,-26.0,21.8,-1.6
373,826.758,-5.1,3.8,-25.2
373,828.418,20.5,-5.6,21.4
373,830.078,9.6,-17.9,13.2
373,831.738,-19.7,-35.7,-30.5
373,833.398,-24.6,-4.3,-12.6
373,835.059,-20.2,22.0,-13.4
373,836.719,10.5,0.0,0.0
373,838.379,18.2,-13.9,17.2
373,840.039,-8.9,-29.4,-9.3
373,841.699,-23.3,-30.1,-25.9
373,843.359,-26.2,14.6,-5.0
373,845.02,-13.8,18.1,-21.5
373,846.68,4.4,5.0,-17.9
373,848.34,13.2,-6.0,25.2
373,850.0,3.9,-25.5,6.1
373,851.66,-29.3,-23.3,-18.5
373,853.32,-28.1,17.4,-6.8
373,854.98,-7.6,19.6,-22.8
373,856.641,11.9,7.5,2.2
373,858.301,10.2,-9.1,16.2
373,859.961,-19.3,-46.7,-23.8
373,861.621,-21.0,-44.8,-25.8
373,863.281,-18.8,13.0,-3.3
373,864.941,5.2,7.7,-18.4
373,866.602,3.3,4.3,-18.0
373,868.262,-13.6,-23.8,3.0
373,869.922,-16.1,-50.5,-25.3
373,871.582,-14.5,-28.7,-17.4
373,873.242,-4.3,25.2,3.6
373,874.902,3.5,15.7,-16.0
373,876.562,-0.5,4.8,-11.8
373,878.223,-10.7,-10.0,4.0
373,879.883,-22.3,-43.1,-24.1
373,881.543,-10.9,-26.4,-6.6
373,883.203,8.0,6.1,11.1
373,884.863,6.9,21.5,-10.9
373,886.523,-2.1,19.4,-18.4
373,888.184,-14.8,-10.6,-5.1
373,889.844,-17.2,-35.2,-24.0
373,891.504,-7.3,-23.4,-10.2
373,893.164,16.9,16.0,18.2
373,894.824,10.4,13.2,-13.2
373,896.484,2.0,4.2,-24.1
373,898.145,-32.2,-10.1,-6.1
373,899.805,-31.4,-39.4,-32.3
373,901.465,2.3,-11.9,6.7
373,903.125,28.1,12.2,21.2
373,904.785,18.5,9.1,-19.3
373,906.445,-1.4,5.4,-17.6
373,908.105,-42.2,-13.6,-12.3
373,909.766,-34.8,-34.1,-35.1
373,911.426,6.0,-10.4,8.6
373,913.086,30.4,19.0,22.6
373,914.746,21.7,16.7,-1.4
373,916.406,-20.6,-9.6,-14.0
373,918.066,-43.9,-27.5,-33.4
373,919.727,-35.5,-29.8,-35.0
373,921.387,17.1,4.0,15.8
373,923.047,28.7,16.1,23.8
373,924.707,26.0,5.7,6.3
373,926.367,1.0,-4.5,-5.3
373,928.027,-53.0,-25.8,-40.9
373,929.688,-44.1,-26.2,-33.0
373,931.348,-13.5,-16.3,-3.9
373,933.008,25.5,9.1,7.8
373,934.668,13.2,12.3,11.9
373,936.328,8.9,7.1,10.7
373,937.988,-35.8,-31.9,-42.6
373,939.648,-34.8,-21.9,-25.4
373,941.309,-2.0,11.6,7.9
373,942.969,13.8,8.1,5.2
373,944.629,17.5,-12.4,-0.4
373,946.289,18.0,-7.1,5.1
373,947.949,-27.5,-24.5,-34.6
373,949.609,-26.9,-26.9,-35.6
373,951.27,-15.3,-4.2,-13.4
373,952.93,0.1,1.6,1.2
373,954.59,10.7,-8.6,-7.0
373,956.25,13.2,-1.3,11.0
373,957.91,-7.1,-6.0,-0.8
373,959.57,-11.6,-14.3,-17.2
373,961.23,-19.8,-16.1,-34.9
373,962.891,-13.7,9.0,6.4
373,964.551,-2.3,-16.1,-20.8
373,966.211,11.3,-7.7,14.5
373,967.871,11.6,3.3,25.8
373,969.531,-6.4,-9.6,-26.9
373,971.191,-15.7,-2.1,-14.1
373,972.852,-21.5,3.4,-1.5
373,974.512,-16.8,-17.5,-27.0
373,976.172,-3.4,-13.7,-4.8
373,977.832,5.3,-7.9,-20.3
373,979.492,-2.0,-4.7,-15.4
373,981.152,-8.7,-0.5,-6.1
373,982.812,-21.4,-6.1,-12.9
373,984.473,-21.8,-23.8,-36.0
373,986.133,4.3,-0.7,21.9
373,987.793,9.1,-1.4,8.4
373,989.453,9.2,-1.1,-8.2
373,991.113,-2.9,2.1,0.3
373,992.773,-14.0,8.2,-3.4
373,994.434,-25.6,-23.7,-30.9
373,996.094,-10.9,-12.4,1.1
373,997.754,4.7,4.2,17.7
373,999.414,9.2,-4.6,-13.0
373,1001.074,7.3,-6.5,-12.1
373,1002.734,-10.5,6.9,-0.9
373,1004.395,-20.7,-19.1,-31.2
373,1006.055,-11.9,-15.3,-6.8
373,1007.715,-7.0,-12.3,4.3
373,1009.375,5.9,-8.9,-9.8
373,1011.035,7.8,0.0,-4.4
373,1012.695,-6.6,8.5,-2.9
373,1014.355,-22.1,-17.5,-26.5
373,1016.016,-17.7,-10.3,-6.5
373,1017.676,-6.8,-5.6,-0.2
373,1019.336,1.6,-17.8,-12.9
373,1020.996,4.0,-6.7,0.0
373,1022.656,-1.7,8.4,1.0
373,1024.316,-11.4,-6.5,-18.0
373,1025.977,-15.9,-10.0,-11.9
373,1027.637,-18.1,-7.5,-4.6
373,1029.297,0.5,-20.7,-16.8
373,1030.957,-3.0,7.2,2.6
373,1032.617,-4.0,6.4,2.7
373,1034.277,-10.9,-1.4,-15.3
373,1035.938,-9.4,1.5,-0.5
373,1037.598,-10.1,-6.9,-1.7
373,1039.258,-8.1,-24.8,-19.3
373,1040.918,-3.0,-7.6,-1.7
373,1042.578,-2.6,2.4,-8.5
373,1044.238,-4.0,3.6,-11.9
373,1045.898,1.2,9.7,8.1
373,1047.559,-6.8,-26.2,-22.3
373,1049.219,-11.8,-31.8,-21.7
373,1050.879,-8.7,-6.2,0.2
373,1052.539,-11.5,1.4,-12.2
373,1054.199,-5.7,6.0,-15.6
373,1055.859,1.3,13.3,4.9
373,1057.52,1.6,-8.3,-3.2
373,1059.18,-6.0,-31.1,-18.7
373,1060.84,-7.1,-30.1,-19.6
373,1062.5,-15.6,-4.1,-2.9
373,1064.16,-10.8,1.9,-27.0
373,1065.82,6.1,15.5,16.3
373,1067.48,4.3,-4.3,-3.7
373,1069.141,-0.9,-22.8,-17.7
373,1070.801,-11.2,-21.5,-2.8
373,1072.461,-17.8,-5.8,-0.1
373,1074.121,-9.4,-0.6,-18.3
373,1075.781,3.7,12.8,4.4
373,1077.441,11.5,13.5,12.6
373,1079.102,2.1,-25.0,-19.7
373,1080.762,-1.2,-18.6,2.4
373,1082.422,-27.2,-12.9,-27.6
373,1084.082,-14.7,-3.8,-19.8
373,1085.742,6.7,8.2,8.4
373,1087.402,10.3,-1.9,-4.2
373,1089.062,2.8,-19.5,-8.1
373,1090.723,-15.3,-14.0,-3.4
373,1092.383,-22.1,-10.6,-25.8
373,1094.043,-18.5,1.8,-13.0
373,1095.703,-0.6,12.2,6.4
373,1097.363,11.1,-13.8,-13.4
373,1099.023,-2.8,-12.6,3.9
373,1100.684,-9.7,-9.6,0.4
373,1102.344,-21.5,-18.7,-27.0
373,1104.004,-14.9,-0.7,-3.6
373,1105.664,-2.1,21.6,9.3
373,1107.324,5.1,-10.2,-18.2
373,1108.984,1.7,-28.3,-12.4
373,1110.645,-12.6,-1.9,8.3
373,1112.305,-21.5,-3.3,-1.5
373,1113.965,-16.0,-15.8,-28.3
373,1115.625,0.9,24.4,12.1
373,1117.285,-4.4,-14.9,-15.9
373,1118.945,-8.4,-29.9,-19.3
373,1120.605,-4.8,-18.7,0.0
373,1122.266,-8.8,-1.0,14.2
373,1123.926,-13.4,-13.3,-22.9
373,1125.586,-1.2,16.1,10.7
373,1127.246,-3.1,20.2,9.2
373,1128.906,-7.9,-25.4,-26.2
373,1130.566,-9.0,-19.7,12.3
373,1132.227,-13.2,-14.1,-2.5
373,1133.887,-1.0,9.7,-9.6
373,1135.547,-1.2,11.9,-5.8
373,1137.207,-4.5,-5.9,-21.0
373,1138.867,-22.0,-23.5,-31.8
373,1140.527,-14.8,-28.8,5.9
373,1142.188,-8.4,-27.8,-7.1
373,1143.848,3.6,5.1,-12.2
373,1145.508,-2.9,22.2,2.8
373,1147.168,-14.7,-17.9,-34.9
373,1148.828,-18.0,-28.0,-20.1
373,1150.488,-17.5,-26.0,6.2
373,1152.148,-2.8,-20.0,-15.7
373,1153.809,1.6,-6.3,-16.3
373,1155.469,3.3,26.8,13.0
373,1157.129,-10.8,10.0,-19.3
373,1158.789,-19.8,-29.0,-12.8
373,1160.449,-14.1,-25.0,-5.9
373,1162.109,-9.3,-21.0,-12.2
373,1163.77,5.9,-6.4,-7.1
373,1165.43,7.7,28.5,0.4
373,1167.09,-14.4,4.0,-24.0
373,1168.75,-23.0,-28.2,-18.9
373,1170.41,-18.3,-30.9,-2.6
373,1172.07,-5.1,-20.6,-2.6
373,1173.73,6.4,6.9,1.3
373,1175.391,-2.2,31.4,-1.0
373,1177.051,-4.5,22.3,-10.8
373,1178.711,-17.2,-17.0,-19.8
373,1180.371,-15.6,-31.2,-8.6
373,1182.031,-4.7,-28.6,-3.9
373,1183.691,10.4,16.7,2.0
373,1185.352,8.2,21.1,-13.8
373,1187.012,-15.8,-1.9,-20.5
373,1188.672,-25.5,-4.8,-9.6
373,1190.332,-20.3,-16.3,-1.4
373,1191.992,-1.9,-35.5,-11.2
373,1193.652,12.5,9.0,12.0
373,1195.312,5.2,26.9,1.1
373,1196.973,-2.8,20.5,-16.0
373,1198.633,-19.5,-12.0,-2.5
373,1200.293,-25.7,-36.3,-12.7
373,1201.953,-22.9,-39.6,-15.0
373,1203.613,-9.1,-33.9,-13.5
373,1205.273,13.4,21.6,9.6
373,1206.934,7.4,23.2,0.2
373,1208.594,-25.2,-3.2,7.5
373,1210.254,-30.1,-9.2,7.3
373,1211.914,-15.8,-50.5,-31.2
373,1213.574,1.8,-11.0,9.1
373,1215.234,13.8,16.4,-4.6
373,1216.895,4.0,14.7,-31.0
373,1218.555,-11.2,11.7,-14.3
373,1220.215,-21.2,-9.8,0.9
373,1221.875,-20.5,-40.6,-17.4
373,1223.535,2.6,-22.1,8.6
373,1225.195,19.1,18.6,16.8
373,1226.855,14.0,27.9,-4.4
373,1228.516,7.3,21.1,-22.1
373,1230.176,-32.7,-5.3,-1.8
373,1231.836,-37.9,-14.9,-10.1
373,1233.496,-9.6,-42.0,-4.7
373,1235.156,5.1,-26.4,14.4
373,1236.816,25.6,13.4,10.5
373,1238.477,-1.7,20.6,-13.0
373,1240.137,-8.8,21.6,-8.9
373,1241.797,-35.3,-28.1,-24.7
373,1243.457,-34.1,-53.4,-32.2
373,1245.117,9.8,-13.3,21.9
373,1246.777,23.4,19.7,7.2
373,1248.438,19.7,19.7,-12.5
373,1250.098,3.8,15.0,-10.6
373,1251.758,-18.8,5.9,-7.6
373,1253.418,-50.1,-42.1,-33.4
373,1255.078,-36.1,-46.2,-27.5
373,1256.738,29.0,3.7,20.0
373,1258.398,29.5,16.6,-1.5
373,1260.059,-5.2,23.0,-6.4
373,1261.719,-46.5,-36.3,-42.4
373,1263.379,-46.2,-46.7,-43.0
373,1265.039,-16.5,-25.9,4.8
373,1266.699,16.9,1.7,26.5
373,1268.359,39.2,4.4,-2.9
373,1270.02,29.0,10.5,-5.2
373,1271.68,-35.1,4.8,-19.7
373,1273.34,-49.4,-27.7,-39.6
373,1275.0,-27.0,-37.4,-14.0
373,1276.66,-7.7,-19.0,7.4
373,1278.32,36.0,12.1,8.0
373,1279.98,28.4,6.5,-1.2
373,1281.641,-6.2,8.0,-9.9
373,1283.301,-47.9,-19.3,-31.6
373,1284.961,-50.7,-37.5,-40.6
373,1286.621,-17.6,-17.9,-5.4
373,1288.281,36.5,2.9,9.7
373,1289.941,15.5,4.3,-1.5
373,1291.602,-8.9,7.0,-7.2
373,1293.262,-31.8,-8.8,-19.7
373,1294.922,-38.4,-22.4,-28.9
373,1296.582,10.7,0.3,14.5
373,1298.242,26.7,2.6,13.5
373,1299.902,21.5,0.0,0.8
373,1301.562,-7.9,-2.7,-3.7
373,1303.223,-38.0,-13.3,-25.0
373,1304.883,-32.7,-20.1,-30.8
373,1306.543,-4.3,0.9,4.2
373,1308.203,24.9,4.4,3.9
373,1309.863,23.8,-4.9,-0.8
373,1311.523,0.3,2.3,8.9
373,1313.184,-34.0,-21.3,-28.7
373,1314.844,-26.5,-10.9,-21.0
373,1316.504,-21.6,3.5,0.9
373,1318.164,13.2,-2.4,-5.8
373,1319.824,15.6,-8.7,-4.4
373,1321.484,13.1,-5.1,7.6
373,1323.145,-28.7,-19.2,-28.7
373,1324.805,-26.6,-16.0,-33.0
373,1326.465,-3.9,6.0,5.8
373,1328.125,-0.6,8.7,3.6
373,1329.785,11.1,-13.8,5.3
373,1331.445,-0.5,-12.3,6.5
373,1333.105,-13.5,-9.7,-14.4
373,1334.766,-22.3,-4.1,-17.0
373,1336.426,-4.3,1.2,-2.5
373,1338.086,-0.4,1.4,-5.3
373,1339.746,-1.4,-19.0,-8.1
373,1341.406,-0.4,-18.7,-6.2
373,1343.066,-15.3,-6.5,-11.8
373,1344.727,-3.2,3.4,-1.2
373,1346.387,-1.2,15.2,4.9
373,1348.047,-2.1,13.9,4.9
373,1349.707,-3.2,-21.7,-21.6
373,1351.367,-14.8,-19.1,-9.8
373,1353.027,-16.0,-4.5,-7.5
373,1354.688,-0.5,-12.7,-15.7
373,1356.348,4.4,10.6,7.0
373,1358.008,-5.8,-10.5,-17.6
373,1359.668,-12.9,-30.3,-29.8
373,1361.328,-17.7,-28.4,-30.0
373,1362.988,-23.8,-1.2,-0.6
373,1364.648,-6.0,-17.9,-17.4
373,1366.309,11.6,10.4,3.8
373,1367.969,13.2,6.0,7.1
373,1369.629,-9.9,-27.9,-28.5
373,1371.289,-30.1,-21.3,-14.4
373,1372.949,-29.6,-20.7,-12.4
373,1374.609,-17.7,-5.0,-11.6
373,1376.27,19.0,3.2,-5.7
373,1377.93,30.3,17.1,28.3
373,1379.59,-13.8,-17.8,-27.2
373,1381.25,-28.6,-19.9,-17.5
373,1382.91,-32.3,-10.5,2.8
373,1384.57,1.8,-14.2,-26.8
373,1386.23,20.2,14.6,12.3
373,1387.891,17.3,19.4,27.6
373,1389.551,20.4,15.2,21.7
373,1391.211,-21.6,-22.6,-29.2
373,1392.871,-31.1,-25.0,-3.2
373,1394.531,-5.9,-13.8,-30.8
373,1396.191,10.6,4.0,-0.8
373,1397.852,12.1,12.1,7.9
373,1399.512,14.7,15.7,12.8
373,1401.172,-16.8,-11.4,-14.5
373,1402.832,-18.8,-13.7,-8.1
373,1404.492,-22.8,-24.2,-13.2
373,1406.152,-14.6,-21.7,-24.0
373,1407.812,4.9,1.9,6.1
373,1409.473,11.9,22.9,5.3
373,1411.133,-1.6,1.4,-12.9
373,1412.793,-8.0,-6.9,-8.4
373,1414.453,-27.1,-30.2,-14.9
373,1416.113,-8.6,-37.8,-29.9
373,1417.773,1.2,1.9,-2.3
373,1419.434,3.1,31.4,2.8
373,1421.094,0.0,2.4,-14.1
373,1422.754,-5.9,-6.4,-2.2
373,1424.414,-14.5,-37.2,-13.8
373,1426.074,-15.2,-38.6,-15.0
373,1427.734,-2.1,9.8,-6.6
373,1429.395,0.9,21.1,-11.9
373,1431.055,-6.9,22.2,-11.0
373,1432.715,-2.1,-12.3,5.2
373,1434.375,-3.0,-34.3,0.3
373,1436.035,-5.2,-27.1,-11.6
373,1437.695,-15.6,19.4,-7.5
373,1439.355,-17.4,22.9,-18.9
373,1441.016,-1.7,4.0,-13.8
373,1442.676,0.8,-1.7,7.2
373,1444.336,2.2,-45.7,-5.5
373,1445.996,-0.4,-40.8,-14.4
373,1447.656,-10.5,2.8,-1.9
373,1449.316,-16.8,18.1,-15.5
373,1450.977,-4.6,5.0,-0.1
373,1452.637,-3.9,4.3,1.2
373,1454.297,-3.1,-11.4,7.3
373,1455.957,5.7,-45.6,-4.6
373,1457.617,-1.2,0.0,12.0
373,1459.277,-13.8,21.7,-16.9
373,1460.938,-18.7,14.0,-22.6
373,1462.598,-13.1,1.9,-4.7
373,1464.258,-4.6,-23.0,7.5
373,1465.918,-2.8,-48.5,-3.9
373,1467.578,4.3,-18.3,12.6
373,1469.238,0.9,22.5,-5.9
373,1470.898,-11.6,20.3,-36.7
373,1472.559,-21.6,-2.2,-7.5
373,1474.219,-17.9,-22.0,2.2
373,1475.879,-7.5,-46.7,-11.6
373,1477.539,10.0,-8.8,15.7
373,1479.199,4.6,27.2,1.1
373,1480.859,-5.1,22.9,-27.2
373,1482.52,-11.9,6.9,-31.1
373,1484.18,-23.7,-35.8,-6.3
373,1485.84,-17.7,-43.5,-21.5
373,1487.5,13.5,-7.2,13.3
373,1489.16,15.9,13.6,25.0
373,1490.82,2.4,14.6,-26.1
373,1492.48,-0.6,3.3,-26.1
373,1494.141,-19.2,-10.1,-9.0
373,1495.801,-30.4,-40.9,-29.1
373,1497.461,-0.9,-20.1,3.9
373,1499.121,26.2,26.7,19.8
373,1500.781,19.8,24.6,-0.7
373,1502.441,-7.0,-1.7,-3.6
373,1504.102,-21.2,-8.3,-8.5
373,1505.762,-37.8,-37.2,-36.3
373,1507.422,-13.4,-13.2,1.5
373,1509.082,10.0,9.3,15.5
373,1510.742,27.6,15.3,-4.5
373,1512.402,8.5,5.2,8.8
373,1514.062,9.2,6.0,8.1
373,1515.723,-49.2,-42.0,-49.3
373,1517.383,-27.0,-9.0,-1.1
373,1519.043,19.8,18.9,10.5
373,1520.703,30.5,10.5,2.4
373,1522.363,33.5,6.3,8.5
373,1524.023,-15.8,-4.5,-10.9
373,1525.684,-32.5,-21.5,-29.7
373,1527.344,-51.3,-43.6,-42.6
373,1529.004,-11.2,10.9,10.1
373,1530.664,33.3,5.1,0.7
373,1532.324,34.8,9.4,16.1
373,1533.984,20.2,6.9,14.3
373,1535.645,-28.8,-13.8,-18.5
373,1537.305,-53.6,-34.4,-45.9
373,1538.965,-39.0,-20.2,-24.4
373,1540.625,3.7,10.6,11.6
373,1542.285,36.7,-0.4,2.3
373,1543.945,25.6,6.3,12.3
373,1545.605,-32.2,-19.4,-22.9
373,1547.266,-52.6,-26.7,-44.8
373,1548.926,-35.6,-14.0,-18.1
373,1550.586,-10.3,-1.1,4.8
373,1552.246,17.4,-2.6,3.8
373,1553.906,33.2,1.8,8.5
373,1555.566,14.5,1.5,19.4
373,1557.227,-45.5,-22.9,-46.0
373,1558.887,-29.7,-8.3,-11.6
373,1560.547,-20.4,-0.5,-3.7
373,1562.207,14.9,-6.2,-6.9
373,1563.867,27.3,9.2,19.2
373,1565.527,1.9,-10.1,0.3
373,1567.188,-17.6,-19.3,-22.2
373,1568.848,-35.3,-18.4,-29.1
373,1570.508,-21.3,11.1,2.8
373,1572.168,3.4,3.8,-13.9
373,1573.828,23.1,-5.8,3.3
373,1575.488,5.8,-8.7,12.5
373,1577.148,-13.6,-13.0,-3.0
373,1578.809,-30.4,-20.8,-37.0
373,1580.469,-15.9,4.3,0.7
373,1582.129,-5.4,10.2,-0.6
373,1583.789,17.5,-5.9,-0.5
373,1585.449,-0.6,-13.6,0.6
373,1587.109,-20.5,-17.5,-12.9
373,1588.77,-28.0,-18.5,-20.3
373,1590.43,-7.8,2.2,0.5
373,1592.09,0.4,9.6,-6.9
373,1593.75,6.7,5.3,-3.5
373,1595.41,-1.8,-16.5,-4.8
373,1597.07,-20.4,-23.3,-22.6
373,1598.73,-22.9,-21.1,-20.4
373,1600.391,-6.8,4.7,-0.7
373,1602.051,9.4,16.0,2.1
373,1603.711,13.0,12.7,-3.0
373,1605.371,7.6,-4.1,-3.6
373,1607.031,-18.1,-19.5,-10.3
373,1608.691,-25.0,-31.6,-22.5
373,1610.352,-24.6,-31.3,-25.4
373,1612.012,10.7,22.3,11.0
373,1613.672,15.6,8.2,0.7
373,1615.332,11.6,-8.8,-7.5
373,1616.992,-13.4,-7.8,-3.0
373,1618.652,-34.6,-25.0,-25.6
373,1620.312,-36.4,-38.5,-37.9
373,1621.973,-11.9,-14.3,-12.9
373,1623.633,18.6,9.2,-3.7
373,1625.293,9.8,-0.6,-19.5
373,1626.953,-2.1,-8.4,-16.9
373,1628.613,-39.6,-29.3,-18.1
373,1630.273,-22.3,-27.5,-27.3
373,1631.934,-9.6,-14.5,-14.5
373,1633.594,24.7,27.2,29.9
373,1635.254,16.8,3.8,-19.3
373,1636.914,-4.3,-11.8,-20.0
373,1638.574,-40.3,-28.6,-6.5
373,1640.234,-42.9,-31.5,-17.1
373,1641.895,-14.8,-23.0,-24.6
373,1643.555,26.4,28.0,18.8
373,1645.215,24.8,18.2,-0.4
373,1646.875,-0.9,-5.9,-21.0
373,1648.535,-16.5,-13.2,-5.5
373,1650.195,-32.5,-38.8,-36.6
373,1651.855,-25.9,-32.2,-31.9
373,1653.516,8.7,6.8,14.7
373,1655.176,28.6,28.2,17.7
373,1656.836,17.2,15.8,-13.5
373,1658.496,-17.4,-17.4,-5.3
373,1660.156,-37.2,-33.8,-21.2
373,1661.816,-37.3,-37.9,-36.0
373,1663.477,-0.5,-11.2,-4.9
373,1665.137,28.7,28.8,17.7
373,1666.797,22.9,27.7,-0.4
373,1668.457,-1.9,0.7,-22.0
373,1670.117,-30.3,-18.4,-0.2
373,1671.777,-32.6,-39.6,-23.4
373,1673.438,17.5,12.8,12.7
373,1675.098,17.9,32.5,6.8
373,1676.758,13.1,22.2,-10.3
373,1678.418,-13.2,-12.3,-21.6
373,1680.078,-30.3,-25.6,-8.0
373,1681.738,-31.5,-30.6,-12.8
373,1683.398,12.0,-3.8,6.8
373,1685.059,17.6,19.9,10.5
373,1686.719,17.6,12.2,0.9
373,1688.379,-11.4,-52.6,-23.2
373,1690.039,-28.5,-98.9,-5.5
373,1691.699,-30.4,-131.8,-7.8
373,1693.359,1.3,-156.1,-6.7
373,1695.02,18.9,-60.3,14.9
373,1696.68,7.3,-42.3,-4.8
373,1698.34,-11.3,-60.7,-26.6
