source,bytes,sha256,duplicate_file_of,events,sample_counts
Datos/Med_con_Decaimientos/7-9_9-9/run_20260907_140421_idx0_selected.txt,5290468,8a1d13c5c5dd96a362df4b789eb1c796f9d549efcbec50e78996ef47739870d7,,159,"{""1024"": 159}"
Datos/Med_con_Decaimientos/7-9_9-9/run_20260907_140421_idx100_selected.txt,5157731,6f8e9669b0373260dc6a73cf6304717ab9549584dbcc426993f6a4b7823874b5,,155,"{""1024"": 155}"
Datos/Med_con_Decaimientos/7-9_9-9/run_20260907_140421_idx101_selected.txt,4492231,48b3afb1776c8f69222e2a92cb4ece31cc4469c1d80728738956acd9e9f04ed8,,135,"{""1024"": 135}"
Datos/Med_con_Decaimientos/7-9_9-9/run_20260907_140421_idx102_selected.txt,5789956,c03c490b1dc9b8572c97ebdc842aeeef0e97aed61cb36b97ef19ee33dfa9cfa4,,174,"{""1024"": 174}"
Datos/Med_con_Decaimientos/7-9_9-9/run_20260907_140421_idx103_selected.txt,4824981,08d3d5e1a3829ae4e23ab49604dcb9b23698c4cdff5e009d994cd59b754a386e,,145,"{""1024"": 145}"
Datos/Med_con_Decaimientos/7-9_9-9/run_20260907_140421_idx104_selected.txt,4891531,16b43d0ce3b028a216678ec532d7b2190a3af20171cfbd17991b658ecbaff255,,147,"{""1024"": 147}"
Datos/Med_con_Decaimientos/7-9_9-9/run_20260907_140421_idx105_selected.txt,6056156,fe3555df8566c8838caa0cfd46f4d27a4b481696c22cd12ed51c2ffbc240f044,,182,"{""1024"": 182}"
Datos/Med_con_Decaimientos/7-9_9-9/run_20260907_140421_idx106_selected.txt,5091181,6d51375f228fcbdcded51471f83027923b4f27c89b342fa8b7cbccec66ffcc85,,153,"{""1024"": 153}"
Datos/Med_con_Decaimientos/7-9_9-9/run_20260907_140421_idx107_selected.txt,4791706,1db291c661689df87497f093dc96a5619072ebe0fc511c14150ea6c39a64c449,,144,"{""1024"": 144}"
Datos/Med_con_Decaimientos/7-9_9-9/run_20260907_140421_idx108_selected.txt,5191006,9fd20d7f758a9c31c9a8368093cc7e73cd74e82c09c40f833ee12bde75b87da6,,156,"{""1024"": 156}"
Datos/Med_con_Decaimientos/7-9_9-9/run_20260907_140421_idx109_selected.txt,5024631,cacc926e600d1043fa3efea8e3ad976038febc22e02b5398bbf93ee38a01c649,,151,"{""1024"": 151}"
Datos/Med_con_Decaimientos/7-9_9-9/run_20260907_140421_idx10_selected.txt,5091027,956c91cd16e1b6354b278f15dc67fc10e80da06922109d85e411d584bd899374,,153,"{""1024"": 153}"
Datos/Med_con_Decaimientos/7-9_9-9/run_20260907_140421_idx110_selected.txt,4725156,ee5126f62d48d209b21085f5eaaf522b56470fead51065a16262fccf490efa30,,142,"{""1024"": 142}"
Datos/Med_con_Decaimientos/7-9_9-9/run_20260907_140421_idx111_selected.txt,4691881,b65f348ee0a9166358989920b5f8542e7515fc9b58eba7439cb3bdbb1ab99150,,141,"{""1024"": 141}"
Datos/Med_con_Decaimientos/7-9_9-9/run_20260907_140421_idx112_selected.txt,5157731,f315c07eccb03ca05582b8af6efa13bbd7bbb57be5c60a98037a72b76c10fe88,,155,"{""1024"": 155}"
Datos/Med_con_Decaimientos/7-9_9-9/run_20260907_140421_idx113_selected.txt,4891531,ea537213d6d697fe22a7069a4b39c1a8e7baf52894bac6435c8a0627091538a5,,147,"{""1024"": 147}"
Datos/Med_con_Decaimientos/7-9_9-9/run_20260907_140421_idx114_selected.txt,5523756,9eaf41a48fb529bc9d9afb0e9e3c1e6bcd9656aa7a27be4e71e7c31ea52e193f,,166,"{""1024"": 166}"
Datos/Med_con_Decaimientos/7-9_9-9/run_20260907_140421_idx115_selected.txt,4824981,84defce51338866f0972c5fa2da9c7fe6a7e1eedf0bfebf7d17e9762ab5a7a39,,145,"{""1024"": 145}"
Datos/Med_con_Decaimientos/7-9_9-9/run_20260907_140421_idx116_selected.txt,5490481,791e37b223104c4fce83f823ffb27d759b62fc2034baade61ae3f659bd984b55,,165,"{""1024"": 165}"
Datos/Med_con_Decaimientos/7-9_9-9/run_20260907_140421_idx117_selected.txt,4791706,8f8d53d24a4d4d8c2a3f757c89030b2dd737ada3a07dc23a3120d271c4fc0e44,,144,"{""1024"": 144}"
Datos/Med_con_Decaimientos/7-9_9-9/run_20260907_140421_idx118_selected.txt,4924806,85a57046f9307fbe5cd71573ae38a41eb796a5fd1f827ee920778fc934840d2a,,148,"{""1024"": 148}"
Datos/Med_con_Decaimientos/7-9_9-9/run_20260907_140421_idx119_selected.txt,4958081,9eafbd384abe7a41f1e70d78e3e7e2f2fd18cc695e3dab7031db79253af9fe91,,149,"{""1024"": 149}"
Datos/Med_con_Decaimientos/7-9_9-9/run_20260907_140421_idx11_selected.txt,5091027,fdf06935fc8a89d1c0ff710adbe20734df8b24b6d4dfd30b651254dd7ea38276,,153,"{""1024"": 153}"
Datos/Med_con_Decaimientos/7-9_9-9/run_20260907_140421_idx120_selected.txt,5789956,0a391245b12835e67c1df7e0a35a158223ed406f2f9bad58326d5328fd63c806,,174,"{""1024"": 174}"
Datos/Med_con_Decaimientos/7-9_9-9/run_20260907_140421_idx121_selected.txt,5191006,050d5ccb8d4b70956a98060433cce220e73c9e33686d37b3168d020f05d528db,,156,"{""1024"": 156}"
Datos/Med_con_Decaimientos/7-9_9-9/run_20260907_140421_idx122_selected.txt,4991356,bb5bce4a531f8dc14c397670571fe086e6c1b07e0a444a3f231784eea263ab07,,150,"{""1024"": 150}"
Datos/Med_con_Decaimientos/7-9_9-9/run_20260907_140421_idx123_selected.txt,5057906,52832a2b534a144362d57a66460947093eb1c3dc1a0065274e828a397939f633,,152,"{""1024"": 152}"
Datos/Med_con_Decaimientos/7-9_9-9/run_20260907_140421_idx124_selected.txt,4725156,c36a3fdf28898fc91d04602be00f55d94ee3c6f1b2e12150edfb87952d062555,,142,"{""1024"": 142}"
Datos/Med_con_Decaimientos/7-9_9-9/run_20260907_140421_idx125_selected.txt,5390656,a1e6be51e0f4283be63d86b42610b76436e8da72f89ffb19716d535179e0ff2b,,162,"{""1024"": 162}"
Datos/Med_con_Decaimientos/7-9_9-9/run_20260907_140421_idx126_selected.txt,5623581,8ec4280be1e9e671202ccfbb492c3ac010d071cf678b77f960d5e8b1d31875d5,,169,"{""1024"": 169}"
Datos/Med_con_Decaimientos/7-9_9-9/run_20260907_140421_idx127_selected.txt,4492231,d102f83719f7acf89a6a6f73d1dfb33b017d3d4ce3dd78307d3d0a9f23161e05,,135,"{""1024"": 135}"
Datos/Med_con_Decaimientos/7-9_9-9/run_20260907_140421_idx128_selected.txt,4858256,7ef2083c3cfc1fd926ea16e138f622c3b2297d51cf72b4196aa642c6994698ca,,146,"{""1024"": 146}"
Datos/Med_con_Decaimientos/7-9_9-9/run_20260907_140421_idx129_selected.txt,5057906,e252bda081e859e61ddb6ed206106b3b2af30f2da923f1949d00710df493d9d0,,152,"{""1024"": 152}"
Datos/Med_con_Decaimientos/7-9_9-9/run_20260907_140421_idx12_selected.txt,4758287,03a5c92a109175d043fd96e66edb9a26757e681d40027fc85adf83b3aaf4a650,,143,"{""1024"": 143}"
Datos/Med_con_Decaimientos/7-9_9-9/run_20260907_140421_idx130_selected.txt,5324106,af4d0bab004c906de5e6013e5f07031f7ec964ddaa0ade11fbbf8ea59375439d,,160,"{""1024"": 160}"
Datos/Med_con_Decaimientos/7-9_9-9/run_20260907_140421_idx131_selected.txt,4958081,6362cd6064b69663bfc22034b9fc42decbd4fd2173aa2a69618aa2dcc91e96e6,,149,"{""1024"": 149}"
Datos/Med_con_Decaimientos/7-9_9-9/run_20260907_140421_idx132_selected.txt,4791706,1f22e4db97b3cc89b8ea7b796373a4ed96e6d004a4a002a47df73e8aed97b530,,144,"{""1024"": 144}"
Datos/Med_con_Decaimientos/7-9_9-9/run_20260907_140421_idx133_selected.txt,4824981,29acbd3bd75efe3922bb7c5b5c56d77cf2928dcb715e109df99d3a381e005bc7,,145,"{""1024"": 145}"
Datos/Med_con_Decaimientos/7-9_9-9/run_20260907_140421_idx134_selected.txt,5257556,2a865fb003b4a7db38bd0a9cc9c6e1192c511075b101e01435bc92e0aa7622de,,158,"{""1024"": 158}"
Datos/Med_con_Decaimientos/7-9_9-9/run_20260907_140421_idx135_selected.txt,5423931,78d71e3c9d6ffd441ce1501dc009fe2033be1e52d3139ced5756f94ea968e138,,163,"{""1024"": 163}"
Datos/Med_con_Decaimientos/7-9_9-9/run_20260907_140421_idx136_selected.txt,5157731,fe2cc1848d1ab2a80b97258b32d9a27986f5e003f7b941b0b10f5ce68cb613f2,,155,"{""1024"": 155}"
Datos/Med_con_Decaimientos/7-9_9-9/run_20260907_140421_idx137_selected.txt,4725156,0aa02aff6f96f37976f8de69b9da0bd7ce15f4faf49a90093b3e5e6378180265,,142,"{""1024"": 142}"
Datos/Med_con_Decaimientos/7-9_9-9/run_20260907_140421_idx138_selected.txt,5091181,76855300648be5e52051586f46a7fbc4dac8426f28c04dd7850f6e3db8075a71,,153,"{""1024"": 153}"
Datos/Med_con_Decaimientos/7-9_9-9/run_20260907_140421_idx139_selected.txt,5623581,86870c1c89d1a3904251e1d098a2294979746beb5672811e8f688bbaf57aa458,,169,"{""1024"": 169}"
Datos/Med_con_Decaimientos/7-9_9-9/run_20260907_140421_idx13_selected.txt,5756507,c5040bc8646dd26e0e2f37383037135a53c098d43061b4fbc3dfec7b3a803fbe,,173,"{""1024"": 173}"
Datos/Med_con_Decaimientos/7-9_9-9/run_20260907_140421_idx140_selected.txt,5324106,3687cdceae767322f71f298381b22630595be1a5306cb761ea3031e8f9672956,,160,"{""1024"": 160}"
Datos/Med_con_Decaimientos/7-9_9-9/run_20260907_140421_idx141_selected.txt,4791706,484590b370123e5b1b27b73f152b57ff8f6b797ea4c2eb37cb7196896ba6c7a6,,144,"{""1024"": 144}"
Datos/Med_con_Decaimientos/7-9_9-9/run_20260907_140421_idx142_selected.txt,4558781,13e95c145015d80d7dacfcfa26edd49e40ebf788d21c06879322c27419410a9b,,137,"{""1024"": 137}"
Datos/Med_con_Decaimientos/7-9_9-9/run_20260907_140421_idx143_selected.txt,5290831,a5a3294aea85b56cc8d80edc344eef2ad68ce50aee803a90a2af5f678f4e7579,,159,"{""1024"": 159}"
Datos/Med_con_Decaimientos/7-9_9-9/run_20260907_140421_idx144_selected.txt,4658606,66a3f48e64990a2ceadded7c4fb8cfab65fa34c39c6b96254af2caa972a2f76c,,140,"{""1024"": 140}"
Datos/Med_con_Decaimientos/7-9_9-9/run_20260907_140421_idx145_selected.txt,5224281,88678fb5af8b0174eb26ab5e8ce9d20b650dbbc19ef3a6e16c7b7f2207f4b5d2,,157,"{""1024"": 157}"
Datos/Med_con_Decaimientos/7-9_9-9/run_20260907_140421_idx146_selected.txt,5091181,e684bad6b12261f4ca56294f56b93b1f658e8354dfbcd3c2e6a2567f03c8a512,,153,"{""1024"": 153}"
Datos/Med_con_Decaimientos/7-9_9-9/run_20260907_140421_idx147_selected.txt,5823231,a425b5a165480224195f079a803d1e7077fdf8c34aa607b757af87aa01fa51ff,,175,"{""1024"": 175}"
Datos/Med_con_Decaimientos/7-9_9-9/run_20260907_140421_idx148_selected.txt,5423931,748dbaf2dbbd6174d09425e3648aa65a18028f2b5ee5706f728249ea1901c204,,163,"{""1024"": 163}"
Datos/Med_con_Decaimientos/7-9_9-9/run_20260907_140421_idx149_selected.txt,4958081,096a78be6d23c610848f30142801d0cf54c043c83e9e6a5351ab6f3d46ccabeb,,149,"{""1024"": 149}"
Datos/Med_con_Decaimientos/7-9_9-9/run_20260907_140421_idx14_selected.txt,4991205,7ceadbfc879f360cb24a3be145afe49fd77b64ee72db54de11ebc8f00937f4ef,,150,"{""1024"": 150}"
Datos/Med_con_Decaimientos/7-9_9-9/run_20260907_140421_idx150_selected.txt,5157731,e7b2abaaa6e2d3df5f6a10177f6d0ff996d53b8fad50fee43a6688ae3ab57b62,,155,"{""1024"": 155}"
Datos/Med_con_Decaimientos/7-9_9-9/run_20260907_140421_idx151_selected.txt,5690131,c29b136e207741c7a1de8a6abe9dede712421468706d4a30489f9d86fd6dd7a9,,171,"{""1024"": 171}"
Datos/Med_con_Decaimientos/7-9_9-9/run_20260907_140421_idx152_selected.txt,4891531,9a2ba608e98cdedc63162bc46adffe23128a6da9e1f8f974a4094d57a3cc7fa4,,147,"{""1024"": 147}"
Datos/Med_con_Decaimientos/7-9_9-9/run_20260907_140421_idx153_selected.txt,4958081,878c9c76658cf5d0847eea387fa127cde433180b5e0762b1a21828155af3f432,,149,"{""1024"": 149}"
Datos/Med_con_Decaimientos/7-9_9-9/run_20260907_140421_idx154_selected.txt,5091181,44ca0db721718cbe66bcf185fb62d8a902061ff5437a32d2a7154554f36ac641,,153,"{""1024"": 153}"
Datos/Med_con_Decaimientos/7-9_9-9/run_20260907_140421_idx155_selected.txt,5457206,315ea44e1ca93908d3fa6d72d59f8f1d3824ce270cbbf46a4a5f1a044c675d43,,164,"{""1024"": 164}"
Datos/Med_con_Decaimientos/7-9_9-9/run_20260907_140421_idx156_selected.txt,4891531,7698338c459115f6e4ca65fa52192a3fbe5c41dac210f5df533dc67d6adb858c,,147,"{""1024"": 147}"
Datos/Med_con_Decaimientos/7-9_9-9/run_20260907_140421_idx157_selected.txt,5124456,9911c4f814447e12577f785de23b9db403f350edb5dbba18f6c7ec999eb35614,,154,"{""1024"": 154}"
Datos/Med_con_Decaimientos/7-9_9-9/run_20260907_140421_idx158_selected.txt,4059656,c098c8341b0a7a9ec745355825bcae60b292bee8b90c5bed5563b6566b68ca00,,122,"{""1024"": 122}"
Datos/Med_con_Decaimientos/7-9_9-9/run_20260907_140421_idx159_selected.txt,5224281,721bc56d1f8cb4aad18c2de00d7f3e4a567fc2da8b41a92e48c4b96a02819708,,157,"{""1024"": 157}"
Datos/Med_con_Decaimientos/7-9_9-9/run_20260907_140421_idx15_selected.txt,5423767,ce3045c5bacb179f82a2c24207cdfec9352d5bdfaa25428a2803ebdbdb3f8082,,163,"{""1024"": 163}"
Datos/Med_con_Decaimientos/7-9_9-9/run_20260907_140421_idx160_selected.txt,5357381,e4f56cbaf1682292a17b02cb3833894a811a8cacd058c0ac40f314fc3f3b0ef3,,161,"{""1024"": 161}"
Datos/Med_con_Decaimientos/7-9_9-9/run_20260907_140421_idx161_selected.txt,5623581,ad164d3d3548f72f7809a50a2c3507f24f40a145716e4a2d9d48c20cb087ec6b,,169,"{""1024"": 169}"
Datos/Med_con_Decaimientos/7-9_9-9/run_20260907_140421_idx162_selected.txt,5157731,5ad212fae5f94c0222bf970f43a3ecc065460e8471c745eac3189d189109d2d9,,155,"{""1024"": 155}"
Datos/Med_con_Decaimientos/7-9_9-9/run_20260907_140421_idx163_selected.txt,4126206,3d56fa9052c4743a507b0e0294ae8fcee61e4d1a8e66d4ed6b2a87eedb8146ec,,124,"{""1024"": 124}"
Datos/Med_con_Decaimientos/7-9_9-9/run_20260907_140421_idx164_selected.txt,6189256,8d08cb3852e1e3b27cc1c7ef6fb9fe41af341ee790490db805b73bc1304a4961,,186,"{""1024"": 186}"
Datos/Med_con_Decaimientos/7-9_9-9/run_20260907_140421_idx165_selected.txt,5224281,208b3a9279ad3f926d9711a74a5d75b8e6fdb55c05ee3d5dc2a96af8c59ce518,,157,"{""1024"": 157}"
Datos/Med_con_Decaimientos/7-9_9-9/run_20260907_140421_idx166_selected.txt,4824981,08427a7481956c216b3bbd093427ca898b1e6d97bd60c73c569531db10289e0f,,145,"{""1024"": 145}"
Datos/Med_con_Decaimientos/7-9_9-9/run_20260907_140421_idx167_selected.txt,5557031,1f56d90051a1f68197062486853bc47944105fdedeb2d10c58cb72d5d349058f,,167,"{""1024"": 167}"
Datos/Med_con_Decaimientos/7-9_9-9/run_20260907_140421_idx168_selected.txt,5623581,047a3797925dfc6aa5ee0ded815900987fad333945f9de26b280aa76e9fe6cd5,,169,"{""1024"": 169}"
Datos/Med_con_Decaimientos/7-9_9-9/run_20260907_140421_idx169_selected.txt,5490481,e78f5ad14c83b25b74765f3dc37873dcb1aa25023b075a4da97e5da102018781,,165,"{""1024"": 165}"
Datos/Med_con_Decaimientos/7-9_9-9/run_20260907_140421_idx16_selected.txt,5523589,b56e375e9cb8044dc9c4486595dcd2589e8d26e432de18b54ea1a28d1ee9127e,,166,"{""1024"": 166}"
Datos/Med_con_Decaimientos/7-9_9-9/run_20260907_140421_idx170_selected.txt,5124456,adb5ec74ccae09d4a1bc614bfc6441b9e84a8a927065846da76bbaed784794cd,,154,"{""1024"": 154}"
Datos/Med_con_Decaimientos/7-9_9-9/run_20260907_140421_idx171_selected.txt,4791706,ff1f2ab7172076d6cb6427950434143fcc39b33294180cc2dc7ee055e8f6bf28,,144,"{""1024"": 144}"
Datos/Med_con_Decaimientos/7-9_9-9/run_20260907_140421_idx172_selected.txt,5157731,df9a60a1179bdea68c906ded74300092b834cbf5d058f6b2a971c6467c57def8,,155,"{""1024"": 155}"
Datos/Med_con_Decaimientos/7-9_9-9/run_20260907_140421_idx173_selected.txt,4658606,06a8570703d2d85401f419b9a5919e4b1341ec686376507189c0daf4b06ed7f7,,140,"{""1024"": 140}"
Datos/Med_con_Decaimientos/7-9_9-9/run_20260907_140421_idx174_selected.txt,4824981,aec8c3782d8b7678787054c8499552e74b9d4b23213c6c8736df6d176ae05ece,,145,"{""1024"": 145}"
Datos/Med_con_Decaimientos/7-9_9-9/run_20260907_140421_idx175_selected.txt,4192756,c84078785fa51eaf3c76901172e3097da6b10699ebb0a738d4ae14b7e2c95b78,,126,"{""1024"": 126}"
Datos/Med_con_Decaimientos/7-9_9-9/run_20260907_140421_idx176_selected.txt,4858256,c184b90872fd12a60737e0d4c93ea992868c3c7618320eb1c8c37b1368e2bffb,,146,"{""1024"": 146}"
Datos/Med_con_Decaimientos/7-9_9-9/run_20260907_140421_idx177_selected.txt,5423931,cba215697faf176d06ce8aa3cf15b500d59b7d8ce9b303acce5de03f9f9471ac,,163,"{""1024"": 163}"
Datos/Med_con_Decaimientos/7-9_9-9/run_20260907_140421_idx178_selected.txt,4625331,d016baa74b4a1799e76604bedc6437c813705bebb6acd2ad99e1fa428843697c,,139,"{""1024"": 139}"
Datos/Med_con_Decaimientos/7-9_9-9/run_20260907_140421_idx179_selected.txt,5224281,658af7d62da88a61280dd5b3ef2c7058587c3ab69f21a4f664b107b041407a45,,157,"{""1024"": 157}"
Datos/Med_con_Decaimientos/7-9_9-9/run_20260907_140421_idx17_selected.txt,5190849,8d1f88b5cec8b82bb95f36dadeb9d2b5f6dd4c3898a5f1ce04b61415ae643181,,156,"{""1024"": 156}"
Datos/Med_con_Decaimientos/7-9_9-9/run_20260907_140421_idx180_selected.txt,5091181,e2818d8a031244a4e87c66e2f7e0361d6d803f265e2827e967470eacc3726a28,,153,"{""1024"": 153}"
Datos/Med_con_Decaimientos/7-9_9-9/run_20260907_140421_idx181_selected.txt,5523756,3ccbb7d7610ff3fc430f44d783ec2d5bf4fd862dc9d62eda9ad784112764df94,,166,"{""1024"": 166}"
Datos/Med_con_Decaimientos/7-9_9-9/run_20260907_140421_idx182_selected.txt,6022881,e0b91c6ac6cc30d848eceff614993f508dcd919e53248f7599c0dc155aa8cb1a,,181,"{""1024"": 181}"
Datos/Med_con_Decaimientos/7-9_9-9/run_20260907_140421_idx183_selected.txt,4425681,fc9c64cdec9a92a08d683e687463cafeec824b7a25d6371776ffa798e7cd2832,,133,"{""1024"": 133}"
Datos/Med_con_Decaimientos/7-9_9-9/run_20260907_140421_idx184_selected.txt,5789956,43297ed4bd60feedb6109cf5f3d8db04b8c5fa49618806f344aef8c857c0966d,,174,"{""1024"": 174}"
Datos/Med_con_Decaimientos/7-9_9-9/run_20260907_140421_idx185_selected.txt,4891531,850192c20e97e0b13d62ef9c4b6c225cef1fe840fe5eb534e2f2fce285030d6c,,147,"{""1024"": 147}"
Datos/Med_con_Decaimientos/7-9_9-9/run_20260907_140421_idx186_selected.txt,4691881,df06013aac7b7388827797391e1d26ea4ab0d68e847dac5bfcaf162aee46e0e6,,141,"{""1024"": 141}"
Datos/Med_con_Decaimientos/7-9_9-9/run_20260907_140421_idx187_selected.txt,5324106,60125b2ddce0159162d62f03f2dc6bfecd1ff92157792cf3a55bba2ec20ea2ef,,160,"{""1024"": 160}"
Datos/Med_con_Decaimientos/7-9_9-9/run_20260907_140421_idx188_selected.txt,5390656,96ea52b64559fd91e24c69f6208938857aa3b09a185b563f941668ff11c57787,,162,"{""1024"": 162}"
Datos/Med_con_Decaimientos/7-9_9-9/run_20260907_140421_idx189_selected.txt,5590306,a0f01f5eeceeb3765e4b6638d6817a5a7d05dc526429df31215d7ae41b1c7e10,,168,"{""1024"": 168}"
Datos/Med_con_Decaimientos/7-9_9-9/run_20260907_140421_idx18_selected.txt,4591917,9f26d43a1fb182b7a67448e9695b4bf7ae2fe88aa013e34fda0b402beeca2c19,,138,"{""1024"": 138}"
Datos/Med_con_Decaimientos/7-9_9-9/run_20260907_140421_idx190_selected.txt,5290831,e43d6a7122ad8822f55de1cc01e87037c0f23444b9f3b84b95b99682b9d572ac,,159,"{""1024"": 159}"
Datos/Med_con_Decaimientos/7-9_9-9/run_20260907_140421_idx191_selected.txt,5290831,e834b7311c51d78b00071f64a0ec412118819052bf818db00dcc703c7fa09abf,,159,"{""1024"": 159}"
Datos/Med_con_Decaimientos/7-9_9-9/run_20260907_140421_idx192_selected.txt,4758431,1b56f383a6686eea3b5724869ae6f433951a5c1c97fea5759fba2bf52ea47560,,143,"{""1024"": 143}"
Datos/Med_con_Decaimientos/7-9_9-9/run_20260907_140421_idx193_selected.txt,5057906,5798724894cff17fdec13fe62a3c0358d4e47a03becf44af6ec1581b701b9769,,152,"{""1024"": 152}"
Datos/Med_con_Decaimientos/7-9_9-9/run_20260907_140421_idx194_selected.txt,4858256,14fceacc07b718cbbe763925145a9a42613d05aac8b18657d69747a05b630937,,146,"{""1024"": 146}"
Datos/Med_con_Decaimientos/7-9_9-9/run_20260907_140421_idx195_selected.txt,5324106,fa0d705bb46879481cda45e59ddcc4de79c5df587611dcd51919f4bb650eff03,,160,"{""1024"": 160}"
Datos/Med_con_Decaimientos/7-9_9-9/run_20260907_140421_idx196_selected.txt,5956331,8cdfab296902b5fb6ccb6fb61c5f4c51ee78b231401463c7826cf4de1873fcf2,,179,"{""1024"": 179}"
Datos/Med_con_Decaimientos/7-9_9-9/run_20260907_140421_idx197_selected.txt,4924806,0678d5f6d83b81c136ffdc232aa2d691d66742308dede98e30ee2bad138e1bc5,,148,"{""1024"": 148}"
Datos/Med_con_Decaimientos/7-9_9-9/run_20260907_140421_idx198_selected.txt,5656856,3f624acbddc3a73d7dc117ab685663dfc775e1c527ab9cc0368df294d17c6633,,170,"{""1024"": 170}"
Datos/Med_con_Decaimientos/7-9_9-9/run_20260907_140421_idx199_selected.txt,4458956,aa19f7474976eebfecd16264ebf41ae0758a9818eb2205ab0084c3a73f657e99,,134,"{""1024"": 134}"
Datos/Med_con_Decaimientos/7-9_9-9/run_20260907_140421_idx19_selected.txt,5922877,1780cbe74d32121d4f53286e5fdf7feced0ed0770ab7eb4b5c02498debd3b51c,,178,"{""1024"": 178}"
Datos/Med_con_Decaimientos/7-9_9-9/run_20260907_140421_idx1_selected.txt,4691597,87a88d949dcbcf264543ec953a8d6082f8748c09507138493f4141d9d9c3437f,,141,"{""1024"": 141}"
Datos/Med_con_Decaimientos/7-9_9-9/run_20260907_140421_idx200_selected.txt,5157731,da82dbdc91640fbd0a01554173a9d8405dfc84d45854cebcb9fb0b5f00b184dd,,155,"{""1024"": 155}"
Datos/Med_con_Decaimientos/7-9_9-9/run_20260907_140421_idx201_selected.txt,5623581,25a9923cdf58cff6c6eb855ea709331c3d6776f64f7c5b291e8b6ad448c607bf,,169,"{""1024"": 169}"
Datos/Med_con_Decaimientos/7-9_9-9/run_20260907_140421_idx202_selected.txt,4691881,042daa462664fcc14a14d55dd412d7eca2e86dd6a68d66428f5115e738c52004,,141,"{""1024"": 141}"
Datos/Med_con_Decaimientos/7-9_9-9/run_20260907_140421_idx203_selected.txt,5091181,281aef3c3cf5e6b3051fdb16528fab3f807331368513b451d3ffe823bf0d6366,,153,"{""1024"": 153}"
Datos/Med_con_Decaimientos/7-9_9-9/run_20260907_140421_idx204_selected.txt,5191006,53583eb91e9f485fb71b46e1f233ee731e45d04bf9aeac8a5a0149278525826e,,156,"{""1024"": 156}"
Datos/Med_con_Decaimientos/7-9_9-9/run_20260907_140421_idx205_selected.txt,4791706,44e88886b3113127c87352caefe6293e256a17dfbb67fce1ed0c5819a0b3e3ad,,144,"{""1024"": 144}"
Datos/Med_con_Decaimientos/7-9_9-9/run_20260907_140421_idx206_selected.txt,5124456,d08a5e61cfb78c6e9d86214d77eb8d55c3d81fd823119e3956a36ef638b34663,,154,"{""1024"": 154}"
Datos/Med_con_Decaimientos/7-9_9-9/run_20260907_140421_idx207_selected.txt,4924806,8e08885442597afc11e2824bcdd8b4000cbd2b369f4054d6e0a84198ada849c3,,148,"{""1024"": 148}"
Datos/Med_con_Decaimientos/7-9_9-9/run_20260907_140421_idx208_selected.txt,5124456,0ddff884a996c41a4d271b474596d2021115111af29607991b348dc48e91b335,,154,"{""1024"": 154}"
Datos/Med_con_Decaimientos/7-9_9-9/run_20260907_140421_idx209_selected.txt,5723406,1fc52ac43dfa8b5e63a3edc0daed7faf553bdec64806d2c94b81b658efdff20f,,172,"{""1024"": 172}"
Datos/Med_con_Decaimientos/7-9_9-9/run_20260907_140421_idx20_selected.txt,4957931,d5235381744bbd7773330ce2861264d2d7216b10308e6f5bb52461aa0c4ae4e3,,149,"{""1024"": 149}"
Datos/Med_con_Decaimientos/7-9_9-9/run_20260907_140421_idx210_selected.txt,4492231,aac75f95b9349f3e0f4c8f9fd72e13e91982581c59f4c302d036b52f5b04efd2,,135,"{""1024"": 135}"
Datos/Med_con_Decaimientos/7-9_9-9/run_20260907_140421_idx211_selected.txt,4725156,f8fa21e9630b8ff33bda72360d81867d3632b217cb201e658c36b1ee92579359,,142,"{""1024"": 142}"
Datos/Med_con_Decaimientos/7-9_9-9/run_20260907_140421_idx212_selected.txt,5024631,9888e9c33231b7bd153a5d546454156cdfa1d36109159c8d95f7f1d71f6ca574,,151,"{""1024"": 151}"
Datos/Med_con_Decaimientos/7-9_9-9/run_20260907_140421_idx213_selected.txt,4525506,f8bf1aa38bc016f1e79b7a89fef9dad28e00fb141de69891605cb7bba49c77b7,,136,"{""1024"": 136}"
Datos/Med_con_Decaimientos/7-9_9-9/run_20260907_140421_idx214_selected.txt,5590306,ed3e7eb1328bb356c99c427a0267ea59602a5a3d9cde354ed5f7ad2f5e96900f,,168,"{""1024"": 168}"
Datos/Med_con_Decaimientos/7-9_9-9/run_20260907_140421_idx215_selected.txt,5091181,22c6c7d5107cb079708479ee7915014cba90f16b194d9358c4e802afb9c0a77c,,153,"{""1024"": 153}"
Datos/Med_con_Decaimientos/7-9_9-9/run_20260907_140421_idx216_selected.txt,6122706,a3148af8553be9e7429c60648f5f56f9c74dd694c918f7211b85d4f0f312811e,,184,"{""1024"": 184}"
Datos/Med_con_Decaimientos/7-9_9-9/run_20260907_140421_idx217_selected.txt,5157731,81cea6c2673e9a263ef1f47d6956f5bcb2f3c3f4ce62d37e835cd75624e2363b,,155,"{""1024"": 155}"
Datos/Med_con_Decaimientos/7-9_9-9/run_20260907_140421_idx218_selected.txt,4924806,84f0c0bcef94334bc6d41e759b20534dba15f684aadce5ba24113fad5c5a7327,,148,"{""1024"": 148}"
Datos/Med_con_Decaimientos/7-9_9-9/run_20260907_140421_idx219_selected.txt,5124456,29083daa2b62382e2b95980e8ccd6ee66c5e11ec98a7362af8f680d64a324d53,,154,"{""1024"": 154}"
Datos/Med_con_Decaimientos/7-9_9-9/run_20260907_140421_idx21_selected.txt,4957931,0d0ac64bc5f2428f5f52dc74f85bd8ecf68933535fe1f4fd341bdaab23b134b0,,149,"{""1024"": 149}"
Datos/Med_con_Decaimientos/7-9_9-9/run_20260907_140421_idx220_selected.txt,4758431,8dc10c6392c1c7b5f54df71cacabb21e0313f611cf8b32d170590c1ea6e61e36,,143,"{""1024"": 143}"
Datos/Med_con_Decaimientos/7-9_9-9/run_20260907_140421_idx221_selected.txt,5024631,ae7e9fc94c285190a626312d959ea8537bec8df0d78c42a9bd49442d68e5756d,,151,"{""1024"": 151}"
Datos/Med_con_Decaimientos/7-9_9-9/run_20260907_140421_idx222_selected.txt,5357381,620a155c731d1c05561ea9720cd02bce8d24b466072cbc228bfac371161d893a,,161,"{""1024"": 161}"
Datos/Med_con_Decaimientos/7-9_9-9/run_20260907_140421_idx223_selected.txt,5623581,d3b36f69e34aaaf1bc9c3ea0b14bf323a3c32a64fd27fefe957b02d2c837d8ba,,169,"{""1024"": 169}"
Datos/Med_con_Decaimientos/7-9_9-9/run_20260907_140421_idx224_selected.txt,3793456,e5b386a7f4647db3cfcba5a9e22acaeff200865beb4d6c199e78f8468222e71a,,114,"{""1024"": 114}"
Datos/Med_con_Decaimientos/7-9_9-9/run_20260907_140421_idx225_selected.txt,5523756,4c857088c7e3caa4d536b50844dfbc145b2733c576e3c31b3b06ead63ae9007c,,166,"{""1024"": 166}"
Datos/Med_con_Decaimientos/7-9_9-9/run_20260907_140421_idx226_selected.txt,4824981,97dc155fae8bc948a3f54a7d5211db0aaa3468a04e3e87ab4a032c450617ddda,,145,"{""1024"": 145}"
Datos/Med_con_Decaimientos/7-9_9-9/run_20260907_140421_idx227_selected.txt,4891531,f55889b038158460678572067d4bf91b28062135322045adcd50854eca475572,,147,"{""1024"": 147}"
Datos/Med_con_Decaimientos/7-9_9-9/run_20260907_140421_idx228_selected.txt,4625331,bb3e91e532e9ecfc389a3d0b65066aa1e18e6b80f344916c80161f26e6711abf,,139,"{""1024"": 139}"
Datos/Med_con_Decaimientos/7-9_9-9/run_20260907_140421_idx229_selected.txt,4758530,5dcbb9b6b8f7ad433c03f17c451d974eebd620495bb820c21de4fba9b565a07d,,143,"{""1024"": 143}"
Datos/Med_con_Decaimientos/7-9_9-9/run_20260907_140421_idx22_selected.txt,4725013,89014a36e04590c72a20c126a02bdd43bdb76346553f5538009197293cc6d3b7,,142,"{""1024"": 142}"
Datos/Med_con_Decaimientos/7-9_9-9/run_20260907_140421_idx230_selected.txt,4791850,ebe80a4d11ce374e99493598a03e572ef390d8cb3123fad0e11bb766a94855b6,,144,"{""1024"": 144}"
Datos/Med_con_Decaimientos/7-9_9-9/run_20260907_140421_idx231_selected.txt,5257714,521dd0eb6c1441372369a2ed847adc6f487fc4bb3840f9a36919365905b95599,,158,"{""1024"": 158}"
Datos/Med_con_Decaimientos/7-9_9-9/run_20260907_140421_idx232_selected.txt,4758574,86860deb08f6b7af5b7f6e539f2d298c23d7ce9f905636dc63719526b6cea8b5,,143,"{""1024"": 143}"
Datos/Med_con_Decaimientos/7-9_9-9/run_20260907_140421_idx233_selected.txt,4625470,abcea669609c8a2d507bc3dd37cc037002b4660acc9e3627c5f4d12a5539f744,,139,"{""1024"": 139}"
Datos/Med_con_Decaimientos/7-9_9-9/run_20260907_140421_idx234_selected.txt,5024782,635c5eac303847a9689f6a1995dcc6b64af54073a79d0a566f98b48a131f6497,,151,"{""1024"": 151}"
Datos/Med_con_Decaimientos/7-9_9-9/run_20260907_140421_idx235_selected.txt,4592194,ad1ac18b1fb8dbb4a2791664e76db1214afdea30e16fc854072ae7b47a741cb1,,138,"{""1024"": 138}"
Datos/Med_con_Decaimientos/7-9_9-9/run_20260907_140421_idx236_selected.txt,5324266,a19c1136acbbf5ea16e6c9cc0146d52eca79d1912a7dfbb3dfd7193d0bb9ffda,,160,"{""1024"": 160}"
Datos/Med_con_Decaimientos/7-9_9-9/run_20260907_140421_idx237_selected.txt,4924954,937c0660fa4ea9eb6dafe2c94d685016baf59d32cadfc3989590cf292891ca86,,148,"{""1024"": 148}"
Datos/Med_con_Decaimientos/7-9_9-9/run_20260907_140421_idx238_selected.txt,4791850,3abde572ab8180838770a9ef577e5832ed26c009e0526598eb56ca99f6653338,,144,"{""1024"": 144}"
Datos/Med_con_Decaimientos/7-9_9-9/run_20260907_140421_idx239_selected.txt,5457370,f81e4a176ce1ad8be08a8436e5e99cea4cf7ec99cb91424ffaa79fb1b7d165bf,,164,"{""1024"": 164}"
Datos/Med_con_Decaimientos/7-9_9-9/run_20260907_140421_idx23_selected.txt,5124439,636d3317614bf769b972d56d5affb77b7afb219b02056f0eb9637f41ed3e38ef,,154,"{""1024"": 154}"
Datos/Med_con_Decaimientos/7-9_9-9/run_20260907_140421_idx240_selected.txt,5191162,ccac29d2c700ec802cbb3b6837298bb5d27b483484baef5369edbb54e5d60429,,156,"{""1024"": 156}"
Datos/Med_con_Decaimientos/7-9_9-9/run_20260907_140421_idx241_selected.txt,4692022,d27fb857f1374fb1ecc48be0d6c8c6c49609b72760b66ba19aa304045aa298ec,,141,"{""1024"": 141}"
Datos/Med_con_Decaimientos/7-9_9-9/run_20260907_140421_idx242_selected.txt,5224438,9e15ccc14912ccb4d73462e3e1639ba1cf9daa59292bb9e59d54e5a45969b934,,157,"{""1024"": 157}"
Datos/Med_con_Decaimientos/7-9_9-9/run_20260907_140421_idx243_selected.txt,5124610,ade8ec3cc056fb6d2ba7c442f06a5816abcfa3a33a6f6767333752fb0f4b015c,,154,"{""1024"": 154}"
Datos/Med_con_Decaimientos/7-9_9-9/run_20260907_140421_idx244_selected.txt,4325986,7db54b124742c21e7f4bb9ed332c2e39482a4a50481a92c4fd7f9590ffb27b3b,,130,"{""1024"": 130}"
Datos/Med_con_Decaimientos/7-9_9-9/run_20260907_140421_idx245_selected.txt,5257714,2d00378b472588546a8ea9645e054c1ded087796fddf322b990b66cbd618bc09,,158,"{""1024"": 158}"
Datos/Med_con_Decaimientos/7-9_9-9/run_20260907_140421_idx246_selected.txt,4692022,4f171c2d7b3e353ec0bb1db85d4277bb628fc1d7612de602933e64a591ba9240,,141,"{""1024"": 141}"
Datos/Med_con_Decaimientos/7-9_9-9/run_20260907_140421_idx247_selected.txt,4492366,d4b1e54b8b71056a4b2a1c3da1931f6ebedc67289a7922b493d58cac186182eb,,135,"{""1024"": 135}"
Datos/Med_con_Decaimientos/7-9_9-9/run_20260907_140421_idx248_selected.txt,4725298,ff973c268997576e46b5e2dc60e300211d43d3b92e954f729e141417a05ac1d2,,142,"{""1024"": 142}"
Datos/Med_con_Decaimientos/7-9_9-9/run_20260907_140421_idx249_selected.txt,5191162,42539bd1b620f5a14b266fc1f74a1638fab02e31874e5b97cc7d276c08b7e864,,156,"{""1024"": 156}"
Datos/Med_con_Decaimientos/7-9_9-9/run_20260907_140421_idx24_selected.txt,5357380,a53fc9de6853e9b8dc8514665848d9a9850722d771dc959f8028a7ec0346df96,,161,"{""1024"": 161}"
Datos/Med_con_Decaimientos/7-9_9-9/run_20260907_140421_idx250_selected.txt,4758574,ff2173d098df3b148942c59f519305b963c3a97b1c68228aa1fa07a9c89b07eb,,143,"{""1024"": 143}"
Datos/Med_con_Decaimientos/7-9_9-9/run_20260907_140421_idx251_selected.txt,5690302,440a704cf0acf5dc5e6b5c008f97ccea7c2ed718efb0fc07159bd1c721713b86,,171,"{""1024"": 171}"
Datos/Med_con_Decaimientos/7-9_9-9/run_20260907_140421_idx252_selected.txt,4758574,65feef380c7fea6e2822b0f9bc3c08e5f84b76c0cf8aea2369148a42d20c5c84,,143,"{""1024"": 143}"
Datos/Med_con_Decaimientos/7-9_9-9/run_20260907_140421_idx253_selected.txt,5257714,8d7b01e17ae5843f4e05f12d610be07844ed4e9bac115582ad52f860994a5423,,158,"{""1024"": 158}"
Datos/Med_con_Decaimientos/7-9_9-9/run_20260907_140421_idx254_selected.txt,4425814,81ad5de37d5c68ded73f8f7a6a052a988c775da52add519d152ae7f043daadcb,,133,"{""1024"": 133}"
Datos/Med_con_Decaimientos/7-9_9-9/run_20260907_140421_idx255_selected.txt,5557198,5314ed8eda1119a6ad1119a5f0c3b0f44e3f12dd3b2d19c46b3d4fd08c91d4ad,,167,"{""1024"": 167}"
Datos/Med_con_Decaimientos/7-9_9-9/run_20260907_140421_idx256_selected.txt,4791850,c6285f7836f69e33663f784cb450092fc3da14930a0545f1e554762a861d020c,,144,"{""1024"": 144}"
Datos/Med_con_Decaimientos/7-9_9-9/run_20260907_140421_idx257_selected.txt,5191162,82758a5e42a5093ae62225df8a067b2a0275c9ecbb91bb1cb5829ef739c26035,,156,"{""1024"": 156}"
Datos/Med_con_Decaimientos/7-9_9-9/run_20260907_140421_idx258_selected.txt,5124610,ba920ceed4d961d3eb2c2c9f0e0fbcaf335be669abd33f93ebf243ecd918ed52,,154,"{""1024"": 154}"
Datos/Med_con_Decaimientos/7-9_9-9/run_20260907_140421_idx259_selected.txt,4592194,f6e40df0a8a9316451e0beb2c828ab7c044a005e1d1ae781bf3fd6478aa14782,,138,"{""1024"": 138}"
Datos/Med_con_Decaimientos/7-9_9-9/run_20260907_140421_idx25_selected.txt,5157730,a3a0f711ad0423e752f1d07776bb7911d2a2108a782d711fde96cec9695de3e8,,155,"{""1024"": 155}"
Datos/Med_con_Decaimientos/7-9_9-9/run_20260907_140421_idx260_selected.txt,5590474,6b92008d37cd1af6d7b3e7cbac069e68c6e4a4b3b39927c6d685af29c12fe01b,,168,"{""1024"": 168}"
Datos/Med_con_Decaimientos/7-9_9-9/run_20260907_140421_idx261_selected.txt,5357542,aa80a4c97bc1bde7142e5528f1c4baf2c2dfdfc46d7a43e1398bf2571e9db5d7,,161,"{""1024"": 161}"
Datos/Med_con_Decaimientos/7-9_9-9/run_20260907_140421_idx262_selected.txt,5157886,9933fb69bcbe3007951c3df876838abdee68de22fe1020d74bcdd961bdf5a19b,,155,"{""1024"": 155}"
Datos/Med_con_Decaimientos/7-9_9-9/run_20260907_140421_idx263_selected.txt,5623750,2d9b631f2f4c918c354ca982b768d2845d88d8e5ce1c7d2309c4444d2bbac9f9,,169,"{""1024"": 169}"
Datos/Med_con_Decaimientos/7-9_9-9/run_20260907_140421_idx264_selected.txt,5024782,e2cb78bee64a305ab984ccde094b51719a63c9e4298c0ad97e351adf8ae08390,,151,"{""1024"": 151}"
Datos/Med_con_Decaimientos/7-9_9-9/run_20260907_140421_idx265_selected.txt,4991506,d00338806a71caadf88c85c655841062cfa54a2d39a7b0b6fb7bd8cd4f9ec80b,,150,"{""1024"": 150}"
Datos/Med_con_Decaimientos/7-9_9-9/run_20260907_140421_idx266_selected.txt,5024782,3b17b2bebbee3bdf141196be9ce8065b358ef7c112e20ee74019fb1bcd361b62,,151,"{""1024"": 151}"
Datos/Med_con_Decaimientos/7-9_9-9/run_20260907_140421_idx267_selected.txt,4625470,902cd71c963e3485e45cc3797eb6b5c76869093752ac52d35a505cfcbe42c9b9,,139,"{""1024"": 139}"
Datos/Med_con_Decaimientos/7-9_9-9/run_20260907_140421_idx268_selected.txt,5091334,82792fe8d97d0ad2f9b1ed4dfa3e146b4daa5ef302fa06eafa7845408ddc36cb,,153,"{""1024"": 153}"
Datos/Med_con_Decaimientos/7-9_9-9/run_20260907_140421_idx269_selected.txt,4858402,b42ce83cae50a173dd3948567d089d064c24b7076d79312d3e863523c25b80f8,,146,"{""1024"": 146}"
Datos/Med_con_Decaimientos/7-9_9-9/run_20260907_140421_idx26_selected.txt,6022880,71726d7e3cb039642cda5ff870f2460d0da0b29c30b171c0a885410f2dc840e0,,181,"{""1024"": 181}"
Datos/Med_con_Decaimientos/7-9_9-9/run_20260907_140421_idx270_selected.txt,5290990,70a858681b231e437111ae53f06c12b1da605516dea24747ea6d36c8c5f96e1a,,159,"{""1024"": 159}"
Datos/Med_con_Decaimientos/7-9_9-9/run_20260907_140421_idx271_selected.txt,5690302,29cc6be53236baf288a01d6cf8e5d0688c0fd6b4aa7a2eb3f6eab9d52cd8d734,,171,"{""1024"": 171}"
Datos/Med_con_Decaimientos/7-9_9-9/run_20260907_140421_idx272_selected.txt,4758574,821441a351425730a487ac5d1708dbd615736da78c781986d5005f717d5f7733,,143,"{""1024"": 143}"
Datos/Med_con_Decaimientos/7-9_9-9/run_20260907_140421_idx273_selected.txt,5557198,873fa48e387c7de387939d1f94ffcc167538bd1a29938c7f41072badce360840,,167,"{""1024"": 167}"
Datos/Med_con_Decaimientos/7-9_9-9/run_20260907_140421_idx274_selected.txt,5856682,35c8349343e36de57f653ff842eaa87fb50c26af2939ea7cbea8bef40693a777,,176,"{""1024"": 176}"
Datos/Med_con_Decaimientos/7-9_9-9/run_20260907_140421_idx275_selected.txt,5457370,a2019972f029b5d0d39159e69397ad88ccd19baa528786346cedf034cd8c3caa,,164,"{""1024"": 164}"
Datos/Med_con_Decaimientos/7-9_9-9/run_20260907_140421_idx276_selected.txt,5424094,5ee2f131b24d2cd74e2293befdd2eb82e640a862193ffa3f376490cc6dd56c1b,,163,"{""1024"": 163}"
Datos/Med_con_Decaimientos/7-9_9-9/run_20260907_140421_idx277_selected.txt,4858402,440fe706fc0a7bef07dddc9f2559fff0e2e41ade03e89e29b33b3db6ee079314,,146,"{""1024"": 146}"
Datos/Med_con_Decaimientos/7-9_9-9/run_20260907_140421_idx278_selected.txt,4958230,e55865f2ff91ba2193713781edcfe791a9257eb12bb05c91486fb4679bd22af0,,149,"{""1024"": 149}"
Datos/Med_con_Decaimientos/7-9_9-9/run_20260907_140421_idx279_selected.txt,4791850,ad419f0929ec1957229a2a97cc534911f3e65a5261a87134b45c06f613bbc03c,,144,"{""1024"": 144}"
Datos/Med_con_Decaimientos/7-9_9-9/run_20260907_140421_idx27_selected.txt,4725155,9235ace1e45ff8dd0b9357975819647ac248a4df3f9dfe89811959cdce4bec20,,142,"{""1024"": 142}"
Datos/Med_con_Decaimientos/7-9_9-9/run_20260907_140421_idx280_selected.txt,4725298,77ad7c2c38575b91d08247ca91a09a7b9d12da2e17ff0aa67e0ff515331c689c,,142,"{""1024"": 142}"
Datos/Med_con_Decaimientos/7-9_9-9/run_20260907_140421_idx281_selected.txt,4725298,e4ecd6fc5e1bdbaf84fa0aef1c32030d0bf72044e46a84b6d4fceea3782f7df5,,142,"{""1024"": 142}"
Datos/Med_con_Decaimientos/7-9_9-9/run_20260907_140421_idx282_selected.txt,5124610,cb8e64022479e70e2a1e5e74d78a8e123b54c33ab6ad73399578b2a41abde3a8,,154,"{""1024"": 154}"
Datos/Med_con_Decaimientos/7-9_9-9/run_20260907_140421_idx283_selected.txt,4592194,46bdb30563fbabcd3a46515d36f2b5ebc85820dcc50c1a494f8315f270137b5a,,138,"{""1024"": 138}"
Datos/Med_con_Decaimientos/7-9_9-9/run_20260907_140421_idx284_selected.txt,5324266,985c183a2a3620e8552a8f29b47c7792b7351c00110dcc24a83107b3ca4832b9,,160,"{""1024"": 160}"
Datos/Med_con_Decaimientos/7-9_9-9/run_20260907_140421_idx285_selected.txt,4525642,090d206db50d33f22aa22f42f4dd9c729406d9cf375ba64393bdfd68501f36a2,,136,"{""1024"": 136}"
Datos/Med_con_Decaimientos/7-9_9-9/run_20260907_140421_idx286_selected.txt,5490646,a59cefefc101a455f032bd59690a7a4256100cd1e2faee0d472bb215f3a15df1,,165,"{""1024"": 165}"
Datos/Med_con_Decaimientos/7-9_9-9/run_20260907_140421_idx287_selected.txt,4858402,9a6df8bac3ae47035126a723d5aa96c53cf149d0c716d3253d0f73c132043934,,146,"{""1024"": 146}"
Datos/Med_con_Decaimientos/7-9_9-9/run_20260907_140421_idx288_selected.txt,4558918,5657b93edc1720c6168833a77e8f08319048812fa6195829eedb18762ab36a32,,137,"{""1024"": 137}"
Datos/Med_con_Decaimientos/7-9_9-9/run_20260907_140421_idx289_selected.txt,4592194,835c887205ddc0e54302ce08ef74b977e5f14612f57d27f36ace80132d1a80b1,,138,"{""1024"": 138}"
Datos/Med_con_Decaimientos/7-9_9-9/run_20260907_140421_idx28_selected.txt,4359130,b62df3ff09744e13ce1602aa54053f6f58463ebab9c6e3cdf25a9d04087fd651,,131,"{""1024"": 131}"
Datos/Med_con_Decaimientos/7-9_9-9/run_20260907_140421_idx290_selected.txt,4924954,52e6747f5d951ed6aee572458b8d59c93f043d7771ba7c0737a4e6c5126ff215,,148,"{""1024"": 148}"
Datos/Med_con_Decaimientos/7-9_9-9/run_20260907_140421_idx291_selected.txt,5091334,335ba9bc7afd04b6090dc65c119e3e1b56151388bae5ad55012cbef6c5740e40,,153,"{""1024"": 153}"
Datos/Med_con_Decaimientos/7-9_9-9/run_20260907_140421_idx292_selected.txt,4958230,aa6dd743d2fbbf7ae71bdf7dca3e4f5564f44bec5f93f6b46cba5df591b4cd33,,149,"{""1024"": 149}"
Datos/Med_con_Decaimientos/7-9_9-9/run_20260907_140421_idx293_selected.txt,5290990,37b03485b78b9d702cea0a6ebc9cb88476e2a9560845af827fd4f9be3a7a20bf,,159,"{""1024"": 159}"
Datos/Med_con_Decaimientos/7-9_9-9/run_20260907_140421_idx294_selected.txt,5290990,017dc5f34ac4480663148ed335f4227f96127dbfd60c23f12b87e9f329b7e78e,,159,"{""1024"": 159}"
Datos/Med_con_Decaimientos/7-9_9-9/run_20260907_140421_idx295_selected.txt,4891678,f9cb437a9f93713858a47e1e33fcaa3689ce35800c1f75e768f860cdcf904c2d,,147,"{""1024"": 147}"
Datos/Med_con_Decaimientos/7-9_9-9/run_20260907_140421_idx296_selected.txt,4592194,4b3bec2dfe9f483bd86b3045bb21bad43eda9c3568f19bf25e4d645480ac6f9a,,138,"{""1024"": 138}"
Datos/Med_con_Decaimientos/7-9_9-9/run_20260907_140421_idx297_selected.txt,5257714,7013a1cf6ce8572077d34ad0a0c0d92d85d4dbb0d1c3ebda193377e62ff08b00,,158,"{""1024"": 158}"
Datos/Med_con_Decaimientos/7-9_9-9/run_20260907_140421_idx298_selected.txt,4658746,34347ef3627c14dbd44b3792f18f72f51b946a7b05a42ef009791a9232b64aac,,140,"{""1024"": 140}"
Datos/Med_con_Decaimientos/7-9_9-9/run_20260907_140421_idx299_selected.txt,4192882,f66e59ef269176b2eb4ebadcb718cf035620ece1d704d9fe1843a85f3f92bd63,,126,"{""1024"": 126}"
Datos/Med_con_Decaimientos/7-9_9-9/run_20260907_140421_idx29_selected.txt,4092930,3a30d3056288f3cd38f3cb48170c6e5bb8c1dbbbcffa761cc3c102ef2c54c9fd,,123,"{""1024"": 123}"
Datos/Med_con_Decaimientos/7-9_9-9/run_20260907_140421_idx2_selected.txt,5257339,594e8fc61aeb8df169983d137bf7617a763d2189b5992132de2bd5eb2e8d1c57,,158,"{""1024"": 158}"
Datos/Med_con_Decaimientos/7-9_9-9/run_20260907_140421_idx300_selected.txt,5390818,1678e423810482738af52505906f5f316284b4abcd19d025bb17ffaa5ad22016,,162,"{""1024"": 162}"
Datos/Med_con_Decaimientos/7-9_9-9/run_20260907_140421_idx301_selected.txt,4725298,2037040198db5e8458c4375fd1d68f6fbf57a10248c33621082ea0d4a6f5780b,,142,"{""1024"": 142}"
Datos/Med_con_Decaimientos/7-9_9-9/run_20260907_140421_idx302_selected.txt,4891678,8211e578734e25f2f2403a8746d0c738a198984b3aad3c5b8b2d8c5a34b7f833,,147,"{""1024"": 147}"
Datos/Med_con_Decaimientos/7-9_9-9/run_20260907_140421_idx303_selected.txt,4126330,c656c482bfcda355e9d23b6e75359d8c67809f78ad3d5fb0442f7679beab10a2,,124,"{""1024"": 124}"
Datos/Med_con_Decaimientos/7-9_9-9/run_20260907_140421_idx304_selected.txt,4492366,e5ee38e5411ff30190f876f1890fcc3f0f64411eb121a051506c22b4d23f64ca,,135,"{""1024"": 135}"
Datos/Med_con_Decaimientos/7-9_9-9/run_20260907_140421_idx305_selected.txt,4958230,0097056464b674759714f2e3e5bbc6c72af1a4b63cdc948a0e2680c9a04bb15a,,149,"{""1024"": 149}"
Datos/Med_con_Decaimientos/7-9_9-9/run_20260907_140421_idx306_selected.txt,4825126,abc74258c06b0e2bdaa20b2f42ecd861e8a1ceb6da2e43d1ceb096089ae57fc2,,145,"{""1024"": 145}"
Datos/Med_con_Decaimientos/7-9_9-9/run_20260907_140421_idx307_selected.txt,4558918,920a74011ff9d53ed85be605c2e4902ef576d871b46edb5ca6be709d53832892,,137,"{""1024"": 137}"
Datos/Med_con_Decaimientos/7-9_9-9/run_20260907_140421_idx308_selected.txt,4791850,5758439e4f5e713b151b428fb528da689f94fb3c8fd0905fadf7a6621c158b0d,,144,"{""1024"": 144}"
Datos/Med_con_Decaimientos/7-9_9-9/run_20260907_140421_idx309_selected.txt,5157886,b52189a9c821a38f38bbffd49a0daeed3a1d1fb626f28b7325f4d05ebbe36091,,155,"{""1024"": 155}"
Datos/Med_con_Decaimientos/7-9_9-9/run_20260907_140421_idx30_selected.txt,5956330,3bdfcba11b89f8220e84fdbd28828a84034db1d78ccbdfbbfc56d1a3d18e9c05,,179,"{""1024"": 179}"
Datos/Med_con_Decaimientos/7-9_9-9/run_20260907_140421_idx310_selected.txt,5157886,1aff75cfc6a49894977374e6ecd746383ba6c0a59e1b2d32884cebd68c096a0e,,155,"{""1024"": 155}"
Datos/Med_con_Decaimientos/7-9_9-9/run_20260907_140421_idx311_selected.txt,5224438,717d143c2112a80e372ccd0c21c24a1810242ba16661962a0bf044f8c0b2a46f,,157,"{""1024"": 157}"
Datos/Med_con_Decaimientos/7-9_9-9/run_20260907_140421_idx312_selected.txt,4392538,43cb4707845e7d63b632283623180a9146552fd6210c8074161eed6e4246c6fc,,132,"{""1024"": 132}"
Datos/Med_con_Decaimientos/7-9_9-9/run_20260907_140421_idx313_selected.txt,4725298,1a7a8d847b9b569bfe910d4a75fb0cf9f09a0a5174345a0ad139c33883731805,,142,"{""1024"": 142}"
Datos/Med_con_Decaimientos/7-9_9-9/run_20260907_140421_idx314_selected.txt,5191162,9926770e9ca89db4b4a88d26b9448b78687c6297d678a9d4f0481fb7ceed5161,,156,"{""1024"": 156}"
Datos/Med_con_Decaimientos/7-9_9-9/run_20260907_140421_idx315_selected.txt,4226158,2b293eb16fce05836d5fb43f8ab99e754478feb774c54bed3718e2493063f3a6,,127,"{""1024"": 127}"
Datos/Med_con_Decaimientos/7-9_9-9/run_20260907_140421_idx316_selected.txt,4924954,f99edc71ece5c8cc4bb55e27dfe704b9f14bcb7a4ebae2e275d117eaa42b7c59,,148,"{""1024"": 148}"
Datos/Med_con_Decaimientos/7-9_9-9/run_20260907_140421_idx317_selected.txt,5523922,8f19aec934b11571eece8a820b0ec42c5add276a56df44360bb9759ff82b1884,,166,"{""1024"": 166}"
Datos/Med_con_Decaimientos/7-9_9-9/run_20260907_140421_idx318_selected.txt,4958230,cd78b0bce1e13ff56f880746379efc7a1d714f9f675f12df15cd804bf0ba0b65,,149,"{""1024"": 149}"
Datos/Med_con_Decaimientos/7-9_9-9/run_20260907_140421_idx319_selected.txt,4392538,57adcc6e80e49b8654576c6921f2539fa52cdf5346f182e89619cb9e615c7599,,132,"{""1024"": 132}"
Datos/Med_con_Decaimientos/7-9_9-9/run_20260907_140421_idx31_selected.txt,4725155,8beef1d65a3f713c975d78c27982ba9e425758ccad3c5087cb1ffcbff75c60e7,,142,"{""1024"": 142}"
Datos/Med_con_Decaimientos/7-9_9-9/run_20260907_140421_idx320_selected.txt,4858402,9c7c337097c583b6c0d9e74e6498dce18bf0331c70871e31c3d61f64434dbced,,146,"{""1024"": 146}"
Datos/Med_con_Decaimientos/7-9_9-9/run_20260907_140421_idx321_selected.txt,5191162,dcf7894e2b76139d2cc97684903b0c92b91b37aa0e2c6f47c5ca45bf658917cc,,156,"{""1024"": 156}"
Datos/Med_con_Decaimientos/7-9_9-9/run_20260907_140421_idx322_selected.txt,4891678,40e42354589bf4add8fc36fd0438b672b1a16902c9721d20a30695e1141f2af7,,147,"{""1024"": 147}"
Datos/Med_con_Decaimientos/7-9_9-9/run_20260907_140421_idx323_selected.txt,4492366,a44443d75d0621f2a6134058e7296ec9f8e429c1d6016f81104c0b7baf783342,,135,"{""1024"": 135}"
Datos/Med_con_Decaimientos/7-9_9-9/run_20260907_140421_idx324_selected.txt,4958230,cc39f081ce4eedfb57eeab5804b4f4d5c6ba46a4100bb8603bffed1abdeb429c,,149,"{""1024"": 149}"
Datos/Med_con_Decaimientos/7-9_9-9/run_20260907_140421_idx325_selected.txt,4858402,c53eaded1972acfe4d4d8a9186527aa26cb33ab1937d7ebee94449c4d7e15f84,,146,"{""1024"": 146}"
Datos/Med_con_Decaimientos/7-9_9-9/run_20260907_140421_idx326_selected.txt,4692022,069f9bba8c23b1667f4945573f54dc346614ccca253e614cb209a071c3718b89,,141,"{""1024"": 141}"
Datos/Med_con_Decaimientos/7-9_9-9/run_20260907_140421_idx327_selected.txt,4159606,7d6653398e1b63b02d2ec731c17eff01bf943002e93a6d7e620decf7a26cbd01,,125,"{""1024"": 125}"
Datos/Med_con_Decaimientos/7-9_9-9/run_20260907_140421_idx328_selected.txt,4592194,3525e18af1d93871ce24cc645172efd485e80594f085967eeb8a9620c6ae6df4,,138,"{""1024"": 138}"
Datos/Med_con_Decaimientos/7-9_9-9/run_20260907_140421_idx329_selected.txt,4558918,558faf78cdc57083a4eec229b28df27719f34d2fd7d90726e82d72c5cc738b68,,137,"{""1024"": 137}"
Datos/Med_con_Decaimientos/7-9_9-9/run_20260907_140421_idx32_selected.txt,5024630,ca3f8825675e31027faa705ab756e0705730399a08c61c1750671db0fb235ba6,,151,"{""1024"": 151}"
Datos/Med_con_Decaimientos/7-9_9-9/run_20260907_140421_idx330_selected.txt,4492366,aa4cc21754770569957943e94df1357426c669be74d3dd3e7f9e29931d666356,,135,"{""1024"": 135}"
Datos/Med_con_Decaimientos/7-9_9-9/run_20260907_140421_idx331_selected.txt,4858402,e2af452199c652b8f85a5dbc6cb11fb6853f896723968b74b852d7f39eec86a8,,146,"{""1024"": 146}"
Datos/Med_con_Decaimientos/7-9_9-9/run_20260907_140421_idx332_selected.txt,4492366,17cc8e274bac7f6e25ee9bdf2acae4c5bf6dbac1dba93fac566d9a7b4462c375,,135,"{""1024"": 135}"
Datos/Med_con_Decaimientos/7-9_9-9/run_20260907_140421_idx333_selected.txt,4891678,677457b9b5abf1be3070d949694a99d9a82b0bf829c91a3408d8cd77459dbcd6,,147,"{""1024"": 147}"
Datos/Med_con_Decaimientos/7-9_9-9/run_20260907_140421_idx334_selected.txt,4958230,0c1148f00b9b98b4d24709ae637576a23bb16dffadc399821853c5a21a552091,,149,"{""1024"": 149}"
Datos/Med_con_Decaimientos/7-9_9-9/run_20260907_140421_idx335_selected.txt,4558918,7fc298ca0cbc98da8c1619b35f57f33ee752c2c16ccb9353f0028a2512525817,,137,"{""1024"": 137}"
Datos/Med_con_Decaimientos/7-9_9-9/run_20260907_140421_idx336_selected.txt,4558918,f4516cad2b60bfbaef4242043fb223b98356d34b048728c4674c22be6976e23a,,137,"{""1024"": 137}"
Datos/Med_con_Decaimientos/7-9_9-9/run_20260907_140421_idx337_selected.txt,5224438,d0cdc9160629d2a063a0884f53eabac82888a7d1a602d9df8b330b7a35827ef3,,157,"{""1024"": 157}"
Datos/Med_con_Decaimientos/7-9_9-9/run_20260907_140421_idx338_selected.txt,4958230,a900e0054fed796d7fdd6771b01d27af2eddc7a73cb1825ada8c1f3a2c5c498e,,149,"{""1024"": 149}"
Datos/Med_con_Decaimientos/7-9_9-9/run_20260907_140421_idx339_selected.txt,4758574,81ee1d805748b4d0b69163ee2f00b9e42a5ec1d769246c5685cf112d1137acf1,,143,"{""1024"": 143}"
Datos/Med_con_Decaimientos/7-9_9-9/run_20260907_140421_idx33_selected.txt,5290830,1427150402ee9c3cc79116bbb672921da86e32a14d9de77b7e47d31eab14aa54,,159,"{""1024"": 159}"
Datos/Med_con_Decaimientos/7-9_9-9/run_20260907_140421_idx340_selected.txt,4558918,d08f9025c123b402962aa70b98f1e571a5a057cd133759d0acaec8f08f207414,,137,"{""1024"": 137}"
Datos/Med_con_Decaimientos/7-9_9-9/run_20260907_140421_idx341_selected.txt,4459090,b5ddc72bb4ccd304fde1914010fd60f02a8a36e545b2b25e95fe50e8a25d3c27,,134,"{""1024"": 134}"
Datos/Med_con_Decaimientos/7-9_9-9/run_20260907_140421_idx342_selected.txt,5058058,c24c57096a5184691af3fde9183877c562eb4eebe3520c85c030282e6465d8e6,,152,"{""1024"": 152}"
Datos/Med_con_Decaimientos/7-9_9-9/run_20260907_140421_idx343_selected.txt,4891678,c43044b8c2a527ad6846acc5bd6605d255d760a9931785187db7aab58fafe802,,147,"{""1024"": 147}"
Datos/Med_con_Decaimientos/7-9_9-9/run_20260907_140421_idx344_selected.txt,4492366,17a03c5af2d766ca85132a5dd7cd8f11e80f0ee937a1b376a8b2acf548deb393,,135,"{""1024"": 135}"
Datos/Med_con_Decaimientos/7-9_9-9/run_20260907_140421_idx345_selected.txt,6023062,dbbf534d508045e554d2803ea0f4fb37c856bf2bb446197cae075ac11c40a483,,181,"{""1024"": 181}"
Datos/Med_con_Decaimientos/7-9_9-9/run_20260907_140421_idx346_selected.txt,5191162,53fb510e9a863a3c29b2c5f03961d40a201f5d8af227219369cec640f4f25c00,,156,"{""1024"": 156}"
Datos/Med_con_Decaimientos/7-9_9-9/run_20260907_140421_idx347_selected.txt,5424094,73d819fd3dd4f73787a1932fd7a70a3a0573dbb53ef27cc3c714eff30f781880,,163,"{""1024"": 163}"
Datos/Med_con_Decaimientos/7-9_9-9/run_20260907_140421_idx348_selected.txt,5024782,4f1facf3eca3d99f9cec9cc7dd78f089538195851acd2dd1a0a614a4ed3fa7dd,,151,"{""1024"": 151}"
Datos/Med_con_Decaimientos/7-9_9-9/run_20260907_140421_idx349_selected.txt,4558918,14c9effb9126a64cf9767f38734b15a71c47e38dbc0eac251ef471a053b5c830,,137,"{""1024"": 137}"
Datos/Med_con_Decaimientos/7-9_9-9/run_20260907_140421_idx34_selected.txt,4725155,ecb90712a105aac51d0f9b233bedfd5b82e98e8d152e9c466f26bff065949de0,,142,"{""1024"": 142}"
Datos/Med_con_Decaimientos/7-9_9-9/run_20260907_140421_idx350_selected.txt,4525642,a325335255e9aa62a1f90d4722b6345610aeb75c09d7c353662feb66ebdc2bbe,,136,"{""1024"": 136}"
Datos/Med_con_Decaimientos/7-9_9-9/run_20260907_140421_idx351_selected.txt,4825126,f3514237d49a630337533a6c85eb16308126c283879e4dcd830c0df3bbe2b754,,145,"{""1024"": 145}"
Datos/Med_con_Decaimientos/7-9_9-9/run_20260907_140421_idx352_selected.txt,4392538,b53d8baf9d90983a8bee5a2099de06978d0c17dfb7de6e4b50675b97a9e07f05,,132,"{""1024"": 132}"
Datos/Med_con_Decaimientos/7-9_9-9/run_20260907_140421_idx353_selected.txt,4558918,1373930a430fab5b0fdf64e07775bf087cc2b048ed1813c482b9634308a75906,,137,"{""1024"": 137}"
Datos/Med_con_Decaimientos/7-9_9-9/run_20260907_140421_idx354_selected.txt,5124610,47ae1f660ecb10ae3f522f8c04cbd76ec1c3f14d20c1a7fd33105f802e569cc9,,154,"{""1024"": 154}"
Datos/Med_con_Decaimientos/7-9_9-9/run_20260907_140421_idx355_selected.txt,5191162,8d627aef8a7a6ef1fff48827b03f27830ee3afad6e815620786355fe974cc7e0,,156,"{""1024"": 156}"
Datos/Med_con_Decaimientos/7-9_9-9/run_20260907_140421_idx356_selected.txt,4958230,53a4d0719a9742336f3ae3f96b113cf383de1f5a1e9ae24b8e150f2eecc9d3d2,,149,"{""1024"": 149}"
Datos/Med_con_Decaimientos/7-9_9-9/run_20260907_140421_idx357_selected.txt,4858402,a3d2ddd4198475442b05ebbc384298c3597602085a720975c4466eef7dc4ede9,,146,"{""1024"": 146}"
Datos/Med_con_Decaimientos/7-9_9-9/run_20260907_140421_idx358_selected.txt,5124610,46ea6fee0dac21ce5c4d5d3d654cda9e1b315efe9b4dbdec4398ba44799d9408,,154,"{""1024"": 154}"
Datos/Med_con_Decaimientos/7-9_9-9/run_20260907_140421_idx359_selected.txt,5723578,31bc922d46c2058b5f63466d7800259aeb6e24df7e7aa15ed3d105fc2e68b700,,172,"{""1024"": 172}"
Datos/Med_con_Decaimientos/7-9_9-9/run_20260907_140421_idx35_selected.txt,5057905,13a5cd5e7af5f2717b32aed88871bb9b314bc1522c5babf43966c6da8766dd3c,,152,"{""1024"": 152}"
Datos/Med_con_Decaimientos/7-9_9-9/run_20260907_140421_idx360_selected.txt,5191162,acd941f7e4e66ded7e582f0ad6d35e538979c7f5aa19d5dd373f0e4bd5ee2589,,156,"{""1024"": 156}"
Datos/Med_con_Decaimientos/7-9_9-9/run_20260907_140421_idx361_selected.txt,5224438,16e2e4fb136d5d5cc1a096f5c6d8f1bc43fb534596593965d87df933198a0a4a,,157,"{""1024"": 157}"
Datos/Med_con_Decaimientos/7-9_9-9/run_20260907_140421_idx362_selected.txt,5490646,2f3523e5abd4c3c950dcfd8cdba97547eb90852b78a4428229632b3820b25c9f,,165,"{""1024"": 165}"
Datos/Med_con_Decaimientos/7-9_9-9/run_20260907_140421_idx363_selected.txt,5823406,60ecec1f15c804b1ac47445d3c31d1a2ce85caee6df96392ec35ef38190cdac8,,175,"{""1024"": 175}"
Datos/Med_con_Decaimientos/7-9_9-9/run_20260907_140421_idx364_selected.txt,4958230,f5ca5c3713cd190a950cefac402df9bc28df8c2640bdbaddfbd657680e9a8ddf,,149,"{""1024"": 149}"
Datos/Med_con_Decaimientos/7-9_9-9/run_20260907_140421_idx365_selected.txt,4459090,0c46da635e572e9276547e1afa84b17c7edf35578b547a1020ab8674c90e7610,,134,"{""1024"": 134}"
Datos/Med_con_Decaimientos/7-9_9-9/run_20260907_140421_idx366_selected.txt,5290990,4a3f32acc27da9c7b9c214ddd460e4cf9e0f1762dc92507c1d446925153bc034,,159,"{""1024"": 159}"
Datos/Med_con_Decaimientos/7-9_9-9/run_20260907_140421_idx367_selected.txt,4492366,62ae18e93de455f8760176223d9e6b48b9d5e7bce309fd2600d45c0a1c018525,,135,"{""1024"": 135}"
Datos/Med_con_Decaimientos/7-9_9-9/run_20260907_140421_idx368_selected.txt,4791850,a95412b749701c3f00c4acc49a4bc2dbb2b8d01108a328004596ad1126d74d74,,144,"{""1024"": 144}"
Datos/Med_con_Decaimientos/7-9_9-9/run_20260907_140421_idx369_selected.txt,5690302,4a6757e8443a3d2b2cb44d98c729329bc62e8aaea25c08704fa75cba6bbff5ea,,171,"{""1024"": 171}"
Datos/Med_con_Decaimientos/7-9_9-9/run_20260907_140421_idx36_selected.txt,4824980,646cd3795452a6ae86a1839cac2d653b687e606a552222c7fed18a021d566688,,145,"{""1024"": 145}"
Datos/Med_con_Decaimientos/7-9_9-9/run_20260907_140421_idx370_selected.txt,5091334,bcc94b4c05464d74918f86297b1f4dd32f4ca7cde0b15a514cda45b7c9428b2a,,153,"{""1024"": 153}"
Datos/Med_con_Decaimientos/7-9_9-9/run_20260907_140421_idx371_selected.txt,5390818,6e5856c22dbc511dc60362497a54a90a68c08d603c204eb0ee9e04d941bf8550,,162,"{""1024"": 162}"
Datos/Med_con_Decaimientos/7-9_9-9/run_20260907_140421_idx372_selected.txt,5091334,db6130938dec52846d08cda913800b7bc626fa8ba9657b9a9730e44476744f85,,153,"{""1024"": 153}"
Datos/Med_con_Decaimientos/7-9_9-9/run_20260907_140421_idx373_selected.txt,4558918,62e617a0444060f365dee116c19877a8b0894da49fa30bd71945de87ee258667,,137,"{""1024"": 137}"
Datos/Med_con_Decaimientos/7-9_9-9/run_20260907_140421_idx374_selected.txt,5590474,930757d78a369cdd4bf5ec421ae820991d89bf95984791018c145aebe9cee152,,168,"{""1024"": 168}"
Datos/Med_con_Decaimientos/7-9_9-9/run_20260907_140421_idx375_selected.txt,4958230,5c5900479714bba9b5a65cdc20efdf85c7b170024c7f0003179d91b50eeb31dd,,149,"{""1024"": 149}"
Datos/Med_con_Decaimientos/7-9_9-9/run_20260907_140421_idx376_selected.txt,5324266,1e2251014642a573ce8ddd36adc7090e76628311ecbbb961442904e349087ab9,,160,"{""1024"": 160}"
Datos/Med_con_Decaimientos/7-9_9-9/run_20260907_140421_idx377_selected.txt,5623750,a7799ff0e20697f295bb71df6c712a290f739f97685865205064f42fe4ecd475,,169,"{""1024"": 169}"
Datos/Med_con_Decaimientos/7-9_9-9/run_20260907_140421_idx378_selected.txt,4758574,13ee178f7280081173ac7a4ad9d329d8f383011f34bb4ac5722f2957d00f81a9,,143,"{""1024"": 143}"
Datos/Med_con_Decaimientos/7-9_9-9/run_20260907_140421_idx379_selected.txt,4758574,f2e6af0067b3d80707e5be938d273e201cbc4438bc0f7eb8e3b0bc235cef63ac,,143,"{""1024"": 143}"
Datos/Med_con_Decaimientos/7-9_9-9/run_20260907_140421_idx37_selected.txt,4858255,47a9f4216b506df2b3535d49dcfaca1e97c2d8237d586da59552d590b40fc3bd,,146,"{""1024"": 146}"
Datos/Med_con_Decaimientos/7-9_9-9/run_20260907_140421_idx380_selected.txt,5290990,ee1d14138b332f619bef4f5fa63f342b0f606fac9404f0aee617188d6af80f64,,159,"{""1024"": 159}"
Datos/Med_con_Decaimientos/7-9_9-9/run_20260907_140421_idx381_selected.txt,4625470,0522c1c6df8b92ee9bf1bbe357980124359f61800616d2832e57363a1738ece0,,139,"{""1024"": 139}"
Datos/Med_con_Decaimientos/7-9_9-9/run_20260907_140421_idx382_selected.txt,5723578,6178cd09aecf4f775773544eb2fcedccb9628f2548974ccc4b345bb4a348cd9f,,172,"{""1024"": 172}"
Datos/Med_con_Decaimientos/7-9_9-9/run_20260907_140421_idx383_selected.txt,5390818,3cfb0c5375b9116feaf2aab30d58657be03f57cd172ce60c1d4a0e90203c03c4,,162,"{""1024"": 162}"
Datos/Med_con_Decaimientos/7-9_9-9/run_20260907_140421_idx384_selected.txt,4292710,e0db1997e706c1a1dc2bb2d816c745259759dcb23c969bc62954bdc237be1470,,129,"{""1024"": 129}"
Datos/Med_con_Decaimientos/7-9_9-9/run_20260907_140421_idx385_selected.txt,5058058,09c7ae0c4a25fb8577debfa1b324e39504be6f33eebc56b02286f911ee0adaf0,,152,"{""1024"": 152}"
Datos/Med_con_Decaimientos/7-9_9-9/run_20260907_140421_idx386_selected.txt,5157886,a1cb064645c2d9058b3d3414a52dbef019343e82dc0c1fd7995fa3da488fd9f4,,155,"{""1024"": 155}"
Datos/Med_con_Decaimientos/7-9_9-9/run_20260907_140421_idx387_selected.txt,5290990,bf52e7000d16b5db85023f5c9bd8f20830045396407c602131bf7946d78f40ec,,159,"{""1024"": 159}"
Datos/Med_con_Decaimientos/7-9_9-9/run_20260907_140421_idx388_selected.txt,4558918,909df0c747183443f56c069f0f5105d3b16d78e57c1d5c3aa14d94b1de7e9760,,137,"{""1024"": 137}"
Datos/Med_con_Decaimientos/7-9_9-9/run_20260907_140421_idx389_selected.txt,5024782,24b9acba562d6430a4686b106d8f981407a7c1ab40d0a42a12da540798595b71,,151,"{""1024"": 151}"
Datos/Med_con_Decaimientos/7-9_9-9/run_20260907_140421_idx38_selected.txt,5623580,97fca767097622a47a5d541e53749122027d2bb485ecf45c2b9b0d82120cd97e,,169,"{""1024"": 169}"
Datos/Med_con_Decaimientos/7-9_9-9/run_20260907_140421_idx390_selected.txt,4858402,464b8618089d4092df233fd62aeec50e22a582e98385fc39549e649943a6682c,,146,"{""1024"": 146}"
Datos/Med_con_Decaimientos/7-9_9-9/run_20260907_140421_idx391_selected.txt,4725298,febbde19ffe9c4c4785e3fe8c7109f99454224c0ccc1572be1b4d46c4b4e3ab9,,142,"{""1024"": 142}"
Datos/Med_con_Decaimientos/7-9_9-9/run_20260907_140421_idx392_selected.txt,5457370,d78b28e3ed464336b6b6fdfe464a479a0a3753a5e215d5a96a1867fb724b17ee,,164,"{""1024"": 164}"
Datos/Med_con_Decaimientos/7-9_9-9/run_20260907_140421_idx393_selected.txt,5457370,d28d5752122355099b5a4d129d4e391eb083fef59d4a3d0a541c5993cc746c04,,164,"{""1024"": 164}"
Datos/Med_con_Decaimientos/7-9_9-9/run_20260907_140421_idx394_selected.txt,4625470,c2ff5190f584283427e2b68244cc7f36551d303cb9b98eae5877285d0c1d84b1,,139,"{""1024"": 139}"
Datos/Med_con_Decaimientos/7-9_9-9/run_20260907_140421_idx395_selected.txt,4758574,a49806c95d932323ccf00a942d4cf14c55f012d1da3cac1c31b18b2ba0f06164,,143,"{""1024"": 143}"
Datos/Med_con_Decaimientos/7-9_9-9/run_20260907_140421_idx396_selected.txt,5157886,7aacfee5effc88e7676f26a5c9488fee881a9ca8ed9f68b4eed2e08146ba8b67,,155,"{""1024"": 155}"
Datos/Med_con_Decaimientos/7-9_9-9/run_20260907_140421_idx397_selected.txt,4758574,c8eae6ea3442db2354f41f3d1ca2ba554a66437840187b01b64a7002f7e60f5b,,143,"{""1024"": 143}"
Datos/Med_con_Decaimientos/7-9_9-9/run_20260907_140421_idx398_selected.txt,4924954,ad9ca9e037a2419f807b79606c446f70720a8d360d1510e8d13f526cd731abeb,,148,"{""1024"": 148}"
Datos/Med_con_Decaimientos/7-9_9-9/run_20260907_140421_idx399_selected.txt,4825126,f5581b045a734ea1a23c9ce8eaaa88a2482e5e3a497fca492b762625c193130e,,145,"{""1024"": 145}"
Datos/Med_con_Decaimientos/7-9_9-9/run_20260907_140421_idx39_selected.txt,5157730,2d6d6f874e5789559b1ff66a409c41dcef7d54ddd73f68663a26b9d1252b869d,,155,"{""1024"": 155}"
Datos/Med_con_Decaimientos/7-9_9-9/run_20260907_140421_idx3_selected.txt,5523588,cfd0e15f0002fe29ae4eceac611dc49ae7012fc3e5221bff4ab0bb75169b0f62,,166,"{""1024"": 166}"
Datos/Med_con_Decaimientos/7-9_9-9/run_20260907_140421_idx400_selected.txt,5091334,c5541ffa18eac22dd468fd9262d539801e1b21030afe4142075ce7d026d12ae9,,153,"{""1024"": 153}"
Datos/Med_con_Decaimientos/7-9_9-9/run_20260907_140421_idx401_selected.txt,5024782,842bbfa88b8ae703392c649aa9742ae1cafdcccc0714eff3f6a5be0c90d9c8fd,,151,"{""1024"": 151}"
Datos/Med_con_Decaimientos/7-9_9-9/run_20260907_140421_idx402_selected.txt,5024782,3a79432aa698246e2ca4e2418b9dfb2ae179702dfedb690f52a5ab076ffa7414,,151,"{""1024"": 151}"
Datos/Med_con_Decaimientos/7-9_9-9/run_20260907_140421_idx403_selected.txt,5490646,89a74237fcc87453978a66b1be1d3a5362a5e6957c7caa2e97ffc8c829bc79f4,,165,"{""1024"": 165}"
Datos/Med_con_Decaimientos/7-9_9-9/run_20260907_140421_idx404_selected.txt,5058058,e07e06bc1f4d2404b1dc7423dd03006e55ed48e585d9f972a4a385fc18527598,,152,"{""1024"": 152}"
Datos/Med_con_Decaimientos/7-9_9-9/run_20260907_140421_idx405_selected.txt,4924954,7327274d3a41efda3b8daac5931fc7dffccca1e06d4965ee7ae730302e4dd8e0,,148,"{""1024"": 148}"
Datos/Med_con_Decaimientos/7-9_9-9/run_20260907_140421_idx406_selected.txt,5424094,18db41fbf7a17bf60550e93a999e186f3b079ea133f26bb066fd53c4fb441709,,163,"{""1024"": 163}"
Datos/Med_con_Decaimientos/7-9_9-9/run_20260907_140421_idx407_selected.txt,4758574,ea70eb4ed53e8b4bf3811e90ac49b54317e5078236b2e6f700bc1b0ba618ae1d,,143,"{""1024"": 143}"
Datos/Med_con_Decaimientos/7-9_9-9/run_20260907_140421_idx408_selected.txt,4924954,f798fb8065fcc23638ffd25a18dd4301164858c837cb0c85ea07d82abfb678d7,,148,"{""1024"": 148}"
Datos/Med_con_Decaimientos/7-9_9-9/run_20260907_140421_idx409_selected.txt,4758574,a6a82cf487351f1186c7ad8121a2bbe729b77e7bd1705d848d7107166ef0bb8f,,143,"{""1024"": 143}"
Datos/Med_con_Decaimientos/7-9_9-9/run_20260907_140421_idx40_selected.txt,5224280,c9c3e37248802fa92d69a8388ba1c331283df1d4efbbbc0c9c128991eabb88f0,,157,"{""1024"": 157}"
Datos/Med_con_Decaimientos/7-9_9-9/run_20260907_140421_idx410_selected.txt,5157886,975208e7c8e1fdc88cf04111f2f242b951061f7ead84fb70c65d6d9568051a35,,155,"{""1024"": 155}"
Datos/Med_con_Decaimientos/7-9_9-9/run_20260907_140421_idx411_selected.txt,5390818,3c99bacc974eb27bb70d73c70fe7c9598c218b9a8b2b4b632c3ff7d634e21871,,162,"{""1024"": 162}"
Datos/Med_con_Decaimientos/7-9_9-9/run_20260907_140421_idx412_selected.txt,4958230,8ee3939c17c2f6e5e2d538bc4ad4ba82b561d0bdaa4245d95628972632c8af57,,149,"{""1024"": 149}"
Datos/Med_con_Decaimientos/7-9_9-9/run_20260907_140421_idx413_selected.txt,4192882,33bace18b65ecc75742d97b1c64dcb757cb9da3b7847e36fb5cf785333a28c60,,126,"{""1024"": 126}"
Datos/Med_con_Decaimientos/7-9_9-9/run_20260907_140421_idx414_selected.txt,4592194,86f4749935ff9d9abb68a4fcbb10ac85305c2c348028809dc6c7dca2e3e2f226,,138,"{""1024"": 138}"
Datos/Med_con_Decaimientos/7-9_9-9/run_20260907_140421_idx415_selected.txt,5224438,e29415a44076aa48f650136d4acf0c4c38b67f15efa4ac3aec60ad26e31433bc,,157,"{""1024"": 157}"
Datos/Med_con_Decaimientos/7-9_9-9/run_20260907_140421_idx416_selected.txt,4459090,34e99da68b90fe6192eb20eeaf811198a9f0db214d09410a90ce17020d74e77e,,134,"{""1024"": 134}"
Datos/Med_con_Decaimientos/7-9_9-9/run_20260907_140421_idx417_selected.txt,5124610,689135ad4a4f8ac7cde3af6eb3160d44b6ef0b0f63d26e71b063741af2223890,,154,"{""1024"": 154}"
Datos/Med_con_Decaimientos/7-9_9-9/run_20260907_140421_idx418_selected.txt,5157886,56c6033d714e18f069533eed5f47bc34aa1db5d438592e07d3bc20e1e0bc3380,,155,"{""1024"": 155}"
Datos/Med_con_Decaimientos/7-9_9-9/run_20260907_140421_idx419_selected.txt,5357542,0d56a71e18ab948620c9c08d3875cdd4bf6bc07486589370c62cda0365873f2b,,161,"{""1024"": 161}"
Datos/Med_con_Decaimientos/7-9_9-9/run_20260907_140421_idx41_selected.txt,4791705,851f283b84a87bb98e4a7218bd5689a5fa612a4fba2c1cd4e70bd7c84831daac,,144,"{""1024"": 144}"
Datos/Med_con_Decaimientos/7-9_9-9/run_20260907_140421_idx420_selected.txt,5290990,6f2f074dffbeddcf1566194a5ceac8836908c7295044a0e85cdff48bcbea597e,,159,"{""1024"": 159}"
Datos/Med_con_Decaimientos/7-9_9-9/run_20260907_140421_idx421_selected.txt,4625470,8da9d5c79565fa62f98b2d058cd8432151fc7fa317e6dbcf09cd972468da0025,,139,"{""1024"": 139}"
Datos/Med_con_Decaimientos/7-9_9-9/run_20260907_140421_idx422_selected.txt,4658746,fe4962d9ea4914b2559dd8c1a6866a82d1931a77956bee3fdafd47da7ba02760,,140,"{""1024"": 140}"
Datos/Med_con_Decaimientos/7-9_9-9/run_20260907_140421_idx423_selected.txt,5523922,7acd695e44a263de692e5190cfeb04e379ea028d40b2eae2f3beb50c7ddc487f,,166,"{""1024"": 166}"
Datos/Med_con_Decaimientos/7-9_9-9/run_20260907_140421_idx424_selected.txt,4891678,b24f365678c429a46bd4e1dd4f2d5e6f834d76b9bcb6faf2dd8a2482725c5df2,,147,"{""1024"": 147}"
Datos/Med_con_Decaimientos/7-9_9-9/run_20260907_140421_idx425_selected.txt,4126330,bf37f9c6fb1dd15f8251199757ea64fded288dc38869d4d93b5c079d1d6da049,,124,"{""1024"": 124}"
Datos/Med_con_Decaimientos/7-9_9-9/run_20260907_140421_idx426_selected.txt,5091334,3cad27323da163ddd3daa3dfedd95c1e092c4c317cb21138a0a409414c948c96,,153,"{""1024"": 153}"
Datos/Med_con_Decaimientos/7-9_9-9/run_20260907_140421_idx427_selected.txt,5124610,0be62b7958b666024abcfc962cd253aef8bfa993ba89b40a73c322c17c4ca408,,154,"{""1024"": 154}"
Datos/Med_con_Decaimientos/7-9_9-9/run_20260907_140421_idx428_selected.txt,4725298,bda20153b4f7fa7b91bc0ec7430c96a82c54acdc92f662bdf4b4cb623a400506,,142,"{""1024"": 142}"
Datos/Med_con_Decaimientos/7-9_9-9/run_20260907_140421_idx429_selected.txt,4924954,317d5a46a11c7b875b46c430fb2025b503cf6a465ad43ee57407f97c810f158a,,148,"{""1024"": 148}"
Datos/Med_con_Decaimientos/7-9_9-9/run_20260907_140421_idx42_selected.txt,5290830,1c4a82576f3c8326aeaf270fd261d464bf35f99787243e3dd942b86751c5d30b,,159,"{""1024"": 159}"
Datos/Med_con_Decaimientos/7-9_9-9/run_20260907_140421_idx430_selected.txt,4625470,541465227bdf8689ee3a30085ca5f4f790ddf1f5d5d5365605a45ee28f673a26,,139,"{""1024"": 139}"
Datos/Med_con_Decaimientos/7-9_9-9/run_20260907_140421_idx431_selected.txt,5723578,027ffce94d83ad4f9a78e6d44c0b8dac4f59b7a96f5686872ddda499cebb8fd5,,172,"{""1024"": 172}"
Datos/Med_con_Decaimientos/7-9_9-9/run_20260907_140421_idx432_selected.txt,5257714,acc85a4b7c53bb5c8c4e766313dc36bf10298948cbf00ae0fa1793a7049d9136,,158,"{""1024"": 158}"
Datos/Med_con_Decaimientos/7-9_9-9/run_20260907_140421_idx433_selected.txt,4725298,bd1b6bd2d098642de1ff3fabcc61679349507450599897c2a2f10072f534c92c,,142,"{""1024"": 142}"
Datos/Med_con_Decaimientos/7-9_9-9/run_20260907_140421_idx434_selected.txt,5191162,fd4553196e77d36555cb2983224dac55107238d131dd87d880b5a3b61f57971c,,156,"{""1024"": 156}"
Datos/Med_con_Decaimientos/7-9_9-9/run_20260907_140421_idx435_selected.txt,4924954,a215012a8605fd0575b36b0567f750e364fb4cf3705b1cafe50b5e326cf411a5,,148,"{""1024"": 148}"
Datos/Med_con_Decaimientos/7-9_9-9/run_20260907_140421_idx436_selected.txt,4658746,745d68304fed540ad2420e8e0b6e11e4f19efb6ff41b3f326a8e6a3fec93ad33,,140,"{""1024"": 140}"
Datos/Med_con_Decaimientos/7-9_9-9/run_20260907_140421_idx437_selected.txt,5091334,2787a1b19eec8f024a3954bcbcd95d3a70612e845df3299c25ec3104a25d655a,,153,"{""1024"": 153}"
Datos/Med_con_Decaimientos/7-9_9-9/run_20260907_140421_idx438_selected.txt,5191162,3214ba8e8102e4fb8cd25249ce355555b2152f83145e75604f55d62219090050,,156,"{""1024"": 156}"
Datos/Med_con_Decaimientos/7-9_9-9/run_20260907_140421_idx439_selected.txt,5756854,7e8b316145905fcadf4f6acf9655ad6553d86edf1004a75d49ff9fcb3310ff91,,173,"{""1024"": 173}"
Datos/Med_con_Decaimientos/7-9_9-9/run_20260907_140421_idx43_selected.txt,4725155,4a6979b605323f03d5813dafb9a59e7ed63010a033731450ac3b534a9bb223b1,,142,"{""1024"": 142}"
Datos/Med_con_Decaimientos/7-9_9-9/run_20260907_140421_idx440_selected.txt,5091334,35230f3fcc6c42ff7738de9a64dc3fec33bf9926d6d97e2f6c358e64ac7e92f1,,153,"{""1024"": 153}"
Datos/Med_con_Decaimientos/7-9_9-9/run_20260907_140421_idx441_selected.txt,4392538,c2ae9e8bd699162d1835ca124f504af4ca8f5d77eb70fded70c6ebc894d4f7ab,,132,"{""1024"": 132}"
Datos/Med_con_Decaimientos/7-9_9-9/run_20260907_140421_idx442_selected.txt,4991506,f5fecec7c144735cdb074cd3ad3f0fee9a2522836cb16ce68226da477c418653,,150,"{""1024"": 150}"
Datos/Med_con_Decaimientos/7-9_9-9/run_20260907_140421_idx443_selected.txt,5224438,07134dfeeb44f442a0e53005cae9d2658750df2745fba2aad56cc9d01ed86c0c,,157,"{""1024"": 157}"
Datos/Med_con_Decaimientos/7-9_9-9/run_20260907_140421_idx444_selected.txt,5157886,4c67dcd8881c6d1fbf9d51b86b17c767259414fb91bcf1243237a52abe54f77d,,155,"{""1024"": 155}"
Datos/Med_con_Decaimientos/7-9_9-9/run_20260907_140421_idx445_selected.txt,5224438,2ffaf5f7f925b6c3abe61bb2ab22dbcc0bbd30b3319f9b29b88f7e83bf57dce0,,157,"{""1024"": 157}"
Datos/Med_con_Decaimientos/7-9_9-9/run_20260907_140421_idx446_selected.txt,4991506,5ad3bec443dc6359b8f75d9f59d4bc4da192bb8a6072cc8f0eac6b700cfaeb03,,150,"{""1024"": 150}"
Datos/Med_con_Decaimientos/7-9_9-9/run_20260907_140421_idx447_selected.txt,4592194,db49e44d61d6e5bb9a0e12f1fcd3e999c45a97fab2363a0aa3060aa5bd1a2885,,138,"{""1024"": 138}"
Datos/Med_con_Decaimientos/7-9_9-9/run_20260907_140421_idx448_selected.txt,5357542,5c6fb84967c72aea3d0723771b39e416ebf746fd13f92d4a336f97be8e177bfa,,161,"{""1024"": 161}"
Datos/Med_con_Decaimientos/7-9_9-9/run_20260907_140421_idx449_selected.txt,4725298,ab01709551096291ce69aa07897decd93e5c335eb1317c139472e95fbc9ce2c3,,142,"{""1024"": 142}"
Datos/Med_con_Decaimientos/7-9_9-9/run_20260907_140421_idx44_selected.txt,5157730,f38861c57377582af624b6c60907a812509fe384b5da08274e9a7cce019262f5,,155,"{""1024"": 155}"
Datos/Med_con_Decaimientos/7-9_9-9/run_20260907_140421_idx450_selected.txt,5091334,63faa89d19e84959c6452407e353b59bd8fb619808fef3bb6ce72ad41836be4b,,153,"{""1024"": 153}"
Datos/Med_con_Decaimientos/7-9_9-9/run_20260907_140421_idx451_selected.txt,5557198,741766cc0b7943e2fabcb6674494c7406554dcc2c966295aad34cf8241045adb,,167,"{""1024"": 167}"
Datos/Med_con_Decaimientos/7-9_9-9/run_20260907_140421_idx452_selected.txt,5157886,08ff2dacd33b16f56dc316daab72a1736e6e98b0f918ba1e369651b1f8e84e08,,155,"{""1024"": 155}"
Datos/Med_con_Decaimientos/7-9_9-9/run_20260907_140421_idx453_selected.txt,4492366,571bb339fdcfa177c6f0a662f73d17e38e57232ee11b93a90e9d7ccc28e0f189,,135,"{""1024"": 135}"
Datos/Med_con_Decaimientos/7-9_9-9/run_20260907_140421_idx454_selected.txt,4958230,37c47bfe487fb800feb12f41b27f857d1b47a0c109c47063be8bdf1dd5618c3c,,149,"{""1024"": 149}"
Datos/Med_con_Decaimientos/7-9_9-9/run_20260907_140421_idx455_selected.txt,5191162,575468cb38cc91f22f4087e541e0e98f2b5392694fff0e7893ac922c19a125cd,,156,"{""1024"": 156}"
Datos/Med_con_Decaimientos/7-9_9-9/run_20260907_140421_idx456_selected.txt,5157886,48de0ca82cabc46091fde422083b61ecb0577ff4685a78721e927923d0b71cb7,,155,"{""1024"": 155}"
Datos/Med_con_Decaimientos/7-9_9-9/run_20260907_140421_idx457_selected.txt,5623750,b9509f2178766e59c810dd94f4fc3346bbae7886e68972c014ce1e4f80771230,,169,"{""1024"": 169}"
Datos/Med_con_Decaimientos/7-9_9-9/run_20260907_140421_idx458_selected.txt,4991506,d89e6cd85d62667574fa00859c0739a1f9e648d3636fca42951c917c6d89d505,,150,"{""1024"": 150}"
Datos/Med_con_Decaimientos/7-9_9-9/run_20260907_140421_idx459_selected.txt,4924954,8990eab1be66ed79337f3710c4b8cc436487b6c5ef94d8f0a167127d83785ff4,,148,"{""1024"": 148}"
Datos/Med_con_Decaimientos/7-9_9-9/run_20260907_140421_idx45_selected.txt,4691880,40229bce7ccf3267ab91eeb0b76ba02dedb3b920b86f7e5ef73d0be56436079a,,141,"{""1024"": 141}"
Datos/Med_con_Decaimientos/7-9_9-9/run_20260907_140421_idx460_selected.txt,5257714,11aada1a07537c87580ea19da55a50ab0211799c228229e99e442a848ddeb569,,158,"{""1024"": 158}"
Datos/Med_con_Decaimientos/7-9_9-9/run_20260907_140421_idx461_selected.txt,5191162,1d0d7cf2c14ff58ec1b2990bc694f5d70a42b14ce9fe4b72a9dcb5ccc91f9aa2,,156,"{""1024"": 156}"
Datos/Med_con_Decaimientos/7-9_9-9/run_20260907_140421_idx462_selected.txt,4126330,063201111f03353581fb4ee7399aa55d4a9d8ee0786f23ff7f85dbfd42f75f38,,124,"{""1024"": 124}"
Datos/Med_con_Decaimientos/7-9_9-9/run_20260907_140421_idx463_selected.txt,5091334,0efee5aa28861dbf41c4822abe9bc8e83a73be3efcdabca5cef61aadbf3fe047,,153,"{""1024"": 153}"
Datos/Med_con_Decaimientos/7-9_9-9/run_20260907_140421_idx464_selected.txt,5424094,a6cb4411ce6dd3a9a8fb98c990bb52ffb14ddc5ef08f426088badfae96104d5f,,163,"{""1024"": 163}"
Datos/Med_con_Decaimientos/7-9_9-9/run_20260907_140421_idx465_selected.txt,5523922,da65ca46262e3d7c48509a57fa0efd4f0494c02bb172858a373c79833701a8fb,,166,"{""1024"": 166}"
Datos/Med_con_Decaimientos/7-9_9-9/run_20260907_140421_idx466_selected.txt,4858402,5628f6cef248c9335f3baecd2105544163cebe1f17490555acfa3e32da613be2,,146,"{""1024"": 146}"
Datos/Med_con_Decaimientos/7-9_9-9/run_20260907_140421_idx467_selected.txt,5357542,ab90a68c96347954f311f9ec2653a52df5be7963370547d024a8a390768b7581,,161,"{""1024"": 161}"
Datos/Med_con_Decaimientos/7-9_9-9/run_20260907_140421_idx468_selected.txt,5191162,fa6cd4b4e0c22186c8f80af6895914ca2870e01be3219e1297b0f9120a593851,,156,"{""1024"": 156}"
Datos/Med_con_Decaimientos/7-9_9-9/run_20260907_140421_idx469_selected.txt,5390818,5cfc18505463cd626963f83e072de0e9d7b4e97a1a40dcd7fa0f93c0fb540f74,,162,"{""1024"": 162}"
Datos/Med_con_Decaimientos/7-9_9-9/run_20260907_140421_idx46_selected.txt,4425680,99fb69c8aa010d17f1aa4a7842af1ab224edb6ea45659df0695fa53027d97a21,,133,"{""1024"": 133}"
Datos/Med_con_Decaimientos/7-9_9-9/run_20260907_140421_idx470_selected.txt,4658746,be744795aadf0615326aa3b5ba997c4152c52dab06447a344c77cba83984f710,,140,"{""1024"": 140}"
Datos/Med_con_Decaimientos/7-9_9-9/run_20260907_140421_idx471_selected.txt,4259434,5eca25908d144813c6d14e174c7af2a38e92f2d9ae2d4689ab2d02c44ffc1d0b,,128,"{""1024"": 128}"
Datos/Med_con_Decaimientos/7-9_9-9/run_20260907_140421_idx472_selected.txt,5091334,88edec55b7175ffec26382364cbd21e105bae01c91c1635aab9500cc969c3a8a,,153,"{""1024"": 153}"
Datos/Med_con_Decaimientos/7-9_9-9/run_20260907_140421_idx473_selected.txt,5490646,ca5283e618e2fb74251f345d7bb7f5eb465c290ce29c16ae2e91605890a06993,,165,"{""1024"": 165}"
Datos/Med_con_Decaimientos/7-9_9-9/run_20260907_140421_idx474_selected.txt,5324266,40ec28c7a5cb11817fb58c39bbb5248490d2d8626917905569d6db4eae28f7da,,160,"{""1024"": 160}"
Datos/Med_con_Decaimientos/7-9_9-9/run_20260907_140421_idx475_selected.txt,5157886,05854e9cca68945c5c016f1be0d9f35628c0d768d67fd8a877eb73c9cafd3812,,155,"{""1024"": 155}"
Datos/Med_con_Decaimientos/7-9_9-9/run_20260907_140421_idx476_selected.txt,5091334,f004d013baf2a16e364217dc76f26aeb609479971630c1c2612252773ccb40d4,,153,"{""1024"": 153}"
Datos/Med_con_Decaimientos/7-9_9-9/run_20260907_140421_idx477_selected.txt,5224438,d3d55631c150510f21d7217ca7b3397be9388963051a716cf25b577ec41187a8,,157,"{""1024"": 157}"
Datos/Med_con_Decaimientos/7-9_9-9/run_20260907_140421_idx478_selected.txt,4858402,837ab5e1cb688914a6bb9ccbf613c484d1a4c0f2f81776b4f12d0ad210cb585c,,146,"{""1024"": 146}"
Datos/Med_con_Decaimientos/7-9_9-9/run_20260907_140421_idx479_selected.txt,4492366,2f339d7e75dd1661bc650a3ab97b13499e48425bcb5e520d334a1571c8f323fc,,135,"{""1024"": 135}"
Datos/Med_con_Decaimientos/7-9_9-9/run_20260907_140421_idx47_selected.txt,5091180,2ee8e03e7ccdf5c9642ab0c84bb52fb92c17d2e442da7d15cbf6d9f2e0e59470,,153,"{""1024"": 153}"
Datos/Med_con_Decaimientos/7-9_9-9/run_20260907_140421_idx480_selected.txt,5357542,ef68b0010fdeabded43eb093bafbcb8304df44207961b2d7f0754b094b5a731f,,161,"{""1024"": 161}"
Datos/Med_con_Decaimientos/7-9_9-9/run_20260907_140421_idx481_selected.txt,5257714,ac1ade828c70a1774dabb9c8c203c0aa879bd47e5726abb41c835b579ac7f9e2,,158,"{""1024"": 158}"
Datos/Med_con_Decaimientos/7-9_9-9/run_20260907_140421_idx482_selected.txt,4891678,afd19d4965d960f1d5eea6711022c68a421af5e832a3d42615c49d75027ca922,,147,"{""1024"": 147}"
Datos/Med_con_Decaimientos/7-9_9-9/run_20260907_140421_idx483_selected.txt,5956510,1a24fc68582c3d199fae11dcaf6a462f6a5b7b9535c91ea80d9f1c48a6055e87,,179,"{""1024"": 179}"
Datos/Med_con_Decaimientos/7-9_9-9/run_20260907_140421_idx484_selected.txt,5390818,520a3ffaeb959f3762e8c8296fbe1cf22e5dba32c0e1cd7715c670484198cc5d,,162,"{""1024"": 162}"
Datos/Med_con_Decaimientos/7-9_9-9/run_20260907_140421_idx485_selected.txt,5257714,ae308c5be7e1c29ec8a4affa30b8ddb16fca6f701229149b72e1085cf703a75b,,158,"{""1024"": 158}"
Datos/Med_con_Decaimientos/7-9_9-9/run_20260907_140421_idx486_selected.txt,4924954,7f4613424c90b623a6925392f26da32a89d1676bda2aa13f8febff295bb2a3b1,,148,"{""1024"": 148}"
Datos/Med_con_Decaimientos/7-9_9-9/run_20260907_140421_idx487_selected.txt,4891678,ee11f62e5efd7a2f0f8b47833adf6d041db0007abae5bf431c2a736716b8392f,,147,"{""1024"": 147}"
Datos/Med_con_Decaimientos/7-9_9-9/run_20260907_140421_idx488_selected.txt,5590474,4bab569f2b6eaddc211c18e93893a6b6caf5d164ba40d4947316c2c2c60ce36a,,168,"{""1024"": 168}"
Datos/Med_con_Decaimientos/7-9_9-9/run_20260907_140421_idx489_selected.txt,4359262,7b0c3a2c0e194e31cfcef57ecde5fc6aa1b2cb69c622622787c924a0de9cbf0e,,131,"{""1024"": 131}"
Datos/Med_con_Decaimientos/7-9_9-9/run_20260907_140421_idx48_selected.txt,5124455,733e9270c14bd325ab9ab3cd8c20e363916bc00714f636de66d137f3c31bf4a1,,154,"{""1024"": 154}"
Datos/Med_con_Decaimientos/7-9_9-9/run_20260907_140421_idx490_selected.txt,5257714,34fdd85ed4d2226f33b5f5b8adaf28aae580059bf316be2b1458fa6c1ce23814,,158,"{""1024"": 158}"
Datos/Med_con_Decaimientos/7-9_9-9/run_20260907_140421_idx491_selected.txt,4558918,c1c8e0a411f24fc1e48440e46bc5866d4a9585edb3e03cbe6277bf5c37ffaf46,,137,"{""1024"": 137}"
Datos/Med_con_Decaimientos/7-9_9-9/run_20260907_140421_idx492_selected.txt,5424094,f13b50290fadd38492ff0d1e9ef37327740f49224d6242db1ecc4170aa5a5896,,163,"{""1024"": 163}"
Datos/Med_con_Decaimientos/7-9_9-9/run_20260907_140421_idx493_selected.txt,5490646,a0055f539032c75e12a31486772ef4691bb5619d177dd282569bbfe056174e09,,165,"{""1024"": 165}"
Datos/Med_con_Decaimientos/7-9_9-9/run_20260907_140421_idx494_selected.txt,4625470,bc2ba11c73e7ce3540e81a37a33dd992c403401c4a923e6de632c53fc2cf8b65,,139,"{""1024"": 139}"
Datos/Med_con_Decaimientos/7-9_9-9/run_20260907_140421_idx495_selected.txt,3793570,edb79cf8bbd13555c0f66d36735f8d12dad10edfab13e097cefc41786a4fb333,,114,"{""1024"": 114}"
Datos/Med_con_Decaimientos/7-9_9-9/run_20260907_140421_idx496_selected.txt,4924954,7c4c821e4825cd92093409239587c8951c2ba3ef353748e0741031e7f9e36a6c,,148,"{""1024"": 148}"
Datos/Med_con_Decaimientos/7-9_9-9/run_20260907_140421_idx497_selected.txt,4558918,6a4fc85c5ceb81babefd551fd5e49a617da02e1837601c9a081b67ec0a9c5dcb,,137,"{""1024"": 137}"
Datos/Med_con_Decaimientos/7-9_9-9/run_20260907_140421_idx498_selected.txt,5024782,7acb6173553465bb7df2490bf2bbd3631d0f09739033c5bffadde1dd2b7262b0,,151,"{""1024"": 151}"
Datos/Med_con_Decaimientos/7-9_9-9/run_20260907_140421_idx499_selected.txt,4891678,50415f51aba2b103e4887d1bc367b4c2f23d7efbace426255fce474582f5390e,,147,"{""1024"": 147}"
Datos/Med_con_Decaimientos/7-9_9-9/run_20260907_140421_idx49_selected.txt,5057905,64f2e244e7e146e759954c84c5c61a6f807fd4bb19574cbe1edeace6203914b5,,152,"{""1024"": 152}"
Datos/Med_con_Decaimientos/7-9_9-9/run_20260907_140421_idx4_selected.txt,3959710,69df78f333e6c9003c6bbbf2672337f07443d0c04489ad0f40b1b5a812f84a3d,,119,"{""1024"": 119}"
Datos/Med_con_Decaimientos/7-9_9-9/run_20260907_140421_idx500_selected.txt,5157886,74a6040f6313bc5cf52bd430dd4c07b85326d62a9837755c2c0bc8a3773bdb55,,155,"{""1024"": 155}"
Datos/Med_con_Decaimientos/7-9_9-9/run_20260907_140421_idx501_selected.txt,4791850,bbef9c16fa60ab1c6ae35484d2994584d4d30120da45d6ef7acdbb8c30f6e4e1,,144,"{""1024"": 144}"
Datos/Med_con_Decaimientos/7-9_9-9/run_20260907_140421_idx502_selected.txt,4425814,6e13fa65261dbbe9517c143150f893222c38b8211b2cd4ca90b5b7425dc28322,,133,"{""1024"": 133}"
Datos/Med_con_Decaimientos/7-9_9-9/run_20260907_140421_idx503_selected.txt,5024782,160c9c92917aaa8aecd94317e441eb330062427af39920fed5c05c9e76619f90,,151,"{""1024"": 151}"
Datos/Med_con_Decaimientos/7-9_9-9/run_20260907_140421_idx504_selected.txt,4525642,f60f9c5adc1f5a2d15e006decbc134aa6b46f4b80fcca431d68d80e9d67684e9,,136,"{""1024"": 136}"
Datos/Med_con_Decaimientos/7-9_9-9/run_20260907_140421_idx505_selected.txt,5024782,c1aa10b0d5ce5c78269f7842dac066c4fbf69942f2bf2faf19392bf28e4d2a19,,151,"{""1024"": 151}"
Datos/Med_con_Decaimientos/7-9_9-9/run_20260907_140421_idx506_selected.txt,4192882,b6b7bba08e692564a642d07f475217ebd2276c7a4f3c02cf86e5a1351ae37eb5,,126,"{""1024"": 126}"
Datos/Med_con_Decaimientos/7-9_9-9/run_20260907_140421_idx507_selected.txt,4924954,f136ea862fef6391d1b4c3c6a5080c489c11c06f7b6b1cca30522f3e8a2d6885,,148,"{""1024"": 148}"
Datos/Med_con_Decaimientos/7-9_9-9/run_20260907_140421_idx508_selected.txt,4758574,fa0ed32f176d872688c3afd6b3bdc4fb90e7650e17068d81fe962fe3f56a83d8,,143,"{""1024"": 143}"
Datos/Med_con_Decaimientos/7-9_9-9/run_20260907_140421_idx509_selected.txt,4791850,09b8734198c821f2afe23c74e2bb777c7286d0df6c1b3dc59697aa6d88242f6d,,144,"{""1024"": 144}"
Datos/Med_con_Decaimientos/7-9_9-9/run_20260907_140421_idx50_selected.txt,5756680,cbaf54f6f30a4c73b24fae6d78bca5a3cd625f239231a502f40e577560550807,,173,"{""1024"": 173}"
Datos/Med_con_Decaimientos/7-9_9-9/run_20260907_140421_idx510_selected.txt,4625470,073e25cb79401a827f6b30b499160ce0b5c11183b3d9653f01f3c42700caee10,,139,"{""1024"": 139}"
Datos/Med_con_Decaimientos/7-9_9-9/run_20260907_140421_idx511_selected.txt,5457370,b6ca2643cabb3ba4b59fad3240a112ba9b51cb2322ef4a1756fb4ca9450759db,,164,"{""1024"": 164}"
Datos/Med_con_Decaimientos/7-9_9-9/run_20260907_140421_idx512_selected.txt,4159606,11b7b4ec5bb24e1a59da025caec2687f41cbff05f72400a5b08244f7ce06fc54,,125,"{""1024"": 125}"
Datos/Med_con_Decaimientos/7-9_9-9/run_20260907_140421_idx513_selected.txt,5457370,93046c4dcaf36861f384dfc81d833f1a25421680d2eb3c608d2024986e98eae4,,164,"{""1024"": 164}"
Datos/Med_con_Decaimientos/7-9_9-9/run_20260907_140421_idx514_selected.txt,4292710,871c19da93cb24f5719493f6fe327f31fe2ff6ada891fe72ad2fe21235e0c141,,129,"{""1024"": 129}"
Datos/Med_con_Decaimientos/7-9_9-9/run_20260907_140421_idx515_selected.txt,4425814,f5cd7a245efc77b118578dfb7967833f8fae61d37c2f3b5b165744438427bf9d,,133,"{""1024"": 133}"
Datos/Med_con_Decaimientos/7-9_9-9/run_20260907_140421_idx516_selected.txt,4558918,b572b5be51215c1c073cb175328e3a5bd259fc04af9a64c7827f24a1d01fa68a,,137,"{""1024"": 137}"
Datos/Med_con_Decaimientos/7-9_9-9/run_20260907_140421_idx517_selected.txt,4891678,bff6f7e3ce281bb5c30c6c73baadda345ccba37177ff0880070055711c301280,,147,"{""1024"": 147}"
Datos/Med_con_Decaimientos/7-9_9-9/run_20260907_140421_idx518_selected.txt,4359262,9acf1239b31df2b03c0b5b7a6f30d6eb6ad3729cc64af3291447ec05302fb4b0,,131,"{""1024"": 131}"
Datos/Med_con_Decaimientos/7-9_9-9/run_20260907_140421_idx519_selected.txt,3993226,0663604c29404a4b1a7124b3bc1bdc71a2a2912e405eef8a4b19ba584b0ffc7e,,120,"{""1024"": 120}"
Datos/Med_con_Decaimientos/7-9_9-9/run_20260907_140421_idx51_selected.txt,5324105,7edf78f7ccdb5380dabde67cdfd8d17cb32f181c223296f744bad79f9360085c,,160,"{""1024"": 160}"
Datos/Med_con_Decaimientos/7-9_9-9/run_20260907_140421_idx520_selected.txt,3860122,8eb458d5cb0a79d842052d2fb93804a4445e993ea6048ccd58b41115a23ecf79,,116,"{""1024"": 116}"
Datos/Med_con_Decaimientos/7-9_9-9/run_20260907_140421_idx521_selected.txt,4093054,5fcd5119284da18c95ca7712c6bb310b305bfacc77d26f5d92723c0d249269b6,,123,"{""1024"": 123}"
Datos/Med_con_Decaimientos/7-9_9-9/run_20260907_140421_idx522_selected.txt,4459090,c2d1f52b886bd44795b46b4d9887082b84b1e942a76aaea90df64ebf3edf16f5,,134,"{""1024"": 134}"
Datos/Med_con_Decaimientos/7-9_9-9/run_20260907_140421_idx523_selected.txt,4359262,ef6e4ef5b7807d2e9117b59f9374dae9a2dc519faeaecbd253785a5c37c63e30,,131,"{""1024"": 131}"
Datos/Med_con_Decaimientos/7-9_9-9/run_20260907_140421_idx524_selected.txt,3860122,e1bbb7fb947a930946071afa0503cb917968d68b2861178948dba810c7007996,,116,"{""1024"": 116}"
Datos/Med_con_Decaimientos/7-9_9-9/run_20260907_140421_idx525_selected.txt,4392538,2374c600f924021696fba989e077fb66c8a31d188f23d6f660a608a9cd71ee97,,132,"{""1024"": 132}"
Datos/Med_con_Decaimientos/7-9_9-9/run_20260907_140421_idx526_selected.txt,4359262,47da72ea0c7d9cb1c3be6bc60f84877ee4ec734fddefd14e191596bbf0928657,,131,"{""1024"": 131}"
Datos/Med_con_Decaimientos/7-9_9-9/run_20260907_140421_idx527_selected.txt,4425814,aaa5e1b81dbaedd7f04279ffb55ee5fae5ca1737656ec0f5cf9435ab1c6cec5b,,133,"{""1024"": 133}"
Datos/Med_con_Decaimientos/7-9_9-9/run_20260907_140421_idx528_selected.txt,5157886,5829aee8cba8ed0e705ca1963c95e5d6324f3d629e00fa4e2d27c6171b63b597,,155,"{""1024"": 155}"
Datos/Med_con_Decaimientos/7-9_9-9/run_20260907_140421_idx529_selected.txt,4126330,7883f780576f531f122fc825b05921b6c747059bcbf2853600c63ae1cf332824,,124,"{""1024"": 124}"
Datos/Med_con_Decaimientos/7-9_9-9/run_20260907_140421_idx52_selected.txt,4791705,536f8a7c06ab89faf846289968d0bab6de95d3c2f014a42325dfcce08439bd6c,,144,"{""1024"": 144}"
Datos/Med_con_Decaimientos/7-9_9-9/run_20260907_140421_idx530_selected.txt,4292710,2aca6f048887fe9863a17c7716fdb2dfca7f36e1d603f18f79315f52ff5cb5dc,,129,"{""1024"": 129}"
Datos/Med_con_Decaimientos/7-9_9-9/run_20260907_140421_idx531_selected.txt,4625470,b5663e31706b57677e622b1d309d6ba26fca7435538ab103c6b3b54958e6b80b,,139,"{""1024"": 139}"
Datos/Med_con_Decaimientos/7-9_9-9/run_20260907_140421_idx532_selected.txt,4159606,19b9b1568f9b556e64ba87d30e45727792a06f4ca9a7bcb63f440f9e539a056b,,125,"{""1024"": 125}"
Datos/Med_con_Decaimientos/7-9_9-9/run_20260907_140421_idx533_selected.txt,4858402,d47d7f40e2a27f24f7b6b26aef47f1feb1728199c689b272db93d06189cbc180,,146,"{""1024"": 146}"
Datos/Med_con_Decaimientos/7-9_9-9/run_20260907_140421_idx534_selected.txt,4658746,e15f757c0041c53583ee1d00d001ce6f6f255a1f240c3afc31153186c4e80e80,,140,"{""1024"": 140}"
Datos/Med_con_Decaimientos/7-9_9-9/run_20260907_140421_idx535_selected.txt,4592194,03240ccc6c1861b61c4588d48d009598e45dc53ab0c42370fdb8b0ed57546869,,138,"{""1024"": 138}"
Datos/Med_con_Decaimientos/7-9_9-9/run_20260907_140421_idx536_selected.txt,5690302,e5d2aadf9d59dbaa3ff5db83600c16b7c062af977de642f5092131a5ce22ca0a,,171,"{""1024"": 171}"
Datos/Med_con_Decaimientos/7-9_9-9/run_20260907_140421_idx537_selected.txt,4425814,1838578126f5e1c02f6fcad7f66bef1145b6e9b230343f462acc09023f12c641,,133,"{""1024"": 133}"
Datos/Med_con_Decaimientos/7-9_9-9/run_20260907_140421_idx538_selected.txt,4558918,e75efe67c0c3673b7644372820ad863b6f8ec8d961e3a6ec600acffb407db0b7,,137,"{""1024"": 137}"
Datos/Med_con_Decaimientos/7-9_9-9/run_20260907_140421_idx539_selected.txt,4658746,420ca063d46e4fa63e4dafa10e7669841c2b7771296705e6d66d8c1f1b839942,,140,"{""1024"": 140}"
Datos/Med_con_Decaimientos/7-9_9-9/run_20260907_140421_idx53_selected.txt,4725155,0a1eb8bc0780a19b8a57d36d68f69c9923897b14866b4102cd7c8be56846c26e,,142,"{""1024"": 142}"
Datos/Med_con_Decaimientos/7-9_9-9/run_20260907_140421_idx540_selected.txt,4592194,33029262f167a89209cf7dc5d7b9cc4405eb6570964660bcb7c74d0059f30e6c,,138,"{""1024"": 138}"
Datos/Med_con_Decaimientos/7-9_9-9/run_20260907_140421_idx541_selected.txt,4958230,39364aafa49014fa4e8baeaa15849c828746d7d1fe7408715bebe95745cacf31,,149,"{""1024"": 149}"
Datos/Med_con_Decaimientos/7-9_9-9/run_20260907_140421_idx542_selected.txt,4425814,a827b1423fc4bfd37a7e7740c8d01073831723fd6b2a7c5b2088c01383a0f005,,133,"{""1024"": 133}"
Datos/Med_con_Decaimientos/7-9_9-9/run_20260907_140421_idx543_selected.txt,4525642,144f789209bdd05b179491e3081424dd34f61bfe54ec20c38eac3922574199bc,,136,"{""1024"": 136}"
Datos/Med_con_Decaimientos/7-9_9-9/run_20260907_140421_idx544_selected.txt,4126330,a7bad52beb9c1acdfe75c53095725489f4dff50c6128d4ac0bbb865d2273641c,,124,"{""1024"": 124}"
Datos/Med_con_Decaimientos/7-9_9-9/run_20260907_140421_idx545_selected.txt,4459090,ecbde8554ac34c54a6be96abc18fe21b9cc1e16a72e2bae463a1fe94f87fca0b,,134,"{""1024"": 134}"
Datos/Med_con_Decaimientos/7-9_9-9/run_20260907_140421_idx546_selected.txt,4492366,8a6973cc30549180187cf66cbef71408d583768a6095a18506e0d2a5cb438e81,,135,"{""1024"": 135}"
Datos/Med_con_Decaimientos/7-9_9-9/run_20260907_140421_idx547_selected.txt,4392538,5760c5f3007ff0cfe4907767f27b7dd40d312decfb6125d91faed74d227fcde0,,132,"{""1024"": 132}"
Datos/Med_con_Decaimientos/7-9_9-9/run_20260907_140421_idx548_selected.txt,4359262,e84a2167da11c6116a269e5e3c45c460f08edef289ade0b16db1b02a8761ade1,,131,"{""1024"": 131}"
Datos/Med_con_Decaimientos/7-9_9-9/run_20260907_140421_idx549_selected.txt,4592194,e94694b400fbdf42983dee7d9934b19155f207df580a10f60629ec6c9dc5637c,,138,"{""1024"": 138}"
Datos/Med_con_Decaimientos/7-9_9-9/run_20260907_140421_idx54_selected.txt,5257555,bf525445eacac9ffd73ec59e27117c25be25356e9294386f0b944f79d049a07c,,158,"{""1024"": 158}"
Datos/Med_con_Decaimientos/7-9_9-9/run_20260907_140421_idx550_selected.txt,4658746,fab85ac1c61f327a40169d4449354c0027906feeb88d40912f00da3a7a410b99,,140,"{""1024"": 140}"
Datos/Med_con_Decaimientos/7-9_9-9/run_20260907_140421_idx551_selected.txt,5157886,449034d17dcc307e1aa62fe33bb49b27dd00369d44033359e338cccb52c20d47,,155,"{""1024"": 155}"
Datos/Med_con_Decaimientos/7-9_9-9/run_20260907_140421_idx552_selected.txt,4725298,4ff624f17bcb3ad0a11330a08db4d8b872bec6bfd283e14e8a42f4e7a3b754a5,,142,"{""1024"": 142}"
Datos/Med_con_Decaimientos/7-9_9-9/run_20260907_140421_idx553_selected.txt,4425814,9a77b2eff913a8d3b0cce4a6d6061f7367d07f8ea25ee8ab22c649f8ffe41e59,,133,"{""1024"": 133}"
Datos/Med_con_Decaimientos/7-9_9-9/run_20260907_140421_idx554_selected.txt,4159606,6eb23bfc57b425f74081152254411a6942208ca3ec868a4bcf180abf15243245,,125,"{""1024"": 125}"
Datos/Med_con_Decaimientos/7-9_9-9/run_20260907_140421_idx555_selected.txt,4359262,b3432e793fcb07bf14e51e8dd9ed5d70d9394d43977214719ec95b007e78b991,,131,"{""1024"": 131}"
Datos/Med_con_Decaimientos/7-9_9-9/run_20260907_140421_idx556_selected.txt,4325986,0cb3656f2edb5414a71defb4ccb835754a10bc9029b3157c23e646fcccf77289,,130,"{""1024"": 130}"
Datos/Med_con_Decaimientos/7-9_9-9/run_20260907_140421_idx557_selected.txt,4625470,82c54b8681e1953d66292b7939e909797fd0f239aa214dcc3aa650d4122b7edb,,139,"{""1024"": 139}"
Datos/Med_con_Decaimientos/7-9_9-9/run_20260907_140421_idx558_selected.txt,4558918,666b047497b8a004fdbba5439786e9a5dd9b10ce3524d4d6c7b588a88286af55,,137,"{""1024"": 137}"
Datos/Med_con_Decaimientos/7-9_9-9/run_20260907_140421_idx559_selected.txt,5590474,6db718157fc9b1efd849def3f94d36e009ac489df9e0ceaee592190617b4abe4,,168,"{""1024"": 168}"
Datos/Med_con_Decaimientos/7-9_9-9/run_20260907_140421_idx55_selected.txt,4059655,c6d99fc0065fab92782cb013c6b6e59ef7381b9ec77d0b645caca9513d79102a,,122,"{""1024"": 122}"
Datos/Med_con_Decaimientos/7-9_9-9/run_20260907_140421_idx560_selected.txt,3993226,4aaf4afbf34113ad949f88ea20c2da9abea16b7bcf633466dd2261758fe6ffe4,,120,"{""1024"": 120}"
Datos/Med_con_Decaimientos/7-9_9-9/run_20260907_140421_idx561_selected.txt,4725298,978b1ba0e59a6f45e61493b2d18fe2494a694c14256aad061a432ddd61f00180,,142,"{""1024"": 142}"
Datos/Med_con_Decaimientos/7-9_9-9/run_20260907_140421_idx562_selected.txt,4459090,48cac48a2fae020f5878d3986a27d7eece8ab8b3e9b1dca89c1e164a966a0169,,134,"{""1024"": 134}"
Datos/Med_con_Decaimientos/7-9_9-9/run_20260907_140421_idx563_selected.txt,4325986,a1588e3d97fa8c720bacf08c643950723f2eb143ba7fc602f21a0d8863089457,,130,"{""1024"": 130}"
Datos/Med_con_Decaimientos/7-9_9-9/run_20260907_140421_idx564_selected.txt,4958230,bcc1abca0462a1fb1bbeae58bd6a902f62f5213e239f66861f94c9058d7e738a,,149,"{""1024"": 149}"
Datos/Med_con_Decaimientos/7-9_9-9/run_20260907_140421_idx565_selected.txt,4126330,fc3055b7e2845a791acf20562d4360efaa8f9294ceefb52ceacb46626352580c,,124,"{""1024"": 124}"
Datos/Med_con_Decaimientos/7-9_9-9/run_20260907_140421_idx566_selected.txt,5257714,39e47672cb867920959c7e93449c32bf10e0d2131ad0e5b78eed412932b2aaf9,,158,"{""1024"": 158}"
Datos/Med_con_Decaimientos/7-9_9-9/run_20260907_140421_idx567_selected.txt,4292710,5d676557aeaca429cff9978606b1de8da4973665a987ed7db7f25f45494baf0b,,129,"{""1024"": 129}"
Datos/Med_con_Decaimientos/7-9_9-9/run_20260907_140421_idx568_selected.txt,4825126,743e9ffde1e08c1658654534defc4d0995c509768d55fa89117ff924fbedb3d6,,145,"{""1024"": 145}"
Datos/Med_con_Decaimientos/7-9_9-9/run_20260907_140421_idx569_selected.txt,4093054,5042e5fd5c0ca56ed18c91754a4f0c079ade198de32e92a7dafe7ca658dc24fa,,123,"{""1024"": 123}"
Datos/Med_con_Decaimientos/7-9_9-9/run_20260907_140421_idx56_selected.txt,4958080,e225917977ffc5d22856eca5371e1a728379631740bfb30ce0020934553bece8,,149,"{""1024"": 149}"
Datos/Med_con_Decaimientos/7-9_9-9/run_20260907_140421_idx570_selected.txt,4958230,d5729dfe2497e31c9866ea44e827a0277a0c4a9eaf00eae42b887c86b9d4abfe,,149,"{""1024"": 149}"
Datos/Med_con_Decaimientos/7-9_9-9/run_20260907_140421_idx571_selected.txt,3727018,4b07e6d4fa0c805318318d5d55a9cc88c94038dd4abb9fbf5257e228b22db9ab,,112,"{""1024"": 112}"
Datos/Med_con_Decaimientos/7-9_9-9/run_20260907_140421_idx572_selected.txt,5657026,9a5a2f53c19b011f72b1dc5ede3de671270237f0fe7a68fe635562efad1aad95,,170,"{""1024"": 170}"
Datos/Med_con_Decaimientos/7-9_9-9/run_20260907_140421_idx573_selected.txt,4725298,5438f1e273ace8ae15f178ee61e9ca9236817b102ad6e91e7e59329b4119f032,,142,"{""1024"": 142}"
Datos/Med_con_Decaimientos/7-9_9-9/run_20260907_140421_idx574_selected.txt,3727018,50cb7dd8d3fcffb431ee41dfbad23e07d2786f8cb609cf1ad9004fabe9f5ff3b,,112,"{""1024"": 112}"
Datos/Med_con_Decaimientos/7-9_9-9/run_20260907_140421_idx57_selected.txt,5457205,17d169815fe507609369ceb410e975b3b208f8fc38dca7c69e7439282e3009c3,,164,"{""1024"": 164}"
Datos/Med_con_Decaimientos/7-9_9-9/run_20260907_140421_idx58_selected.txt,4492230,78b993ddc1b195f40ab75b587ad3d9a1a03b876aeeaa09eb63915a860917355e,,135,"{""1024"": 135}"
Datos/Med_con_Decaimientos/7-9_9-9/run_20260907_140421_idx59_selected.txt,4958080,45fc91a763ad3c1b20a9439e56eaa2f7fe4cc4ea14241b58efec4b71fb8094b1,,149,"{""1024"": 149}"
Datos/Med_con_Decaimientos/7-9_9-9/run_20260907_140421_idx5_selected.txt,4957930,f98127136a12c13c2a99b55e89418301cc4f651e04857a1d791aa94cf1c9a364,,149,"{""1024"": 149}"
Datos/Med_con_Decaimientos/7-9_9-9/run_20260907_140421_idx60_selected.txt,6022880,ddd54811f8e0c501142700ae39427c4988f68af0b89a3dcdb7d3e74b0a07fa32,,181,"{""1024"": 181}"
Datos/Med_con_Decaimientos/7-9_9-9/run_20260907_140421_idx61_selected.txt,5057905,1a26f42b8b9b652f498ddae143e0244e4cac70082da9226d666c1c149ff914a3,,152,"{""1024"": 152}"
Datos/Med_con_Decaimientos/7-9_9-9/run_20260907_140421_idx62_selected.txt,4824980,b3f0cc9a44bbc409ccb3ac32b59affa7c0dc143a7d482e124a84e99995c8b3ac,,145,"{""1024"": 145}"
Datos/Med_con_Decaimientos/7-9_9-9/run_20260907_140421_idx63_selected.txt,4325855,fbce71fdb484c5653d97985d35e9b1ba44c243561b911e0b3e307989fbdb9577,,130,"{""1024"": 130}"
Datos/Med_con_Decaimientos/7-9_9-9/run_20260907_140421_idx64_selected.txt,5091180,7cd13b9fce15565343f85bf905c2b7ad1fea572c1473da62e17dca5e261ad2f2,,153,"{""1024"": 153}"
Datos/Med_con_Decaimientos/7-9_9-9/run_20260907_140421_idx65_selected.txt,5191005,5da4b81206fccfcd63935ce7981eee0a17b447b7fec828019d520d7149420663,,156,"{""1024"": 156}"
Datos/Med_con_Decaimientos/7-9_9-9/run_20260907_140421_idx66_selected.txt,5091180,03d85ed025e03a26e8c63617edddab3a9cce65fa750b0c525e77595851762392,,153,"{""1024"": 153}"
Datos/Med_con_Decaimientos/7-9_9-9/run_20260907_140421_idx67_selected.txt,5623580,34d6c96ff1afbe38cb03b92c8b6a76497f98e3f4e0f3b89e9b42651c66b1bacc,,169,"{""1024"": 169}"
Datos/Med_con_Decaimientos/7-9_9-9/run_20260907_140421_idx68_selected.txt,4858255,c2d20f46fd88edc4bd6f746e9fcd5bdc52bc7bdc2b271c284bd74e74a7cc4480,,146,"{""1024"": 146}"
Datos/Med_con_Decaimientos/7-9_9-9/run_20260907_140421_idx69_selected.txt,4758430,ae0d459e14ab264900e49a97c3d7f956c1e80c53fbac79db2ba5bdabf43586c4,,143,"{""1024"": 143}"
Datos/Med_con_Decaimientos/7-9_9-9/run_20260907_140421_idx6_selected.txt,5024478,ca49243cb10411689142e1b9b619ccc028928e67b6e0bdd5e024e5a20941559b,,151,"{""1024"": 151}"
Datos/Med_con_Decaimientos/7-9_9-9/run_20260907_140421_idx70_selected.txt,4625330,1b70a61218803c6eeb2c8eb41b1601374b236410eb196dff4f06710a5c5d5bd8,,139,"{""1024"": 139}"
Datos/Med_con_Decaimientos/7-9_9-9/run_20260907_140421_idx71_selected.txt,5423930,612bb42c7c70370a5288887750fdf764abe4ac5f6b44e8815e6d70edaa8f31bc,,163,"{""1024"": 163}"
Datos/Med_con_Decaimientos/7-9_9-9/run_20260907_140421_idx72_selected.txt,4924805,842fb5cde94a40d3f635e9b18248677ca434c8cf360e60f5a147e65083b9613d,,148,"{""1024"": 148}"
Datos/Med_con_Decaimientos/7-9_9-9/run_20260907_140421_idx73_selected.txt,5124455,d24f14446e3956cb24b55fe51b1705660e31df482f1e9f6d9e1451a77a743836,,154,"{""1024"": 154}"
Datos/Med_con_Decaimientos/7-9_9-9/run_20260907_140421_idx74_selected.txt,5024630,01bf53a773009cc12e76a357c5e5a48934bdd96e742c0b7cbff57f29b3143bdf,,151,"{""1024"": 151}"
Datos/Med_con_Decaimientos/7-9_9-9/run_20260907_140421_idx75_selected.txt,5124455,46a20b20508600bbb30ff9bacd90a0aeafd81d9eb56b662b23cab2befdfd470e,,154,"{""1024"": 154}"
Datos/Med_con_Decaimientos/7-9_9-9/run_20260907_140421_idx76_selected.txt,4525505,5ac17517c06e60dc8ca5fbbb95dc238dd68f2196a9c5ac8ce83fa863028dc55a,,136,"{""1024"": 136}"
Datos/Med_con_Decaimientos/7-9_9-9/run_20260907_140421_idx77_selected.txt,4758430,a99f89d35d01813d57efdea4e7e2a638583534dd63f52c147f60e1abcebcaa39,,143,"{""1024"": 143}"
Datos/Med_con_Decaimientos/7-9_9-9/run_20260907_140421_idx78_selected.txt,4026380,4d89da3bd1d8a95be9c5883c95db90e5a3eedd8ecd0eed375cf6da5acab67076,,121,"{""1024"": 121}"
Datos/Med_con_Decaimientos/7-9_9-9/run_20260907_140421_idx79_selected.txt,5357380,190e353beddba64238c883708955392ec865c303b694814b7d101310111010fd,,161,"{""1024"": 161}"
Datos/Med_con_Decaimientos/7-9_9-9/run_20260907_140421_idx7_selected.txt,5157574,a3dad72b7f41304ec15f29fbe95508b18fe3ec33caa8790f03e42ec69f69e82a,,155,"{""1024"": 155}"
Datos/Med_con_Decaimientos/7-9_9-9/run_20260907_140421_idx80_selected.txt,4758430,70cbe164db3524256c5a2ce244746da1288b65ffe090c414ad9cde4005e00257,,143,"{""1024"": 143}"
Datos/Med_con_Decaimientos/7-9_9-9/run_20260907_140421_idx81_selected.txt,4725155,d800704a1c170fe3e3c075d2624c76ab595efc67d33526a91a1d86979eaef07d,,142,"{""1024"": 142}"
Datos/Med_con_Decaimientos/7-9_9-9/run_20260907_140421_idx82_selected.txt,5656855,38770b0b01cdcb29a225048591338f85357777ace9a472be095e8e385f250d08,,170,"{""1024"": 170}"
Datos/Med_con_Decaimientos/7-9_9-9/run_20260907_140421_idx83_selected.txt,4891530,52be8fbed347c2ba1d1edb4b404497493ac74ad48161f088e12325e053db37ca,,147,"{""1024"": 147}"
Datos/Med_con_Decaimientos/7-9_9-9/run_20260907_140421_idx84_selected.txt,5091180,2c1ec4ec5d7a97b5c67b3049b840343cc93061d4ba98a8755b49c6caab977067,,153,"{""1024"": 153}"
Datos/Med_con_Decaimientos/7-9_9-9/run_20260907_140421_idx85_selected.txt,5590305,81a58c1543176b3e232e4197acd01d173976379a58c895aea2647cf59ecc2697,,168,"{""1024"": 168}"
Datos/Med_con_Decaimientos/7-9_9-9/run_20260907_140421_idx86_selected.txt,5490480,f39ba3a34ddaad3c014f0fe319bd89f6532713964b74f0c3f583949239ff0f95,,165,"{""1024"": 165}"
Datos/Med_con_Decaimientos/7-9_9-9/run_20260907_140421_idx87_selected.txt,4059655,1de3931e85645ccf34c1edd31508afaf06c8dd901fd176ba5273dd62548e1e98,,122,"{""1024"": 122}"
Datos/Med_con_Decaimientos/7-9_9-9/run_20260907_140421_idx88_selected.txt,4425680,fb0de46251dd6b456d8bb25befd5749b98a1bdf615fa6eb6323616ba66907b62,,133,"{""1024"": 133}"
Datos/Med_con_Decaimientos/7-9_9-9/run_20260907_140421_idx89_selected.txt,5423930,caef2d2dd60c67c82c8696c03eda96087ea6b2e52e2fd5435495104109f7a5d1,,163,"{""1024"": 163}"
Datos/Med_con_Decaimientos/7-9_9-9/run_20260907_140421_idx8_selected.txt,5490314,7f09b40bd5cd61dd5d97a82c9c99ceb80dff9075805af97194e87bd03ed52023,,165,"{""1024"": 165}"
Datos/Med_con_Decaimientos/7-9_9-9/run_20260907_140421_idx90_selected.txt,5124455,175504e9a6a9f5973bc164215fecaedf5178eb3e937ae074a1bfd239020aca35,,154,"{""1024"": 154}"
Datos/Med_con_Decaimientos/7-9_9-9/run_20260907_140421_idx91_selected.txt,5257555,75a31de3aa2acffd9080c971ff6713f7014d1520040bdfdf482306294b5121ac,,158,"{""1024"": 158}"
Datos/Med_con_Decaimientos/7-9_9-9/run_20260907_140421_idx92_selected.txt,5257555,9fc9cb6b2ee700d0ff552cda2bfedc3e1079cd0b457a0617c0041c0752c054a5,,158,"{""1024"": 158}"
Datos/Med_con_Decaimientos/7-9_9-9/run_20260907_140421_idx93_selected.txt,5257555,b0a9b5af69f1791eba6bfffee8ee1d1d13b207bf8288ce0aa6e92ce0cacb122d,,158,"{""1024"": 158}"
Datos/Med_con_Decaimientos/7-9_9-9/run_20260907_140421_idx94_selected.txt,4824980,452ee470805ef6b229c989b22912521fff15f1e63b9c019a249893a924e0597c,,145,"{""1024"": 145}"
Datos/Med_con_Decaimientos/7-9_9-9/run_20260907_140421_idx95_selected.txt,5091180,9a42b685b946a83d488e91c74b32c7b7c5f17f5f766f9daddbe17eee50ce9f84,,153,"{""1024"": 153}"
Datos/Med_con_Decaimientos/7-9_9-9/run_20260907_140421_idx96_selected.txt,4824980,c90a6402af668af70b164892fe3809058fc4a0fd7b5e0b9580b6bddc301db189,,145,"{""1024"": 145}"
Datos/Med_con_Decaimientos/7-9_9-9/run_20260907_140421_idx97_selected.txt,5290830,aea80ba6d387787438a43c4913d1dc72a20e480e6488f4581d18739554bf924b,,159,"{""1024"": 159}"
Datos/Med_con_Decaimientos/7-9_9-9/run_20260907_140421_idx98_selected.txt,5523755,93e7c3ab3a38578dee2f43149e7eb88dfcb8a8c30b4298371661963f66ed4a19,,166,"{""1024"": 166}"
Datos/Med_con_Decaimientos/7-9_9-9/run_20260907_140421_idx99_selected.txt,5490480,890e70e3c313889db15b07b725bad75c42fc605420d6cdf476d554d0a06224b0,,165,"{""1024"": 165}"
Datos/Med_con_Decaimientos/7-9_9-9/run_20260907_140421_idx9_selected.txt,4991204,cabb200cca2331b6bcf354fa02f6927fe0287fe753ff8c746cadd290595ab747,,150,"{""1024"": 150}"
Datos/Med_con_Decaimientos/9-9_10-9/run_20260909_142637_idx0_selected.txt,4358832,4cafb64439fa7f763665a4c197e4072f5a5eac0180b72442a41a3a5545502688,,131,"{""1024"": 131}"
Datos/Med_con_Decaimientos/9-9_10-9/run_20260909_142637_idx100_selected.txt,4891531,8a1281881c7189f48ea9b7115e6a5ecc5128662cae8cbbd5e55180533940a079,,147,"{""1024"": 147}"
Datos/Med_con_Decaimientos/9-9_10-9/run_20260909_142637_idx101_selected.txt,4259306,6a494096fa4270f1b3b3a3668064bdb45a6e529329efd7718879045c645be495,,128,"{""1024"": 128}"
Datos/Med_con_Decaimientos/9-9_10-9/run_20260909_142637_idx102_selected.txt,5124456,4ef7e5eb919a2fca0763db38357f8c81fdfaa271e143e9ac44976202573d187e,,154,"{""1024"": 154}"
Datos/Med_con_Decaimientos/9-9_10-9/run_20260909_142637_idx103_selected.txt,4425681,98607f35b82189e0dbfb52653a1b1a2a9ee2d4494e45bb437f914a68b3d437f1,,133,"{""1024"": 133}"
Datos/Med_con_Decaimientos/9-9_10-9/run_20260909_142637_idx104_selected.txt,4858256,f026dac71f9c9d0050c140de0e2ba06fed53e3c8b2acc0b9b99a798947e0d864,,146,"{""1024"": 146}"
Datos/Med_con_Decaimientos/9-9_10-9/run_20260909_142637_idx105_selected.txt,4625331,d77674f5d8f194b93ba564e2be2c4d799d2504b8fe00af51a95bec2bd72cefd8,,139,"{""1024"": 139}"
Datos/Med_con_Decaimientos/9-9_10-9/run_20260909_142637_idx106_selected.txt,5057906,36ba1c9de5178bdf1d487fce8a2b724f88e20de0ae08653a15c8f6b09cfee117,,152,"{""1024"": 152}"
Datos/Med_con_Decaimientos/9-9_10-9/run_20260909_142637_idx107_selected.txt,4425681,37f28173f994a7e7ae28c143d363eafcf2e114d6166182b8c7b208900ac45a90,,133,"{""1024"": 133}"
Datos/Med_con_Decaimientos/9-9_10-9/run_20260909_142637_idx108_selected.txt,4958081,4606c74d527be92edb434a0f17798e50a885a41458839e8c457a0bb6e06ea751,,149,"{""1024"": 149}"
Datos/Med_con_Decaimientos/9-9_10-9/run_20260909_142637_idx109_selected.txt,4226031,010f07739162c1cde8c2721171a29546a1b104194605d87d5730b14e185c5c98,,127,"{""1024"": 127}"
Datos/Med_con_Decaimientos/9-9_10-9/run_20260909_142637_idx10_selected.txt,4292451,e287160ffe144976e67c886a954d4066845e77ed16842e45b5535fe58f6a179a,,129,"{""1024"": 129}"
Datos/Med_con_Decaimientos/9-9_10-9/run_20260909_142637_idx110_selected.txt,3860006,7c6e2725de5460298d9676653bb7b8d72e10329db332826953596a27da1b1c55,,116,"{""1024"": 116}"
Datos/Med_con_Decaimientos/9-9_10-9/run_20260909_142637_idx111_selected.txt,4492231,699d8da317466417923c3a73443c3bf49a4d83d1ba51ec515b3d289f42018925,,135,"{""1024"": 135}"
Datos/Med_con_Decaimientos/9-9_10-9/run_20260909_142637_idx112_selected.txt,5324106,4869fedebee1b0f41b898e37ba798d2bf1796b9c7de73f58bc7cab65031a1da2,,160,"{""1024"": 160}"
Datos/Med_con_Decaimientos/9-9_10-9/run_20260909_142637_idx113_selected.txt,3793456,97cc142f3b6fc274770177179ad093ebf4568b60f37acf920d4ae6492112eab2,,114,"{""1024"": 114}"
Datos/Med_con_Decaimientos/9-9_10-9/run_20260909_142637_idx114_selected.txt,4558781,3adc50546926a47b0172522b5778eaf83e87797267df9a707a8aae488c507254,,137,"{""1024"": 137}"
Datos/Med_con_Decaimientos/9-9_10-9/run_20260909_142637_idx115_selected.txt,4359131,ad5c80008f7f686293d9e2d31d9f2051a6c5ead9779ceca246f7f94670dc4026,,131,"{""1024"": 131}"
Datos/Med_con_Decaimientos/9-9_10-9/run_20260909_142637_idx116_selected.txt,3893281,efb3578342f7afc54718f4d181f6dcee4f55d40fcec62f792a5ba45ab9eb4f24,,117,"{""1024"": 117}"
Datos/Med_con_Decaimientos/9-9_10-9/run_20260909_142637_idx117_selected.txt,4991356,8548ff366d7cb2c40486ef636b875dd5cf627c206547c9d4b249df2459762b2d,,150,"{""1024"": 150}"
Datos/Med_con_Decaimientos/9-9_10-9/run_20260909_142637_idx118_selected.txt,3893281,3a5b08943f0f0d125371122e6d1dd3837ac04dd4a8e536f28a8a101b28de7efc,,117,"{""1024"": 117}"
Datos/Med_con_Decaimientos/9-9_10-9/run_20260909_142637_idx119_selected.txt,4525506,e6fc93e1e703fe90450edef883c64408ed5adb3275fb503c1aa0f6f370785825,,136,"{""1024"": 136}"
Datos/Med_con_Decaimientos/9-9_10-9/run_20260909_142637_idx11_selected.txt,4259177,b2259082f77020752b9c01c578598761c2883a679333d96a74db65e1d7c278f5,,128,"{""1024"": 128}"
Datos/Med_con_Decaimientos/9-9_10-9/run_20260909_142637_idx120_selected.txt,3959831,f9d493dfe34feb6bf4f399864fc013c443f7866f4c941e070d42f3e23b83263b,,119,"{""1024"": 119}"
Datos/Med_con_Decaimientos/9-9_10-9/run_20260909_142637_idx121_selected.txt,3427431,d46c7b059db5eba23262ecc76d756f01c494fd0b2ba32df9f4fb358e025723c9,,103,"{""1024"": 103}"
Datos/Med_con_Decaimientos/9-9_10-9/run_20260909_142637_idx122_selected.txt,4625331,8ad12920e0bde2b4336b2364c2384895b43c516cbffdbb9ebc45a9539a9a494b,,139,"{""1024"": 139}"
Datos/Med_con_Decaimientos/9-9_10-9/run_20260909_142637_idx123_selected.txt,3860006,b307db52b34d88f7896e5685e66f4d647548523edb84e719f125e44025da72bb,,116,"{""1024"": 116}"
Datos/Med_con_Decaimientos/9-9_10-9/run_20260909_142637_idx124_selected.txt,4625331,1215e44dd0f2be8a21701935536401f27adfdaca05b4b2c31f90a5dcc290365a,,139,"{""1024"": 139}"
Datos/Med_con_Decaimientos/9-9_10-9/run_20260909_142637_idx125_selected.txt,4425681,4d8b0a9fafcf9958bbeb391c454901f251c228e57622bdaa91b8e248eb6a5f44,,133,"{""1024"": 133}"
Datos/Med_con_Decaimientos/9-9_10-9/run_20260909_142637_idx126_selected.txt,3993106,a08031ea1cac1857b8a7cf905c2404c9a1d7fb8ae81adbdd283d4f32bfff0289,,120,"{""1024"": 120}"
Datos/Med_con_Decaimientos/9-9_10-9/run_20260909_142637_idx127_selected.txt,4259306,1be69db5729a470a33998d88f1c0e56728c5bae0ba659cb7913648c481266203,,128,"{""1024"": 128}"
Datos/Med_con_Decaimientos/9-9_10-9/run_20260909_142637_idx128_selected.txt,5590306,b773eb94efd1b99276334d5d6f555b49617f2107ed7848aed619f2be92c22062,,168,"{""1024"": 168}"
Datos/Med_con_Decaimientos/9-9_10-9/run_20260909_142637_idx129_selected.txt,4725156,e0e65eb088fbe65c48d2cf29f21f5733cf759337817c10d8270cd8d06eeb8caf,,142,"{""1024"": 142}"
Datos/Med_con_Decaimientos/9-9_10-9/run_20260909_142637_idx12_selected.txt,4192629,ab11c2ffe1d31acb224caa3f6b875de95af490d83b1b867b4994c40942e2b009,,126,"{""1024"": 126}"
Datos/Med_con_Decaimientos/9-9_10-9/run_20260909_142637_idx130_selected.txt,4159481,8fe19ed7dc17d8751a072278fa22ee4c5a5593f6f97dcd238cb68bfc66a522ef,,125,"{""1024"": 125}"
Datos/Med_con_Decaimientos/9-9_10-9/run_20260909_142637_idx131_selected.txt,4392406,81fdcfc7c6d7fd8087081a1cb5affe7daa95aff912dcdad607f6370d172bd6b8,,132,"{""1024"": 132}"
Datos/Med_con_Decaimientos/9-9_10-9/run_20260909_142637_idx132_selected.txt,3826731,4eb76d033ef7e58e0292fe7a062a53fd293a9737efea696f9e5ff319c91409bd,,115,"{""1024"": 115}"
Datos/Med_con_Decaimientos/9-9_10-9/run_20260909_142637_idx133_selected.txt,4625331,c56634292ef201433c70040e20f411661e70290455674970ff59b31cae2c5647,,139,"{""1024"": 139}"
Datos/Med_con_Decaimientos/9-9_10-9/run_20260909_142637_idx134_selected.txt,4325856,007e95507e3e0fa072a824ef6032061393c2b0c4ddb0e3e14be8bac2b3325032,,130,"{""1024"": 130}"
Datos/Med_con_Decaimientos/9-9_10-9/run_20260909_142637_idx135_selected.txt,4325856,c359a46144dc2210e67e3221bb8c66e2ea6bf0bd8bf2954ae353a5b593e0f64c,,130,"{""1024"": 130}"
Datos/Med_con_Decaimientos/9-9_10-9/run_20260909_142637_idx136_selected.txt,4458956,6ba0ce9a1d2a6a5a7946dce368c3fe3d1f5f6972ad5c068443f41e7d7300e11c,,134,"{""1024"": 134}"
Datos/Med_con_Decaimientos/9-9_10-9/run_20260909_142637_idx137_selected.txt,4658606,513444ab4f7fc5aea231fe0f764c83fa1c92daf65629ed263657b61aff424c71,,140,"{""1024"": 140}"
Datos/Med_con_Decaimientos/9-9_10-9/run_20260909_142637_idx138_selected.txt,4059656,2d26a72e0ead6c0749ee6dc4718f28f8a3e25dd825dfaf0ef24bf3b9891625f5,,122,"{""1024"": 122}"
Datos/Med_con_Decaimientos/9-9_10-9/run_20260909_142637_idx139_selected.txt,4525506,d2ec2fd995a47eabdd4b37ddb6fbb2f801227ff97d6763565509708109564ed7,,136,"{""1024"": 136}"
Datos/Med_con_Decaimientos/9-9_10-9/run_20260909_142637_idx13_selected.txt,4658465,c298ff021e913a2030fe198874617cb71c6aaad3b7054ce9e6b7104d83e0c7e4,,140,"{""1024"": 140}"
Datos/Med_con_Decaimientos/9-9_10-9/run_20260909_142637_idx140_selected.txt,4325856,b03b2edde904abdb7315bbcdef510907f277664ca80624899c963b21491a10da,,130,"{""1024"": 130}"
Datos/Med_con_Decaimientos/9-9_10-9/run_20260909_142637_idx141_selected.txt,4824981,99617f853596c63b5a303898707b37c2abc5d07a006cc49e325ce99a29dd9fd2,,145,"{""1024"": 145}"
Datos/Med_con_Decaimientos/9-9_10-9/run_20260909_142637_idx142_selected.txt,3959831,6465b478777beddd8e8371a9f9f53ae7067c74762ca69e8eefc2421192378d8a,,119,"{""1024"": 119}"
Datos/Med_con_Decaimientos/9-9_10-9/run_20260909_142637_idx143_selected.txt,3793456,efa56b51f5359f962b824854f76956b882a25f22bbb55eb5f3badf979b9000ee,,114,"{""1024"": 114}"
Datos/Med_con_Decaimientos/9-9_10-9/run_20260909_142637_idx144_selected.txt,4392406,8854895b163dd4a97662305140eb1ecc16f782fb580bd6955e05483cae068f95,,132,"{""1024"": 132}"
Datos/Med_con_Decaimientos/9-9_10-9/run_20260909_142637_idx145_selected.txt,4292581,7b0e2681cc04c18859fac3ee1ec9d4ddbe676043fca042eeb5097ffce98af0bf,,129,"{""1024"": 129}"
Datos/Med_con_Decaimientos/9-9_10-9/run_20260909_142637_idx146_selected.txt,3826731,0700033ef8bf675bef4e391dc121d7cba7bfcaa8dfd953da349f09d47b2ff091,,115,"{""1024"": 115}"
Datos/Med_con_Decaimientos/9-9_10-9/run_20260909_142637_idx147_selected.txt,4325856,81bb8d1ae474858c36223d0833636696007c63bd1c6e4c69c753c909b51b185f,,130,"{""1024"": 130}"
Datos/Med_con_Decaimientos/9-9_10-9/run_20260909_142637_idx148_selected.txt,4658606,a9b64a7699015393ccf56e0736623b4b67d395cf7a616cca445a167da05af805,,140,"{""1024"": 140}"
Datos/Med_con_Decaimientos/9-9_10-9/run_20260909_142637_idx149_selected.txt,4658606,5a194ed0ab3b1c25f7af100377070bd6170e1c8f98e2476b3e3c9758b20857cc,,140,"{""1024"": 140}"
Datos/Med_con_Decaimientos/9-9_10-9/run_20260909_142637_idx14_selected.txt,4891383,6fd7052cf2b9cecf48f0bc6ff8f8deddf61ac5f572ef1b4b011a40d2929ebbd8,,147,"{""1024"": 147}"
Datos/Med_con_Decaimientos/9-9_10-9/run_20260909_142637_idx150_selected.txt,4691881,cbd4992ee0df5fc24de039076d4df073aa1cd07a611eb5a459a5211daf2e201c,,141,"{""1024"": 141}"
Datos/Med_con_Decaimientos/9-9_10-9/run_20260909_142637_idx151_selected.txt,4525506,8f67afd7964861c62421a4a40236753256c20a0a2086e5f15108213aaffbefdc,,136,"{""1024"": 136}"
Datos/Med_con_Decaimientos/9-9_10-9/run_20260909_142637_idx152_selected.txt,4259306,113951c40bc1982e86fb88f79e0473f1857c163b39859e1aae7b5d1d8dc665c2,,128,"{""1024"": 128}"
Datos/Med_con_Decaimientos/9-9_10-9/run_20260909_142637_idx153_selected.txt,4525506,326b868b777c7193a74183d25b94d2b6a2765ad4789fc23f0763ee90efd2caf4,,136,"{""1024"": 136}"
Datos/Med_con_Decaimientos/9-9_10-9/run_20260909_142637_idx154_selected.txt,4891531,fea5267282681948f2cfc136cc0bba55e7c10e47713a6db92f3df0dd96fa7a17,,147,"{""1024"": 147}"
Datos/Med_con_Decaimientos/9-9_10-9/run_20260909_142637_idx155_selected.txt,4425681,643582fe208ee9234292ea4344774d2333766f06f15c05545b35db7af7b35976,,133,"{""1024"": 133}"
Datos/Med_con_Decaimientos/9-9_10-9/run_20260909_142637_idx156_selected.txt,3760181,6b21c7f183795ad52649ae18cea6c155bbd14a01f2351714220891aaf3ad3ea1,,113,"{""1024"": 113}"
Datos/Med_con_Decaimientos/9-9_10-9/run_20260909_142637_idx157_selected.txt,4226031,01ca9229f175583d715c8485ed94f70c3d24e74c196109e4c839ed3ae0089191,,127,"{""1024"": 127}"
Datos/Med_con_Decaimientos/9-9_10-9/run_20260909_142637_idx158_selected.txt,4492231,d5c7b7776e4a94bd05a90e0a524132c3e8ab4d76a3abc63c8078ba6616e3d1d1,,135,"{""1024"": 135}"
Datos/Med_con_Decaimientos/9-9_10-9/run_20260909_142637_idx159_selected.txt,4092931,ba83b2150c32f9c2d0b1306194f99a6942f0b1ac1e7e90c3432a2545c4904eab,,123,"{""1024"": 123}"
Datos/Med_con_Decaimientos/9-9_10-9/run_20260909_142637_idx15_selected.txt,5224123,756f28dc7dc09265cbd81187d12540fa1e3da6ce46c50516a3c479e2e9f35663,,157,"{""1024"": 157}"
Datos/Med_con_Decaimientos/9-9_10-9/run_20260909_142637_idx160_selected.txt,4625331,05affa93480d4e5fcdbde92d4b730fd6e867854510dd1e4ce3c2db5195adc416,,139,"{""1024"": 139}"
Datos/Med_con_Decaimientos/9-9_10-9/run_20260909_142637_idx161_selected.txt,4392406,c25a4a40109ef927d0df3112f176711100c7dd834a810f61b0cb01383520a004,,132,"{""1024"": 132}"
Datos/Med_con_Decaimientos/9-9_10-9/run_20260909_142637_idx162_selected.txt,4525506,0d3c3d9b7dc1fc43bd4df8216c0a5bbf58d53b809716ae0f6763b26948e821c7,,136,"{""1024"": 136}"
Datos/Med_con_Decaimientos/9-9_10-9/run_20260909_142637_idx163_selected.txt,4259306,60b316aef519f05d6f68fc2ea4343d1b77052d883f4e5d0ab80df6e85e6f76bd,,128,"{""1024"": 128}"
Datos/Med_con_Decaimientos/9-9_10-9/run_20260909_142637_idx164_selected.txt,4192756,e3a6bd4d75e373a5cdddb490ec5f402f30b809d9baa1b1979b19e6ebde37099f,,126,"{""1024"": 126}"
Datos/Med_con_Decaimientos/9-9_10-9/run_20260909_142637_idx165_selected.txt,4325856,b1e619e08d6220a87d84583d336b3abd04b23edbedea656d981afb3bbf6c8eb9,,130,"{""1024"": 130}"
Datos/Med_con_Decaimientos/9-9_10-9/run_20260909_142637_idx166_selected.txt,4592056,203564dc95d5c5ff32740f9b44fc72b9dc4509694e4312d13e25543c8965805a,,138,"{""1024"": 138}"
Datos/Med_con_Decaimientos/9-9_10-9/run_20260909_142637_idx167_selected.txt,4958081,6a3701edc8837e4444c6930e844749bcfb3d0751cb2989a77f603377942152e7,,149,"{""1024"": 149}"
Datos/Med_con_Decaimientos/9-9_10-9/run_20260909_142637_idx168_selected.txt,4359131,83a8e6fd1c26cd35fc0d297d42df0ba37d2249cf47d0d45435da21d89afe3c2c,,131,"{""1024"": 131}"
Datos/Med_con_Decaimientos/9-9_10-9/run_20260909_142637_idx169_selected.txt,4126206,b7d4a307157c7decc6cdde56d44e4384db945ec8d47f3edf467b213edf88198b,,124,"{""1024"": 124}"
Datos/Med_con_Decaimientos/9-9_10-9/run_20260909_142637_idx16_selected.txt,4625191,9932c61a4d3d669190f1e88a40fef80b8124baaba12876fe4992a866ea3396d2,,139,"{""1024"": 139}"
Datos/Med_con_Decaimientos/9-9_10-9/run_20260909_142637_idx170_selected.txt,4958081,ee8f1a812c2d4c24ad50a745fd0821a629afe20575dcdf24a8cfe541d312fa7c,,149,"{""1024"": 149}"
Datos/Med_con_Decaimientos/9-9_10-9/run_20260909_142637_idx171_selected.txt,3826731,e9b82be76424ec8c36dd055f4a052f274bbeb3627be12ea800ab0751ca81cfae,,115,"{""1024"": 115}"
Datos/Med_con_Decaimientos/9-9_10-9/run_20260909_142637_idx172_selected.txt,4625331,c48e0bea8cd658c72a0e2e0a5734de5cd9d20a0b9db15510a7ab049755cb7c69,,139,"{""1024"": 139}"
Datos/Med_con_Decaimientos/9-9_10-9/run_20260909_142637_idx173_selected.txt,4159481,f7596187832eced88802f9975b8f547f49f2a9c91e69e9f4c73d9100c2cf901b,,125,"{""1024"": 125}"
Datos/Med_con_Decaimientos/9-9_10-9/run_20260909_142637_idx174_selected.txt,4092931,995ff8fd889d8c20a9ad32553102b829ee0f8e04cffaa0bf449aa5122d0a12a5,,123,"{""1024"": 123}"
Datos/Med_con_Decaimientos/9-9_10-9/run_20260909_142637_idx175_selected.txt,3860006,1255307879609702903ece66fa11ab1619a4f6696e07c43c10149a13ad7faad8,,116,"{""1024"": 116}"
Datos/Med_con_Decaimientos/9-9_10-9/run_20260909_142637_idx176_selected.txt,4592056,c1e9b951055eeb3e420cba55faff94f9548e3184688092878d0f1aa2e5a630f2,,138,"{""1024"": 138}"
Datos/Med_con_Decaimientos/9-9_10-9/run_20260909_142637_idx177_selected.txt,4159481,385d919614a43e9e1e618feba8dfa60d543ae20a7f24b1e96dcb665db6ceb141,,125,"{""1024"": 125}"
Datos/Med_con_Decaimientos/9-9_10-9/run_20260909_142637_idx178_selected.txt,4625331,0aa36b71002362ed6b18b3f1db4d621a630006e0f1a584cd0897f8871baa1e80,,139,"{""1024"": 139}"
Datos/Med_con_Decaimientos/9-9_10-9/run_20260909_142637_idx179_selected.txt,4325856,b1d6f059ef6eb0a4b1a0995879650107b0a6d8068ac2a7cfd03c8dcd43ec4536,,130,"{""1024"": 130}"
Datos/Med_con_Decaimientos/9-9_10-9/run_20260909_142637_idx17_selected.txt,4492095,c7ba39ea58a4c586545255a0a13c0ce2669e9eb70f1ba0904c33f54ae5d90068,,135,"{""1024"": 135}"
Datos/Med_con_Decaimientos/9-9_10-9/run_20260909_142637_idx180_selected.txt,4725156,ed757ffaa4bd04f119c04f627da20c0933c5ec47df0f6fdd39a49c84692c8186,,142,"{""1024"": 142}"
Datos/Med_con_Decaimientos/9-9_10-9/run_20260909_142637_idx181_selected.txt,4392406,738b855c2078c8463d91132e946ea199ba541d8a8153d171188899e3a6de49a1,,132,"{""1024"": 132}"
Datos/Med_con_Decaimientos/9-9_10-9/run_20260909_142637_idx182_selected.txt,3993106,8f3675bf5916ffa12aa42078e7e7a0abe73a0aa66a816d2e3f530942d3339099,,120,"{""1024"": 120}"
Datos/Med_con_Decaimientos/9-9_10-9/run_20260909_142637_idx183_selected.txt,5290831,7f2b2da4aadd83ef9141fd0762851f6fa783bb3a1dd76a9ba59ff0af2e08a657,,159,"{""1024"": 159}"
Datos/Med_con_Decaimientos/9-9_10-9/run_20260909_142637_idx184_selected.txt,4691881,e8387e05318059270df9e64d195110b73e2feb42af293be491f7efdf0484cdf2,,141,"{""1024"": 141}"
Datos/Med_con_Decaimientos/9-9_10-9/run_20260909_142637_idx185_selected.txt,4658606,82a5b72b8cdc93ac88a38990b2bb69293deb0c03663941062873766c273f01e5,,140,"{""1024"": 140}"
Datos/Med_con_Decaimientos/9-9_10-9/run_20260909_142637_idx186_selected.txt,4558781,b53072ef3dd2fdb4a5890b613e67e61e48cda9382a64fa0167af5e9ed19bf07d,,137,"{""1024"": 137}"
Datos/Med_con_Decaimientos/9-9_10-9/run_20260909_142637_idx187_selected.txt,4325856,a96f73929254dcf2520bed8c473fa99f0a97d7bf851ef4b9ef6d1b79adcb491c,,130,"{""1024"": 130}"
Datos/Med_con_Decaimientos/9-9_10-9/run_20260909_142637_idx188_selected.txt,4625331,79e8df72dfc1408541795f6f72aa169920f632e77dfd1ae9ea447a609c7045ca,,139,"{""1024"": 139}"
Datos/Med_con_Decaimientos/9-9_10-9/run_20260909_142637_idx189_selected.txt,4658606,26dff9e712e80aacea76b7a96de7aa8256fab807913c2be1cad529965bf1d9fd,,140,"{""1024"": 140}"
Datos/Med_con_Decaimientos/9-9_10-9/run_20260909_142637_idx18_selected.txt,4891383,c3e49baf70f7bf05095687b5ec78fd68d12c357fc479b13dba9f44faab7640c4,,147,"{""1024"": 147}"
Datos/Med_con_Decaimientos/9-9_10-9/run_20260909_142637_idx190_selected.txt,4592056,298ac6e0e521787ad38c67aace92f02c060ce552d3f6561e5ff008d029592f94,,138,"{""1024"": 138}"
Datos/Med_con_Decaimientos/9-9_10-9/run_20260909_142637_idx191_selected.txt,3893281,53e1f6bd8d9e41c5545916153941b910d021539d884c3c422ded63ee6df8fee3,,117,"{""1024"": 117}"
Datos/Med_con_Decaimientos/9-9_10-9/run_20260909_142637_idx192_selected.txt,4159481,776d0523e270a51d73f3b8ae504783549deb7151325454eea3805d3ee5991900,,125,"{""1024"": 125}"
Datos/Med_con_Decaimientos/9-9_10-9/run_20260909_142637_idx193_selected.txt,4625331,45704047862c8bdfb0412cb0c427bc06cd57e71346d9d6c6cf4fb2e657b0d424,,139,"{""1024"": 139}"
Datos/Med_con_Decaimientos/9-9_10-9/run_20260909_142637_idx194_selected.txt,4558781,9a7d459429b5c794b5f448cb136ca3c82929ecd4510ab706235a627877c0be35,,137,"{""1024"": 137}"
Datos/Med_con_Decaimientos/9-9_10-9/run_20260909_142637_idx195_selected.txt,3660356,1d708165063755fcf0e9b533aa2e1ef2b35440d39f7004f72d703759e90511cd,,110,"{""1024"": 110}"
Datos/Med_con_Decaimientos/9-9_10-9/run_20260909_142637_idx196_selected.txt,5490481,5fb36a62c2e83228aa912dc137e7404fa1d489a602f8654b72a8b3bb4a374da1,,165,"{""1024"": 165}"
Datos/Med_con_Decaimientos/9-9_10-9/run_20260909_142637_idx197_selected.txt,4791706,d67679fbad379fc2be55fa08abb2f62f761ef964e05a5f287ed15221d9f5f560,,144,"{""1024"": 144}"
Datos/Med_con_Decaimientos/9-9_10-9/run_20260909_142637_idx198_selected.txt,3926556,217b12a20c208557ae72e5ef8f4ad676393a78ec63fcd253cff5da4862b87f85,,118,"{""1024"": 118}"
Datos/Med_con_Decaimientos/9-9_10-9/run_20260909_142637_idx199_selected.txt,4458956,c638c6e03d654735f0def5ec3d05c097c521dad0359241b8bb6a3f6ee357ccb2,,134,"{""1024"": 134}"
Datos/Med_con_Decaimientos/9-9_10-9/run_20260909_142637_idx19_selected.txt,4991205,b69743fdc588310ab56a8a82c079c5d36fce226b39495c1b43f435580c4c0eaa,,150,"{""1024"": 150}"
Datos/Med_con_Decaimientos/9-9_10-9/run_20260909_142637_idx1_selected.txt,4425413,b5933827a391267d1e22b2cc77f4090ed775a48e8de37c62b0f5fde150403895,,133,"{""1024"": 133}"
Datos/Med_con_Decaimientos/9-9_10-9/run_20260909_142637_idx200_selected.txt,4226031,d63154f0ca1cba4681d74f1f138a07a3c0d6207aaee49adcdae9d1cd8aa75752,,127,"{""1024"": 127}"
Datos/Med_con_Decaimientos/9-9_10-9/run_20260909_142637_idx201_selected.txt,4891531,8db0abf73be053e9dbd1b6a71c02d00aff0ee6dc1c97e6e8301c367cb1040482,,147,"{""1024"": 147}"
Datos/Med_con_Decaimientos/9-9_10-9/run_20260909_142637_idx202_selected.txt,4592056,845260ccbc8d677a7a28d55001b352c0cf6399d180c50b934ef376012418519e,,138,"{""1024"": 138}"
Datos/Med_con_Decaimientos/9-9_10-9/run_20260909_142637_idx203_selected.txt,3826731,57f36ea09663e5325071ed93706db05cce5de161c4f84bcb63d1b5cfcb712e69,,115,"{""1024"": 115}"
Datos/Med_con_Decaimientos/9-9_10-9/run_20260909_142637_idx204_selected.txt,5257556,d98e6edfab4c2e76cf32a06ff5a12935764a5272c1bd819ee7b54f417250fe69,,158,"{""1024"": 158}"
Datos/Med_con_Decaimientos/9-9_10-9/run_20260909_142637_idx205_selected.txt,3593806,ce7707f4a4b7d957c0ecde33efc4b1f8bc0a8bb9597a2b924921382b5b62b643,,108,"{""1024"": 108}"
Datos/Med_con_Decaimientos/9-9_10-9/run_20260909_142637_idx206_selected.txt,4026381,6ae25c703d1e6f264332f9eb62cd1e9bd41025e2b156620d0e3641cf96495a14,,121,"{""1024"": 121}"
Datos/Med_con_Decaimientos/9-9_10-9/run_20260909_142637_idx207_selected.txt,4425681,f9bb902009ca4d710c3678de04d11cdcc6d4c40a6e157b790eaccf54e88c6948,,133,"{""1024"": 133}"
Datos/Med_con_Decaimientos/9-9_10-9/run_20260909_142637_idx208_selected.txt,4192756,7a1687f4e4a7ddd6b59158b57e994e217bbff437d1e94cc3d5dae9eadcbfb826,,126,"{""1024"": 126}"
Datos/Med_con_Decaimientos/9-9_10-9/run_20260909_142637_idx209_selected.txt,4625331,c386729f67440df3daffc1c88d7e55c0dc48f8c5ab24a7fef07418a6cf8ed46a,,139,"{""1024"": 139}"
Datos/Med_con_Decaimientos/9-9_10-9/run_20260909_142637_idx20_selected.txt,4392273,7ddbcce71a07594d91783241b0f48208eaa83205254353299e593caadfc244e4,,132,"{""1024"": 132}"
Datos/Med_con_Decaimientos/9-9_10-9/run_20260909_142637_idx210_selected.txt,3893281,34184fa96d64a483b77f576cc5a278d9f290ce4c5a30c5f94e649c8061ae570c,,117,"{""1024"": 117}"
Datos/Med_con_Decaimientos/9-9_10-9/run_20260909_142637_idx211_selected.txt,4492231,ce8445b882c057a4d37de58f6acb24e21eb74545548699e3e1b143c14d78c153,,135,"{""1024"": 135}"
Datos/Med_con_Decaimientos/9-9_10-9/run_20260909_142637_idx212_selected.txt,3893281,b5eba315360d944852497e834e9a581fd5d3af4373e3a2ac5cd3e4ec45bc9b02,,117,"{""1024"": 117}"
Datos/Med_con_Decaimientos/9-9_10-9/run_20260909_142637_idx213_selected.txt,4958081,dcb6470975c1d7fa37624f83b4578cc8d458a5c076a8810c85fc1f384fa23539,,149,"{""1024"": 149}"
Datos/Med_con_Decaimientos/9-9_10-9/run_20260909_142637_idx214_selected.txt,4292581,048fd8a10d34c889304f7e80390475613c1523fa0ef9db55a7f2e43eba4844b1,,129,"{""1024"": 129}"
Datos/Med_con_Decaimientos/9-9_10-9/run_20260909_142637_idx215_selected.txt,3959831,99d706ce8bf70022ef4d1e31fa9e64ee0cbe2f2363ad65f828c36ddbbc819874,,119,"{""1024"": 119}"
Datos/Med_con_Decaimientos/9-9_10-9/run_20260909_142637_idx216_selected.txt,4359131,3429e64b57e76aa8bd181aadc9aa1a14f6204c3defaacef382183abb50d002ff,,131,"{""1024"": 131}"
Datos/Med_con_Decaimientos/9-9_10-9/run_20260909_142637_idx217_selected.txt,4492231,8bc9874d6130bfbc467c196f77823d13f43889a86a66979c8bbcb11c34eb59a2,,135,"{""1024"": 135}"
Datos/Med_con_Decaimientos/9-9_10-9/run_20260909_142637_idx218_selected.txt,4159481,da4c6998a900e0b584ab92f9c36e764e25e2547f9ffc7ab6bce5430e73a2ebf0,,125,"{""1024"": 125}"
Datos/Med_con_Decaimientos/9-9_10-9/run_20260909_142637_idx219_selected.txt,5257556,aed70111ca5fb5b83627759f5736f4b924e7d1d26a209bbd5a5cafbf5de45b17,,158,"{""1024"": 158}"
Datos/Med_con_Decaimientos/9-9_10-9/run_20260909_142637_idx21_selected.txt,5323945,15189adb6c9ae8b41420b8e19a9fcc4913c5d802287a9373c0af0fdb79d30a1f,,160,"{""1024"": 160}"
Datos/Med_con_Decaimientos/9-9_10-9/run_20260909_142637_idx220_selected.txt,4059656,ec550ddbba716bc7fc389f6f7b0d3b399270a1e4e179b7f1b68ad03085c05fb9,,122,"{""1024"": 122}"
Datos/Med_con_Decaimientos/9-9_10-9/run_20260909_142637_idx221_selected.txt,4159481,fab2d9bba91002968a6d9c60275cc051450bc06fcc2d89eff66e1914fe64834b,,125,"{""1024"": 125}"
Datos/Med_con_Decaimientos/9-9_10-9/run_20260909_142637_idx222_selected.txt,4026381,f45eed51aa80ff5abbea124150fea5382d5184515fb876061490c294635fc93a,,121,"{""1024"": 121}"
Datos/Med_con_Decaimientos/9-9_10-9/run_20260909_142637_idx223_selected.txt,3826731,c5035d481faca7e622b9a467e2f53cb939fc382286c09b548d2888fea35c3ab3,,115,"{""1024"": 115}"
Datos/Med_con_Decaimientos/9-9_10-9/run_20260909_142637_idx224_selected.txt,4292581,3637879cb5db232627f041c9ee213f4590f3425bbc409b84ef480251fce42ac5,,129,"{""1024"": 129}"
Datos/Med_con_Decaimientos/9-9_10-9/run_20260909_142637_idx225_selected.txt,4558781,6497d4ef29ca03e19e939d5ac0d5d295167fcbd40c4f25caedd63fb706f7275f,,137,"{""1024"": 137}"
Datos/Med_con_Decaimientos/9-9_10-9/run_20260909_142637_idx226_selected.txt,3959831,22723692712ec3a92a5fa24853495a1852969b9c1bc60841060af230fe612227,,119,"{""1024"": 119}"
Datos/Med_con_Decaimientos/9-9_10-9/run_20260909_142637_idx227_selected.txt,4359131,e99849711cfa727bc67e3e44d2f52d151020dae6392f24ce54604d7af981fb28,,131,"{""1024"": 131}"
Datos/Med_con_Decaimientos/9-9_10-9/run_20260909_142637_idx228_selected.txt,4658606,7f81d378a3bb7e6a3081d4e5a9041becd0c6a9a7b2cf31281dfcff90a699dcb2,,140,"{""1024"": 140}"
Datos/Med_con_Decaimientos/9-9_10-9/run_20260909_142637_idx229_selected.txt,4192756,3c0376b19cfbc722ce3d773b7cf066a1d89bce39e51a0ace238c28981bfee987,,126,"{""1024"": 126}"
Datos/Med_con_Decaimientos/9-9_10-9/run_20260909_142637_idx22_selected.txt,4392273,759a49defaeabd24ec72e6017ff3f8b19f910ac05981c94e2f879c9b562a0703,,132,"{""1024"": 132}"
Datos/Med_con_Decaimientos/9-9_10-9/run_20260909_142637_idx230_selected.txt,4059656,eb50ceea86bc59e1474617284dcdd32579a8413a8f78e83fd9fd65e9877fc84d,,122,"{""1024"": 122}"
Datos/Med_con_Decaimientos/9-9_10-9/run_20260909_142637_idx231_selected.txt,3993106,6661e05aac56ca9c322b2cf560fd65e462a6e6a010d2c5ff6ccdd9ae24b2812b,,120,"{""1024"": 120}"
Datos/Med_con_Decaimientos/9-9_10-9/run_20260909_142637_idx232_selected.txt,3993106,1f605d0b7e5e613fb10f7aeb5cfc9b24e8f8b99931b2b0632fa433bb26fd4a89,,120,"{""1024"": 120}"
Datos/Med_con_Decaimientos/9-9_10-9/run_20260909_142637_idx233_selected.txt,4658606,11710001ec3e7996966604429800db433be3dc4de5ce49942ec4c4674a0c5a44,,140,"{""1024"": 140}"
Datos/Med_con_Decaimientos/9-9_10-9/run_20260909_142637_idx234_selected.txt,3726906,fabc1d9eafb594abc4aa73cfff96dc898ecf3d18f821734aabd64136feb8a3dd,,112,"{""1024"": 112}"
Datos/Med_con_Decaimientos/9-9_10-9/run_20260909_142637_idx235_selected.txt,3593806,cbb0f9f333e58de475b903a5c838f19ef64a271f4ee07275456ee5c57ecfabea,,108,"{""1024"": 108}"
Datos/Med_con_Decaimientos/9-9_10-9/run_20260909_142637_idx236_selected.txt,4126206,aa2e1f93899ea86da7b57f56ceff8296a7602b129d21ec3fc01dad9971502e78,,124,"{""1024"": 124}"
Datos/Med_con_Decaimientos/9-9_10-9/run_20260909_142637_idx237_selected.txt,3627081,9cf2a9cd444acdd35ae87950cdccbdde52a884fc492d668983f0c881e2d9cd0a,,109,"{""1024"": 109}"
Datos/Med_con_Decaimientos/9-9_10-9/run_20260909_142637_idx238_selected.txt,4126206,948713612c4162ddc279a5da1c1d26356e39c9f3adc67728f6f637da154242e6,,124,"{""1024"": 124}"
Datos/Med_con_Decaimientos/9-9_10-9/run_20260909_142637_idx239_selected.txt,4359131,d3e3631c92236299b26c8c4a70f15813eab91008cdaeeebf74a1205f8fb3d122,,131,"{""1024"": 131}"
Datos/Med_con_Decaimientos/9-9_10-9/run_20260909_142637_idx23_selected.txt,4325725,abb56dcf18cd73a02735298eb3be6fe14992b012fb7cf3e1356ba714119a561a,,130,"{""1024"": 130}"
Datos/Med_con_Decaimientos/9-9_10-9/run_20260909_142637_idx240_selected.txt,3627081,8b3ea0d6262ea8e93549655d7019d7376647e40e098f3e4516e83a95deab8021,,109,"{""1024"": 109}"
Datos/Med_con_Decaimientos/9-9_10-9/run_20260909_142637_idx241_selected.txt,4292581,0960bd3df4a4ae54c568a9cd55877a1691aea4464337f3eb9a9a2804413e1892,,129,"{""1024"": 129}"
Datos/Med_con_Decaimientos/9-9_10-9/run_20260909_142637_idx242_selected.txt,3793456,5cc0448c1e3b73a797ae74eef9d75cbd70714c88881225de9cf41aa9a563a42e,,114,"{""1024"": 114}"
Datos/Med_con_Decaimientos/9-9_10-9/run_20260909_142637_idx243_selected.txt,4159481,b54367b2821b892fea8fc511e11ddcda05eb694658ee720e35b7d64ece239fc5,,125,"{""1024"": 125}"
Datos/Med_con_Decaimientos/9-9_10-9/run_20260909_142637_idx244_selected.txt,4059721,c2ee5a794c565fb2a1403f72b98be9086b14b54c9074f38b9f25717369cb41d2,,122,"{""1024"": 122}"
Datos/Med_con_Decaimientos/9-9_10-9/run_20260909_142637_idx245_selected.txt,4192882,cc71e3c4d02ed731d2c801c839e207f38594f8a14c141934a3a452fec0e7f740,,126,"{""1024"": 126}"
Datos/Med_con_Decaimientos/9-9_10-9/run_20260909_142637_idx246_selected.txt,4059778,fd6c211d5f84adf4be343307d69499c4f0197771c5a5cdbd90b92e64c3032265,,122,"{""1024"": 122}"
Datos/Med_con_Decaimientos/9-9_10-9/run_20260909_142637_idx247_selected.txt,3893398,8ca95f20c19ab817d24790d53b71719786fe73ce46dd47b63b581732f49a4e8e,,117,"{""1024"": 117}"
Datos/Med_con_Decaimientos/9-9_10-9/run_20260909_142637_idx248_selected.txt,4492366,79d6f483d39b51835ad256ac17d944dedcd279737092407d91ac2d80a5ba921b,,135,"{""1024"": 135}"
Datos/Med_con_Decaimientos/9-9_10-9/run_20260909_142637_idx249_selected.txt,4459090,ac68215bc8b571265ddbe3a29f79d81e546e7efe25ab47397926ae4169ad479f,,134,"{""1024"": 134}"
Datos/Med_con_Decaimientos/9-9_10-9/run_20260909_142637_idx24_selected.txt,3959754,b5c042228fc29b469ccb96aad10e1681ef624ad4301afeadf15d65435d1f9e1d,,119,"{""1024"": 119}"
Datos/Med_con_Decaimientos/9-9_10-9/run_20260909_142637_idx250_selected.txt,4192882,9df9203105dbfc6528550c9e04c7bea742a9d4c2d90a62061b30eb89e75ff20d,,126,"{""1024"": 126}"
Datos/Med_con_Decaimientos/9-9_10-9/run_20260909_142637_idx251_selected.txt,3527362,2aec551104b8a343b12c897bccf4f2c23acb28f058f35b45281fe7b071bc366c,,106,"{""1024"": 106}"
Datos/Med_con_Decaimientos/9-9_10-9/run_20260909_142637_idx252_selected.txt,4858402,7aea10847a698d7ecbb316527100ead49dd175b5c8bbfbc258de31907c1d7806,,146,"{""1024"": 146}"
Datos/Med_con_Decaimientos/9-9_10-9/run_20260909_142637_idx253_selected.txt,4093054,b47516a6af062adb79f265f06fda7b4cc1db745f79475db91b3fd0d35a74cf22,,123,"{""1024"": 123}"
Datos/Med_con_Decaimientos/9-9_10-9/run_20260909_142637_idx254_selected.txt,4192882,688fd8750efb64be2be5c50fb447af53c93d227b2eb9556746943b020760e2bb,,126,"{""1024"": 126}"
Datos/Med_con_Decaimientos/9-9_10-9/run_20260909_142637_idx255_selected.txt,3627190,6208773b2e0061b7d3200097dd3c091d6c5bf3a2876b21290f8194a0e2f76170,,109,"{""1024"": 109}"
Datos/Med_con_Decaimientos/9-9_10-9/run_20260909_142637_idx256_selected.txt,4425814,4befb7c85a5db753a6cf2d5dd66b0b33dddf1164c33394dbeaf1df44c3859069,,133,"{""1024"": 133}"
Datos/Med_con_Decaimientos/9-9_10-9/run_20260909_142637_idx257_selected.txt,3959950,8eb8b9a90ac72290da0ba2572d6d855ffa888026cc3fc163c827d03d0c119e64,,119,"{""1024"": 119}"
Datos/Med_con_Decaimientos/9-9_10-9/run_20260909_142637_idx258_selected.txt,3993226,61c807e335895c856df48d33c365b5d58ddf12dd2d5b8d515f7013338698a7a0,,120,"{""1024"": 120}"
Datos/Med_con_Decaimientos/9-9_10-9/run_20260909_142637_idx259_selected.txt,3860122,e2ac6a04e537ff185cdbb8e86672c1cedf5e104ec8d0ed1631cd381bd0164a20,,116,"{""1024"": 116}"
Datos/Med_con_Decaimientos/9-9_10-9/run_20260909_142637_idx25_selected.txt,4026380,5ab1409aaad2cc24aea8b2f00a597fb0678b88d28cce202a4ceb4b2919b60946,,121,"{""1024"": 121}"
Datos/Med_con_Decaimientos/9-9_10-9/run_20260909_142637_idx260_selected.txt,3460810,e4be19e940df43221def5f342015722f516f9208bc11fcbee698147f8586a7d9,,104,"{""1024"": 104}"
Datos/Med_con_Decaimientos/9-9_10-9/run_20260909_142637_idx261_selected.txt,4259434,bc88096b4d9a97e8371c31e30d31e2561c2bfbc52844bd7c9e0e999f1302bf7a,,128,"{""1024"": 128}"
Datos/Med_con_Decaimientos/9-9_10-9/run_20260909_142637_idx262_selected.txt,4026502,f70db701bdcc92c502a2b8a3d9a9ef4dc2bfce48a6adaf1c37dfe8f962adcf6d,,121,"{""1024"": 121}"
Datos/Med_con_Decaimientos/9-9_10-9/run_20260909_142637_idx263_selected.txt,3627190,26cdc9899b949b2acf9fd19a7d8459294fb6b4942e61ee3b8c8953425075596f,,109,"{""1024"": 109}"
Datos/Med_con_Decaimientos/9-9_10-9/run_20260909_142637_idx264_selected.txt,4459090,39550267d667060d7fa5215a03373173ffa03a307a9401225979238ecd45b635,,134,"{""1024"": 134}"
Datos/Med_con_Decaimientos/9-9_10-9/run_20260909_142637_idx265_selected.txt,4226158,28e21bd0eb8f72d976c5bbf80066fd069d5e032c3579c58148d1490981d8d12d,,127,"{""1024"": 127}"
Datos/Med_con_Decaimientos/9-9_10-9/run_20260909_142637_idx266_selected.txt,3826846,e28c6c7b69a2da4354a7ed2799adfd29a0351530fd9bb3d267080fcd7fddb99e,,115,"{""1024"": 115}"
Datos/Med_con_Decaimientos/9-9_10-9/run_20260909_142637_idx267_selected.txt,4325986,f1c3de3c506b1ed0f92201bcd2cf9145fd9a2f8a4647e623d12a51699b611b3f,,130,"{""1024"": 130}"
Datos/Med_con_Decaimientos/9-9_10-9/run_20260909_142637_idx268_selected.txt,3693742,daf556c8dc4954935be30343ff0ec2fe9bc8c2827dee8c4f89eea3f23fabcbd3,,111,"{""1024"": 111}"
Datos/Med_con_Decaimientos/9-9_10-9/run_20260909_142637_idx269_selected.txt,3527362,99de7ff757051a6cfa033a376f29753c5fad8580125612779d9beb8d003ca20d,,106,"{""1024"": 106}"
Datos/Med_con_Decaimientos/9-9_10-9/run_20260909_142637_idx26_selected.txt,4458955,06b12485f9a63582adc62e831081e8d0b5afb7401544a91d65270a26c57430d2,,134,"{""1024"": 134}"
Datos/Med_con_Decaimientos/9-9_10-9/run_20260909_142637_idx270_selected.txt,4292710,f34cfb7fbfdaa49a4399c6d4a0594c6675532a5b43c8383681a18159f92ee953,,129,"{""1024"": 129}"
Datos/Med_con_Decaimientos/9-9_10-9/run_20260909_142637_idx271_selected.txt,3427534,d564aacfe6a9be1ae9bc12298375982f6e53f91fbabf860b2aef1a7a851d859f,,103,"{""1024"": 103}"
Datos/Med_con_Decaimientos/9-9_10-9/run_20260909_142637_idx272_selected.txt,4259434,f6edec7641f6fa60b7b56dbaa7efd8ecfb32b80a0b7d96dcaa5480d1ba8991da,,128,"{""1024"": 128}"
Datos/Med_con_Decaimientos/9-9_10-9/run_20260909_142637_idx273_selected.txt,4825126,1dbaae2b34f44a53a37fed31b93f394e27d91689d07be585bdc3482c561fb782,,145,"{""1024"": 145}"
Datos/Med_con_Decaimientos/9-9_10-9/run_20260909_142637_idx274_selected.txt,4625470,c89ac5ce1e3788a5aac0bdd6b92036b8656e24c3646471c935f18a9a53b26dbc,,139,"{""1024"": 139}"
Datos/Med_con_Decaimientos/9-9_10-9/run_20260909_142637_idx275_selected.txt,4392538,5b5b8e22a33839d82a9000bef0c2229fece3aca954541012147f268b7ff91859,,132,"{""1024"": 132}"
Datos/Med_con_Decaimientos/9-9_10-9/run_20260909_142637_idx276_selected.txt,4492366,bafecfb44a5c9e9d98fdd04d1b0b5fd78c9edcd6cceeb145d168c986282783a2,,135,"{""1024"": 135}"
Datos/Med_con_Decaimientos/9-9_10-9/run_20260909_142637_idx277_selected.txt,3893398,3c1bd9e100ed01f8ac23afb92ced022a66719fc21eb0269d691152d775f20e4e,,117,"{""1024"": 117}"
Datos/Med_con_Decaimientos/9-9_10-9/run_20260909_142637_idx278_selected.txt,4825126,99e0be38b2e98a33d9893bc6458af3f7f4e2be2b4041b8cc282d070675a9b3a5,,145,"{""1024"": 145}"
Datos/Med_con_Decaimientos/9-9_10-9/run_20260909_142637_idx279_selected.txt,3926674,c58c1dd79d75b24842268283ff37378e97ddb12ae970a5ce226dcbb0a29b20b5,,118,"{""1024"": 118}"
Datos/Med_con_Decaimientos/9-9_10-9/run_20260909_142637_idx27_selected.txt,4924805,f532820d4e2c9234e05493fea500a92fdef17d315351b78200043a81300717a0,,148,"{""1024"": 148}"
Datos/Med_con_Decaimientos/9-9_10-9/run_20260909_142637_idx280_selected.txt,4459090,30826b3aad436c6427d77cf84d2bb9a2bbcc1a3ee732a6b7ba36fc439fa3cd36,,134,"{""1024"": 134}"
Datos/Med_con_Decaimientos/9-9_10-9/run_20260909_142637_idx281_selected.txt,4192882,bfa97f81c26819a830d32aa24ff371b87b58e78740f360dc8e753c43d8403f12,,126,"{""1024"": 126}"
Datos/Med_con_Decaimientos/9-9_10-9/run_20260909_142637_idx282_selected.txt,3760294,5c0c80f78ddfc833c438e46725f29ba1dbadd1fe3e466e5ad4c1b1b0ac3d2d60,,113,"{""1024"": 113}"
Datos/Med_con_Decaimientos/9-9_10-9/run_20260909_142637_idx283_selected.txt,2628910,aa0d41035b2bb7c2fb206af7431d4ea5ea7ea1fa48fd8b7945a4d57992d93344,,79,"{""1024"": 79}"
Datos/Med_con_Decaimientos/9-9_10-9/run_20260909_142637_idx28_selected.txt,4891530,16d79dcbd7c5b21f983ce1320877b1bfe12afa7464e33b9151246fe3506ff539,,147,"{""1024"": 147}"
Datos/Med_con_Decaimientos/9-9_10-9/run_20260909_142637_idx29_selected.txt,5024630,259917bb4a60d29e9c493a1d12eb40e148236d1e3121eb96c7d0ed4744050f87,,151,"{""1024"": 151}"
Datos/Med_con_Decaimientos/9-9_10-9/run_20260909_142637_idx2_selected.txt,4924580,2434fbfe79994d08d49f95978add227b87f668f7ef360818d8953c3a616c14b5,,148,"{""1024"": 148}"
Datos/Med_con_Decaimientos/9-9_10-9/run_20260909_142637_idx30_selected.txt,4625330,a4d05a5a39eb38a0aa5bf16e9e791b3902be40e58367121d1d4fb6e909c66489,,139,"{""1024"": 139}"
Datos/Med_con_Decaimientos/9-9_10-9/run_20260909_142637_idx31_selected.txt,4226030,c1eb2de21916c95e8daf5dfdb5be9a081e57f424dbf682adc3708b2ccdcbfd03,,127,"{""1024"": 127}"
Datos/Med_con_Decaimientos/9-9_10-9/run_20260909_142637_idx32_selected.txt,4026380,ff22dfcde9f9ad544bab7b3de9ffdfb90ed35fb32575736556cacacf7c341c0d,,121,"{""1024"": 121}"
Datos/Med_con_Decaimientos/9-9_10-9/run_20260909_142637_idx33_selected.txt,4725155,8a7f113709adea87effb57155a4f6830803495e0ed8f2817c49861f228e28f4f,,142,"{""1024"": 142}"
Datos/Med_con_Decaimientos/9-9_10-9/run_20260909_142637_idx34_selected.txt,4625330,852d76043d76533acb6530c0a88ccfc4d0c624518975afb1227c3a146aba8a46,,139,"{""1024"": 139}"
Datos/Med_con_Decaimientos/9-9_10-9/run_20260909_142637_idx35_selected.txt,4325855,fa70d25ad5d5fb9a4aacd8aac14355668144a1ebca40a125f687c1610b4adf9a,,130,"{""1024"": 130}"
Datos/Med_con_Decaimientos/9-9_10-9/run_20260909_142637_idx36_selected.txt,4592055,25259107687d1f0cf25bbf650809171ee49f4d0eb8d5d85e562b23820878239c,,138,"{""1024"": 138}"
Datos/Med_con_Decaimientos/9-9_10-9/run_20260909_142637_idx37_selected.txt,3826730,8127d7e48d428abeeedcd19043a62e535599bfd67804aa54ab5644e553329e66,,115,"{""1024"": 115}"
Datos/Med_con_Decaimientos/9-9_10-9/run_20260909_142637_idx38_selected.txt,4492230,6ba0df0aa3e9376e3573fb9fc9764b378e2c2d42519a70f999ec8d9cac59b06e,,135,"{""1024"": 135}"
Datos/Med_con_Decaimientos/9-9_10-9/run_20260909_142637_idx39_selected.txt,4625330,b8a5fd7c456596c0e82f735cf1f714826d196c6b59e89a50c6bddfa3e1766177,,139,"{""1024"": 139}"
Datos/Med_con_Decaimientos/9-9_10-9/run_20260909_142637_idx3_selected.txt,4725012,7a69cd0ee55f9da847fd1d2e89e1e5c5b07ffd8973bfd3e8449a6ed5e8bde8d1,,142,"{""1024"": 142}"
Datos/Med_con_Decaimientos/9-9_10-9/run_20260909_142637_idx40_selected.txt,4159480,76443476e3b7f2d9a398bd9d73eda9c3f72d32def0959cf80a28c1f3de26ebf5,,125,"{""1024"": 125}"
Datos/Med_con_Decaimientos/9-9_10-9/run_20260909_142637_idx41_selected.txt,4492230,ebfd401a777929a310dfa09fd70b5b60fb76639c472269502ee33ede31a7d904,,135,"{""1024"": 135}"
Datos/Med_con_Decaimientos/9-9_10-9/run_20260909_142637_idx42_selected.txt,5557030,60137b4ef0708743678eabfd4dfc647570b18cc37201d0142b649f0a1a774fa3,,167,"{""1024"": 167}"
Datos/Med_con_Decaimientos/9-9_10-9/run_20260909_142637_idx43_selected.txt,4425680,4fad0b90c7262f39f831e826519c66ec705bcb31badacd9861733156a96e787d,,133,"{""1024"": 133}"
Datos/Med_con_Decaimientos/9-9_10-9/run_20260909_142637_idx44_selected.txt,4758430,19d5000b547de2f70a844550479a8f7e7dac7ae09285d7a3729ce405f358af31,,143,"{""1024"": 143}"
Datos/Med_con_Decaimientos/9-9_10-9/run_20260909_142637_idx45_selected.txt,4592055,c9a1abdff6e8ba8d70754080664147bedda58f62d45ca79ae47eda111a2b7ae0,,138,"{""1024"": 138}"
Datos/Med_con_Decaimientos/9-9_10-9/run_20260909_142637_idx46_selected.txt,4592055,4cb652c491583088ae645a5ca4d51cab194104a331d3df57fdd80b7bbc56c8c7,,138,"{""1024"": 138}"
Datos/Med_con_Decaimientos/9-9_10-9/run_20260909_142637_idx47_selected.txt,4558780,219f3f2c600e13f098e3b17576a4f0587b524adb68ebf68c363e317b44ba9886,,137,"{""1024"": 137}"
Datos/Med_con_Decaimientos/9-9_10-9/run_20260909_142637_idx48_selected.txt,5290830,0518ef8e5935be269254c9cec3b200d3e42d435ce06927cd5742917db65e23e4,,159,"{""1024"": 159}"
Datos/Med_con_Decaimientos/9-9_10-9/run_20260909_142637_idx49_selected.txt,5557030,f0bd8e2e100f64ebffd374abe53ad540e3041c19128edb451afe95eeb8eaee13,,167,"{""1024"": 167}"
Datos/Med_con_Decaimientos/9-9_10-9/run_20260909_142637_idx4_selected.txt,4691738,9c8dbb9274aecb19b02401f3be5d841ba9f6163b8f0e025caf9c84cde0fe1031,,141,"{""1024"": 141}"
Datos/Med_con_Decaimientos/9-9_10-9/run_20260909_142637_idx50_selected.txt,4958080,de558734a8456ba4455efe26ed8143ed4e1a6683b442a19ea237d34c71ca07ed,,149,"{""1024"": 149}"
Datos/Med_con_Decaimientos/9-9_10-9/run_20260909_142637_idx51_selected.txt,4458955,4260a9ed7812093616cbc7691e9af676e6aa24964236f84f5733665595da071b,,134,"{""1024"": 134}"
Datos/Med_con_Decaimientos/9-9_10-9/run_20260909_142637_idx52_selected.txt,3993105,772f3d6a24e574a17593d30831083945abeda656d06fb64ce67d461308dc78e6,,120,"{""1024"": 120}"
Datos/Med_con_Decaimientos/9-9_10-9/run_20260909_142637_idx53_selected.txt,3860005,3e7e254684ed4e324fbe562db5655bb939d35dc03ab581429bdad1509c0a62d7,,116,"{""1024"": 116}"
Datos/Med_con_Decaimientos/9-9_10-9/run_20260909_142637_idx54_selected.txt,4891530,2e6ab54596bd1b4f261a0b289617fc5c09fd090064810bb0abc6dac7a087f261,,147,"{""1024"": 147}"
Datos/Med_con_Decaimientos/9-9_10-9/run_20260909_142637_idx55_selected.txt,4392405,2a5dbfe6f4f938555acc55f3917d9d9db0a4c7a8417b8bbed42ea62f7758c9c1,,132,"{""1024"": 132}"
Datos/Med_con_Decaimientos/9-9_10-9/run_20260909_142637_idx56_selected.txt,4625330,1ada93e2f10fe02d12159bb248205691fd996f97de1c8484e62071466416c2b4,,139,"{""1024"": 139}"
Datos/Med_con_Decaimientos/9-9_10-9/run_20260909_142637_idx57_selected.txt,3527255,af97a6549e2895535ac3b34c24e170c2baaa55127ae51e3cb62d0d5ffe669f31,,106,"{""1024"": 106}"
Datos/Med_con_Decaimientos/9-9_10-9/run_20260909_142637_idx58_selected.txt,4425680,e28c79b573c9e33679542fcfad935d55ed8a2cd308cb6ca4cd6e47ae70f966df,,133,"{""1024"": 133}"
Datos/Med_con_Decaimientos/9-9_10-9/run_20260909_142637_idx59_selected.txt,4059655,bdfc6d12ce2cd87ab6c0c37a0c45da99b1c8cc3aaf8ec01d16e8261070b050b9,,122,"{""1024"": 122}"
Datos/Med_con_Decaimientos/9-9_10-9/run_20260909_142637_idx5_selected.txt,4358998,28f216cc0be3dfbbf3cc933c65f847658fb0efdca0393de41557a662b74f1df5,,131,"{""1024"": 131}"
Datos/Med_con_Decaimientos/9-9_10-9/run_20260909_142637_idx60_selected.txt,4558780,e851bd3597966cf5565cf334cb3a02b9f03dc0a61c6a59c5ad3e18b1451aef90,,137,"{""1024"": 137}"
Datos/Med_con_Decaimientos/9-9_10-9/run_20260909_142637_idx61_selected.txt,3926555,3ac218f8d06e9133a7ca806b26b158e465c0bd89b178a2579e19115f67198a06,,118,"{""1024"": 118}"
Datos/Med_con_Decaimientos/9-9_10-9/run_20260909_142637_idx62_selected.txt,4658605,7f63a80b67a97b2edbea6c96bc75bf74e9bbae67dc77b7a84c7e9848fe4e44ad,,140,"{""1024"": 140}"
Datos/Med_con_Decaimientos/9-9_10-9/run_20260909_142637_idx63_selected.txt,3926555,08e96875aafc04b06cb307f15db6c75f488d7149b154afd0aba16c954482fd2c,,118,"{""1024"": 118}"
Datos/Med_con_Decaimientos/9-9_10-9/run_20260909_142637_idx64_selected.txt,4325855,ba07f1c4c2b4fa0231fd079e82e7313b6f8592fcbaef8b98cbeb2969c5684335,,130,"{""1024"": 130}"
Datos/Med_con_Decaimientos/9-9_10-9/run_20260909_142637_idx65_selected.txt,4492230,dce2ed59323ee1d019bf6ae6932236da9518548ca487cad43abc24cf285b8df1,,135,"{""1024"": 135}"
Datos/Med_con_Decaimientos/9-9_10-9/run_20260909_142637_idx66_selected.txt,4791705,547c4c8481b594ab6565d158486f7f6704e9612b50bcc806fb71a0cd587dc7e0,,144,"{""1024"": 144}"
Datos/Med_con_Decaimientos/9-9_10-9/run_20260909_142637_idx67_selected.txt,4858255,33b5bc4e2bde91706643642fee937d0041c065ff49ab2cf671f1f148fdbef03c,,146,"{""1024"": 146}"
Datos/Med_con_Decaimientos/9-9_10-9/run_20260909_142637_idx68_selected.txt,4658605,576ecc4bbe783499541371baeb42c15b479a22ead6f290d81337978413650539,,140,"{""1024"": 140}"
Datos/Med_con_Decaimientos/9-9_10-9/run_20260909_142637_idx69_selected.txt,4858255,996f95de24aa009b9357b3b87fdd17766e5067426ffcc4866d1a322dd9daa75d,,146,"{""1024"": 146}"
Datos/Med_con_Decaimientos/9-9_10-9/run_20260909_142637_idx6_selected.txt,4758286,c01ef8539885338348d9415b230dba9b2edd3bbff6d0a62949c06f0a35516ce2,,143,"{""1024"": 143}"
Datos/Med_con_Decaimientos/9-9_10-9/run_20260909_142637_idx70_selected.txt,4691880,e0ec0529c8cfba80a2a176d7c09202025fb3d0681b03a6632428c798cb5f0dd3,,141,"{""1024"": 141}"
Datos/Med_con_Decaimientos/9-9_10-9/run_20260909_142637_idx71_selected.txt,4592055,54bb3a3aa855a91590c2856c99573a920365e8107d99ff6249e4eff0d56be0ed,,138,"{""1024"": 138}"
Datos/Med_con_Decaimientos/9-9_10-9/run_20260909_142637_idx72_selected.txt,5091180,589c7959b25a6523ac3771e60994c9bd844889e3fd7efc378319a84750c9ed31,,153,"{""1024"": 153}"
Datos/Med_con_Decaimientos/9-9_10-9/run_20260909_142637_idx73_selected.txt,5124455,3277e334ffb7dd57d54ce99e234645b6b2a15309fbf5aa26a5722ac49c52ec23,,154,"{""1024"": 154}"
Datos/Med_con_Decaimientos/9-9_10-9/run_20260909_142637_idx74_selected.txt,5057905,e0bfd3c3fbaddb967cc2dea34dd5faf963b627b364bf8c906c4eab68cf56af57,,152,"{""1024"": 152}"
Datos/Med_con_Decaimientos/9-9_10-9/run_20260909_142637_idx75_selected.txt,4791705,61c4d442b1f4743d59d71233d67486cfee3849520475ad6f82a1751955a20547,,144,"{""1024"": 144}"
Datos/Med_con_Decaimientos/9-9_10-9/run_20260909_142637_idx76_selected.txt,4192755,6ace6f58106ecfbd1b4dcfba62d99233213c07087112c123018c3b1d234980c1,,126,"{""1024"": 126}"
Datos/Med_con_Decaimientos/9-9_10-9/run_20260909_142637_idx77_selected.txt,4691880,caa98b4e5895d96ab9640fd49c0550a9bf9f1a6436e30800169c07254c099f56,,141,"{""1024"": 141}"
Datos/Med_con_Decaimientos/9-9_10-9/run_20260909_142637_idx78_selected.txt,4658605,efc0c70d70e914bdc3c6a251b5b63040135ec4fac147062cfc044cf9bcd8b49f,,140,"{""1024"": 140}"
Datos/Med_con_Decaimientos/9-9_10-9/run_20260909_142637_idx79_selected.txt,4425680,34ddec241f462eab5338a66ec7de2828db12aa1190a305424d91e8063e248290,,133,"{""1024"": 133}"
Datos/Med_con_Decaimientos/9-9_10-9/run_20260909_142637_idx7_selected.txt,5091026,cbf5994f425f933aa5d6b9feaf4595ee64eda08856b591b50a3c793aafe2b530,,153,"{""1024"": 153}"
Datos/Med_con_Decaimientos/9-9_10-9/run_20260909_142637_idx80_selected.txt,4126205,a88b6234cd02693cec5026c9f973a96b901b7b2ff34eb6dbd2c8e56fd3c36134,,124,"{""1024"": 124}"
Datos/Med_con_Decaimientos/9-9_10-9/run_20260909_142637_idx81_selected.txt,4824980,935292ff23b0c4adc8c9bab66fbba8c861ebcde364aee9c8e8dced3d3cc48b87,,145,"{""1024"": 145}"
Datos/Med_con_Decaimientos/9-9_10-9/run_20260909_142637_idx82_selected.txt,5024630,6eac7b592a34ba97a1542071923cd21e053dd6630a32075eb3ebfd96a68c2719,,151,"{""1024"": 151}"
Datos/Med_con_Decaimientos/9-9_10-9/run_20260909_142637_idx83_selected.txt,5191005,122444cbff535be6e530cb6236df158136b6e85156af022d3422612361b46311,,156,"{""1024"": 156}"
Datos/Med_con_Decaimientos/9-9_10-9/run_20260909_142637_idx84_selected.txt,5191005,1c8d7bc12b6bd6d8f225666d812d5c534af262f6763b1c4c7f2c427176fbca1c,,156,"{""1024"": 156}"
Datos/Med_con_Decaimientos/9-9_10-9/run_20260909_142637_idx85_selected.txt,5124455,637706672b326de7582d158d738da3f02b6fb4e748595bc7b43bf272a482ae12,,154,"{""1024"": 154}"
Datos/Med_con_Decaimientos/9-9_10-9/run_20260909_142637_idx86_selected.txt,4725155,f8a1d3b6ad1ca254419eb18aec0b020d8cf34df6fe6fcb71d152a24bf48225dc,,142,"{""1024"": 142}"
Datos/Med_con_Decaimientos/9-9_10-9/run_20260909_142637_idx87_selected.txt,4458955,2593045d987141806de1e51abe8476218cdd11b073b49268cecdd9582121a8aa,,134,"{""1024"": 134}"
Datos/Med_con_Decaimientos/9-9_10-9/run_20260909_142637_idx88_selected.txt,5057905,3d3e82c7cf97cbe092e5790e13561d05f5a323475ebceafd8c3051c23b6f426d,,152,"{""1024"": 152}"
Datos/Med_con_Decaimientos/9-9_10-9/run_20260909_142637_idx89_selected.txt,4592055,8bda468f9317629e8674b64308aee315c1faff5478a18fa839bb5f9c78496c11,,138,"{""1024"": 138}"
Datos/Med_con_Decaimientos/9-9_10-9/run_20260909_142637_idx8_selected.txt,5124300,308601f39101cc591102a74a16a2cfaa9241613a5682dc8831db26262ea2b7de,,154,"{""1024"": 154}"
Datos/Med_con_Decaimientos/9-9_10-9/run_20260909_142637_idx90_selected.txt,5257555,7a7ea4051bca24cbd5bdf4377d4482b9120fc57345fd89bad3ea3c52e71863ad,,158,"{""1024"": 158}"
Datos/Med_con_Decaimientos/9-9_10-9/run_20260909_142637_idx91_selected.txt,5057905,5af480b0861fe34f32baa522be04e5441a019cca04d000222649dcbb31ca8867,,152,"{""1024"": 152}"
Datos/Med_con_Decaimientos/9-9_10-9/run_20260909_142637_idx92_selected.txt,4525505,4d943655afeaab70ccb558eee953fbb9ef07e1a440496566a8c63efdb6529ae5,,136,"{""1024"": 136}"
Datos/Med_con_Decaimientos/9-9_10-9/run_20260909_142637_idx93_selected.txt,4226030,42666531495315eb9ce0a8f315fa1a8ade94b6eab41bb4de72e87f75c59e097d,,127,"{""1024"": 127}"
Datos/Med_con_Decaimientos/9-9_10-9/run_20260909_142637_idx94_selected.txt,3860005,42dac74385747d27ef435b1b0df8fa8ab56a508794e3b50c93b1d866f95c65cf,,116,"{""1024"": 116}"
Datos/Med_con_Decaimientos/9-9_10-9/run_20260909_142637_idx95_selected.txt,4392405,7200a7f0955a99477e0877e67d0f6e82d6f6d0ef12b0aecfc63d93c79c4ba412,,132,"{""1024"": 132}"
Datos/Med_con_Decaimientos/9-9_10-9/run_20260909_142637_idx96_selected.txt,4325855,01d96313fb299e1641ea27b466e8d9f2746ba4b6e4f0e5abaaec6fd6768a9002,,130,"{""1024"": 130}"
Datos/Med_con_Decaimientos/9-9_10-9/run_20260909_142637_idx97_selected.txt,4691880,19975f9355ba32e4801a0d7b41535944b4d26390f772362b3f76a802a2fd276b,,141,"{""1024"": 141}"
Datos/Med_con_Decaimientos/9-9_10-9/run_20260909_142637_idx98_selected.txt,4392405,5a5847d09fbb1d4c1c6a57631dd9a03e5489ba5a4dfded4bfddfe9bf295dcf11,,132,"{""1024"": 132}"
Datos/Med_con_Decaimientos/9-9_10-9/run_20260909_142637_idx99_selected.txt,4791705,555903cc209b5f7a9594eb675772d4024f289df3180816fa9b688ffd09e36709,,144,"{""1024"": 144}"
Datos/Med_con_Decaimientos/9-9_10-9/run_20260909_142637_idx9_selected.txt,4824834,1e8e90cbe5a54109b6e57495a1061e70eac871922bcd4f2204f7db93b49992d5,,145,"{""1024"": 145}"
Datos/Med_con_Decaimientos/con plomo/run_20260903_184041_idx0_selected.txt,5057559,76c76c845a06d1f75b7519991a7fabcc896ba8f642bf76ad1ef6757d867bf55d,,152,"{""1024"": 152}"
Datos/Med_con_Decaimientos/con plomo/run_20260903_184041_idx1_selected.txt,133196,823e9cefcad1e1fee673e386a31d0619575245eb2370402ed0c03a73e226964f,,4,"{""1024"": 4}"
Datos/Med_con_Decaimientos/Med Decaimiento 1/run_20260903_152154_idx0_selected.txt,3626824,29648224e864467ac4ef46687b9398b205173483557bc022eea5da35c74be557,,109,"{""1024"": 109}"
Datos/Med_con_Decaimientos/Med Decaimiento 1/run_20260903_152154_idx10_selected.txt,4791561,e7f0eccc4e6e689bdc939d560ea1d0e3302bf25c3d4cba406f410ee00f92c74a,,144,"{""1024"": 144}"
Datos/Med_con_Decaimientos/Med Decaimiento 1/run_20260903_152154_idx11_selected.txt,4758287,0cf1b507f6b2b435c80ad4420dc044830114d53f12ac30221fa276f7db7ec438,,143,"{""1024"": 143}"
Datos/Med_con_Decaimientos/Med Decaimiento 1/run_20260903_152154_idx12_selected.txt,3859889,58ff3b65dadd9808f69135b9776431ec92446bb609f9cfb8934ab2a6cefca85d,,116,"{""1024"": 116}"
Datos/Med_con_Decaimientos/Med Decaimiento 1/run_20260903_152154_idx13_selected.txt,4525369,cf374b53d4d60d3363eecd52def0ed6562ed0e658c991568336aec835d7d75a5,,136,"{""1024"": 136}"
Datos/Med_con_Decaimientos/Med Decaimiento 1/run_20260903_152154_idx14_selected.txt,4957931,14527f4c1298ce55919e4484d3e1be93d66ed832284adc975364c1885ea44c5c,,149,"{""1024"": 149}"
Datos/Med_con_Decaimientos/Med Decaimiento 1/run_20260903_152154_idx15_selected.txt,4126081,ea079e2823693d465bdf5729a892b7b23640ddf6fcc5ce1812f013a78070f6c5,,124,"{""1024"": 124}"
Datos/Med_con_Decaimientos/Med Decaimiento 1/run_20260903_152154_idx16_selected.txt,4492095,986dff243a382c7c3b8c7449c4c840d090a04065b1c61cdd6c06dcbac4462149,,135,"{""1024"": 135}"
Datos/Med_con_Decaimientos/Med Decaimiento 1/run_20260903_152154_idx17_selected.txt,3959711,017954e1e88d28741cca168c1e7df02e5b20bd82620ee1ff6b5232fed21d08b1,,119,"{""1024"": 119}"
Datos/Med_con_Decaimientos/Med Decaimiento 1/run_20260903_152154_idx18_selected.txt,5190849,088cca6a37410c3638f3989850a5dab15ee4e3c6206b1da4bcb92ddeb3bf2f55,,156,"{""1024"": 156}"
Datos/Med_con_Decaimientos/Med Decaimiento 1/run_20260903_152154_idx19_selected.txt,4591917,2ba7935fbc888e91cedb3208e276c638ff9479a1d1cd8e48ceeef1b9d6e2ccbc,,138,"{""1024"": 138}"
Datos/Med_con_Decaimientos/Med Decaimiento 1/run_20260903_152154_idx1_selected.txt,4026137,74b7b7633106ba881e25d63c9ff2a17b144b647f76fc099de9aee8e7636d488d,,121,"{""1024"": 121}"
Datos/Med_con_Decaimientos/Med Decaimiento 1/run_20260903_152154_idx20_selected.txt,698862,74a50ea8ac27382465e5fc00ca6027c03a2b86b5ad16ce4cf0d6e27347ff16d5,,21,"{""1024"": 21}"
Datos/Med_con_Decaimientos/Med Decaimiento 1/run_20260903_152154_idx21_selected.txt,1164730,e697979f7812e58e22903be2ba0f5c8577dbb4399d2156d69e64708b2c0d5244,,35,"{""1024"": 35}"
Datos/Med_con_Decaimientos/Med Decaimiento 1/run_20260903_152154_idx22_selected.txt,4059655,778b7bbd1d396e3c78a3a839d45c9ca496c97b582215af026b6c9d30829fb711,,122,"{""1024"": 122}"
Datos/Med_con_Decaimientos/Med Decaimiento 1/run_20260903_152154_idx23_selected.txt,4492230,9bf2b3058736b4d577cdaaa9b6e8c8a058b30921efd508371a3a27edd1519ecd,,135,"{""1024"": 135}"
Datos/Med_con_Decaimientos/Med Decaimiento 1/run_20260903_152154_idx24_selected.txt,698880,66e30d089124e9d8a31a8e64a21103c8369a83615a0014d16d30e5b9c0f03987,,21,"{""1024"": 21}"
Datos/Med_con_Decaimientos/Med Decaimiento 1/run_20260903_152154_idx25_selected.txt,66655,19301aef51475eb815b4ff07b54bca4913ebb39e4e62af814776739a06ae3ecc,,2,"{""1024"": 2}"
Datos/Med_con_Decaimientos/Med Decaimiento 1/run_20260903_152154_idx26_selected.txt,4958080,e4f105947d321f3fed61a4ad62d8274e8e76070c0030e5e7d30d984c7449be70,,149,"{""1024"": 149}"
Datos/Med_con_Decaimientos/Med Decaimiento 1/run_20260903_152154_idx27_selected.txt,4558780,e35e92b1cff09d3aca8cd984d5026d3aa6ab0ada1289cf8fdbe32b89d375155d,,137,"{""1024"": 137}"
Datos/Med_con_Decaimientos/Med Decaimiento 1/run_20260903_152154_idx28_selected.txt,4392405,8b0d0a848d1d06ab02239fc89dad704a853cda181ad46be7e431b5564d89a7b6,,132,"{""1024"": 132}"
Datos/Med_con_Decaimientos/Med Decaimiento 1/run_20260903_152154_idx29_selected.txt,4059655,68a7a46c33b6446cba5d48a44ff6e977ac41a8fc1c5bcb5dc979e29758968bf9,,122,"{""1024"": 122}"
Datos/Med_con_Decaimientos/Med Decaimiento 1/run_20260903_152154_idx2_selected.txt,4159301,069229f597fac2ab267f2612eed3e1cbae03b14b00f9a37957656490ad63f9a6,,125,"{""1024"": 125}"
Datos/Med_con_Decaimientos/Med Decaimiento 1/run_20260903_152154_idx30_selected.txt,3893280,dd2ebc07d16c76c7a93e9e1f08508647be468d15e0673cab2072becf54a129f2,,117,"{""1024"": 117}"
Datos/Med_con_Decaimientos/Med Decaimiento 1/run_20260903_152154_idx31_selected.txt,4059655,afe9a3eea85a6f34f780d25eaa133fb89de116db33d126175e44b71f97254dbb,,122,"{""1024"": 122}"
Datos/Med_con_Decaimientos/Med Decaimiento 1/run_20260903_152154_idx32_selected.txt,2063155,b0272d77d5164702deae90c7aaea91f543e9f0a71fa72469a8858908c712d1ae,,62,"{""1024"": 62}"
Datos/Med_con_Decaimientos/Med Decaimiento 1/run_20260903_152154_idx33_selected.txt,499230,6ed2fb1a94c745471ba182165a12488f1d1021de8459e08cc83395feee5fe6a5,,15,"{""1024"": 15}"
Datos/Med_con_Decaimientos/Med Decaimiento 1/run_20260903_152154_idx34_selected.txt,732155,caf61db9127a1620bc18d28a2925296659a65221b5bdef8622a0fe144bee58f2,,22,"{""1024"": 22}"
Datos/Med_con_Decaimientos/Med Decaimiento 1/run_20260903_152154_idx35_selected.txt,332855,6a8bd94a547998d67c5da89db73c7874239be037d51aaccd62fd637bd5daecba,,10,"{""1024"": 10}"
Datos/Med_con_Decaimientos/Med Decaimiento 1/run_20260903_152154_idx36_selected.txt,465955,9f934fb058640c113e207ed0d84c76add16374197a9172c6c83f26d543df1ca5,,14,"{""1024"": 14}"
Datos/Med_con_Decaimientos/Med Decaimiento 1/run_20260903_152154_idx37_selected.txt,798705,8d3064b3267a8e94a192aec269859b664912c8f9f3f1cc53b7c566aaaa34e6d0,,24,"{""1024"": 24}"
Datos/Med_con_Decaimientos/Med Decaimiento 1/run_20260903_152154_idx38_selected.txt,831980,49c128e48c96679d06f62fb6188519f795f35e52cbc0bc8b3209c39c585a43be,,25,"{""1024"": 25}"
Datos/Med_con_Decaimientos/Med Decaimiento 1/run_20260903_152154_idx39_selected.txt,532505,d511f05358275033d7a0d680c8f0ba341936d4cacedc24e45c64620abc888ce4,,16,"{""1024"": 16}"
Datos/Med_con_Decaimientos/Med Decaimiento 1/run_20260903_152154_idx3_selected.txt,4325724,706a41012907c4f2cb7cde72a513bf28c1f91b041627ab2eb71fe77807306d19,,130,"{""1024"": 130}"
Datos/Med_con_Decaimientos/Med Decaimiento 1/run_20260903_152154_idx40_selected.txt,565780,fa9f503435094c97f545351a9eeaf2ac472a582cd34aca5c63ab82bd3521e5f0,,17,"{""1024"": 17}"
Datos/Med_con_Decaimientos/Med Decaimiento 1/run_20260903_152154_idx41_selected.txt,1231280,bf033530bc58f24e64e1edb31d414bdf0d0bf4d0b013c32495b0f784ce9da317,,37,"{""1024"": 37}"
Datos/Med_con_Decaimientos/Med Decaimiento 1/run_20260903_152154_idx42_selected.txt,2861755,0a9b045a0071a22fc49df12c9e78f4fc7c7401d8de14fd014bf567ea834ad411,,86,"{""1024"": 86}"
Datos/Med_con_Decaimientos/Med Decaimiento 1/run_20260903_152154_idx43_selected.txt,4924805,5a6ce2d99bc31d651870463cc5600ffcc54bcf4302af4bf38f12c03cd67469e1,,148,"{""1024"": 148}"
Datos/Med_con_Decaimientos/Med Decaimiento 1/run_20260903_152154_idx44_selected.txt,2628830,eb9a4eefa8c46eebfd4aac52eeac10ffb7621ddc81c73f0516497e8c4aca5182,,79,"{""1024"": 79}"
Datos/Med_con_Decaimientos/Med Decaimiento 1/run_20260903_152154_idx45_selected.txt,4558780,ff268dffd3a01cb31f2785160d7e6ec8cbfc07f00d2176238ebbee816616f1d1,,137,"{""1024"": 137}"
Datos/Med_con_Decaimientos/Med Decaimiento 1/run_20260903_152154_idx46_selected.txt,3860005,b3ee9c61fb5b84a140ef55c9de0a658a1083d55ec3fd20be4f5546aebdb851ac,,116,"{""1024"": 116}"
Datos/Med_con_Decaimientos/Med Decaimiento 1/run_20260903_152154_idx47_selected.txt,3926555,35c08502c5704ab0d45833b375cfdcc15e049af5abb58d33a2ab1b36205137ce,,118,"{""1024"": 118}"
Datos/Med_con_Decaimientos/Med Decaimiento 1/run_20260903_152154_idx48_selected.txt,4325855,fa8a1387baebff5b0555aa397608cf29f3ca17ac01c62e94a408145517bb8478,,130,"{""1024"": 130}"
Datos/Med_con_Decaimientos/Med Decaimiento 1/run_20260903_152154_idx49_selected.txt,2395905,a11358ac42845d5878f9d58b69a1617b6b7c498d29265f831856b8a3d6b68a29,,72,"{""1024"": 72}"
Datos/Med_con_Decaimientos/Med Decaimiento 1/run_20260903_152154_idx4_selected.txt,4059532,a1ca1394463c858ea9ab5bb7f5ca309ea7de8ded8b235af21333afbe12511849,,122,"{""1024"": 122}"
Datos/Med_con_Decaimientos/Med Decaimiento 1/run_20260903_152154_idx50_selected.txt,366130,929967cb30c7e3f84b03be4505fba724c3b1a816324da2cf487836c9b6e3918d,,11,"{""1024"": 11}"
Datos/Med_con_Decaimientos/Med Decaimiento 1/run_20260903_152154_idx51_selected.txt,3061405,1cab206c14869deb6558cac19a189dff21f5b823f233d182d3779b7a61de3c3b,,92,"{""1024"": 92}"
Datos/Med_con_Decaimientos/Med Decaimiento 1/run_20260903_152154_idx52_selected.txt,2296080,bc9ee0d11b6953b89c0447f2a22af823a79ee8aee673e42c4791e6d546ef0ba1,,69,"{""1024"": 69}"
Datos/Med_con_Decaimientos/Med Decaimiento 1/run_20260903_152154_idx5_selected.txt,3593696,7dfcbaf4e14f102f5e6e240472373c1e3ba07adbfa33249711c7e6683199b3cb,,108,"{""1024"": 108}"
Datos/Med_con_Decaimientos/Med Decaimiento 1/run_20260903_152154_idx6_selected.txt,4026258,44a076c6b911fd518f148cbbe7d17a0592b5d60d931582e2bf04e040f24d87f4,,121,"{""1024"": 121}"
Datos/Med_con_Decaimientos/Med Decaimiento 1/run_20260903_152154_idx7_selected.txt,4725012,3c24d9a651a0ea34d2ae831872959f1427342e332527d60be2519f139e002120,,142,"{""1024"": 142}"
Datos/Med_con_Decaimientos/Med Decaimiento 1/run_20260903_152154_idx8_selected.txt,4492094,530436f390864d59e29ee626e73e1902cf0327df290bcdae6ec6641824655acf,,135,"{""1024"": 135}"
Datos/Med_con_Decaimientos/Med Decaimiento 1/run_20260903_152154_idx9_selected.txt,4358998,31ba32b8121e658a0443bc247a6ec3c49a88ecee4e9ea3647a9c535d3517b05c,,131,"{""1024"": 131}"
Datos/Med_con_Decaimientos/PAblo/run_20260904_134314_idx403_selected.txt,4891678,df8153a7c5b3bf29e5549e13a1d70de46577e0476fb67231338995e5c9a84b46,,147,"{""1024"": 147}"
Datos/Med_con_Decaimientos/PAblo/run_20260904_134314_idx404_selected.txt,4325986,4480cb5ef1da0fdf0e0e1df16e33c0c0f11b9ab6c4822910e790b23d33d22511,,130,"{""1024"": 130}"
Datos/Med_con_Decaimientos/PAblo/run_20260904_134314_idx405_selected.txt,4692022,82b7b5dbc8102b837fdb1bcc07174c29fa0fb998316a829ad355e12567704949,,141,"{""1024"": 141}"
Datos/Med_con_Decaimientos/PAblo/run_20260904_134314_idx406_selected.txt,5124610,d75d4cec6e0b5df4085a5b8f9fe17b32ed30756a5b639c9c9d190f3536bb73ba,,154,"{""1024"": 154}"
Datos/Med_con_Decaimientos/PAblo/run_20260904_134314_idx407_selected.txt,4525642,45bbb75c1f24e4bbeeaa1b16aa68632303917f3267b38d170359510206616fa8,,136,"{""1024"": 136}"
Datos/Med_con_Decaimientos/PAblo/run_20260904_134314_idx408_selected.txt,4425814,916d5fa1e96e1b90dc6a33b70b11a35d7f1bbb9ccfb41a58b602185bcb84cc84,,133,"{""1024"": 133}"
Datos/Med_con_Decaimientos/PAblo/run_20260904_134314_idx409_selected.txt,4525642,77d64a6fae6cd2175e4f4f75880769ca72a597b1e7be224f5a08450e2f2b8cef,,136,"{""1024"": 136}"
Datos/Med_con_Decaimientos/PAblo/run_20260904_134314_idx410_selected.txt,4492366,942bc2fe5896fc2336b4f5b3c78e500fabbfd7716e44fe4b2ab4b9cfe49825da,,135,"{""1024"": 135}"
Datos/Med_con_Decaimientos/PAblo/run_20260904_134314_idx411_selected.txt,3959950,23fed653738cef9c658c98d2289a2f0dd8af06ffc7203a412158cd2350d76fde,,119,"{""1024"": 119}"
Datos/Med_con_Decaimientos/PAblo/run_20260904_134314_idx412_selected.txt,4891678,f6c0be43bbf5ab9f91e9f4f5c6bcba120738dc4e13bfa1f9816f3e01320c8291,,147,"{""1024"": 147}"
Datos/Med_con_Decaimientos/PAblo/run_20260904_134314_idx413_selected.txt,4392538,8cb9895d2c6d611bb4b50c204d78626700b90cd47ee43f0f153332eff53002c5,,132,"{""1024"": 132}"
Datos/Med_con_Decaimientos/PAblo/run_20260904_134314_idx414_selected.txt,3560638,6f1629d716194f4f4d77e2a64c22144d3ab177b08c31eb115d571ddd599f36f3,,107,"{""1024"": 107}"
Datos/Med_con_Decaimientos/PAblo/run_20260904_134314_idx415_selected.txt,4592194,b2d6d8d27319c94b2842b442ef7ddc4f91ba6042312b0daf2a6e2553d4533714,,138,"{""1024"": 138}"
Datos/Med_con_Decaimientos/PAblo/run_20260904_134314_idx416_selected.txt,4292710,51cffc58ec48d9229b1fb2e601a15dd8400103f6683070b5575f7a0937b9fec6,,129,"{""1024"": 129}"
Datos/Med_con_Decaimientos/PAblo/run_20260904_134314_idx417_selected.txt,4891678,9664f0c9f41322164777c684229883243bd9b797a948e5c8cc1f4461c65fac94,,147,"{""1024"": 147}"
Datos/Med_con_Decaimientos/PAblo/run_20260904_134314_idx418_selected.txt,4558918,e3007dfd5d296d437bc88816e644ec21b3d33cd8a5d5839c51099ee9c29a1325,,137,"{""1024"": 137}"
Datos/Med_con_Decaimientos/PAblo/run_20260904_134314_idx419_selected.txt,4459090,63cc8312b1f9140b4e75a21b3093f2f615830185ad055d720c60ade74657180f,,134,"{""1024"": 134}"
Datos/Med_con_Decaimientos/PAblo/run_20260904_134314_idx420_selected.txt,4592194,8b6cd95cece222e81bce03ced948f24cb0bc3ff644f9639a34512d782e325a6a,,138,"{""1024"": 138}"
Datos/Med_con_Decaimientos/PAblo/run_20260904_134314_idx421_selected.txt,4658746,dd2948b2326f0c984d962b2191dab4429f7a775defa8edb0642614493d0d030b,,140,"{""1024"": 140}"
Datos/Med_con_Decaimientos/PAblo/run_20260904_134314_idx422_selected.txt,5091334,5695c8f67128a3a06f9d68fe221b0700c116e7977de21c692fbcd155e09d915d,,153,"{""1024"": 153}"
Datos/Med_con_Decaimientos/PAblo/run_20260904_134314_idx423_selected.txt,4625470,890b2b4229f317d1c79391e52dbe39945f2db6873616d18ab0f88108a31592d1,,139,"{""1024"": 139}"
Datos/Med_con_Decaimientos/PAblo/run_20260904_134314_idx424_selected.txt,4525642,9d0e3d5bc80b9d0f382b52ec52f3f03c6484f62c25f86ae5d5bf6d31d820148f,,136,"{""1024"": 136}"
Datos/Med_con_Decaimientos/PAblo/run_20260904_134314_idx425_selected.txt,3826846,cbb4adc471116462b233ae033649eb4384e1fe5e59714e248ba32dbeafe16557,,115,"{""1024"": 115}"
Datos/Med_con_Decaimientos/PAblo/run_20260904_134314_idx426_selected.txt,4825126,c1b67ae5ea752d571b4c14a7f7913938d3a2cfce6cb791f8ee3572593863238f,,145,"{""1024"": 145}"
Datos/Med_con_Decaimientos/PAblo/run_20260904_134314_idx427_selected.txt,4392538,10b1faec4839330a8ab489042493e4eed3657d49d56996ad7f5e0adabc2e4081,,132,"{""1024"": 132}"
Datos/Med_con_Decaimientos/PAblo/run_20260904_134314_idx428_selected.txt,4725298,bb0dcdf6d368621826fd1b9b781b8a7a1d1ac60f98b4521157368ba0906edb6f,,142,"{""1024"": 142}"
Datos/Med_con_Decaimientos/PAblo/run_20260904_134314_idx429_selected.txt,4425814,786f72519aad3724c3f812faa739cfc34f80eef4d4881189336f270d274390de,,133,"{""1024"": 133}"
Datos/Med_con_Decaimientos/PAblo/run_20260904_134314_idx430_selected.txt,4226158,ad4d0b6807edbbf2824df93fb54a37c239eca510a8f31dba9b96ad557f967bca,,127,"{""1024"": 127}"
Datos/Med_con_Decaimientos/PAblo/run_20260904_134314_idx431_selected.txt,4592194,9159facc0af66f1de7403ce850a2183c49bdac5cac0ec0e97b4b000392df993d,,138,"{""1024"": 138}"
Datos/Med_con_Decaimientos/PAblo/run_20260904_134314_idx432_selected.txt,4725298,36211db6031bcb33f1311316e76777e1b29158eabbb7da45b1f38c1c53310591,,142,"{""1024"": 142}"
Datos/Med_con_Decaimientos/PAblo/run_20260904_134314_idx433_selected.txt,4292710,04ff27c74a6b8b953718e7f1598d24c1028b39b6f5146ba303c05c65d482a010,,129,"{""1024"": 129}"
Datos/Med_con_Decaimientos/PAblo/run_20260904_134314_idx434_selected.txt,5390818,d19279cedd8b8561a78e1610253ecb704a771a67e5d4a82dd28e7962c1053172,,162,"{""1024"": 162}"
Datos/Med_con_Decaimientos/PAblo/run_20260904_134314_idx435_selected.txt,4924954,2db47ce6c189785898fa20359c4c442e68f2e850ac808518e262d8150863704c,,148,"{""1024"": 148}"
Datos/Med_con_Decaimientos/PAblo/run_20260904_134314_idx436_selected.txt,5058058,595a0206fffecf995f73396a4320096385bfc447727774a68bfd95217666b48f,,152,"{""1024"": 152}"
Datos/Med_con_Decaimientos/PAblo/run_20260904_134314_idx437_selected.txt,5590474,6f011f7cbae3fb5b8ffdf4e396e0785e1ba4eeaa973b108aecfea2991d8c1516,,168,"{""1024"": 168}"
Datos/Med_con_Decaimientos/PAblo/run_20260904_134314_idx438_selected.txt,4359262,a6ce8da32fbedc946eeac7cd7bc7969e952f0474c879e83e095fba2e84840525,,131,"{""1024"": 131}"
Datos/Med_con_Decaimientos/PAblo/run_20260904_134314_idx439_selected.txt,5058058,5828816ab75fc88880a9d652fd5ae869cffa04ab4441718a610aee3daf9a63f9,,152,"{""1024"": 152}"
Datos/Med_con_Decaimientos/PAblo/run_20260904_134314_idx440_selected.txt,4592194,6dc3834d7201ec48dea55e3c76b876f14ef0ae7292723b01b9439e8f82a93916,,138,"{""1024"": 138}"
Datos/Med_con_Decaimientos/PAblo/run_20260904_134314_idx441_selected.txt,5024782,17654b55ae82d025b5bcd7e56be136c1015312dfcaea551952fab9c9f140e2fe,,151,"{""1024"": 151}"
Datos/Med_con_Decaimientos/PAblo/run_20260904_134314_idx442_selected.txt,4459090,9b73ce4fa33343118aac09b9a09a67eb4bb91548702224768625d7dc3999cae1,,134,"{""1024"": 134}"
Datos/Med_con_Decaimientos/PAblo/run_20260904_134314_idx443_selected.txt,4392538,4dfbd29b519acac36727e3a0a786dd99d11946b90c88cd28fe49b8d933c1309a,,132,"{""1024"": 132}"
Datos/Med_con_Decaimientos/PAblo/run_20260904_134314_idx444_selected.txt,4625470,e89745d6cfc01eb058453bd2ebe579420a0ef08d88132e5b45433021730a5fba,,139,"{""1024"": 139}"
Datos/Med_con_Decaimientos/PAblo/run_20260904_134314_idx445_selected.txt,4558918,853ff3895b43983562533f223bb94df747ea421ec879720317339c575594ce80,,137,"{""1024"": 137}"
Datos/Med_con_Decaimientos/PAblo/run_20260904_134314_idx446_selected.txt,4891678,9883d6a8eeeb2667d19470b3cf129b51f50729a8cfe1ede62d31b40c054e2f6a,,147,"{""1024"": 147}"
Datos/Med_con_Decaimientos/PAblo/run_20260904_134314_idx447_selected.txt,4725298,088ef8b43209603e238866dea713e9f39025cfb4121f7c42314a95bb08d5d899,,142,"{""1024"": 142}"
Datos/Med_con_Decaimientos/PAblo/run_20260904_134314_idx448_selected.txt,4558918,3736b508f09625b6a6bc3f2666a88e32bfd03e96cbaf850415a6e28a45b6e593,,137,"{""1024"": 137}"
Datos/Med_con_Decaimientos/PAblo/run_20260904_134314_idx449_selected.txt,5024782,4ac2175b1c87ce1107ff2cc139620f5c692e2d9c3d1ef162997ebcb06645d2a1,,151,"{""1024"": 151}"
Datos/Med_con_Decaimientos/PAblo/run_20260904_134314_idx450_selected.txt,4292710,692410c27f721a99ef818d1f9c6e0919c4b5acdcb85b3f464231b56d4467387b,,129,"{""1024"": 129}"
Datos/Med_con_Decaimientos/PAblo/run_20260904_134314_idx451_selected.txt,5124610,0f0a9542f94f05babb27515d79c2c2186ce870123b11a1eb8e20007c3e4c7bb3,,154,"{""1024"": 154}"
Datos/Med_con_Decaimientos/PAblo/run_20260904_134314_idx452_selected.txt,4924954,559423860bb62dd2aae52cb83897bbe93b5c3ec796bd20075dc12148f6f7dce6,,148,"{""1024"": 148}"
Datos/Med_con_Decaimientos/PAblo/run_20260904_134314_idx453_selected.txt,4159606,2767f9f9e6cce8abe5ec1e5f7c9ee5da7eebf0a862d47945cd1bc07cf7a2e625,,125,"{""1024"": 125}"
Datos/Med_con_Decaimientos/PAblo/run_20260904_134314_idx454_selected.txt,4226158,de594cdda382cd40501260daf7a4022d8c8f3cc7097c591b3691b16b7d0fea12,,127,"{""1024"": 127}"
Datos/Med_con_Decaimientos/PAblo/run_20260904_134314_idx455_selected.txt,4226158,bac9c168020ae5468f1a70a46e539ba2135237c19dceb0cfa443bbc512ff492b,,127,"{""1024"": 127}"
Datos/Med_con_Decaimientos/PAblo/run_20260904_134314_idx456_selected.txt,4658746,b221ef527ac089e2c68ec5365cbfc73eb5f146b204672c2ac6850cd280f8dd9c,,140,"{""1024"": 140}"
Datos/Med_con_Decaimientos/PAblo/run_20260904_134314_idx457_selected.txt,4825126,a0bb56e20b556a70635a6543f511c428bbe5ff2f97d99ad677372f0c1aeaa4cf,,145,"{""1024"": 145}"
Datos/Med_con_Decaimientos/PAblo/run_20260904_134314_idx458_selected.txt,4392538,afe4801a65f9fa6c7ade2fc39d7151c366ba64d94800ddcb0da7063c10e06ef5,,132,"{""1024"": 132}"
Datos/Med_con_Decaimientos/PAblo/run_20260904_134314_idx459_selected.txt,3727018,d83f083ea0604b5812e89d3af46bbd7c84e43a3fc5c3ff669279f783fb738318,,112,"{""1024"": 112}"
Datos/Med_con_Decaimientos/PAblo/run_20260904_134314_idx460_selected.txt,4159606,5a7c188a2aa3c5bddd6b416d79cb7227ba2be3677ba13a4417acc77cf8d3e477,,125,"{""1024"": 125}"
Datos/Med_con_Decaimientos/PAblo/run_20260904_134314_idx461_selected.txt,4858402,8f98ba0f0f894cf7a5f379d8ea0fbc5848c87b2ada1a7b8f423edcd9a07ea5a7,,146,"{""1024"": 146}"
Datos/Med_con_Decaimientos/PAblo/run_20260904_134314_idx462_selected.txt,4059778,fd5e645ff42fe4464ee24fe152fba3fd97b479967c8d6bcbf72bdc17cfeb0079,,122,"{""1024"": 122}"
Datos/Med_con_Decaimientos/PAblo/run_20260904_134314_idx463_selected.txt,4692022,4d066beec3c2ae3bbab6a21076a3432379e0d4c2276508f03c234f6e6b66669c,,141,"{""1024"": 141}"
Datos/Med_con_Decaimientos/PAblo/run_20260904_134314_idx464_selected.txt,5290990,e57e527f4c93d5ef53dc1b02b39765f7f0e7c0d6491df3dcd67caf7fba02ff90,,159,"{""1024"": 159}"
Datos/Med_con_Decaimientos/PAblo/run_20260904_134314_idx465_selected.txt,4924954,486fc736211008f7be8d8f1e20138e06d14bb6701c94b8474719ff9dee079424,,148,"{""1024"": 148}"
Datos/Med_con_Decaimientos/PAblo/run_20260904_134314_idx466_selected.txt,4192882,a9af5449e6fa90181faa20d73daa957b4722a78522a3f34d44b77ae8fa5ea2d6,,126,"{""1024"": 126}"
Datos/Med_con_Decaimientos/PAblo/run_20260904_134314_idx467_selected.txt,4226158,007e4236ea477f67269aba341a736aaba9ee1664b0fddc3146a9838679c7d7ff,,127,"{""1024"": 127}"
Datos/Med_con_Decaimientos/PAblo/run_20260904_134314_idx468_selected.txt,4991506,6c0819cee922a21bc442a4dc56ec8fb9b5951dadf05a38c89727e2fe3684b173,,150,"{""1024"": 150}"
Datos/Med_con_Decaimientos/PAblo/run_20260904_134314_idx469_selected.txt,4492366,633fcb61297ae9cdf156f8c2abf8b8b0ab473238ef4ab1ac191afafa2ddd6b4f,,135,"{""1024"": 135}"
Datos/Med_con_Decaimientos/PAblo/run_20260904_134314_idx470_selected.txt,5058058,d35382717bd68ca3064b3882ada79b5c1d030316d089b44b690e908e587f23a4,,152,"{""1024"": 152}"
Datos/Med_con_Decaimientos/PAblo/run_20260904_134314_idx471_selected.txt,3926674,23031a7d7ef315acbb93d54e36af57e93b685d7c8637a76553118a81262c3342,,118,"{""1024"": 118}"
Datos/Med_con_Decaimientos/PAblo/run_20260904_134314_idx472_selected.txt,4924954,b3c7ee82a31ef6d640eb2c07d9374ecaa84d61767c2af6dc62fffa57c4709b8d,,148,"{""1024"": 148}"
Datos/Med_con_Decaimientos/PAblo/run_20260904_134314_idx473_selected.txt,5557198,c951ab4fe82fa8227fc82174bb76efe89de3bc217baad33f182bc39bd3ec3c84,,167,"{""1024"": 167}"
Datos/Med_con_Decaimientos/PAblo/run_20260904_134314_idx474_selected.txt,3959950,a0d09b7e050a19185018e48402203fa2adbab50d7887cd3837fcf7913441e537,,119,"{""1024"": 119}"
Datos/Med_con_Decaimientos/PAblo/run_20260904_134314_idx475_selected.txt,4592194,254e35c7cbd0271cfe8abf0e97857d0dbe4cacd889d7bc14b364123043ceb56a,,138,"{""1024"": 138}"
Datos/Med_con_Decaimientos/PAblo/run_20260904_134314_idx476_selected.txt,4126330,f1f40f386a51c5339c3b785fd16098ae0887dd77b8daa120d915762f62594bb4,,124,"{""1024"": 124}"
Datos/Med_con_Decaimientos/PAblo/run_20260904_134314_idx477_selected.txt,5024782,071a108be37ee4fea1b4396a041ac309d86f9e0b2c1ba75bfcc61538855353f5,,151,"{""1024"": 151}"
Datos/Med_con_Decaimientos/PAblo/run_20260904_134314_idx478_selected.txt,4692022,8e9858add0d45854bf2851a7ecc32d4aa742f27897d8554e8c32b8ba0386a1da,,141,"{""1024"": 141}"
Datos/Med_con_Decaimientos/PAblo/run_20260904_134314_idx479_selected.txt,4525642,ffaac83b24d49f3d198abd6761cb84bf23a9649839d7439f65d6c8e8aecd1f2f,,136,"{""1024"": 136}"
Datos/Med_con_Decaimientos/PAblo/run_20260904_134314_idx480_selected.txt,4459090,a106a998a0af35be4857ded6b2d5b62292de79032d9d946916ec40bdb66df969,,134,"{""1024"": 134}"
Datos/Med_con_Decaimientos/PAblo/run_20260904_134314_idx481_selected.txt,4525642,01032e1ded531e22c704bbbb3b0f6b746afb449f8772cfbe20d7a338d75a5f3d,,136,"{""1024"": 136}"
Datos/Med_con_Decaimientos/PAblo/run_20260904_134314_idx482_selected.txt,5224438,22688f617f572b2959ddf53b5a3d5ab631ffac4495c8ada7d34ad4b990bf15e8,,157,"{""1024"": 157}"
Datos/Med_con_Decaimientos/PAblo/run_20260904_134314_idx483_selected.txt,4858402,0fafbc40eb41718b52d5487e9c3d936db12b00afc942ae3e7d598d34188fc000,,146,"{""1024"": 146}"
Datos/Med_con_Decaimientos/PAblo/run_20260904_134314_idx484_selected.txt,4459090,075650fc502c7c21a9d00beab528c1648bc41704586ca69179eadb754217cea9,,134,"{""1024"": 134}"
Datos/Med_con_Decaimientos/PAblo/run_20260904_134314_idx485_selected.txt,4525642,de8ec42079d21cdc1c6e7975802c5ad336843e1b6e19a94bcb1822b473113cb6,,136,"{""1024"": 136}"
Datos/Med_con_Decaimientos/PAblo/run_20260904_134314_idx486_selected.txt,4459090,365bd828829a0633a50ee9795c5e260ff99394e128332d9329413f78a44a826f,,134,"{""1024"": 134}"
Datos/Med_con_Decaimientos/PAblo/run_20260904_134314_idx487_selected.txt,5024782,cd0418a4847dce83d449c1b1f6769467229659d1759f0bf55592bb28c64940aa,,151,"{""1024"": 151}"
Datos/Med_con_Decaimientos/PAblo/run_20260904_134314_idx488_selected.txt,3893398,49b149e13c4cc84359e980b9466515e8fed09f5d19be671f143549d83546eda4,,117,"{""1024"": 117}"
Datos/Med_con_Decaimientos/PAblo/run_20260904_134314_idx489_selected.txt,4725298,2a9f88b40a27f2605b82c479c0f8c099f241314c0c6bdd1c68eb98a64e579898,,142,"{""1024"": 142}"
Datos/Med_con_Decaimientos/PAblo/run_20260904_134314_idx490_selected.txt,4692022,5203be3cef972f54db90deb446c0b796721aab239a32c025750d6ed92527057b,,141,"{""1024"": 141}"
Datos/Med_con_Decaimientos/PAblo/run_20260904_134314_idx491_selected.txt,4725298,80a1909c967c7a93f9d84c76297602fab481903d7e070c80d17090e112783863,,142,"{""1024"": 142}"
Datos/Med_con_Decaimientos/PAblo/run_20260904_134314_idx492_selected.txt,5324266,adcc0b304860e94aed1729d3de0821f18c14c6c6ba191a9976b52eb3a3537114,,160,"{""1024"": 160}"
Datos/Med_con_Decaimientos/PAblo/run_20260904_134314_idx493_selected.txt,4692022,44df206ce2d6a2fec1cf67a4ef3c12e53a606ca11c71f16e48ab971ddf98a511,,141,"{""1024"": 141}"
Datos/Med_con_Decaimientos/PAblo/run_20260904_134314_idx494_selected.txt,4791850,fc01766832ad537235ab842ec54dd04add7f2e8e62468ff1846fbd9908b03703,,144,"{""1024"": 144}"
Datos/Med_con_Decaimientos/PAblo/run_20260904_134314_idx495_selected.txt,4292710,a3e5f785012ce9a1b2439b946ba55dd1aa2fd1365a269535ad04985fa9379fe7,,129,"{""1024"": 129}"
Datos/Med_con_Decaimientos/PAblo/run_20260904_134314_idx496_selected.txt,4858402,751498e1e7344d6a922f7f611ea6292efd723067a07f4537025f7da0ebec393d,,146,"{""1024"": 146}"
Datos/Med_con_Decaimientos/PAblo/run_20260904_134314_idx497_selected.txt,4159606,8888696260c28aac05b97628925f33d4185fa651319716cd305241c924356191,,125,"{""1024"": 125}"
Datos/Med_con_Decaimientos/PAblo/run_20260904_134314_idx498_selected.txt,4658746,a442f47c6f017549309c1b0b6105ce61bb3c718d3ac9c86a94515d38e456fc14,,140,"{""1024"": 140}"
Datos/Med_con_Decaimientos/PAblo/run_20260904_134314_idx499_selected.txt,3360982,21c9af3c61f4d46308ec1499930489504ce224f0e3426d342d3ff62114f39bdd,,101,"{""1024"": 101}"
Datos/Med_con_Decaimientos/PAblo/run_20260904_134314_idx500_selected.txt,4791850,642a5ba04feedb38450374aa1f10c674af12b7f659229c3571a13de108ea2c2d,,144,"{""1024"": 144}"
Datos/Med_con_Decaimientos/PAblo/run_20260904_134314_idx501_selected.txt,4658746,31bc366c4363fb07ad4a605c20d07ae4d750fd7c471a05937bbc4e228ab874cf,,140,"{""1024"": 140}"
Datos/Med_con_Decaimientos/PAblo/run_20260904_134314_idx502_selected.txt,4858402,d81bc411bdfea8ec6a91df4f49c2f78fb8ee193bdc53a9479102ab37a7172500,,146,"{""1024"": 146}"
Datos/Med_con_Decaimientos/PAblo/run_20260904_134314_idx503_selected.txt,4259434,9c4cb2ad2fa58b443e915c0f462ffa165fe5be80452666ecf237f15c2e75e303,,128,"{""1024"": 128}"
Datos/Med_con_Decaimientos/PAblo/run_20260904_134314_idx504_selected.txt,4259434,3810f12d8283d3718b37f445552f4b681e84cf0c2bbd72c6c1cd9465487fa187,,128,"{""1024"": 128}"
Datos/Med_con_Decaimientos/PAblo/run_20260904_134314_idx505_selected.txt,3959950,eb8bc4c7d575dd39feee586d57115877424ed8d6059a96096e7bfc3ea90a3e56,,119,"{""1024"": 119}"
Datos/Med_con_Decaimientos/PAblo/run_20260904_134314_idx506_selected.txt,5091334,edb7c3947ce96eab6b9d5dd5cebd0e0553b39874f8d1d4d9fd35aeb05420006e,,153,"{""1024"": 153}"
Datos/Med_con_Decaimientos/PAblo/run_20260904_134314_idx507_selected.txt,4592194,a82c7f41ce0c5e027b984283f6d7e8a74e47d94ea1e53e9fefddef5c63188ade,,138,"{""1024"": 138}"
Datos/Med_con_Decaimientos/PAblo/run_20260904_134314_idx508_selected.txt,3860122,cdeb4e7b286cca6998a225c7abfcf04acdd8d73a2757a7d13e1261a4adca405c,,116,"{""1024"": 116}"
Datos/Med_con_Decaimientos/PAblo/run_20260904_134314_idx509_selected.txt,4525642,3002dd4eef8e5f34385c0064fb9dd21a822467e16991a19895a562f6ca27755c,,136,"{""1024"": 136}"
Datos/Med_con_Decaimientos/PAblo/run_20260904_134314_idx510_selected.txt,4758574,7a249b8cd227eab2db94709c7ebce511d84be2b829c7b3ab3a534a5198f0c82f,,143,"{""1024"": 143}"
Datos/Med_con_Decaimientos/PAblo/run_20260904_134314_idx511_selected.txt,4093054,b5d670576ea5d2c9956df45c90b0b8e76f59338c984c4c29fb95d5eaf6f3146b,,123,"{""1024"": 123}"
Datos/Med_con_Decaimientos/PAblo/run_20260904_134314_idx512_selected.txt,3959950,ef55ca8bd374fe52018dbbfa999153f1306ad1221f385a4aed1221e2c667c86a,,119,"{""1024"": 119}"
Datos/Med_con_Decaimientos/PAblo/run_20260904_134314_idx513_selected.txt,4525642,3f1b82016d3fef81ac650af57a11ce8d0fe98ba26068e928a6a6ad6b4cd0c3ab,,136,"{""1024"": 136}"
Datos/Med_con_Decaimientos/PAblo/run_20260904_134314_idx514_selected.txt,4459090,c6c8a1a422cdf48109eb083e7383c84ac180b3587e5206319ba9f2b4a452248d,,134,"{""1024"": 134}"
Datos/Med_con_Decaimientos/PAblo/run_20260904_134314_idx515_selected.txt,4791850,b4ab67f7cd008e5fac6bd018ec5b56e6b37c665964861c551b41e376329bb2cd,,144,"{""1024"": 144}"
Datos/Med_con_Decaimientos/PAblo/run_20260904_134314_idx516_selected.txt,4159606,9175ce8b23f190899466cdbdc3f18a323e6cdb34c867e50379b28098c6b5a9ee,,125,"{""1024"": 125}"
Datos/Med_con_Decaimientos/PAblo/run_20260904_134314_idx517_selected.txt,4991506,0995a368120c6a9aac7dce6710d3e0f9db57d17bfc0771a8042066d79a567536,,150,"{""1024"": 150}"
Datos/Med_con_Decaimientos/PAblo/run_20260904_134314_idx518_selected.txt,4059778,957ff22b75c38e7ff797f7f5c5cc0d03a5ba0a5d86d94a3ae7c02e9b6d790523,,122,"{""1024"": 122}"
Datos/Med_con_Decaimientos/PAblo/run_20260904_134314_idx519_selected.txt,4392538,3f2298ed82e5ceaee9d324afd161e95da8a0f2b7889666aa039292ff75110702,,132,"{""1024"": 132}"
Datos/Med_con_Decaimientos/PAblo/run_20260904_134314_idx520_selected.txt,3993226,3235d34ecb3c65f633cab4a1256c20c58e9d0badc64324b58a5a0e59b555de81,,120,"{""1024"": 120}"
Datos/Med_con_Decaimientos/PAblo/run_20260904_134314_idx521_selected.txt,4725298,aeaa1132da6fa11348b89e9831808e95e3065e3fa8a6c808e567aa0d69390b6c,,142,"{""1024"": 142}"
Datos/Med_con_Decaimientos/PAblo/run_20260904_134314_idx522_selected.txt,4459090,0ab0b31433a78111c39129b84c260a8091fcc63272f9d3bcaff4cc6f52e7b0ca,,134,"{""1024"": 134}"
Datos/Med_con_Decaimientos/PAblo/run_20260904_134314_idx523_selected.txt,4492366,1f796cbde57792ef5a3b8de024eec33e0febb83cc9b4b47afa3707397eeb24c4,,135,"{""1024"": 135}"
Datos/Med_con_Decaimientos/PAblo/run_20260904_134314_idx524_selected.txt,4991506,31ad079113d304e9b5ec251bc6a2f57ad72d166d595441c5f964f685f27a581f,,150,"{""1024"": 150}"
Datos/Med_con_Decaimientos/PAblo/run_20260904_134314_idx525_selected.txt,4093054,3b8d3060fe0b5f21030eb151883138b229e5fca47c02456f663d438fcc4071ef,,123,"{""1024"": 123}"
Datos/Med_con_Decaimientos/PAblo/run_20260904_134314_idx526_selected.txt,4459090,e97582ade26ac3b8a2f96db0109d385917b08f275dd6eb6e35e87b7b51bac16d,,134,"{""1024"": 134}"
Datos/Med_con_Decaimientos/PAblo/run_20260904_134314_idx527_selected.txt,4791850,c9c0f12a7ce23169de97b909ba2c31cb63e63f21e47ee3aae0c97b83dca41ded,,144,"{""1024"": 144}"
Datos/Med_con_Decaimientos/PAblo/run_20260904_134314_idx528_selected.txt,4858402,4b8090007ff3e08327dee99f7c9ceefb251c2a9346b3566119544bd7e2025c33,,146,"{""1024"": 146}"
Datos/Med_con_Decaimientos/PAblo/run_20260904_134314_idx529_selected.txt,4592194,3693c7b36f70f129f8e9e9a6f769d15f267e4710b975b6863f6b4564d1126b09,,138,"{""1024"": 138}"
Datos/Med_con_Decaimientos/PAblo/run_20260904_134314_idx530_selected.txt,4292710,fec52ef6545acec801b8b6616eecd8f55e71dd5bc9a311ccd2af2dd6d0053986,,129,"{""1024"": 129}"
Datos/Med_con_Decaimientos/PAblo/run_20260904_134314_idx531_selected.txt,4325986,12edf8c4c2b181590d616a2f0c539472d6b63773b667fb0c79f0e28b4b6e5630,,130,"{""1024"": 130}"
Datos/Med_con_Decaimientos/PAblo/run_20260904_134314_idx532_selected.txt,4492366,2ea1cf9830ef36953b7f65186f7e2ced0239e36179370ffbc29fb40b8e7656a6,,135,"{""1024"": 135}"
Datos/Med_con_Decaimientos/PAblo/run_20260904_134314_idx533_selected.txt,4359262,0a13d41098cf403bb9730ae7a5954974485b596d7177b8846966e77dff85680a,,131,"{""1024"": 131}"
Datos/Med_con_Decaimientos/PAblo/run_20260904_134314_idx534_selected.txt,4292710,dffc8736b29133e72c625e4726b699f1ed459886446aa58cff099aba96c53f47,,129,"{""1024"": 129}"
Datos/Med_con_Decaimientos/PAblo/run_20260904_134314_idx535_selected.txt,4725298,36ae7d19cdbaf48565eae5dd078f18e4d3bddf14292f2aca2585299d71722778,,142,"{""1024"": 142}"
Datos/Med_con_Decaimientos/PAblo/run_20260904_134314_idx536_selected.txt,4325986,0dfc610234c7aab2abc7e6082891350175c66ad52366832c0d43d7c07749cc8b,,130,"{""1024"": 130}"
Datos/Med_con_Decaimientos/PAblo/run_20260904_134314_idx537_selected.txt,4259434,c03872f78a0fb37ab09cd71bf7e88d52f47e30f5db4e68b8cfadba081cb3d88e,,128,"{""1024"": 128}"
Datos/Med_con_Decaimientos/PAblo/run_20260904_134314_idx538_selected.txt,3793570,f5cb9b69554b18e15cc2856f86403e52178a1044a7883c0fda30e666ee662d6c,,114,"{""1024"": 114}"
Datos/Med_con_Decaimientos/PAblo/run_20260904_134314_idx539_selected.txt,5091334,9ac3535d0d49f7bb3e13ccb3e2d23b9154fd75a843ff67f6d4e42c9c28cfa62b,,153,"{""1024"": 153}"
Datos/Med_con_Decaimientos/PAblo/run_20260904_134314_idx541_selected.txt,4359262,db611b49c6373d40b8db7dde733006d5a2f3ee2740f1a2ebe7a71e1bfb13bb0b,,131,"{""1024"": 131}"
Datos/Med_con_Decaimientos/PAblo/run_20260904_134314_idx542_selected.txt,4924954,87b423fb513875e8c985f088c8e268e3217a9868f2bc2f1b1fbcdba0cca80043,,148,"{""1024"": 148}"
Datos/Med_con_Decaimientos/PAblo/run_20260904_134314_idx543_selected.txt,3593914,19b57c0fa751d2211379db6dd4bca50285097375e9f264662e5cc9ac99b8f058,,108,"{""1024"": 108}"
Datos/Med_con_Decaimientos/PAblo/run_20260904_134314_idx544_selected.txt,4292710,de22c872b814396208b2789a0e1f8ec0c5d1c61898ff58a70cceb24c175d4478,,129,"{""1024"": 129}"
Datos/Med_con_Decaimientos/PAblo/run_20260904_134314_idx545_selected.txt,4392538,7e52d82da2d24a0dd6ffab5869b658c1ae07042f155cde40a8e61c91efb69a8f,,132,"{""1024"": 132}"
Datos/Med_con_Decaimientos/PAblo/run_20260904_134314_idx546_selected.txt,5024782,f6e43e4c324a0d880c9d4b7210b1377075255a774acaf47e4462de441d09fb53,,151,"{""1024"": 151}"
Datos/Med_con_Decaimientos/PAblo/run_20260904_134314_idx548_selected.txt,4359262,6f2f5ef275b199686af2a26cdf95234d96c3407d1b6bcccca3c29838563f1d67,,131,"{""1024"": 131}"
Datos/Med_con_Decaimientos/PAblo/run_20260904_134314_idx549_selected.txt,4292710,dfee1b522beeb9b77a8b6c3caf0ec9f12cfe9e1b275fcd10f62b354f73524490,,129,"{""1024"": 129}"
Datos/Med_con_Decaimientos/PAblo/run_20260904_134314_idx550_selected.txt,4625470,79ffb0b90ff7c6928a09982bedbedddca0499d7e8e8c63c23c54c7848e4c3cb9,,139,"{""1024"": 139}"
Datos/Med_con_Decaimientos/PAblo/run_20260904_134314_idx551_selected.txt,4392538,a3d02e8d699c45dd1c15ffc478982e1b5fe2e7ad9f64ce61a3d5be3c23ce2d0f,,132,"{""1024"": 132}"
Datos/Med_con_Decaimientos/PAblo/run_20260904_134314_idx552_selected.txt,4625470,4c512d5a3d731049f08c3923a7850fffaec351c60f9c0d8aca1b981206e0e32f,,139,"{""1024"": 139}"
Datos/Med_con_Decaimientos/PAblo/run_20260904_134314_idx553_selected.txt,4692022,30690b0882954fe44da35d213c81c2449eeafa99b484683f40cc59903dea3b32,,141,"{""1024"": 141}"
Datos/Med_con_Decaimientos/PAblo/run_20260904_134314_idx554_selected.txt,4692022,6aac2239a453af39e2d4bc2cfcf4576321e43076bac119c9e66c09c49b73312d,,141,"{""1024"": 141}"
Datos/Med_con_Decaimientos/PAblo/run_20260904_134314_idx555_selected.txt,4425814,b3c6a130ea3935eccb68c51c61ab5fa1689a1b6705fb5b7330663c25553c37b4,,133,"{""1024"": 133}"
Datos/Med_con_Decaimientos/PAblo/run_20260904_134314_idx556_selected.txt,4692022,afed4b4d5363a40907120cf3be210c08b0fb752c3ce86ce4cb64ca22879763fb,,141,"{""1024"": 141}"
Datos/Med_con_Decaimientos/PAblo/run_20260904_134314_idx557_selected.txt,4492366,098bbd1a4967c91f0442d0cdc1a1775460d7cfd15866338219dcbe2555632592,,135,"{""1024"": 135}"
Datos/Med_con_Decaimientos/PAblo/run_20260904_134314_idx558_selected.txt,4392538,46640639b8f9c5dc782a02bd40a46dfb6bdf26c8d55487a31f7bb97659fc1a6e,,132,"{""1024"": 132}"
Datos/Med_con_Decaimientos/PAblo/run_20260904_134314_idx559_selected.txt,4758574,7a4c7f4a7fea14d8862a56932a920fd7a7b00bccac573f90c0775c901b85da53,,143,"{""1024"": 143}"
Datos/Med_con_Decaimientos/PAblo/run_20260904_134314_idx560_selected.txt,4093054,19fdad1a7db561dda74bf7e3865215157a00c060b3206923a6c93cc47e18480d,,123,"{""1024"": 123}"
Datos/Med_con_Decaimientos/PAblo/run_20260904_134314_idx561_selected.txt,4492366,4e8f27e60ab1317849a9b6205bf84376bcc8c750dfb0b9619510348dd409738f,,135,"{""1024"": 135}"
Datos/Med_con_Decaimientos/PAblo/run_20260904_134314_idx562_selected.txt,4758574,81ed68600e8fc0f45d26961ef3c02424057430fb865475329cc0f91d5e5af5b1,,143,"{""1024"": 143}"
Datos/Med_con_Decaimientos/PAblo/run_20260904_134314_idx563_selected.txt,4924954,c61c0f84b01893cf53ec70d33c3a26e4b27577a405606a40f04dd1a01afb87e5,,148,"{""1024"": 148}"
Datos/Med_con_Decaimientos/PAblo/run_20260904_134314_idx564_selected.txt,4692022,f68fb064a3541f2874eea64f74ba68cc9f22054bc15fa84e02f89e2ff9678150,,141,"{""1024"": 141}"
Datos/Med_con_Decaimientos/PAblo/run_20260904_134314_idx565_selected.txt,4791850,5731051b7601379da9df80d4b0d00f3f699b55e089bcd1e174b70f0728840435,,144,"{""1024"": 144}"
Datos/Med_con_Decaimientos/PAblo/run_20260904_134314_idx566_selected.txt,3993226,d5852afc229d1f0882c61b2f2fa0b806f333b51ddddf4ddf9f38a6bb97fcd7a2,,120,"{""1024"": 120}"
Datos/Med_con_Decaimientos/PAblo/run_20260904_134314_idx567_selected.txt,4525642,cad94b9c1aa1028ea599e70915319d63cdf64de5ee776f4bd7b2e73043eaafad,,136,"{""1024"": 136}"
Datos/Med_con_Decaimientos/PAblo/run_20260904_134314_idx568_selected.txt,4825126,9b8c3b078f7d2bc3e9ee9df1abbc343b0342eabe8aa0003d1cfac95abacab81d,,145,"{""1024"": 145}"
Datos/Med_con_Decaimientos/PAblo/run_20260904_134314_idx569_selected.txt,4226158,9e10f91e74a13fead3c12b6e70f9ce3097f9880db2dd1648216aeae48d4664f1,,127,"{""1024"": 127}"
Datos/Med_con_Decaimientos/PAblo/run_20260904_134314_idx570_selected.txt,4126330,618d13bd57712c07858a7931841d796baf7acb60a697461a090d06a9168e27d4,,124,"{""1024"": 124}"
Datos/Med_con_Decaimientos/PAblo/run_20260904_134314_idx571_selected.txt,5157886,8caf7e6bec7695f4ee96cc412c790f09b5b58bf3126c33497c9c6107f2b59242,,155,"{""1024"": 155}"
Datos/Med_con_Decaimientos/PAblo/run_20260904_134314_idx572_selected.txt,5257714,0b978b1e5fc30bf9635afa980e4ce52ff46c157b9688075f297108031fd50b8f,,158,"{""1024"": 158}"
Datos/Med_con_Decaimientos/PAblo/run_20260904_134314_idx573_selected.txt,4924954,ff78721b5fb10c4ff391cbf27229016b5f19167ab27abf2e3065edd91b4c0f92,,148,"{""1024"": 148}"
Datos/Med_con_Decaimientos/PAblo/run_20260904_134314_idx574_selected.txt,4558918,505b0a5846e17cdbcd8aed9ed017141843bc884b24e345b46fb2d4d4f510d4d6,,137,"{""1024"": 137}"
Datos/Med_con_Decaimientos/PAblo/run_20260904_134314_idx575_selected.txt,4259434,dc642e8d2cd016aa8eb7d67faa9a3da1d0feb44ec5a281fbc26b2f3f1b6d2c1a,,128,"{""1024"": 128}"
Datos/Med_con_Decaimientos/PAblo/run_20260904_134314_idx576_selected.txt,5290990,28c17e3e6ef879d2be45582a92132b0119b9c9bc8bab59ccd7cce59d5f83798d,,159,"{""1024"": 159}"
Datos/Med_con_Decaimientos/PAblo/run_20260904_134314_idx577_selected.txt,4159606,17a6733d85edd6817ba4fde0612fcc3541e1263bcfdd6bc78f5c43dbc608d781,,125,"{""1024"": 125}"
Datos/Med_con_Decaimientos/PAblo/run_20260904_134314_idx578_selected.txt,4891678,ea48d1f7c583e301108f92f5b37bda2921766b0c76d166655acb34e01aa8e2df,,147,"{""1024"": 147}"
Datos/Med_con_Decaimientos/PAblo/run_20260904_134314_idx579_selected.txt,5091334,aac2cbf534827af2cde16f359faa5987c6e86fbabb6b201dbf2bf59114821894,,153,"{""1024"": 153}"
Datos/Med_con_Decaimientos/PAblo/run_20260904_134314_idx580_selected.txt,4459090,69cc711b3850f4ee52074f4029d089433cd3adfef2527b3c46d79d017d167475,,134,"{""1024"": 134}"
Datos/Med_con_Decaimientos/PAblo/run_20260904_134314_idx581_selected.txt,5124610,7e7b4204ec505031d3409db6741278c14014df51d55eb8d0964d9ce8f3a12055,,154,"{""1024"": 154}"
Datos/Med_con_Decaimientos/PAblo/run_20260904_134314_idx582_selected.txt,4791850,41ab005c4c051af56d1dd5433a41cbca8022bb158e38707d536d43c54a540588,,144,"{""1024"": 144}"
Datos/Med_con_Decaimientos/PAblo/run_20260904_134314_idx583_selected.txt,3926674,90638a5f17f93d8da38aff1040a6838e2f00c08ecaad339d81feeb3b1b9eccbf,,118,"{""1024"": 118}"
Datos/Med_con_Decaimientos/PAblo/run_20260904_134314_idx584_selected.txt,3660466,1f3c4770017afef581de49f9978148b5e3277269485e16ae9dd76d2d2247a608,,110,"{""1024"": 110}"
Datos/Med_con_Decaimientos/PAblo/run_20260904_134314_idx585_selected.txt,4858402,6d4d1ab651fe511f3be1901dbf5167217bddc63a25739f6d3f86716102d04969,,146,"{""1024"": 146}"
Datos/Med_con_Decaimientos/PAblo/run_20260904_134314_idx586_selected.txt,4758574,cdaaed8ed7f7d77ae8ba395fb76ead149e73057cba43c43e1652dfcd7136a0f8,,143,"{""1024"": 143}"
Datos/Med_con_Decaimientos/PAblo/run_20260904_134314_idx587_selected.txt,5557198,7c2370348826f3fd9614b919e63000a852d4db51b004aff0858f825259ca9037,,167,"{""1024"": 167}"
Datos/Med_con_Decaimientos/PAblo/run_20260904_134314_idx588_selected.txt,4725298,e64029703fd1ba23977c610da25942b5b2430b6dfd5fa2bb9a25eb9c82575307,,142,"{""1024"": 142}"
Datos/Med_con_Decaimientos/PAblo/run_20260904_134314_idx589_selected.txt,4558918,16bc79301c342f5e5c379c9e56e71fdfcd0bf3231788602dd30ef0f89369fbf2,,137,"{""1024"": 137}"
Datos/Med_con_Decaimientos/PAblo/run_20260904_134314_idx590_selected.txt,4924954,43f3be8a7260b8ad47a014e6c3627ebf8118827ca1f8fac649707f3df82f59c5,,148,"{""1024"": 148}"
Datos/Med_con_Decaimientos/PAblo/run_20260904_134314_idx591_selected.txt,5324266,d454c5d09d00c6151fa581299e583063dff05b09bf7e475088eaec1a3e828f8a,,160,"{""1024"": 160}"
Datos/Med_con_Decaimientos/PAblo/run_20260904_134314_idx592_selected.txt,4791850,b37ab50d29e0c77ad3deade7e871da8a82c01dc498b1682ba56d1815fb324be1,,144,"{""1024"": 144}"
Datos/Med_con_Decaimientos/PAblo/run_20260904_134314_idx593_selected.txt,5324266,8c99da94f2a2dc2f9d102df7e92df00c09f77222e7f06e4cfc711f0bf6a6f1a3,,160,"{""1024"": 160}"
Datos/Med_con_Decaimientos/PAblo/run_20260904_134314_idx594_selected.txt,5157886,ff8c36845151b60530d54c108c80fc179372d9d331eef6b52f23f9d835bba5f9,,155,"{""1024"": 155}"
Datos/Med_con_Decaimientos/PAblo/run_20260904_134314_idx595_selected.txt,4991506,a345293f6b7a53c66310449f2a078bc93e9feaacd31d02732bb95db4a1ad0f03,,150,"{""1024"": 150}"
Datos/Med_con_Decaimientos/PAblo/run_20260904_134314_idx596_selected.txt,4525642,da38a267f8d57d3aa571eff8ff25c1d7fc61d7b42090e6120bf9a13e8deeb884,,136,"{""1024"": 136}"
Datos/Med_con_Decaimientos/PAblo/run_20260904_134314_idx597_selected.txt,4991506,67596d6a98d338b31e62535f7bc3903ab86aa141fa1d88415c071b6f660e4045,,150,"{""1024"": 150}"
Datos/Med_con_Decaimientos/PAblo/run_20260904_134314_idx598_selected.txt,4093054,cc08f20fd9c8ee31c3687da8b160ee0fff5e411824d16c35174d30243e2417b4,,123,"{""1024"": 123}"
Datos/Med_con_Decaimientos/PAblo/run_20260904_134314_idx599_selected.txt,4292710,db84344c7c037df86e8460d7f91a951d59a2e01850d718a4de145f5eaab85780,,129,"{""1024"": 129}"
Datos/Med_con_Decaimientos/PAblo/run_20260904_134314_idx600_selected.txt,4924954,c3b2233644acf6a4fbd0a3d4cd6c1c347cf3c3a3c0c4746d78a56dd224b26ab1,,148,"{""1024"": 148}"
Datos/Med_con_Decaimientos/PAblo/run_20260904_134314_idx601_selected.txt,4991506,803894bb7f35bb045f3d19d0ffd1f18058f87c3307815901039707b0a45a13b1,,150,"{""1024"": 150}"
Datos/Med_con_Decaimientos/PAblo/run_20260904_134314_idx602_selected.txt,4592194,08310af67093d9256f6df44f77443eeae4c36e5047e2f77b62834510bf895bee,,138,"{""1024"": 138}"
Datos/Med_con_Decaimientos/PAblo/run_20260904_134314_idx603_selected.txt,4425814,a2c505fa9e2a56478b2b6005e18941686398fa9c4302b68370fc424be7eb2a71,,133,"{""1024"": 133}"
Datos/Med_con_Decaimientos/PAblo/run_20260904_134314_idx604_selected.txt,4026502,4b512004a0cd204c7583ba9c1efc0abe762df5a5668ed41233a13d76bd85d2f2,,121,"{""1024"": 121}"
Datos/Med_con_Decaimientos/PAblo/run_20260904_134314_idx605_selected.txt,4592194,53b915e9dcbaa5d32a4549a7bc31b34acd0f762482113e3db72775d126f4d72a,,138,"{""1024"": 138}"
Datos/Med_con_Decaimientos/PAblo/run_20260904_134314_idx606_selected.txt,4825126,aa90bff028b88cbbb5e0bb280836c7e29c40fcd6b93564e5e9490aab66df6e8e,,145,"{""1024"": 145}"
Datos/Med_con_Decaimientos/PAblo/run_20260904_134314_idx607_selected.txt,4958230,e2a23a0155f72a22e64499604ae2afea5e76a11d46bbe651ec97f2c9702de309,,149,"{""1024"": 149}"
Datos/Med_con_Decaimientos/PAblo/run_20260904_134314_idx608_selected.txt,4026502,2216e9df0ff1e400cf5de406c4207d0714ea48fe761114b04dae5fe7133ded5b,,121,"{""1024"": 121}"
Datos/Med_con_Decaimientos/PAblo/run_20260904_134314_idx609_selected.txt,4825126,d199aca523b5ce2f72d1e0fd982953136501ef41c4d61f686906818f1e11e053,,145,"{""1024"": 145}"
Datos/Med_con_Decaimientos/PAblo/run_20260904_134314_idx610_selected.txt,5224438,bba054b8d061ea1979084e00dfd25cfbc2b6c6733bb9278a7eb6b4050714142e,,157,"{""1024"": 157}"
Datos/Med_con_Decaimientos/PAblo/run_20260904_134314_idx611_selected.txt,5989786,5d7e899ccf093a5e8d9eabec99945163514696994f16a9755be6689fe45eef7d,,180,"{""1024"": 180}"
Datos/Med_con_Decaimientos/PAblo/run_20260904_134314_idx612_selected.txt,4259434,e699e9950a1b2a2fe78ef962ec788e1244070544862c37ec1ce65abacdd282c6,,128,"{""1024"": 128}"
Datos/Med_con_Decaimientos/PAblo/run_20260904_134314_idx613_selected.txt,4325986,9d3790d4c99d0ef421db981365eef402631317355e725f59933e5ad443e96876,,130,"{""1024"": 130}"
Datos/Med_con_Decaimientos/PAblo/run_20260904_134314_idx614_selected.txt,4858402,6d340eaa4c9118612a8a25bd9db891f84d7ecb1b672fb0e1173ea128c5ddf4d7,,146,"{""1024"": 146}"
Datos/Med_con_Decaimientos/PAblo/run_20260904_134314_idx615_selected.txt,4825126,54829127a6cac3c15c82e85ba2b4c129e40f021128a997e139d4a67c916a8256,,145,"{""1024"": 145}"
Datos/Med_con_Decaimientos/PAblo/run_20260904_134314_idx616_selected.txt,5024782,65a79f54f8a4c48c397672a78ed522f59f950c8e782baf7833ba46577bce5563,,151,"{""1024"": 151}"
Datos/Med_con_Decaimientos/PAblo/run_20260904_134314_idx617_selected.txt,4093054,7e7188a9cb79f3fbc293c4a6bd28984903b5ecf5997d578e4fc7ec01cf2141a1,,123,"{""1024"": 123}"
Datos/Med_con_Decaimientos/PAblo/run_20260904_134314_idx618_selected.txt,4192882,01b4df2392b117a521eba830e819ab6680bf0c4f49e0efe6332de2cf7b525078,,126,"{""1024"": 126}"
Datos/Med_con_Decaimientos/PAblo/run_20260904_134314_idx619_selected.txt,4991506,15865c40a10bb3dcb653de81e9f28d45436ee1c720ed29505c16a2ab35303b82,,150,"{""1024"": 150}"
Datos/Med_con_Decaimientos/PAblo/run_20260904_134314_idx620_selected.txt,4292710,c02fb3ee2651bb091b0e1095e7d93898bf98d5ecd2b2f2b6324599ff71ca27fd,,129,"{""1024"": 129}"
Datos/Med_con_Decaimientos/PAblo/run_20260904_134314_idx621_selected.txt,4592194,1ba6db04ea4345df9ea6dc6150836245a1eae42c548fd17c062d92ac3bc3cb70,,138,"{""1024"": 138}"
Datos/Med_con_Decaimientos/PAblo/run_20260904_134314_idx622_selected.txt,4159606,d490bce64631ea20052e7207e982db339845fc8ad6bf934c42c32ce6691add2f,,125,"{""1024"": 125}"
Datos/Med_con_Decaimientos/PAblo/run_20260904_134314_idx623_selected.txt,4891678,068979a9cb00e614d78b50d2c2f2dc23bc8fcf565b47d97b5804f571e5b1623c,,147,"{""1024"": 147}"
Datos/Med_con_Decaimientos/PAblo/run_20260904_134314_idx624_selected.txt,5124610,0ac757c0ab0307889de709ecacbb5bfdbd64e54353410c784082c69f79b4a95c,,154,"{""1024"": 154}"
Datos/Med_con_Decaimientos/PAblo/run_20260904_134314_idx625_selected.txt,4425814,fba33b6c5e16ca7c2df5679e6d60a140e05070ee074899dbf85e43984abdefc7,,133,"{""1024"": 133}"
Datos/Med_con_Decaimientos/PAblo/run_20260904_134314_idx626_selected.txt,4558918,cf93b71ddafe2b7d3281bf2b15d4f1487878ab1b9ace10ec8d934384443f0f56,,137,"{""1024"": 137}"
Datos/Med_con_Decaimientos/PAblo/run_20260904_134314_idx627_selected.txt,4226158,aaa93efbc53dcba3ec6618ec620c5d07b9d55c2f1c8fccf8be3699c87f62e9dc,,127,"{""1024"": 127}"
Datos/Med_con_Decaimientos/PAblo/run_20260904_134314_idx628_selected.txt,4459090,41df1a8bb7b46dc198f52d691fdde05ce8dd0c43c1daeeea89dbc4b73677315f,,134,"{""1024"": 134}"
Datos/Med_con_Decaimientos/PAblo/run_20260904_134314_idx629_selected.txt,4059778,b3045ecf1463b4ec0881e1eedbc14cc97bab6d735bf270d5924d1b11eaa28dc9,,122,"{""1024"": 122}"
Datos/Med_con_Decaimientos/PAblo/run_20260904_134314_idx630_selected.txt,4924954,f8277374925c7610136f74e437cfeaa778f00617f28096ddf4cd2edfe548e084,,148,"{""1024"": 148}"
Datos/Med_con_Decaimientos/PAblo/run_20260904_134314_idx631_selected.txt,4625470,672c4107c6ae7722bc9dfed11e584bdaebaa311be708cd02facf8aa0d8f4f902,,139,"{""1024"": 139}"
Datos/Med_con_Decaimientos/PAblo/run_20260904_134314_idx632_selected.txt,4924954,fc30b3c3f7c388815e5c85cdf20990f59f34cad8d6781b1900f0b855ad77c013,,148,"{""1024"": 148}"
Datos/Med_con_Decaimientos/PAblo/run_20260904_134314_idx633_selected.txt,4958230,6d5ba23e5db520c03436e7dbdc08a85d47e2b8097b4d01b1f3f4e9228945be0e,,149,"{""1024"": 149}"
Datos/Med_con_Decaimientos/PAblo/run_20260904_134314_idx634_selected.txt,4791850,765a38da2e641cb79efa98f9148aebffc1eeeea4b62d36842f6af83a31e02efe,,144,"{""1024"": 144}"
Datos/Med_con_Decaimientos/PAblo/run_20260904_134314_idx635_selected.txt,5124610,16da349f7b49cd45ab2f88882ee044795e8698325a8b7fe350809420c8fa7893,,154,"{""1024"": 154}"
Datos/Med_con_Decaimientos/PAblo/run_20260904_134314_idx636_selected.txt,4592194,985d2d0924c3319f97c32ed614e195a27efc6d2bcb0646087791ad0d69480788,,138,"{""1024"": 138}"
Datos/Med_con_Decaimientos/PAblo/run_20260904_134314_idx637_selected.txt,4592194,ad6ac6cffb0dd086026af59a5f9a6b21a75d0ec6dddcfa8e9c05b1a8f46d2096,,138,"{""1024"": 138}"
Datos/Med_con_Decaimientos/PAblo/run_20260904_134314_idx638_selected.txt,4658746,b3fa4c87f4e50ed3038c421a5230ef62db7d148ad18a671b35374d6fcceb7693,,140,"{""1024"": 140}"
Datos/Med_con_Decaimientos/PAblo/run_20260904_134314_idx639_selected.txt,4725298,d1d4d417ecf78b0f74b6ff360eadb1ceca56087f9f22716cb202552cfd021dab,,142,"{""1024"": 142}"
Datos/Med_con_Decaimientos/PAblo/run_20260904_134314_idx640_selected.txt,3959950,2b7feb9d4a4f3025ce75ebd54be43657a095432ae61d096b12422027e5be9671,,119,"{""1024"": 119}"
Datos/Med_con_Decaimientos/PAblo/run_20260904_134314_idx641_selected.txt,5157886,3805ca3caae91a5462d3c7b1c5a0f1636bd1b5fb0621aa2fa3df35035479b867,,155,"{""1024"": 155}"
Datos/Med_con_Decaimientos/PAblo/run_20260904_134314_idx642_selected.txt,4625470,eb731ca789a1edc726375fe5fe0736dc426499fdf2929f58e6bf3c3254710c42,,139,"{""1024"": 139}"
Datos/Med_con_Decaimientos/PAblo/run_20260904_134314_idx643_selected.txt,4958230,1215f8e152b412b9043d3a4ebacaf875477d9840173126fd188707240977a21e,,149,"{""1024"": 149}"
Datos/Med_con_Decaimientos/PAblo/run_20260904_134314_idx644_selected.txt,4692022,1bbc0d62e11a760e6742c6dee1790447555bd86c2128bf9a309e51c1089970a7,,141,"{""1024"": 141}"
Datos/Med_con_Decaimientos/PAblo/run_20260904_134314_idx645_selected.txt,4292710,0e431630bac7ed7758c23f1b096cefc6f7895865ff47612115e87f0282d86090,,129,"{""1024"": 129}"
Datos/Med_con_Decaimientos/PAblo/run_20260904_134314_idx646_selected.txt,4525642,6f07380594a1bd70c88aeb350cd671ec5a1b4bf8cb78771d25899e9bc1cbe596,,136,"{""1024"": 136}"
Datos/Med_con_Decaimientos/PAblo/run_20260904_134314_idx647_selected.txt,4625470,e282758a92df01852fbc3422c26594bde0c518f2f41302c115bedeacadbcb293,,139,"{""1024"": 139}"
Datos/Med_con_Decaimientos/PAblo/run_20260904_134314_idx648_selected.txt,5390818,29c2315ccd63ada587382181d7cfab16902f263a8aff942eae9b14074a1f9f25,,162,"{""1024"": 162}"
Datos/Med_con_Decaimientos/PAblo/run_20260904_134314_idx649_selected.txt,4991506,fab815b97ad5dccaa5326679d55cb02e8dff983bdf0eb4b07eb599732196b009,,150,"{""1024"": 150}"
Datos/Med_con_Decaimientos/PAblo/run_20260904_134314_idx650_selected.txt,5424094,69863fae5f948a83dfd3ece91b4a8a9d8829f88c649be5396393c4e348f5234d,,163,"{""1024"": 163}"
Datos/Med_con_Decaimientos/PAblo/run_20260904_134314_idx651_selected.txt,4625470,a18f3429fe060449ed4d501c38232ead6d33487fedfa0ac5dd28f6b3fd42990e,,139,"{""1024"": 139}"
Datos/Med_con_Decaimientos/PAblo/run_20260904_134314_idx652_selected.txt,4226158,3c4d15a5ecdc0c55841bd90c92b23de7d1c37caa9f4f8ab56639c5f9880ecdc6,,127,"{""1024"": 127}"
Datos/Med_con_Decaimientos/PAblo/run_20260904_134314_idx653_selected.txt,4558918,033868190bf288da163d4792cfccc6daa47cfe474755995f93f411e72ece94ef,,137,"{""1024"": 137}"
Datos/Med_con_Decaimientos/PAblo/run_20260904_134314_idx654_selected.txt,4858402,b36eeb7b9fcdc8c5e71ae03050f59020ef8432418a3bfcaf2f47ef7067e2abe2,,146,"{""1024"": 146}"
Datos/Med_con_Decaimientos/PAblo/run_20260904_134314_idx655_selected.txt,3727018,9ac4fd4fe4dcc38d834ea8840d1a86f58cf48852190e5d23e23bedbf389e8376,,112,"{""1024"": 112}"
Datos/Med_con_Decaimientos/PAblo/run_20260904_134314_idx656_selected.txt,4791850,3b4dd8ea5626f77426a6d8ca20114175245a15d6d516e660f05a6004d11bc63c,,144,"{""1024"": 144}"
Datos/Med_con_Decaimientos/PAblo/run_20260904_134314_idx657_selected.txt,5324266,28a8689b796351c46aa1eeceff2b7cb50b50f21f8771a114c917dd75dd38e1c4,,160,"{""1024"": 160}"
Datos/Med_con_Decaimientos/PAblo/run_20260904_134314_idx658_selected.txt,4226158,6f855f2c84a4a16868d1f81092b10b3d75b0e3e258380dbc3461915a802bb374,,127,"{""1024"": 127}"
Datos/Med_con_Decaimientos/PAblo/run_20260904_134314_idx659_selected.txt,4425814,614eeb252d536e126c84bb772329324cc27b6bb2034e881bc8c28e6b502b5925,,133,"{""1024"": 133}"
Datos/Med_con_Decaimientos/PAblo/run_20260904_134314_idx660_selected.txt,5091334,e6d73fba71242ec2a8b835a40f7544b2d39a0c3edace275f806bb52398e4d978,,153,"{""1024"": 153}"
Datos/Med_con_Decaimientos/PAblo/run_20260904_134314_idx661_selected.txt,5124610,58fdcd82a6f9c3cf67d7d2dacebaec5b7cb5c394f94d284331d7a4cf73fc9282,,154,"{""1024"": 154}"
Datos/Med_con_Decaimientos/PAblo/run_20260904_134314_idx662_selected.txt,5224438,bd4772acd17c4d8a3d768a77b8a388fe230e8402ef8461693c64be341981cf79,,157,"{""1024"": 157}"
Datos/Med_con_Decaimientos/PAblo/run_20260904_134314_idx663_selected.txt,4858402,ac57d50a2b0fa74c92dc8c565a755267b0b78db08864250fa24072e229564d75,,146,"{""1024"": 146}"
Datos/Med_con_Decaimientos/PAblo/run_20260904_134314_idx664_selected.txt,4991506,a09afc69fcd608d841d63b51f44de680a41914f78c9bc86d181f086b3ef60de1,,150,"{""1024"": 150}"
Datos/Med_con_Decaimientos/PAblo/run_20260904_134314_idx665_selected.txt,4758574,0afc2df451986ead2fe5dfb1152e58cec1db1c944223178fd788bb05cd15c5d2,,143,"{""1024"": 143}"
Datos/Med_con_Decaimientos/PAblo/run_20260904_134314_idx666_selected.txt,4026502,45dfa15df787a18e69cb2b530d6f331c11cc29909bf7bffd676da616fb32a0d0,,121,"{""1024"": 121}"
Datos/Med_con_Decaimientos/PAblo/run_20260904_134314_idx667_selected.txt,4325986,f61bd33888835f27192fb5ebef80c3aa8411f94b99471ff4920906df05036d30,,130,"{""1024"": 130}"
Datos/Med_con_Decaimientos/PAblo/run_20260904_134314_idx668_selected.txt,5357542,62fef85a9fb9fd7ad0190f520bd4602e46a2827e1f2b440345cb4e6b04949eed,,161,"{""1024"": 161}"
Datos/Med_con_Decaimientos/PAblo/run_20260904_134314_idx669_selected.txt,5058058,9ddcf35ded21faf15b380c8a76e617764fb553d6a15a3f7ec6b6dd7d54e296f8,,152,"{""1024"": 152}"
Datos/Med_con_Decaimientos/PAblo/run_20260904_134314_idx670_selected.txt,4026502,9c52a6ae8a3b929bd8486c2328bebb112c98dbae1e062f37b85c38ff44ca5b90,,121,"{""1024"": 121}"
Datos/Med_con_Decaimientos/PAblo/run_20260904_134314_idx671_selected.txt,5058058,055d8f725b76d535c192d2fdb1d9a684154cdf211655ba88d2a4f8c1e4f95490,,152,"{""1024"": 152}"
Datos/Med_con_Decaimientos/PAblo/run_20260904_134314_idx672_selected.txt,5058058,813186be75eb3fa44fb29cdf59431781797479d063441e9d45834ebac9cf4be9,,152,"{""1024"": 152}"
Datos/Med_con_Decaimientos/PAblo/run_20260904_134314_idx673_selected.txt,4791850,83f46212d1ec2677ba6be14c3b05dd03b39bf6c8c7524683623f19b8b11aa306,,144,"{""1024"": 144}"
Datos/Med_con_Decaimientos/PAblo/run_20260904_134314_idx674_selected.txt,4525642,77e5896f5ef1c61b76fae908a49b4297323cd07e38da664cf96fbcae0f70d249,,136,"{""1024"": 136}"
Datos/Med_con_Decaimientos/PAblo/run_20260904_134314_idx675_selected.txt,4525642,04136cd83ef8528465e3f0b9928dba49ab348facd7a4381f568ac26224f59ccb,,136,"{""1024"": 136}"
Datos/Med_con_Decaimientos/PAblo/run_20260904_134314_idx676_selected.txt,4625470,212aac0588604e3cdf12dceece8512488bdd3bb01141dc82e2e567e79224d785,,139,"{""1024"": 139}"
Datos/Med_con_Decaimientos/PAblo/run_20260904_134314_idx677_selected.txt,4492366,52636f57f474317a35b08941b463fd7244b1611a0f8a64b3b9c9cae465b7b2ad,,135,"{""1024"": 135}"
Datos/Med_con_Decaimientos/PAblo/run_20260904_134314_idx678_selected.txt,4725298,6ac3e5f38c2d522a3d15efc5ad63c37b98b205e1eb0faf9a58ea40030228607a,,142,"{""1024"": 142}"
Datos/Med_con_Decaimientos/PAblo/run_20260904_134314_idx679_selected.txt,4459090,c766784b40044e4706c4fcca7ce95d7484b7a0bd741af52ffa82dca0331cd70a,,134,"{""1024"": 134}"
Datos/Med_con_Decaimientos/PAblo/run_20260904_134314_idx680_selected.txt,4459090,4ccfc3837ca51a8d53a189ed7a9232923bcb29d4bf378ecc47f611c2b02cd98b,,134,"{""1024"": 134}"
Datos/Med_con_Decaimientos/PAblo/run_20260904_134314_idx681_selected.txt,5024782,6e33e97197bcca169a966efcd330bb52bb664c2d69f32f4336d3a4ebe5f504f6,,151,"{""1024"": 151}"
Datos/Med_con_Decaimientos/PAblo/run_20260904_134314_idx682_selected.txt,4359262,219f16325ba95e5e6f8324bd52ca6640bf84d1686896502bad4368083f31cb2c,,131,"{""1024"": 131}"
Datos/Med_con_Decaimientos/PAblo/run_20260904_134314_idx683_selected.txt,4658746,a53ce92cb24f1c91f41bb6f3de1c586c962cc1a965096584f8854043f53a32ae,,140,"{""1024"": 140}"
Datos/Med_con_Decaimientos/PAblo/run_20260904_134314_idx684_selected.txt,4425814,e9722861af4cf164794ed15c522b54c3cf502de111d815de233cc3e1a095a403,,133,"{""1024"": 133}"
Datos/Med_con_Decaimientos/PAblo/run_20260904_134314_idx685_selected.txt,4991506,5724c164d85f5194f327e6654206baeb4d0988320dd60728f93ea278c7c41603,,150,"{""1024"": 150}"
Datos/Med_con_Decaimientos/PAblo/run_20260904_134314_idx686_selected.txt,4658746,1c36d6e046ae6a54a52a78df0c4ae3f70bad3368ce451e74461187f0eb47f8ee,,140,"{""1024"": 140}"
Datos/Med_con_Decaimientos/PAblo/run_20260904_134314_idx687_selected.txt,5124610,11d8abaf8c5c45b079b3cfd1167f1f67e2274200b408560a60ad6bfdd387073d,,154,"{""1024"": 154}"
Datos/Med_con_Decaimientos/PAblo/run_20260904_134314_idx688_selected.txt,4991506,bac2162a01d2b0855dbb47e28c2d3431ee215e20f0de45e048ff6dbb019bc04b,,150,"{""1024"": 150}"
Datos/Med_con_Decaimientos/PAblo/run_20260904_134314_idx689_selected.txt,4658746,6afd4f3a4f91c46e3b5b5b7b47285ff1838fcc5c3b9c1ed6bd7223880cc659d8,,140,"{""1024"": 140}"
Datos/Med_con_Decaimientos/PAblo/run_20260904_134314_idx690_selected.txt,4359262,4c8b7005659ab61741a22b4e183f34c96e8c8d5ed95ace070203044381787cdd,,131,"{""1024"": 131}"
Datos/Med_con_Decaimientos/PAblo/run_20260904_134314_idx691_selected.txt,5157886,9b603779f3352bc6963202f5e616b5f34db69734f6befa99a114ed5ca49403e0,,155,"{""1024"": 155}"
Datos/Med_con_Decaimientos/PAblo/run_20260904_134314_idx692_selected.txt,4725298,864487b6ce80cf5ff9dcee712f3f53d6daee0ec93acb2f4ec4f7cdac8fa797fc,,142,"{""1024"": 142}"
Datos/Med_con_Decaimientos/PAblo/run_20260904_134314_idx693_selected.txt,4958230,d19dd543f5b72b3933b09ffd08033010fa8277c4a7ad79e1a2db0f62642584f8,,149,"{""1024"": 149}"
Datos/Med_con_Decaimientos/PAblo/run_20260904_134314_idx694_selected.txt,4525642,34483fcad06edc831dc85359ef8a903eac0ebd492e2ee4a489638ae7928c6c1e,,136,"{""1024"": 136}"
Datos/Med_con_Decaimientos/PAblo/run_20260904_134314_idx695_selected.txt,4425814,2fdca4e54b9f76507a30841804775d66e763b41f4aab3dd7667b55750a2829d2,,133,"{""1024"": 133}"
Datos/Med_con_Decaimientos/PAblo/run_20260904_134314_idx696_selected.txt,4558918,118e0bd8a528f37f4b8df13200d1058ebe451d471aa9a5ef1dbecb86551755cb,,137,"{""1024"": 137}"
Datos/Med_con_Decaimientos/PAblo/run_20260904_134314_idx697_selected.txt,3660466,e2aa64f38fff88344016c361b67c87ae42d1ccb95eb8c64c8931028fb940e8f7,,110,"{""1024"": 110}"
Datos/Med_con_Decaimientos/PAblo/run_20260904_134314_idx698_selected.txt,5523922,1ff6031b73c3578756108c5f99ff4ebd3ef2ce32bf0b670f5060932a2a74f1c2,,166,"{""1024"": 166}"
Datos/Med_con_Decaimientos/PAblo/run_20260904_134314_idx699_selected.txt,4692022,5ebde8fcc3e31e202aaa5acc4a75c465163cba1a66583d0a671dd8d5de9b1c4c,,141,"{""1024"": 141}"
Datos/Med_con_Decaimientos/PAblo/run_20260904_134314_idx700_selected.txt,4692022,63efc0037b8a3a67d8f5a16d71f4fbfbcf45ec715305bc863a6e24ba5dfcdd49,,141,"{""1024"": 141}"
Datos/Med_con_Decaimientos/PAblo/run_20260904_134314_idx701_selected.txt,4525642,f889358567c801bb6dea5dc2ca77df0bdc6dc1383f6813542cf1edd0dce9d746,,136,"{""1024"": 136}"
Datos/Med_con_Decaimientos/PAblo/run_20260904_134314_idx702_selected.txt,4891678,b178e4ccc8f46c851f38603cf5e697036fc1616127c4611986e9329fe96cbab6,,147,"{""1024"": 147}"
Datos/Med_con_Decaimientos/PAblo/run_20260904_134314_idx703_selected.txt,4392538,25def817b7cfcec2c8cbc74171194f10db76178415919f756178087e1a2db749,,132,"{""1024"": 132}"
Datos/Med_con_Decaimientos/PAblo/run_20260904_134314_idx704_selected.txt,4791850,570a3448f2f82ddde9f7c00a02b98d4b7bc40186d6fe0245dd5a8b531c2f0992,,144,"{""1024"": 144}"
Datos/Med_con_Decaimientos/PAblo/run_20260904_134314_idx705_selected.txt,5157886,170ab5767b4a2526e33d3ad30dc3048331337f3c8999b87e26c79adc8560a50d,,155,"{""1024"": 155}"
Datos/Med_con_Decaimientos/PAblo/run_20260904_134314_idx706_selected.txt,4692022,ae3c2844ee510d0b020cc16f1028e45d2b4ceb3e982d649c60984e2c9450f73a,,141,"{""1024"": 141}"
Datos/Med_con_Decaimientos/PAblo/run_20260904_134314_idx707_selected.txt,5091334,0d8ae547352b5f341cba0e607f724e27c435affabcf952d833d3830edd1c36fe,,153,"{""1024"": 153}"
Datos/Med_con_Decaimientos/PAblo/run_20260904_134314_idx708_selected.txt,4392538,59080d2e8e47af0df3c6e6991c7aa05fd63c1deb751847784285694a4e6b54ea,,132,"{""1024"": 132}"
Datos/Med_con_Decaimientos/PAblo/run_20260904_134314_idx709_selected.txt,5324266,014b6e4ede9ef832e1cb4f412dd3bf3ce20eeee51988b094ffbd5a83e9971ee7,,160,"{""1024"": 160}"
Datos/Med_con_Decaimientos/PAblo/run_20260904_134314_idx710_selected.txt,4692022,eab605a0562db2dece393102ea0b7a39188c9908eedc248d9db98afc6e502eaa,,141,"{""1024"": 141}"
Datos/Med_con_Decaimientos/PAblo/run_20260904_134314_idx711_selected.txt,5457370,cfd07619da561a475920f7da798752aa33a4dd6efe273017c13bd04267b5a2f5,,164,"{""1024"": 164}"
Datos/Med_con_Decaimientos/PAblo/run_20260904_134314_idx712_selected.txt,4758574,547bd532eaa14c354f106d9e96b08819f0fba7c99af8452bc897215aee36cd10,,143,"{""1024"": 143}"
Datos/Med_con_Decaimientos/PAblo/run_20260904_134314_idx713_selected.txt,5324266,5b4494163d629c634d674e6af44e5f32d2dd7c221c90b75043a3b2c103217e60,,160,"{""1024"": 160}"
Datos/Med_con_Decaimientos/PAblo/run_20260904_134314_idx714_selected.txt,4392538,92cc5b0d3a48aeb689db36e71632c638f55485110b65aa21615e5a3feeab9afc,,132,"{""1024"": 132}"
Datos/Med_con_Decaimientos/PAblo/run_20260904_134314_idx715_selected.txt,4492366,6a1efa368671bed0823a95dbeac82b861c658328ed282ebe75031c3e9beb78ca,,135,"{""1024"": 135}"
Datos/Med_con_Decaimientos/PAblo/run_20260904_134314_idx716_selected.txt,4725298,9e4a86e477b1a2834ebd0bbd39dd12d6d5102856df34585dedd78b3fd8922047,,142,"{""1024"": 142}"
Datos/Med_con_Decaimientos/PAblo/run_20260904_134314_idx717_selected.txt,4858402,69c2ddeb826e27d79d70a9404dc81a4cc53f1342ec0ebc53a53a51b31cf16253,,146,"{""1024"": 146}"
Datos/Med_con_Decaimientos/PAblo/run_20260904_134314_idx718_selected.txt,5091334,66676b26f059ced739fdb2f80ce20402db726198f92b5ffcb09d9b7361abf041,,153,"{""1024"": 153}"
Datos/Med_con_Decaimientos/PAblo/run_20260904_134314_idx719_selected.txt,4459090,713dd5132d831cea16060ca5ed460f0e775425db220474c93fb526c077b05dcf,,134,"{""1024"": 134}"
Datos/Med_con_Decaimientos/PAblo/run_20260904_134314_idx720_selected.txt,4958230,26f1edfcb3adcc7d950dfee0165ad0a53781a179796c768926210798e5a50771,,149,"{""1024"": 149}"
Datos/Med_con_Decaimientos/PAblo/run_20260904_134314_idx721_selected.txt,5091334,32e4287c68af7db9c28898bf889a52f26590fad17bc5b7eccd880baf3bd0531e,,153,"{""1024"": 153}"
Datos/Med_con_Decaimientos/PAblo/run_20260904_134314_idx722_selected.txt,4226158,0e85eb1c446e9bbfae6c2bf696da6efffdb4f4797cb0b935170785a395b0e5bb,,127,"{""1024"": 127}"
Datos/Med_con_Decaimientos/PAblo/run_20260904_134314_idx723_selected.txt,5124610,d097d1110136a971d1d0d3e16ac264d5289931a604dd4f4c8e19cabc3c3b2da8,,154,"{""1024"": 154}"
Datos/Med_con_Decaimientos/PAblo/run_20260904_134314_idx724_selected.txt,5324266,7c1ae63d0f3cbf6481866d21bdc533430f96a4d1ad433e794d7b490bf8f4d19d,,160,"{""1024"": 160}"
Datos/Med_con_Decaimientos/PAblo/run_20260904_134314_idx725_selected.txt,4924954,9aa53fba6bd337a903c1f10dc03165a477c74954a1f2c63f386a212e36d8e9f3,,148,"{""1024"": 148}"
Datos/Med_con_Decaimientos/PAblo/run_20260904_134314_idx726_selected.txt,4059778,3dac8e70126c512c9ba1e28e232496ed3d66a904c5ae1ddad52cd174b27c28c0,,122,"{""1024"": 122}"
Datos/Med_con_Decaimientos/PAblo/run_20260904_134314_idx727_selected.txt,4558918,1353c653fda45a16733273419f9f69841331ef2a77a8ba471e68304dab6f2c25,,137,"{""1024"": 137}"
Datos/Med_con_Decaimientos/PAblo/run_20260904_134314_idx728_selected.txt,4159606,3cef725945845589f595334e119e091749be63eddbfd5a0088743dba69cf2864,,125,"{""1024"": 125}"
Datos/Med_con_Decaimientos/PAblo/run_20260904_134314_idx729_selected.txt,4991506,fc0c6d0701d5549c657ee8710527ee6f21adf2ccebb93a68887a34a9cc8788d8,,150,"{""1024"": 150}"
Datos/Med_con_Decaimientos/PAblo/run_20260904_134314_idx730_selected.txt,4891678,3ea37e1dc33482286b60c2d7103c96a6c59e186d3ef95e0ae533dd1562a99677,,147,"{""1024"": 147}"
Datos/Med_con_Decaimientos/PAblo/run_20260904_134314_idx731_selected.txt,4625470,d3e934c4f7fc78d6989c0673628a18072edfaf0dba83bb5f620dc9bf6752dedb,,139,"{""1024"": 139}"
Datos/Med_con_Decaimientos/PAblo/run_20260904_134314_idx732_selected.txt,4625470,8a3a0f073b7b328d9bbd03729b63e06614a3a62fd62d1ecda4ae0b89baee43e9,,139,"{""1024"": 139}"
Datos/Med_con_Decaimientos/PAblo/run_20260904_134314_idx733_selected.txt,4625470,45326c644c93afea5f382a5f9f7c76a808e41a5d0060663c6fe51bb4407d76b2,,139,"{""1024"": 139}"
Datos/Med_con_Decaimientos/PAblo/run_20260904_134314_idx734_selected.txt,4725298,ee35a76b0b0188a3ebc81c267a0a85ea7e96eb83c03a7d7c42580e96b09a72ae,,142,"{""1024"": 142}"
Datos/Med_con_Decaimientos/PAblo/run_20260904_134314_idx735_selected.txt,4459090,bfbbe4e1c0e18461dbd72bb655d2d6f9ab3dea0d694ceabb410a23090aa7bc4a,,134,"{""1024"": 134}"
Datos/Med_con_Decaimientos/PAblo/run_20260904_134314_idx736_selected.txt,4492366,4989eac438cc368c87f3c73cec18b7ff65147a040bb969e43efedb6b820bc183,,135,"{""1024"": 135}"
Datos/Med_con_Decaimientos/PAblo/run_20260904_134314_idx737_selected.txt,4093054,87ee07f6c03870d56ba5dd4c452b5ade7805bbc636b63ad4909f31a3d81fc5ea,,123,"{""1024"": 123}"
Datos/Med_con_Decaimientos/PAblo/run_20260904_134314_idx738_selected.txt,4325986,d84286f605b410ffbdf71c8ec060a605dc7a99d72012e1f0abc20ad12faa594d,,130,"{""1024"": 130}"
Datos/Med_con_Decaimientos/PAblo/run_20260904_134314_idx739_selected.txt,4692022,0b9141eddf75ebfc0a3460ecdf6465ddff6dd01046284f8f5cb8389e1a3cd945,,141,"{""1024"": 141}"
Datos/Med_con_Decaimientos/PAblo/run_20260904_134314_idx740_selected.txt,5024782,c34445104c6d1573fde63d0cddc11c06932f55fe938203494482114c7d498032,,151,"{""1024"": 151}"
Datos/Med_con_Decaimientos/PAblo/run_20260904_134314_idx741_selected.txt,5024782,c3a740d60dc19c8c4fc1378899eb82bd511fdc398c06749004f113070b780a7e,,151,"{""1024"": 151}"
Datos/Med_con_Decaimientos/PAblo/run_20260904_134314_idx742_selected.txt,5024782,89408b2cfb3187ad08cc7e473a0a22a9affe4cb1321808f4dd1267ae6648f0ad,,151,"{""1024"": 151}"
Datos/Med_con_Decaimientos/PAblo/run_20260904_134314_idx743_selected.txt,4459090,7229080144c49a56ddeb3f95fe5d06cb67d34d7533d1caca8d6ffc85e58438e9,,134,"{""1024"": 134}"
Datos/Med_con_Decaimientos/PAblo/run_20260904_134314_idx744_selected.txt,5124610,38dfc7f91ef5d51f7aee5f518a6d513bccbdc7a8f9ac3b886e45c43df535102a,,154,"{""1024"": 154}"
Datos/Med_con_Decaimientos/PAblo/run_20260904_134314_idx745_selected.txt,4259434,7a0bc654870ea85ffbd750a5d290d2453221f1bd4ee61201f6d2e16f7add83d5,,128,"{""1024"": 128}"
Datos/Med_con_Decaimientos/PAblo/run_20260904_134314_idx746_selected.txt,4359262,111992732cf12df7fd8cd2ac2f2cd1644f7efd086c55f9dbec9ebfa1406f945a,,131,"{""1024"": 131}"
Datos/Med_con_Decaimientos/PAblo/run_20260904_134314_idx747_selected.txt,4625470,75d99954c4af572efdf094563de15b514a1cefd2034d3b55131f2769f60ad25e,,139,"{""1024"": 139}"
Datos/Med_con_Decaimientos/PAblo/run_20260904_134314_idx748_selected.txt,4392538,804e3ca3a7dba624738ba4c9dd8a9f6127760a23d403933f505a92ff0c3afdcc,,132,"{""1024"": 132}"
Datos/Med_con_Decaimientos/PAblo/run_20260904_134314_idx749_selected.txt,4758574,c3cbec2bacb7e4fdbc62b59c8a7651889b1d13419e71acb2fa751de78dabf2ae,,143,"{""1024"": 143}"
Datos/Med_con_Decaimientos/PAblo/run_20260904_134314_idx750_selected.txt,3893398,627467ae158d9c53bd4329ff97143cdf878e65e6c09712cb4feeef3a6c750c25,,117,"{""1024"": 117}"
Datos/Med_con_Decaimientos/PAblo/run_20260904_134314_idx751_selected.txt,4359262,21a6b39871f67ee94cd3a2888344e94e2fc70cada1eeae031aa1e9d022aca610,,131,"{""1024"": 131}"
Datos/Med_con_Decaimientos/PAblo/run_20260904_134314_idx752_selected.txt,4958230,484f77670f404be3cd450ae550e938c7369c6e015a1d160fa2e50aa83f593266,,149,"{""1024"": 149}"
Datos/Med_con_Decaimientos/PAblo/run_20260904_134314_idx753_selected.txt,4126330,d6d249a333ee89047a1130c7cd612811cf6130ed54762cc82d8ec78a681527f4,,124,"{""1024"": 124}"
Datos/Med_con_Decaimientos/PAblo/run_20260904_134314_idx754_selected.txt,5024782,a9f1775f5d367e5cd3f023d29d4bac95ea3a01371dc60dffa5bd682ba9c448b4,,151,"{""1024"": 151}"
Datos/Med_con_Decaimientos/PAblo/run_20260904_134314_idx755_selected.txt,5091334,db39d0d0fe8533dcf7a3cd470262580db9d25403e10bdc489ba8770e1715fe78,,153,"{""1024"": 153}"
Datos/Med_con_Decaimientos/PAblo/run_20260904_134314_idx756_selected.txt,4159606,009ed4be525aec285980be2db072be6a3e0993c7afc4f099920755ff0f4c5837,,125,"{""1024"": 125}"
Datos/Med_con_Decaimientos/PAblo/run_20260904_134314_idx757_selected.txt,4758574,f9bb78cebbbc3e8a7527138360c30cb7023d4659c853dfea5bfbd5a64557784b,,143,"{""1024"": 143}"
Datos/Med_con_Decaimientos/PAblo/run_20260904_134314_idx758_selected.txt,4758574,fc5e0c0d7902f67260a4bcc91dfff3d441d4cf84df55ebe38fd8e34fda07fa84,,143,"{""1024"": 143}"
Datos/Med_con_Decaimientos/PAblo/run_20260904_134314_idx759_selected.txt,5191162,fd4b8d2823a623f422c8e85ca28ddd45dd7a2ce212e552b7065a7e4ddc7dfc11,,156,"{""1024"": 156}"
Datos/Med_con_Decaimientos/PAblo/run_20260904_134314_idx760_selected.txt,4592194,9e89a984f0fb5d2ec102280e28c9b09aace0a20e23545f97ab731d6735247d14,,138,"{""1024"": 138}"
Datos/Med_con_Decaimientos/PAblo/run_20260904_134314_idx761_selected.txt,5058058,d20be45dfd82178ba932894608d67c8ca4dba5254146f819f6d478fcc8b2d17e,,152,"{""1024"": 152}"
Datos/Med_con_Decaimientos/PAblo/run_20260904_134314_idx762_selected.txt,4825126,e4a64b5609ae970ba2fb8547882dc78cdfb3a83b1b9f0163d6b89b9678c079a4,,145,"{""1024"": 145}"
Datos/Med_con_Decaimientos/PAblo/run_20260904_134314_idx763_selected.txt,4658746,e4e6917c2aa27daebc04dcf619c1f2d7db870fde77fa96fa52259ff1c813fac4,,140,"{""1024"": 140}"
Datos/Med_con_Decaimientos/PAblo/run_20260904_134314_idx764_selected.txt,4791850,4589b202446e1315df308ffa37bf43dbc961306b98956bc72186a4163cb08a75,,144,"{""1024"": 144}"
Datos/Med_con_Decaimientos/PAblo/run_20260904_134314_idx765_selected.txt,4292710,190b13ad9611604925393688ed82f359e90281487caef9978e5833e1268d6eb0,,129,"{""1024"": 129}"
Datos/Med_con_Decaimientos/PAblo/run_20260904_134314_idx766_selected.txt,4592194,d71ed18f9061133b54c64283cb897f2cdc3cc9f5a3cabfe8ac7a5a7d8f72ef42,,138,"{""1024"": 138}"
Datos/Med_con_Decaimientos/PAblo/run_20260904_134314_idx767_selected.txt,5024782,bf55da4ec1bff4174a334e9fc1bc7c4e45cdab9277535ca3f8cddf8e208dd3eb,,151,"{""1024"": 151}"
Datos/Med_con_Decaimientos/PAblo/run_20260904_134314_idx768_selected.txt,4425814,2bf523fc220fc25f33b4e514e25d2d9567b138b3393ca3b95c8ad17771eb11e3,,133,"{""1024"": 133}"
Datos/Med_con_Decaimientos/PAblo/run_20260904_134314_idx769_selected.txt,4558918,1f72fb0a611955b360176a2dab6adc23e65ff07e56fcd95a988d217f0bd68347,,137,"{""1024"": 137}"
Datos/Med_con_Decaimientos/PAblo/run_20260904_134314_idx770_selected.txt,4592194,55475db6d687935663d146306d9c46e211df13cac7e0feff912bf3b331650741,,138,"{""1024"": 138}"
Datos/Med_con_Decaimientos/PAblo/run_20260904_134314_idx771_selected.txt,4958230,78f5fc7ded454b984dcd00e912026b7e6c1315c86b4e236024375c4a4dae429c,,149,"{""1024"": 149}"
Datos/Med_con_Decaimientos/PAblo/run_20260904_134314_idx772_selected.txt,5690302,85aad133a5ea9b71af5ae236260373081d634bce3b4fef409ef7a714491f622f,,171,"{""1024"": 171}"
Datos/Med_con_Decaimientos/PAblo/run_20260904_134314_idx773_selected.txt,4725298,fcc63bf2284d1532f39810f4b4dc06008e874b4c6682d50b770bb14f2086ce7b,,142,"{""1024"": 142}"
Datos/Med_con_Decaimientos/PAblo/run_20260904_134314_idx774_selected.txt,5257714,1df65d5a2f6a726904ca6d6059d7f6a6788c3a390cb45e7814788f1b92c6d24d,,158,"{""1024"": 158}"
Datos/Med_con_Decaimientos/PAblo/run_20260904_134314_idx775_selected.txt,4825126,fd54c8627d932f5589b7ed1dc3a30988f2a5a8bac49ab0a0f1187c50238b8b09,,145,"{""1024"": 145}"
Datos/Med_con_Decaimientos/PAblo/run_20260904_134314_idx776_selected.txt,4858402,0b5a3bdc03576b446f1e35ea72124e50128755dab31532bf614e265938e26cd2,,146,"{""1024"": 146}"
Datos/Med_con_Decaimientos/PAblo/run_20260904_134314_idx777_selected.txt,4226158,b7883dbb97ecc6c08ad44db3fc72f70f99926a63481a1cc7018aea6306ccbc12,,127,"{""1024"": 127}"
Datos/Med_con_Decaimientos/PAblo/run_20260904_134314_idx778_selected.txt,4791850,8984dbbe427e65763501ca4d01f3224d13dc40fd65efbbf2e2a3b4bfe83c491b,,144,"{""1024"": 144}"
Datos/Med_con_Decaimientos/PAblo/run_20260904_134314_idx779_selected.txt,4226158,aad9807fadc677338bec7f630a67b62e3762d9ab399b4049bef1a0dbfeef9221,,127,"{""1024"": 127}"
Datos/Med_con_Decaimientos/PAblo/run_20260904_134314_idx780_selected.txt,4758574,abf965ac70460deca8cb73b37f14062d176a7df71852abfaa73b75fbd0b192f2,,143,"{""1024"": 143}"
Datos/Med_con_Decaimientos/PAblo/run_20260904_134314_idx781_selected.txt,4725298,18aad502db6acfc26c77d1a802cb897ebdb77c41f53be9e2f565b04f07d74a11,,142,"{""1024"": 142}"
Datos/Med_con_Decaimientos/PAblo/run_20260904_134314_idx782_selected.txt,4226158,702b5ea658eff044bafecb81c35df9cd3442468f69d4f89ca0fe4942fd3fcdb2,,127,"{""1024"": 127}"
Datos/Med_con_Decaimientos/PAblo/run_20260904_134314_idx783_selected.txt,4692022,95be1d791f20e0f3d1f580e9fc40d8893451f92e182793ca0193c6b5d5d82d57,,141,"{""1024"": 141}"
Datos/Med_con_Decaimientos/PAblo/run_20260904_134314_idx784_selected.txt,4692022,e43bffe8f9322661d2b91cbe2664a2600db7997d74009a487c8ecb4889e32dbd,,141,"{""1024"": 141}"
Datos/Med_con_Decaimientos/PAblo/run_20260904_134314_idx785_selected.txt,5058058,9a44f71d7c459ea727e5590ac6b877941ad274a7292d23aa6e9fe08b44669194,,152,"{""1024"": 152}"
Datos/Med_con_Decaimientos/PAblo/run_20260904_134314_idx786_selected.txt,4425814,de294349f6e94050be088a7045aa343f836ea5b83587367d590131acfcd25cd6,,133,"{""1024"": 133}"
Datos/Med_con_Decaimientos/PAblo/run_20260904_134314_idx787_selected.txt,4625470,2d4582b2ce8221f54c92c23ac5dc671786b8ed0dbbb55a360d9b16342d997d11,,139,"{""1024"": 139}"
Datos/Med_con_Decaimientos/PAblo/run_20260904_134314_idx788_selected.txt,5124610,f069619843160dd28cfc8c996a0fe69dd3220f5885ba17a75eeb6d4bf0dbd82d,,154,"{""1024"": 154}"
Datos/Med_con_Decaimientos/PAblo/run_20260904_134314_idx789_selected.txt,4592194,142d4b30468e128c40c8bf46046e6c87cdc01e3b67b10bae1fda72e6a753729e,,138,"{""1024"": 138}"
Datos/Med_con_Decaimientos/PAblo/run_20260904_134314_idx790_selected.txt,5058058,eeaa42289410a50af74b43b01ad710ee07812039c64f8e5e3445fade1c94d881,,152,"{""1024"": 152}"
Datos/Med_con_Decaimientos/PAblo/run_20260904_134314_idx791_selected.txt,4359262,2400c04b98e0949410384ca4c466b26239875015883576482ece095d862e1439,,131,"{""1024"": 131}"
Datos/Med_con_Decaimientos/PAblo/run_20260904_134314_idx792_selected.txt,4625470,20d6cef23b3946da1b45f63039b8511578375032ba7abe2fd3cde25846cfe6d8,,139,"{""1024"": 139}"
Datos/Med_con_Decaimientos/PAblo/run_20260904_134314_idx793_selected.txt,4226158,4008a74e2644efcc2faf6822dc0f3769833efb27104753bdefb73901e741a5d8,,127,"{""1024"": 127}"
Datos/Med_con_Decaimientos/PAblo/run_20260904_134314_idx794_selected.txt,4891678,bc276c60b80c8ac9b89565837f43b6b4485ec72f2ada887b58ccc3917811ca42,,147,"{""1024"": 147}"
Datos/Med_con_Decaimientos/PAblo/run_20260904_134314_idx795_selected.txt,4725298,0135bcd3be00de418d1142844418f2430b5c7c7d9aba3e5998353b627885e135,,142,"{""1024"": 142}"
Datos/Med_con_Decaimientos/PAblo/run_20260904_134314_idx796_selected.txt,4791850,4726002a1cb8258e9b249ec5edac1f5389056447e5d7c5d8424a7a373b1e4291,,144,"{""1024"": 144}"
Datos/Med_con_Decaimientos/PAblo/run_20260904_134314_idx797_selected.txt,5490646,0f9a556ec74335d6fe86f60f9d2f148ba4383afa8ef6c5909cc3822020a759b2,,165,"{""1024"": 165}"
Datos/Med_con_Decaimientos/PAblo/run_20260904_134314_idx798_selected.txt,4592194,053f12629e98ab34f476da504013499d3bf1bc355d4ebe9ec9a6d5e9b031b360,,138,"{""1024"": 138}"
Datos/Med_con_Decaimientos/PAblo/run_20260904_134314_idx799_selected.txt,4292710,86bd48dcf5a77519e3f4ffcca6a2ff0132a1c186709c9d94a41608ed0745677e,,129,"{""1024"": 129}"
Datos/Med_con_Decaimientos/PAblo/run_20260904_134314_idx800_selected.txt,4658746,aa72fb35b632c4124c92bd5bca2a87070c78999a8c7257d263c4eb1053923470,,140,"{""1024"": 140}"
Datos/Med_con_Decaimientos/PAblo/run_20260904_134314_idx801_selected.txt,4891678,7d4975eaedec3c922a972a3dafa3a660d642669f2a8d8b6d4d1cff725fa51af7,,147,"{""1024"": 147}"
Datos/Med_con_Decaimientos/PAblo/run_20260904_134314_idx802_selected.txt,4259434,fec6ca70b44df852aa793b84d2ce564febb3f3b11423ebbcb3f74e3604995865,,128,"{""1024"": 128}"
Datos/Med_con_Decaimientos/PAblo/run_20260904_134314_idx803_selected.txt,5024782,b9a61923f3a0e3e9a15d5cf29d399ede2b01db2cac8ffd5ad4c15be5fe69247f,,151,"{""1024"": 151}"
Datos/Med_con_Decaimientos/PAblo/run_20260904_134314_idx804_selected.txt,4226158,0ef20bcaf2c7ea03da44728a4547589226d1f40663252a4f9bf7f3769bb48946,,127,"{""1024"": 127}"
Datos/Med_con_Decaimientos/PAblo/run_20260904_134314_idx805_selected.txt,5390818,adbb0576bf6d55ed82f70000352f146f492c17dfca8102d387635b700d47ebd3,,162,"{""1024"": 162}"
Datos/Med_con_Decaimientos/PAblo/run_20260904_134314_idx806_selected.txt,4592194,e7c237236c5890e75b4203bd511ce60fbde879cdb8e08a4af3cd908883f1e235,,138,"{""1024"": 138}"
Datos/Med_con_Decaimientos/PAblo/run_20260904_134314_idx807_selected.txt,4592194,f75074ad7cd10d87a9e48c45aa6cfa0ed2ff51bc8a37afa11adf0117a9144816,,138,"{""1024"": 138}"
Datos/Med_con_Decaimientos/PAblo/run_20260904_134314_idx808_selected.txt,4126330,49e99074c76fc880cc5b3c930d874bd0cc85ca6ec7391bfb9da7debd3ed4d07b,,124,"{""1024"": 124}"
Datos/Med_con_Decaimientos/PAblo/run_20260904_134314_idx809_selected.txt,4159606,0b1b6d4bc6922a927e3c0b443f7b3a56360fc1e57dab8e0de905e2ee1e2ba7b4,,125,"{""1024"": 125}"
Datos/Med_con_Decaimientos/PAblo/run_20260904_134314_idx810_selected.txt,4592194,ed5ae3aeb9e801e365eb6583dfee08194ecec1b97c8169bafaae1623e80aa3f2,,138,"{""1024"": 138}"
Datos/Med_con_Decaimientos/PAblo/run_20260904_134314_idx811_selected.txt,4226158,22a26087ebd2937d01b66d9215d9257c9f306f94adb149dbf7fc06580cc2af66,,127,"{""1024"": 127}"
Datos/Med_con_Decaimientos/PAblo/run_20260904_134314_idx812_selected.txt,5124610,b3b104cee599f44a5bf53fdcee338bf11b5d2c49624aeab10ae6915ecd974d43,,154,"{""1024"": 154}"
Datos/Med_con_Decaimientos/PAblo/run_20260904_134314_idx813_selected.txt,4226158,34205c3044de49bcadefc29c6b20db8a7fd0b9ccd4c6281aefd0755f174485cb,,127,"{""1024"": 127}"
Datos/Med_con_Decaimientos/PAblo/run_20260904_134314_idx814_selected.txt,4492366,9abb620eccac704275e8b2ea42651e071d6c4c332e32df7abb725acdf4703690,,135,"{""1024"": 135}"
Datos/Med_con_Decaimientos/PAblo/run_20260904_134314_idx815_selected.txt,4891678,5ebfe0ac6e895920762e0c63fce0248d37d7675c73f69d6464ca11fad4dacc80,,147,"{""1024"": 147}"
Datos/Med_con_Decaimientos/PAblo/run_20260904_134314_idx816_selected.txt,5024782,9184c0e16959e8ee12ff63b71118c4c08ed358e4604e02cdcc6a8f38056b4759,,151,"{""1024"": 151}"
Datos/Med_con_Decaimientos/PAblo/run_20260904_134314_idx817_selected.txt,5224438,89e6dde15c6aa98abeec1ba362648dfa13d15be9a4c2aeda69bb3de8a85f5c77,,157,"{""1024"": 157}"
Datos/Med_con_Decaimientos/PAblo/run_20260904_134314_idx818_selected.txt,4991506,8881c21af847f4203b1da2bc4cfa765129e152b16845c550efcd1b08b72c7cf7,,150,"{""1024"": 150}"
Datos/Med_con_Decaimientos/PAblo/run_20260904_134314_idx819_selected.txt,4192882,f9a1060a22e6012d44bdf766e7ab8288374f1d1a3d5038942a8fe9e432725dd0,,126,"{""1024"": 126}"
Datos/Med_con_Decaimientos/PAblo/run_20260904_134314_idx820_selected.txt,4592194,eb6ef69e5f6208ee53d29c47cf8df0c32bb15ce547feb30e3ac249bc19b69c2d,,138,"{""1024"": 138}"
Datos/Med_con_Decaimientos/PAblo/run_20260904_134314_idx821_selected.txt,4425814,e02ea4432ba94ae3c0edca09c59fe6bcb7eaf96cdf307b00d3fe336dc9f4e847,,133,"{""1024"": 133}"
Datos/Med_con_Decaimientos/PAblo/run_20260904_134314_idx822_selected.txt,4292710,1df3f59c5bee8061cb6e9b2984d4e38d9f90423d74e0255acc34cd5a925b4cea,,129,"{""1024"": 129}"
Datos/Med_con_Decaimientos/PAblo/run_20260904_134314_idx823_selected.txt,4891678,561746ef6db5f84540f8cc577ebb57a1803380c7fb4983e6d0ca4918b76ac670,,147,"{""1024"": 147}"
Datos/Med_con_Decaimientos/PAblo/run_20260904_134314_idx824_selected.txt,5191162,70bc2d9612f1c2245678d97896001e5b75098d8f8fae312d7a78943c0ad53f81,,156,"{""1024"": 156}"
Datos/Med_con_Decaimientos/PAblo/run_20260904_134314_idx825_selected.txt,5024782,19564226c876355f7bd59cd3072fc4722204e9c06caa95874004f5b250548eb7,,151,"{""1024"": 151}"
Datos/Med_con_Decaimientos/PAblo/run_20260904_134314_idx826_selected.txt,5324266,939c98a5d5ed9144ba01e005f999cc0f2bd377fcd055353b9ca9afc8e05e9c3c,,160,"{""1024"": 160}"
Datos/Med_con_Decaimientos/PAblo/run_20260904_134314_idx827_selected.txt,4558918,fd62cda64c2a339158a4fe228bcfc760043325c7c5579546900e7d7a40893b9a,,137,"{""1024"": 137}"
Datos/Med_con_Decaimientos/PAblo/run_20260904_134314_idx828_selected.txt,5024782,a3f62d957c979599b0aac8e99f6a89538c7dde8eff2c66b8ed055d1f38fc967e,,151,"{""1024"": 151}"
Datos/Med_con_Decaimientos/PAblo/run_20260904_134314_idx829_selected.txt,4459090,9234d455ab456cd60155045c6c266b721f7ef9bea127550d76f4e2a510630c17,,134,"{""1024"": 134}"
Datos/Med_con_Decaimientos/PAblo/run_20260904_134314_idx830_selected.txt,4558918,8acc9bf08c7daff6ac31eaa83cfb931336f4f240bb83ddaf451e1a645c8718f3,,137,"{""1024"": 137}"
Datos/Med_con_Decaimientos/PAblo/run_20260904_134314_idx831_selected.txt,4625470,f86b0149cecf91b439bf39e90516ff543cc58f5a67d4d83c0fe0cd974c5b962c,,139,"{""1024"": 139}"
Datos/Med_con_Decaimientos/PAblo/run_20260904_134314_idx832_selected.txt,4558918,cb22163e9340faeeffe540ba935a3a895b5830a4b90d9f376b9e5539bb30b11a,,137,"{""1024"": 137}"
Datos/Med_con_Decaimientos/PAblo/run_20260904_134314_idx833_selected.txt,4592194,7c0177cd5ad526bd69d4e245fa084c98a971c41a6616cb94c7355673fdb966ba,,138,"{""1024"": 138}"
Datos/Med_con_Decaimientos/PAblo/run_20260904_134314_idx834_selected.txt,4592194,d4d90802ca87a9d2e23eb24c55042fd4537b4abc93a88c5bfa87099ecacb519e,,138,"{""1024"": 138}"
Datos/Med_con_Decaimientos/PAblo/run_20260904_134314_idx835_selected.txt,4592194,ee2783416a404d2cac01866129f618acffa985afb0671e0ca3bdf892a144452a,,138,"{""1024"": 138}"
Datos/Med_con_Decaimientos/PAblo/run_20260904_134314_idx836_selected.txt,4825126,58db001a38700fedd0df9708369e1ae9d6b791c1dda4b1eebce4f0e612bff2d6,,145,"{""1024"": 145}"
Datos/Med_con_Decaimientos/PAblo/run_20260904_134314_idx837_selected.txt,4525642,e4a6fa298518fbc7ca0399a0f6c5bac8d9cd8ec3e1490bb4f03780c99a842140,,136,"{""1024"": 136}"
Datos/Med_con_Decaimientos/PAblo/run_20260904_134314_idx838_selected.txt,4558918,66f20af2b37ebfcc9ba98cb9a9dcb89e2c2995d7af1b85946016ba660c2278e5,,137,"{""1024"": 137}"
Datos/Med_con_Decaimientos/PAblo/run_20260904_134314_idx839_selected.txt,4392538,083bca1b5bdc28ed8333077a05b73b071e05a96aa0a906d2c2f7f751a290dc79,,132,"{""1024"": 132}"
Datos/Med_con_Decaimientos/PAblo/run_20260904_134314_idx840_selected.txt,4558918,057b697797af5bc1125209963dc5d7fe8b4aee4eaf7ea35a994b9d5e4ede3335,,137,"{""1024"": 137}"
Datos/Med_con_Decaimientos/PAblo/run_20260904_134314_idx841_selected.txt,4558918,bdfd34e98081271873bb24fa78a9861d2270612380aa92afb69d88ba3bf22a76,,137,"{""1024"": 137}"
Datos/Med_con_Decaimientos/PAblo/run_20260904_134314_idx842_selected.txt,4126330,27413cd92ca1937f55f513b8da022e1aebccb0503efb4cb8c766691866a1dd2c,,124,"{""1024"": 124}"
Datos/Med_con_Decaimientos/PAblo/run_20260904_134314_idx843_selected.txt,4226158,f0d2c33b0cefc51ca43921aab5e93c8a6fe3f8d2031f7e674c1fec73c83f9d85,,127,"{""1024"": 127}"
Datos/Med_con_Decaimientos/PAblo/run_20260904_134314_idx844_selected.txt,4558918,6842ed98644d83f54fbcbb62a5f5b612d95102d4468e15b3c6a32ce64cfa3756,,137,"{""1024"": 137}"
Datos/Med_con_Decaimientos/PAblo/run_20260904_134314_idx845_selected.txt,4325986,43f2967afdefd5375924a3540424e7ecb0af6b730a9ae59739b61b6075ef28e3,,130,"{""1024"": 130}"
Datos/Med_con_Decaimientos/PAblo/run_20260904_134314_idx846_selected.txt,5058058,a543cffdfcaa269819866036cce590bbe5ff675ceb9a8e42a0c0769094e40ce7,,152,"{""1024"": 152}"
Datos/Med_con_Decaimientos/PAblo/run_20260904_134314_idx847_selected.txt,4392538,c95f35816727286c87e2112848970b6597479f82623816361c64e837aa7e83e7,,132,"{""1024"": 132}"
Datos/Med_con_Decaimientos/PAblo/run_20260904_134314_idx848_selected.txt,4159606,e4657013ee96601e93d99b1c7222cca54433b0fbf3f0e81208edc86c32dd6023,,125,"{""1024"": 125}"
Datos/Med_con_Decaimientos/PAblo/run_20260904_134314_idx849_selected.txt,4791850,e6124005aeac4f8544598653b9ad38c647ba42e1c05228f9e1eb3db558ef16ef,,144,"{""1024"": 144}"
Datos/Med_con_Decaimientos/PAblo/run_20260904_134314_idx850_selected.txt,4924954,d2f3d7e2e04630c14b515e62180e7ea6b4f227c7008c7e3b74234e6141685c89,,148,"{""1024"": 148}"
Datos/Med_con_Decaimientos/PAblo/run_20260904_134314_idx851_selected.txt,5390818,23b19b3c11dfd8a91e6bc9b093059f1f057a30a6508a92b1fd60d889a755be3e,,162,"{""1024"": 162}"
Datos/Med_con_Decaimientos/PAblo/run_20260904_134314_idx852_selected.txt,4325986,3fd62d481e7bdaf81ab5f775fd3540d43a1f4cbba94b5a32a7b62cc688907365,,130,"{""1024"": 130}"
Datos/Med_con_Decaimientos/PAblo/run_20260904_134314_idx853_selected.txt,5124610,08c6021bc4706bd04b8b195a6455fee2f3f0f67bec62e41b03a88a13655b3932,,154,"{""1024"": 154}"
Datos/Med_con_Decaimientos/PAblo/run_20260904_134314_idx854_selected.txt,4558918,bcf9c67eea4cff8ad455c26971228cd24ccad59f2d75fc445149169ae1794aa7,,137,"{""1024"": 137}"
Datos/Med_con_Decaimientos/PAblo/run_20260904_134314_idx855_selected.txt,4924954,608b7d0e86064b1cfaf5fe792f24d277f73ce303d7af399e8301e9443aa0d20c,,148,"{""1024"": 148}"
Datos/Med_con_Decaimientos/PAblo/run_20260904_134314_idx856_selected.txt,5058058,993180b196c5d8a2203c4c0e0758510dbf9ee9153011cf57679390f87d0a8ba4,,152,"{""1024"": 152}"
Datos/Med_con_Decaimientos/PAblo/run_20260904_134314_idx857_selected.txt,4924954,bef0c20d35f4601077747d9ad6c19fd49b6b54774b18c62127655a7a54162503,,148,"{""1024"": 148}"
Datos/Med_con_Decaimientos/PAblo/run_20260904_134314_idx858_selected.txt,5324266,348c829f50434e5a64e9b140772c408f841c3d18931ca70793c87dcfcc4ccfa7,,160,"{""1024"": 160}"
Datos/Med_con_Decaimientos/PAblo/run_20260904_134314_idx859_selected.txt,4791850,1afca90448f6d26eaa1fa73e2ead6d61b2d129669abbe7af226d8eba03586b7c,,144,"{""1024"": 144}"
Datos/Med_con_Decaimientos/PAblo/run_20260904_134314_idx860_selected.txt,5457370,a38e7282dd381956e5a8690b0b8965cb0e1fefb6db538488c880c14976a5e2a2,,164,"{""1024"": 164}"
Datos/Med_con_Decaimientos/PAblo/run_20260904_134314_idx861_selected.txt,5024782,6c3fbc1f21e60bc1e7f29c433fa4bf244a9935e7229769909a57624b5cced7af,,151,"{""1024"": 151}"
Datos/Med_con_Decaimientos/PAblo/run_20260904_134314_idx862_selected.txt,4325986,e22ab279578ede803e1c5616c56d3259a2ebc825185f3dfbe98d1cb2998123e4,,130,"{""1024"": 130}"
Datos/Med_con_Decaimientos/PAblo/run_20260904_134314_idx863_selected.txt,1630630,67b10b70371e3bb710d13867e23715d806ff07fe7b18d289055b64c6c19d8fea,,49,"{""1024"": 49}"
