decay_id,first_line,last_line,n_samples,t_start_ns,t_end_ns,dt_median_ns,wave_sha256,min_mV,max_mV
1,2,1025,1024,0.0,1698.34,1.660000000000025,e462086659ee39a07cf7835aa42c2bf9cabf85190fdde12445cb83d7a6eac38a,"[-131.1, -148.6, -49.3]","[36.5, 53.0, 35.2]"
2,1026,2049,1024,0.0,1698.34,1.660000000000025,deb2ccf13048e9094ffc0e61c7bb21427e48af3c1815cd204bbfbe9cde8470e2,"[-254.4, -313.0, -52.5]","[45.7, 42.5, 30.7]"
3,2050,3073,1024,0.0,1698.34,1.660000000000025,a15ea27a45217e6aaee83e706f57521c53a4955552091782aee92d8193f91b65,"[-130.2, -113.3, -99.3]","[46.5, 50.2, 40.2]"
4,3074,4097,1024,0.0,1698.34,1.660000000000025,902fc9598720a069228b4db1dc76ece7a1d9c84ea49201265deda3b48c96729a,"[-201.6, -123.2, -51.4]","[37.8, 45.4, 35.7]"
5,4098,5121,1024,0.0,1698.34,1.660000000000025,8c3862af58964d49ede0c2271b00fc1b9ba95f5dbff009a48fa964ee03379889,"[-202.9, -313.3, -53.3]","[39.1, 35.2, 34.8]"
6,5122,6145,1024,0.0,1698.34,1.660000000000025,8a1cc8fa5f74b3542af1a28ac7d003153d9eebe8ce9d7df7dc0a8df39534aa58,"[-229.1, -383.4, -42.5]","[40.9, 40.5, 34.1]"
7,6146,7169,1024,0.0,1698.34,1.660000000000025,47c80d50d3495bde9de59386286a8663b3db8ef94521e9e5650f4257aaeee18d,"[-140.4, -116.1, -271.4]","[40.3, 39.0, 27.1]"
8,7170,8193,1024,0.0,1698.34,1.660000000000025,cc8f6db4f3ef1668ed954b5337f7e4938dfca34267c63c49340329dd578e8536,"[-209.3, -279.4, -115.5]","[46.3, 39.3, 30.9]"
9,8194,9217,1024,0.0,1698.34,1.660000000000025,877c84b3d6f77815c11d1ecebb8315db2559f7d586068bd1389e88037736e913,"[-194.1, -211.7, -124.2]","[40.1, 42.8, 32.9]"
10,9218,10241,1024,0.0,1698.34,1.660000000000025,eafc89d91f0e0d68907c60687c4e894732fa82d929e7d0c83ab1c96e5c65e793,"[-167.3, -174.4, -49.0]","[41.5, 32.0, 34.1]"
11,10242,11265,1024,0.0,1698.34,1.660000000000025,da7348c5cf3ffe9082bf726f24c7cf997fef5cd4290ddb420c1ebe8ddfb0ba16,"[-237.3, -225.1, -42.0]","[36.3, 33.9, 29.0]"
12,11266,12289,1024,0.0,1698.34,1.660000000000025,90d15e71b3cd3849777835ddb7125651b051937724add03ab77f406875576d85,"[-164.4, -499.9, -140.6]","[46.6, 37.9, 33.1]"
13,12290,13313,1024,0.0,1698.34,1.660000000000025,5146b1cb14e3406692426cba3d95940fee1ff017002a05a41d2a9d2d54c08054,"[-270.4, -179.1, -43.4]","[37.0, 47.2, 30.9]"
14,13314,14337,1024,0.0,1698.34,1.660000000000025,986d807a24bf758fb6f53d72fdfbe85659ddcb6fd04024fa042573f5f4b59d70,"[-132.6, -121.7, -51.1]","[49.6, 35.9, 30.2]"
15,14338,15361,1024,0.0,1698.34,1.660000000000025,56e2463b79a86a8604ca31d46fcda06b4666408419a79e78e3909f737d786b4c,"[-148.0, -156.6, -50.3]","[36.8, 35.1, 35.1]"
16,15362,16385,1024,0.0,1698.34,1.660000000000025,0ee6a12026615ed4e71a5f189cf75d83fa526e990fdfb6cbcb3e2727d9018fef,"[-203.8, -345.6, -51.9]","[47.9, 41.4, 38.5]"
17,16386,17409,1024,0.0,1698.34,1.660000000000025,85e98165a69613bee9ebd84660e54ec0189ea3a580cd9dd08e25b4690e673c7f,"[-170.6, -141.8, -93.4]","[40.1, 35.7, 30.7]"
18,17410,18433,1024,0.0,1698.34,1.660000000000025,12c8c8865f727fa1cdcef11c0a6cdf3cef077cab76319d5a641879e66a8cfc83,"[-236.8, -155.5, -50.7]","[58.9, 34.5, 28.6]"
19,18434,19457,1024,0.0,1698.34,1.660000000000025,9b4f27253958ab1e7f6d56fe13b2c9f9c29dec62080867acd89ce547a1912fe3,"[-138.4, -297.8, -50.5]","[39.7, 43.1, 35.9]"
20,19458,20481,1024,0.0,1698.34,1.660000000000025,b9a83f60ebf202ddce4ed4c1fb67762bfc8c1a9327241cd4625c2b31997d07df,"[-143.9, -217.2, -181.5]","[42.8, 32.6, 30.1]"
21,20482,21505,1024,0.0,1698.34,1.660000000000025,1a96c92b3c108c2fae46749e8a6d9258c54e218c91c004925ed8057a94cdbc03,"[-178.0, -203.2, -221.2]","[46.3, 34.3, 36.9]"
22,21506,22529,1024,0.0,1698.34,1.660000000000025,78140d9abe333048e597f94cb5ae0573e10d00538a55454a5b16271580f17a0f,"[-221.8, -306.4, -53.4]","[41.8, 36.3, 33.0]"
23,22530,23553,1024,0.0,1698.34,1.660000000000025,03b09fe3f2dd257399f74f25ab6d40c6f31b92e92548c1a012b74c7e50f6a2bc,"[-222.8, -343.1, -55.7]","[40.1, 38.3, 31.0]"
24,23554,24577,1024,0.0,1698.34,1.660000000000025,f7ffae70962dda0b61ed14dbf3de0a420f58727ce2f26ec54a9a936a7340540c,"[-224.0, -219.0, -229.5]","[38.3, 38.5, 33.9]"
25,24578,25601,1024,0.0,1698.34,1.660000000000025,207d2fe344d6f1665f40c3ffa240e792629732e544afcb53f8338da8065f3071,"[-151.0, -260.4, -49.1]","[44.3, 52.0, 42.2]"
26,25602,26625,1024,0.0,1698.34,1.660000000000025,399e6cb1a32ac4662b4bfbc181b47a6b7c8436234c1c2680aaf86b14fc871628,"[-314.2, -148.3, -45.6]","[38.7, 46.6, 27.3]"
27,26626,27649,1024,0.0,1698.34,1.660000000000025,6c42c88875fe509dc8b8dab59e92e664314427b219601e531e01999a53668da5,"[-239.2, -398.6, -40.3]","[36.2, 41.3, 31.7]"
28,27650,28673,1024,0.0,1698.34,1.660000000000025,3af87c0317916164835912550137dc084c6e8873fa215a06a54900a488cb6f5c,"[-147.9, -113.9, -228.1]","[37.3, 31.9, 36.9]"
29,28674,29697,1024,0.0,1698.34,1.660000000000025,16de4a771cefd00c57133c017f28019b752d6cd343a98dff4301b355cd8a0715,"[-250.0, -271.8, -43.1]","[38.1, 32.7, 24.2]"
30,29698,30721,1024,0.0,1698.34,1.660000000000025,117131c6c4c636f7602f4130acb6dd763b398016884d478f0eccad7b5de8c215,"[-156.9, -199.7, -46.1]","[48.8, 31.7, 33.5]"
31,30722,31745,1024,0.0,1698.34,1.660000000000025,ddbfda432f12bd99c8fa3552417ef79d78bf26006b3c0f4e158b1169a671710e,"[-499.9, -499.9, -499.9]","[39.5, 46.6, 35.6]"
32,31746,32769,1024,0.0,1698.34,1.660000000000025,fe1316834a390185af48c1100e8c7eb2589e1e03943892002281913b83c80b89,"[-155.9, -212.2, -46.4]","[42.6, 35.8, 31.7]"
33,32770,33793,1024,0.0,1698.34,1.660000000000025,c7fc597c2a0cf655bb9979b4bd7c63403a63eaf71b73484a551d365fd77fdadc,"[-151.0, -223.5, -38.9]","[33.7, 34.4, 26.4]"
34,33794,34817,1024,0.0,1698.34,1.660000000000025,a5469aca5df23c4acbde89c608120fce168296a20d2622632a8cb08dc61e9e25,"[-132.5, -499.9, -205.4]","[37.0, 39.2, 29.4]"
35,34818,35841,1024,0.0,1698.34,1.660000000000025,1e8cbf1548aa3e94ef148f1d934fbc655de13b09870a189f5ef2ba19dc804df4,"[-147.7, -137.4, -66.0]","[50.5, 36.7, 39.0]"
36,35842,36865,1024,0.0,1698.34,1.660000000000025,acb1b974c9d3d3d0d25d638c6d388cb355dc10e92d54efc1b1860104c906e867,"[-201.7, -131.5, -48.8]","[48.8, 48.6, 34.2]"
37,36866,37889,1024,0.0,1698.34,1.660000000000025,7ee975fe0835977305372125c5721f286dea685c3206f36645a5ece620a2c24c,"[-128.6, -108.7, -238.4]","[47.4, 43.3, 32.6]"
38,37890,38913,1024,0.0,1698.34,1.660000000000025,b0dff0d9fe4c5012eba67f383996544e4b8fe222d89ca7bc96618f5c3dcf1e26,"[-152.5, -143.5, -174.1]","[32.2, 40.9, 26.8]"
39,38914,39937,1024,0.0,1698.34,1.660000000000025,6ce8ac93aeedc37dfc557bbc5d11199a989cce612d58ed85d97d294354988340,"[-218.6, -403.7, -42.2]","[38.0, 42.2, 34.2]"
40,39938,40961,1024,0.0,1698.34,1.660000000000025,6bddef51095469eab261f0d0f892cee7f8c464baf720b7fed1796dd43fd8c597,"[-198.3, -346.3, -283.4]","[68.8, 40.4, 37.2]"
41,40962,41985,1024,0.0,1698.34,1.660000000000025,a99f72aa88894b26f349a4a1603321cc684ba441868e2e39cfcf84831e3aafc9,"[-192.2, -231.3, -44.8]","[36.0, 42.3, 36.3]"
42,41986,43009,1024,0.0,1698.34,1.660000000000025,2d99d464699649adf4627c87f737f7dd4d8d1a01fccea7132a1b055f13c61476,"[-160.0, -222.8, -45.9]","[37.5, 31.3, 33.4]"
43,43010,44033,1024,0.0,1698.34,1.660000000000025,3629a8371ad9c3d7758f5cdaf2f12469dc48b9b874c00d59c677cb9563f6faa7,"[-222.4, -338.4, -47.8]","[34.3, 30.2, 30.7]"
44,44034,45057,1024,0.0,1698.34,1.660000000000025,8b91805fbf111279d4696b7ace268201c44bf3c2a4811e700a203ee69289204d,"[-127.8, -153.6, -205.0]","[34.3, 31.0, 35.7]"
45,45058,46081,1024,0.0,1698.34,1.660000000000025,094bc317362f9321e7c319ae543b2e34ce86d68b3864bc0a9de68bb86fdc292a,"[-158.1, -230.6, -190.9]","[38.5, 34.0, 37.3]"
46,46082,47105,1024,0.0,1698.34,1.660000000000025,642f5dbc8fd329742e8f40dae0c82fb1b311ffc8ce6620f360c786507a35b0c1,"[-163.4, -170.1, -237.1]","[35.7, 33.1, 35.4]"
47,47106,48129,1024,0.0,1698.34,1.660000000000025,934ffe8d96bca4fe629fef350fb2a4f0f7dbdbcdee01857120aa60889e61604c,"[-207.1, -275.7, -41.7]","[46.3, 44.1, 28.2]"
48,48130,49153,1024,0.0,1698.34,1.660000000000025,21495dfc52a48ddcabcf9d821f0c1fb1b835eca540295cb39c776f2df7a06489,"[-129.6, -115.4, -198.8]","[33.9, 34.7, 29.1]"
49,49154,50177,1024,0.0,1698.34,1.660000000000025,9b40e72b17f8b5748e425e691139f5d2a732886f392a9481f50f307d6cf46760,"[-229.2, -301.2, -49.6]","[35.1, 40.0, 27.0]"
50,50178,51201,1024,0.0,1698.34,1.660000000000025,60dba4f067947fb96e69ec510af69d2f7cfa255db29fdae7c420556db0bc7b4d,"[-211.2, -244.0, -117.1]","[35.6, 36.2, 24.7]"
51,51202,52225,1024,0.0,1698.34,1.660000000000025,c6232ffb225f9a4075b264bb177600b3b9ac12a4f55d72f53bb9e023102a9d7a,"[-186.6, -285.1, -128.6]","[27.9, 34.8, 30.8]"
52,52226,53249,1024,0.0,1698.34,1.660000000000025,4f02f65e856789d7f78310a0ef80d37b6461536813c135e66e0ec8945562ffa0,"[-260.5, -247.6, -45.7]","[34.1, 42.5, 37.1]"
53,53250,54273,1024,0.0,1698.34,1.660000000000025,af86a70f6814f4c4c5d2a0738558a9df4ed537cff261910935af912481866730,"[-151.9, -130.7, -161.8]","[39.6, 38.4, 42.1]"
54,54274,55297,1024,0.0,1698.34,1.660000000000025,dbc1fbd78c0fd325fd5ddf392a5fb047e019703176b08f95de0f6d72553d00e9,"[-189.3, -234.4, -248.2]","[42.9, 40.9, 38.2]"
55,55298,56321,1024,0.0,1698.34,1.660000000000025,e59467cd989aa110556c89de9a1af9907e3f209da53257727a18b23f42587e97,"[-226.9, -377.3, -117.6]","[40.8, 39.6, 37.5]"
56,56322,57345,1024,0.0,1698.34,1.660000000000025,c85ff055867472b42d0bac1510e81bfe28036d2af3bee910afd4cadb816577c6,"[-179.2, -132.9, -72.8]","[36.1, 35.3, 27.5]"
57,57346,58369,1024,0.0,1698.34,1.660000000000025,7871f120b9488e5954ed373b173f7f48e3fa116ce7fc9ce7b533a677f200e3b4,"[-219.0, -127.0, -43.8]","[31.3, 34.3, 29.4]"
58,58370,59393,1024,0.0,1698.34,1.660000000000025,e3e422a90185bdcf9d1d7068a568d822dbf50eb4815b812ca7f1f6ee9368afce,"[-153.3, -189.4, -151.9]","[31.2, 43.7, 36.7]"
59,59394,60417,1024,0.0,1698.34,1.660000000000025,80d71e2f0bf051fecd01eb36fe76fa7b4a306c85a20bfad69faf30d6714e93c8,"[-150.7, -200.2, -158.8]","[30.0, 34.8, 30.3]"
60,60418,61441,1024,0.0,1698.34,1.660000000000025,aac8fea068406083681016f0c465c41660804329ca223150f386cdc42871ab20,"[-157.3, -198.4, -47.3]","[41.0, 37.6, 32.0]"
61,61442,62465,1024,0.0,1698.34,1.660000000000025,80d6634a45066736cacdd97fcab88d3ab4b0b61d184b7e46d4cd685133a2cf41,"[-215.9, -305.6, -96.4]","[36.6, 30.1, 26.3]"
62,62466,63489,1024,0.0,1698.34,1.660000000000025,0cb89d8c33964a33a78ea354e5c94105b5b68cd2ad14d654fba93a31accaf311,"[-218.4, -368.7, -44.5]","[44.8, 37.4, 32.7]"
63,63490,64513,1024,0.0,1698.34,1.660000000000025,90d5558668928f1f3642321bfc375a04b5efc04424511fa6740beda6fcc7b1e2,"[-146.0, -146.0, -52.6]","[36.4, 33.8, 30.1]"
64,64514,65537,1024,0.0,1698.34,1.660000000000025,7577457f92f4e249b362057df573f6dd040784f9b71638644349e591b09d1ee1,"[-203.9, -487.6, -44.8]","[34.4, 53.5, 33.4]"
65,65538,66561,1024,0.0,1698.34,1.660000000000025,586730e05722f41c7e644fe2a0506c69e9da87a44e537f1424887119b6042b20,"[-194.5, -272.5, -116.7]","[33.2, 40.3, 36.9]"
66,66562,67585,1024,0.0,1698.34,1.660000000000025,8898f70a99c4a5844052b6be2edc8913c663c640011a686debe2ecbfd40721d9,"[-185.7, -165.2, -45.7]","[45.8, 48.5, 42.5]"
67,67586,68609,1024,0.0,1698.34,1.660000000000025,de1059db24f6cb75a5394b06e576805da9c2c5114bb1454484bb3fcb65cb2426,"[-192.1, -239.8, -47.4]","[38.9, 35.6, 35.7]"
68,68610,69633,1024,0.0,1698.34,1.660000000000025,a150dee2d0433a7ded88c199b9548ded443a3d564c3c0d5bc6653d9f584e6547,"[-199.9, -111.0, -50.6]","[42.9, 32.8, 27.4]"
69,69634,70657,1024,0.0,1698.34,1.660000000000025,283ab85ad4ca9890bea5f9664568c4790c22d6c430ea92b276bcebeed7899559,"[-133.1, -133.8, -152.1]","[55.4, 44.7, 37.3]"
70,70658,71681,1024,0.0,1698.34,1.660000000000025,d9c3cbbd68506ea5a27a6afc67c6286e3eaa79f3b21884f5f9e784cac3a1db80,"[-251.4, -255.5, -58.9]","[38.6, 44.6, 29.5]"
71,71682,72705,1024,0.0,1698.34,1.660000000000025,9fd0f8dc19b32b2c21177b0b4bf028605ecbee54bd0fda644ff0666f0a4d1e8f,"[-281.9, -186.7, -45.2]","[29.8, 37.6, 27.3]"
72,72706,73729,1024,0.0,1698.34,1.660000000000025,907dbb8ccc3f1cecc982a60d0c88581677812b283e08993089dc27e6f0a96f55,"[-169.5, -142.9, -42.9]","[43.7, 40.1, 29.8]"
73,73730,74753,1024,0.0,1698.34,1.660000000000025,44006db2486b1540ff955ed98d1214d649e41e476bc098897e346f9035e3d367,"[-178.1, -247.7, -296.6]","[32.0, 42.7, 30.5]"
74,74754,75777,1024,0.0,1698.34,1.660000000000025,4f9ca207021a2cb00a00db0bfbac4a38f0080358b73a0a32a8e584b6a3014674,"[-208.6, -306.5, -52.3]","[35.8, 39.1, 42.2]"
75,75778,76801,1024,0.0,1698.34,1.660000000000025,efedf2ce6692a61e1027b005a59999e3c3708fbf3ae4c550a6b7ab4aa26ec26b,"[-158.6, -168.2, -58.8]","[42.2, 53.5, 38.1]"
76,76802,77825,1024,0.0,1698.34,1.660000000000025,a41ab49e67fe57e5ea78a60dc8ae62e3d74b1aa785e2525a72054a880912755d,"[-139.6, -294.9, -148.0]","[33.8, 52.7, 35.5]"
77,77826,78849,1024,0.0,1698.34,1.660000000000025,beaff278647581e1d445cd86ce05a972f996f93c20db9e214f00ede02542f79b,"[-164.1, -219.7, -112.6]","[39.4, 43.5, 30.7]"
78,78850,79873,1024,0.0,1698.34,1.660000000000025,0294e1c021a1f0df69fe3c77fad1a1c553026edefb7758dde1dd20bcf72eb892,"[-194.2, -108.0, -54.7]","[40.3, 47.1, 44.5]"
79,79874,80897,1024,0.0,1698.34,1.660000000000025,85bfa6600b8c82ead0b58093db22341846c8ee088b6c2b35c14347badc74257a,"[-231.7, -495.3, -44.9]","[36.5, 35.5, 30.8]"
80,80898,81921,1024,0.0,1698.34,1.660000000000025,c717ed0ca1734e1f1124d370ca8c1b462e903c1af6cda2eb18895873945ffaf9,"[-147.1, -100.9, -100.6]","[36.7, 46.3, 44.3]"
81,81922,82945,1024,0.0,1698.34,1.660000000000025,9fe3d81d1b53e29898f75dc18379e56091334f2927e71aafd76e95056e34b07c,"[-171.1, -169.3, -46.5]","[52.2, 42.7, 38.1]"
82,82946,83969,1024,0.0,1698.34,1.660000000000025,c417e8d2acec1c54d4dd27c40a01b36e5d807233aff9aa5c01dcc18b82c0dd84,"[-200.7, -236.6, -194.8]","[37.4, 34.6, 38.5]"
83,83970,84993,1024,0.0,1698.34,1.660000000000025,126e7832c9b79e8871599a8ee225ae203da9cf0de02a5b7085bda86cb315541c,"[-122.5, -139.2, -116.0]","[46.6, 47.5, 41.2]"
84,84994,86017,1024,0.0,1698.34,1.660000000000025,01f1713e59a83da6662c640d0d53bb095964ce5a50348ade9ee4a98fb41d902a,"[-287.7, -217.3, -54.6]","[37.0, 39.3, 33.6]"
85,86018,87041,1024,0.0,1698.34,1.660000000000025,e9f8dfd96b4b5a878a6555fb5970f7a30e8ae005c8ef15f632f2c4c32c9f60e6,"[-217.6, -290.6, -53.5]","[42.8, 39.5, 38.1]"
86,87042,88065,1024,0.0,1698.34,1.660000000000025,a49484de6a7a0a9051393afad27f7a1d29b75bfc4a4b2748fe98d50f1013d43e,"[-139.8, -124.3, -128.5]","[50.8, 44.8, 35.5]"
87,88066,89089,1024,0.0,1698.34,1.660000000000025,17f3d10c00fe5d9f76601cec58443f69a0625f0f455e7cfc8063959e1d30fcd4,"[-124.7, -118.2, -157.0]","[45.2, 36.1, 34.2]"
88,89090,90113,1024,0.0,1698.34,1.660000000000025,049804df7a6f6520a1b571868ef893b1e26cf1032c7302dad9333782013f98ee,"[-218.7, -290.4, -141.8]","[53.5, 34.8, 32.4]"
89,90114,91137,1024,0.0,1698.34,1.660000000000025,49f784c81976de33ba61cbbac7c7538e439507920dce36e52a7a6e4e542ee5c0,"[-250.5, -243.2, -49.1]","[39.8, 46.0, 36.1]"
90,91138,92161,1024,0.0,1698.34,1.660000000000025,97e1069b5400b2266d87f863025cd8dd4a9b57cb2dd75c4b1cb65444a0b4d96d,"[-290.7, -190.1, -47.7]","[45.9, 49.1, 34.8]"
91,92162,93185,1024,0.0,1698.34,1.660000000000025,cbeff2c194c56979a87ce5de890699a0f42ecb3c273c122633205d70ee22b452,"[-296.4, -192.3, -53.7]","[47.4, 41.6, 32.9]"
92,93186,94209,1024,0.0,1698.34,1.660000000000025,6f040a387c434d88df3e100b18139ba5a727aaf2f18975394b283959f2b0ef4d,"[-173.8, -312.5, -194.3]","[49.3, 35.8, 33.7]"
93,94210,95233,1024,0.0,1698.34,1.660000000000025,aae148b33d3c425f4f27b1823c3a9aca6aad3fc008c0538da5baaccb4724702c,"[-145.5, -143.6, -126.3]","[39.1, 45.6, 36.5]"
94,95234,96257,1024,0.0,1698.34,1.660000000000025,142574911e9a12bce5159b03a60011e1be8497068387d70acec785de4fcfebd3,"[-210.8, -249.3, -50.5]","[35.4, 32.5, 29.8]"
95,96258,97281,1024,0.0,1698.34,1.660000000000025,cef1bc6c55889ca1f80b1331c241986d7d88cdde4e4ce959a081cdf9642492b6,"[-180.2, -203.0, -224.0]","[53.8, 43.5, 37.1]"
96,97282,98305,1024,0.0,1698.34,1.660000000000025,b59e4312243d2e03bf0bfe86be39687d19e36c8bd68c0eca35981e8c477c3fd7,"[-123.0, -499.9, -123.2]","[36.1, 56.9, 49.0]"
97,98306,99329,1024,0.0,1698.34,1.660000000000025,e6a0b52ffb18b5b57276288921eaa1c1ef4f19ca81d329baaaf4862eeb73db7d,"[-209.8, -275.1, -42.9]","[42.2, 31.4, 30.7]"
98,99330,100353,1024,0.0,1698.34,1.660000000000025,2133e1a724691f812568c38a4937d1c185ecede6dc20bb3dd57b8eb1c2bdecf8,"[-223.4, -232.3, -247.3]","[35.5, 47.4, 37.6]"
99,100354,101377,1024,0.0,1698.34,1.660000000000025,4579cedf73c7d4f01c3cf064fa02de88fdb97018a1a331c0c321c7a72702526c,"[-191.8, -183.9, -45.5]","[44.5, 42.0, 30.4]"
100,101378,102401,1024,0.0,1698.34,1.660000000000025,5799da0ca4d99dee5070d7b9e834874626d9e5d70eb30abd9bec75708e177b55,"[-153.5, -167.6, -53.7]","[38.9, 53.5, 37.2]"
101,102402,103425,1024,0.0,1698.34,1.660000000000025,2310c4f450dcdd0b324b1a49ccf1500267eff2986ca7046e45f636424d787e6d,"[-286.9, -324.4, -43.1]","[39.3, 38.5, 27.2]"
102,103426,104449,1024,0.0,1698.34,1.660000000000025,e05d4eb9539c2b3e72ae98d86cdcf557e810b94f3acf4bd805a75facded3b61e,"[-202.6, -221.8, -48.2]","[42.6, 60.2, 38.8]"
103,104450,105473,1024,0.0,1698.34,1.660000000000025,39f9543df3c41175f44f6f7c72a22c72e1730f81424e5f53bbfba38a825c0c71,"[-211.8, -187.9, -44.0]","[47.4, 36.7, 32.0]"
104,105474,106497,1024,0.0,1698.34,1.660000000000025,5d72e850a40e80d99eec5589f75949a4dfb6b2d3d849ffd55c9f54eaab900fe6,"[-188.9, -219.6, -144.0]","[45.4, 44.0, 33.1]"
105,106498,107521,1024,0.0,1698.34,1.660000000000025,a2c3a481261c07cd249fd4c14847394bcd29df4759846447fb5bea307e75df75,"[-167.5, -200.0, -164.2]","[40.2, 56.0, 40.5]"
106,107522,108545,1024,0.0,1698.34,1.660000000000025,daf7d72e1a8e7e9bd53b2d180bb429ab335d73db310a435dfd03c9ee8ca5004a,"[-181.3, -260.4, -97.9]","[50.1, 56.2, 45.3]"
107,108546,109569,1024,0.0,1698.34,1.660000000000025,2ad37d97ee813c30845820d66760f182af3f397c7e455005463298633873e764,"[-171.5, -145.9, -52.2]","[48.4, 53.9, 35.2]"
108,109570,110593,1024,0.0,1698.34,1.660000000000025,a6d405c18feff93ac07e65afdb9a82bf1a7d2c9aad9df355a4d88ed97e628acc,"[-169.1, -315.3, -162.9]","[39.1, 49.0, 47.2]"
109,110594,111617,1024,0.0,1698.34,1.660000000000025,576086653ccbf5c9fac7f844ce632b7ad702545c4b921b01f8cdd38ee482ecc7,"[-126.0, -103.7, -117.9]","[35.2, 46.7, 39.3]"
110,111618,112641,1024,0.0,1698.34,1.660000000000025,1945c997253d968654606e41a78d5a56ab6725f1efe1aae06065ad67e3bd1f03,"[-156.9, -136.3, -252.3]","[36.6, 34.8, 36.8]"
111,112642,113665,1024,0.0,1698.34,1.660000000000025,21957a83d3a350f712c489bc03a935b5c7dd63aee4df542e53a6660406dc9023,"[-188.1, -257.5, -48.7]","[41.2, 40.7, 43.4]"
112,113666,114689,1024,0.0,1698.34,1.660000000000025,f3bf5057fee978ca314f5df9e512d88c7a103dc069be32eb2a54bf7063944774,"[-181.6, -322.1, -43.4]","[47.3, 42.4, 32.8]"
113,114690,115713,1024,0.0,1698.34,1.660000000000025,fb7d4e3c4d181e263eb462e0b41a2c753dd606504825e46eb662a18ffa3d05a6,"[-232.3, -205.9, -273.2]","[37.7, 34.9, 25.3]"
114,115714,116737,1024,0.0,1698.34,1.660000000000025,0f0839f35e25e35b7f794075f8dbe41917ddcb87e8d5a52f9492b894d52e705e,"[-119.5, -271.8, -45.4]","[40.0, 38.5, 36.8]"
115,116738,117761,1024,0.0,1698.34,1.660000000000025,6147bb43eabccc1dba59636f87b860ec7b7717e5bc1ca18a4daaa314ca09702f,"[-157.1, -221.4, -119.2]","[33.6, 37.7, 25.8]"
116,117762,118785,1024,0.0,1698.34,1.660000000000025,290bc1d179c71af0711357b218dc821b71021c5d673ad32c1f57570147f501e2,"[-173.8, -137.2, -153.3]","[47.3, 45.6, 27.7]"
117,118786,119809,1024,0.0,1698.34,1.660000000000025,db5f6bbbfffb820a6639d7c1eb85a9b8f3f5edaa944a9169879f4b3acabb944f,"[-160.3, -155.5, -179.7]","[39.2, 34.7, 32.2]"
118,119810,120833,1024,0.0,1698.34,1.660000000000025,6f089a99a30feb088cf83a1123f0fcdea9713b4e940e63d57b7d90ab944e6f53,"[-234.4, -321.5, -40.0]","[44.4, 37.6, 30.2]"
119,120834,121857,1024,0.0,1698.34,1.660000000000025,590c6aea9667e35ba5f13d5436b8144abf3a97b7c1c18ea3b8ed1a2318af2950,"[-213.6, -350.8, -51.4]","[53.2, 40.5, 31.5]"
120,121858,122881,1024,0.0,1698.34,1.660000000000025,4b195b08231c69f8631933f737b2f3091fe099b7b1af401cbc89520833d0a032,"[-229.2, -321.8, -65.4]","[42.4, 42.0, 34.7]"
121,122882,123905,1024,0.0,1698.34,1.660000000000025,bfda9418c916e542aa58af44f836e3efa00a209847942d0c0b9a5e567032f2a5,"[-276.3, -310.6, -52.6]","[35.8, 35.2, 41.8]"
122,123906,124929,1024,0.0,1698.34,1.660000000000025,67c3130f4f192eae8666ca570550b058cec07aef40c5520ab02ff618e786f6af,"[-163.2, -200.0, -204.9]","[37.3, 36.7, 28.6]"
123,124930,125953,1024,0.0,1698.34,1.660000000000025,3dd2d53e84eee4cea900cf6a408d68e4586007b432123dab604171fdb0f53511,"[-289.2, -329.7, -221.3]","[34.1, 35.8, 32.3]"
124,125954,126977,1024,0.0,1698.34,1.660000000000025,57b3815e53ca5176b3b3345175c82d57aadec94d1e046cfc1fdde31dfc4dfb5b,"[-148.8, -264.5, -44.1]","[38.3, 32.4, 35.2]"
125,126978,128001,1024,0.0,1698.34,1.660000000000025,06b425247ee5c97a4a922a78ff863d51c3a2448a8cbbe5deb09a1fba513acc16,"[-142.5, -113.5, -189.9]","[38.4, 35.8, 26.7]"
126,128002,129025,1024,0.0,1698.34,1.660000000000025,9167042aaefa1895c1a5b98bafa8b9866380c55809529ec55d48c5a45e91ae82,"[-185.2, -103.8, -161.8]","[37.5, 28.8, 22.6]"
127,129026,130049,1024,0.0,1698.34,1.660000000000025,8694f707c9f915a9404d8a9d9ccca22578d7eac6c2d7c0d9216110c8e9161e29,"[-157.2, -129.9, -160.2]","[38.4, 31.0, 33.3]"
128,130050,131073,1024,0.0,1698.34,1.660000000000025,a83bed7bddc0713376f934922ca7b4a858d83bc67ff9eac660c6a1a86b5fd79e,"[-143.2, -109.3, -43.3]","[36.7, 36.7, 26.7]"
129,131074,132097,1024,0.0,1698.34,1.660000000000025,fe4fedbf249fc658f1502b0fc4f3163af91679d0464bab5237279ac243f7a9c9,"[-219.6, -257.5, -44.0]","[40.1, 33.0, 28.5]"
130,132098,133121,1024,0.0,1698.34,1.660000000000025,09c1eafc6d30f05bfda4121dd421ab88412bf1a8a7e9879546e5154abbb2bb27,"[-499.9, -499.9, -499.9]","[35.8, 43.5, 28.6]"
131,133122,134145,1024,0.0,1698.34,1.660000000000025,49792ecc0c91aa153d35f13779a48e7cd687c1c081294ec07e5d1c5337a9ec3e,"[-149.1, -114.4, -203.7]","[38.5, 38.4, 30.1]"
132,134146,135169,1024,0.0,1698.34,1.660000000000025,7a2b099a81931d01b8c4584635ca91319fdab60f8bfb0d662a7e20bbb0d9a852,"[-157.1, -162.6, -225.1]","[34.1, 41.9, 30.3]"
133,135170,136193,1024,0.0,1698.34,1.660000000000025,cb71475ea228ecfd79384592155ee98566e002b2ec98fc1fc7a718d76e9f24c4,"[-427.7, -499.9, -50.6]","[52.7, 34.1, 29.5]"
134,136194,137217,1024,0.0,1698.34,1.660000000000025,d30ae3ca25411f1acf9a6a7cacc81e3437695999e7f0573f078f2a2deea806f5,"[-139.6, -125.3, -143.1]","[31.9, 35.9, 34.7]"
135,137218,138241,1024,0.0,1698.34,1.660000000000025,8d32b63f92eabbdb3e9e050cd6d7700667676b5cbeca5a21fea1edd1d7d3ea1c,"[-253.6, -343.3, -50.9]","[45.6, 36.6, 33.6]"
136,138242,139265,1024,0.0,1698.34,1.660000000000025,06fdc33aa4701d7a620e9dcae54696504b9e73180a5a2ad7ec80bba9fddbba32,"[-163.0, -194.5, -274.9]","[42.0, 28.7, 34.4]"
137,139266,140289,1024,0.0,1698.34,1.660000000000025,d5358ea8ab66c59c0e3192a792eb9e65a5acafef777917a5d03de623ee18336a,"[-133.8, -141.6, -170.9]","[43.1, 31.9, 35.8]"
138,140290,141313,1024,0.0,1698.34,1.660000000000025,573c3f0180e40a84a0a7e9b1714129f7a3ea26d1131eca09ed5814cd08344362,"[-142.9, -134.1, -107.2]","[41.7, 32.4, 30.7]"
139,141314,142337,1024,0.0,1698.34,1.660000000000025,b2e0b44ad6ee687cd9368cb9ac141a556d0835279096a8b42084433372d9a873,"[-177.7, -208.3, -52.0]","[35.9, 49.5, 34.7]"
140,142338,143361,1024,0.0,1698.34,1.660000000000025,4184f64242984f695e61c9d1822fb5cbbf1ebbf58caf90ea96e765d3a4a5880d,"[-188.8, -300.2, -156.8]","[36.4, 38.4, 33.4]"
141,143362,144385,1024,0.0,1698.34,1.660000000000025,6c2622b986dc92f49361e6157cfef9d26e4c95e09afa90092cecfac6f9b597d1,"[-151.6, -244.1, -92.8]","[32.7, 41.9, 25.4]"
142,144386,145409,1024,0.0,1698.34,1.660000000000025,4926fff83922e07a33033d8362e683de9b06d625ffc45024aa176c1560e41df1,"[-123.0, -499.9, -49.8]","[39.7, 44.4, 38.4]"
143,145410,146433,1024,0.0,1698.34,1.660000000000025,cf0d12b753b82c28fc1afed07dc2e664fca701673569a9c91853d27b7ff25b23,"[-168.0, -331.9, -48.8]","[39.9, 32.1, 25.8]"
144,146434,147457,1024,0.0,1698.34,1.660000000000025,d9bfd6728774f1640fd23fa8c046cc680617e7eeb8b091dcfb3d1a33e488e089,"[-171.5, -182.5, -43.7]","[33.0, 31.6, 34.8]"
145,147458,148481,1024,0.0,1698.34,1.660000000000025,720c797287eec80f6519d8ce9309dacaff6a3a0bc9634cfa6be1433a8244978e,"[-177.1, -193.4, -61.0]","[41.5, 41.6, 36.5]"
146,148482,149505,1024,0.0,1698.34,1.660000000000025,c66f946a6d19b4e7f71da4de2ffafa1fa0eab0f8bf009fd096cd1bb0c29e290d,"[-188.4, -230.6, -196.8]","[42.6, 35.0, 30.6]"
147,149506,150529,1024,0.0,1698.34,1.660000000000025,1e62d8c99ba2a455ac09a1571d87baed98f184e9a568152ee31208d7182e3290,"[-158.6, -170.9, -54.3]","[43.3, 34.5, 28.8]"
148,150530,151553,1024,0.0,1698.34,1.660000000000025,b4bf0378c288920e1b6b1f6cd67d10e0c349897673d82379db5eb070ed31c8e1,"[-160.6, -118.1, -55.8]","[48.4, 40.2, 34.8]"
149,151554,152577,1024,0.0,1698.34,1.660000000000025,56840b106dd5aeadaf2304a115f431ee92f017a4439c10e7ebf966ac9766aac2,"[-176.4, -271.2, -48.9]","[28.6, 34.6, 31.8]"
150,152578,153601,1024,0.0,1698.34,1.660000000000025,14f51fb27d13dfb3d1f3a6dbd5d82642ecfd0516bb4b6c35c6769a61dfabbec6,"[-266.0, -209.7, -38.4]","[50.0, 37.7, 34.8]"
151,153602,154625,1024,0.0,1698.34,1.660000000000025,84733542fa021ffd7024f827a58f1ccd20dd6fcd07767d21750687d22f7f3fd9,"[-499.9, -399.6, -499.9]","[40.1, 37.1, 44.3]"
152,154626,155649,1024,0.0,1698.34,1.660000000000025,581573d65359e7d65b0bceecbb65d8f76951e0a63ac8bdc8fa96f6d83140c0cf,"[-177.7, -321.5, -182.6]","[44.5, 48.3, 45.4]"
153,155650,156673,1024,0.0,1698.34,1.660000000000025,833d1ae9094af5c9e56a88f2780a63cd7736aa7eed1dcb72616f220eb295e5d6,"[-139.3, -119.2, -150.1]","[44.9, 32.1, 45.1]"
154,156674,157697,1024,0.0,1698.34,1.660000000000025,6f58d84f8e314e7242f9f9de55b411dcc613f0f04582cf08a7d0f250398d5f26,"[-146.2, -147.8, -52.6]","[49.5, 51.7, 47.9]"
155,157698,158721,1024,0.0,1698.34,1.660000000000025,d7a5aff3469cb2177db15c3d7c3b30b18dbeb01760f5248be808380cbcfbedf9,"[-205.0, -309.1, -51.9]","[52.9, 34.2, 40.2]"
156,158722,159745,1024,0.0,1698.34,1.660000000000025,b193b4cfab322b2ba3e6b43ce4e8503ef714dac7900d17137b94abad46c8fee4,"[-199.0, -218.6, -44.7]","[49.7, 30.1, 34.3]"
157,159746,160769,1024,0.0,1698.34,1.660000000000025,9c065c3f441a92a76c90031840bb0f753b4fb1e5da4a102d59ffe6e1a07b4be3,"[-248.9, -321.8, -50.8]","[48.7, 44.3, 36.4]"
158,160770,161793,1024,0.0,1698.34,1.660000000000025,78bd3a47cd2c962b02ce05ea126bf31369c0d2ebe07344e1f25963656d5f1eaa,"[-245.5, -127.1, -47.4]","[34.5, 30.7, 30.2]"
159,161794,162817,1024,0.0,1698.34,1.660000000000025,6cc6c98c2c82c9c45c8751653cc68292edede796d400a710390cabf16811870b,"[-130.1, -181.4, -45.4]","[35.5, 48.1, 38.2]"
160,162818,163841,1024,0.0,1698.34,1.660000000000025,827008df3474387dbe17f8150fc0e6f3651400e4f21419a88e228c80cad02244,"[-157.0, -146.1, -129.3]","[38.1, 38.8, 30.7]"
161,163842,164865,1024,0.0,1698.34,1.660000000000025,0a2d6d64f64bd81ab16c5c79b0ceff6b51683952b6b48022c800c4bd61da2bef,"[-205.4, -360.1, -46.0]","[43.0, 37.8, 33.5]"
162,164866,165889,1024,0.0,1698.34,1.660000000000025,704bdd4776af31f95eb08789abe0ade6a01be7d507df34f1670bbdbf0a74abfc,"[-113.4, -142.9, -177.3]","[32.1, 38.1, 28.2]"
163,165890,166913,1024,0.0,1698.34,1.660000000000025,6273471c572f628d7907947927c29e42d845030935bbde562110bde440dd4512,"[-152.2, -359.9, -53.2]","[40.3, 42.7, 36.4]"
164,166914,167937,1024,0.0,1698.34,1.660000000000025,3fe655a6161c909c262f19f75959894e93d5ef2660f23861b1301108ded45168,"[-283.8, -179.9, -57.7]","[40.9, 42.6, 38.1]"
165,167938,168961,1024,0.0,1698.34,1.660000000000025,a45b2a3c59bd005cdd618df2172cc308812d0c500b090aad6d0148e2372c20f3,"[-127.8, -375.1, -46.2]","[42.3, 34.7, 25.8]"
166,168962,169985,1024,0.0,1698.34,1.660000000000025,47fb40451522318909fd489e20c029e87ef80a6569bfa77e3a91fd9dde1cbde1,"[-217.2, -360.0, -44.3]","[36.6, 50.0, 29.6]"
167,169986,171009,1024,0.0,1698.34,1.660000000000025,de721e343e1f0b74a64d1ca4b201870d23186d1591affbef6890006c1b8b3e27,"[-214.0, -145.3, -60.1]","[39.4, 33.0, 35.1]"
168,171010,172033,1024,0.0,1698.34,1.660000000000025,f486fba3e92a475fd4503315e67f4663316fef10ffc89ac9010f44468db6392a,"[-199.3, -169.7, -263.5]","[39.6, 32.4, 30.4]"
169,172034,173057,1024,0.0,1698.34,1.660000000000025,896d0309be9e73da13425d9f53503ed46507c07a0bf373314c725334ef1f69bb,"[-234.3, -205.3, -56.7]","[32.0, 43.4, 38.7]"
170,173058,174081,1024,0.0,1698.34,1.660000000000025,db87a89357744c33d620a1a3fe9bf2a5709478cd770827015c1632c6b3629d26,"[-211.4, -249.8, -109.8]","[39.6, 34.0, 32.1]"
171,174082,175105,1024,0.0,1698.34,1.660000000000025,78b04fb732451218f0fba21bdaacca55130fae2ee545bfbf691ff045cde65f24,"[-155.2, -155.6, -170.7]","[32.4, 37.8, 24.6]"
172,175106,176129,1024,0.0,1698.34,1.660000000000025,d55bf1f0478490abc9742e708f7bb91aab95d93afd93bac27e1eab3f0e1dc1ee,"[-245.0, -338.0, -54.7]","[36.8, 40.3, 34.1]"
173,176130,177153,1024,0.0,1698.34,1.660000000000025,a8707ae2d09bb64ec628707841c1871237fa86ccfac5c5b80cd8106b2ed00354,"[-145.8, -133.9, -178.7]","[35.2, 43.4, 35.1]"
174,177154,178177,1024,0.0,1698.34,1.660000000000025,3f696002596aac6b91558a6f8e9e27c737c783b52e65b936ed0b944cb45a1275,"[-213.1, -173.0, -62.6]","[40.5, 35.1, 30.8]"
175,178178,179201,1024,0.0,1698.34,1.660000000000025,92f8b75a6daadfdded82f7d05ac10d628abbe11b347052fe9affb38d8a0acaf9,"[-211.4, -238.0, -115.9]","[32.7, 45.9, 28.8]"
176,179202,180225,1024,0.0,1698.34,1.660000000000025,5d70d58faa9fa75a6b63f3709fd420d6394d35d4365661cdcd8dafdb218cb860,"[-152.2, -164.3, -218.5]","[45.8, 39.6, 32.7]"
177,180226,181249,1024,0.0,1698.34,1.660000000000025,247d89fc7b1ede261f793ed41c3c7de9098ab00b656e051e1701d8238412245d,"[-205.1, -222.7, -52.8]","[34.2, 48.7, 35.6]"
178,181250,182273,1024,0.0,1698.34,1.660000000000025,3703e62e6b6b174125006f57e8fc4718b786feb7464f733a5231dd75442fb034,"[-190.4, -194.2, -51.2]","[37.4, 44.9, 28.0]"
179,182274,183297,1024,0.0,1698.34,1.660000000000025,01242a5a1f534ec3dbfac7a12c6ae0ff655b0cb1d90bf2e6ad0e7e351269487f,"[-152.5, -171.7, -374.9]","[42.6, 41.3, 40.2]"
180,183298,184321,1024,0.0,1698.34,1.660000000000025,923fe90bcd2373309f3d8ea7f311614cc860ba686e2e8bdd7f4bafda327f556c,"[-149.5, -253.4, -46.0]","[35.6, 39.6, 31.9]"
181,184322,185345,1024,0.0,1698.34,1.660000000000025,a7878d0e4174ba528618396aab5e7ffe668f498fac2066b65e465f51dd6eb833,"[-203.0, -161.5, -50.8]","[46.5, 37.0, 29.8]"
182,185346,186369,1024,0.0,1698.34,1.660000000000025,53ab1a681aeae4e4ce62965c478d3d5284669d2b4327027a88718f725ea369f3,"[-181.0, -315.3, -47.9]","[40.9, 35.9, 23.8]"
183,186370,187393,1024,0.0,1698.34,1.660000000000025,8b220e596930a571b65ac69611effc34b385f386ba3edc22bf81a469c6f6b4ab,"[-185.8, -380.4, -46.0]","[34.9, 38.1, 29.0]"
184,187394,188417,1024,0.0,1698.34,1.660000000000025,46f74f9de3d49b1ffba62c68ae50ba02c814435caeca9b3fd384ed798c887b07,"[-165.0, -199.0, -114.3]","[44.5, 37.4, 39.2]"
185,188418,189441,1024,0.0,1698.34,1.660000000000025,508e525ef1c6176de3f23314bc620e1334a51ad01b77115488118428a5460526,"[-257.8, -311.3, -52.4]","[35.7, 40.6, 35.6]"
186,189442,190465,1024,0.0,1698.34,1.660000000000025,037dcad18ae781004c8353bbc87b1d703f356c7384fa29a995755f72dd5129c6,"[-181.3, -130.9, -47.3]","[37.3, 35.8, 33.4]"
187,190466,191489,1024,0.0,1698.34,1.660000000000025,914137e85997b3b5bcff825261941caafc5775e8c2c91f4c835b115ab72f02a8,"[-209.1, -193.6, -54.8]","[51.5, 36.6, 36.6]"
188,191490,192513,1024,0.0,1698.34,1.660000000000025,719d995276c4378526a2d820133bee55d0d4ded99995cd7a95122bfd59a81ece,"[-157.0, -212.4, -105.0]","[38.2, 41.1, 33.4]"
189,192514,193537,1024,0.0,1698.34,1.660000000000025,16e9f08049b64cc00b949337a4d066470dc2aa3c135ce5ff70eb596fa1582383,"[-212.8, -270.5, -56.1]","[36.2, 52.3, 37.7]"
190,193538,194561,1024,0.0,1698.34,1.660000000000025,111984fe2d438fe4a78eb7baf222abd530ecda95f2210fa1c669419b385f8a12,"[-499.9, -499.9, -499.9]","[39.8, 42.0, 38.6]"
191,194562,195585,1024,0.0,1698.34,1.660000000000025,352deebbf8c249587ce3c4653071d51122bc8f49d8cc33eace32a7d5ea37491c,"[-197.0, -276.5, -46.8]","[32.3, 40.2, 36.1]"
192,195586,196609,1024,0.0,1698.34,1.660000000000025,53227b222b2d86bb7ad1299734e48e3cdb5da8ce0c50b3771e593f731fc23eac,"[-144.4, -146.9, -106.9]","[40.1, 34.5, 28.6]"
193,196610,197633,1024,0.0,1698.34,1.660000000000025,ebb2248c1ae20d7c624d6606211c779ab4ed848282309f93b4cb1e0dd9ccbf95,"[-262.9, -335.4, -129.0]","[35.1, 40.7, 24.1]"
194,197634,198657,1024,0.0,1698.34,1.660000000000025,95d88181b46ebd86053e9e82b3e80f262dcdb4d81fe28f3c2063be308bfaa457,"[-171.7, -275.9, -240.9]","[43.2, 40.7, 35.9]"
195,198658,199681,1024,0.0,1698.34,1.660000000000025,3c21aa81c581c18d3caf8bb5187e5c0af360affa6343ff48097ac91d001ec39c,"[-221.4, -125.8, -43.4]","[35.9, 34.2, 34.2]"
196,199682,200705,1024,0.0,1698.34,1.660000000000025,2e64c423511b8fe4eff0abe3024e275962bc08a7aaf05112e85a370c5de00cad,"[-166.5, -191.9, -38.6]","[43.6, 50.0, 31.3]"
197,200706,201729,1024,0.0,1698.34,1.660000000000025,79e303d51e5832ed901f5b19d69e43a464df9c85eab1a1bde3731b8cbd8e7a92,"[-182.5, -212.9, -50.2]","[34.8, 38.8, 35.6]"
198,201730,202753,1024,0.0,1698.34,1.660000000000025,5428d9baf1e1b47a52f05d480fcf6a7b1c35f99495ab38282f44c55fbfd983a6,"[-158.5, -134.6, -161.5]","[36.0, 33.9, 36.7]"
199,202754,203777,1024,0.0,1698.34,1.660000000000025,6197ec37d719bf794a393604236f09ff6cf894e93dea4c7dbed182a48c700a5b,"[-172.3, -384.2, -49.3]","[35.3, 40.4, 38.7]"
200,203778,204801,1024,0.0,1698.34,1.660000000000025,791e818868ec62fa100285d98e07184f3fcbd300de780e651d360c341f0551c5,"[-127.8, -232.8, -96.4]","[31.9, 39.8, 31.4]"
201,204802,205825,1024,0.0,1698.34,1.660000000000025,a0131af8eeded4a008b12ad07f471cb0d8a35897f89d34527e2eea5d91e125ae,"[-156.1, -221.6, -45.3]","[32.3, 37.6, 26.5]"
202,205826,206849,1024,0.0,1698.34,1.660000000000025,b7418ccd2eef0864a643cab84f031947500d9ce06873914962a4f3c5fca51b2c,"[-159.8, -261.7, -46.9]","[33.5, 42.0, 27.0]"
203,206850,207873,1024,0.0,1698.34,1.660000000000025,bbbc4543b5c9b183b9700fd36eb1eb1a091b1ad19233e788994798c8e998860f,"[-300.3, -323.1, -47.1]","[43.2, 38.4, 38.8]"
204,207874,208897,1024,0.0,1698.34,1.660000000000025,a68579e2b3b6fb77cfef17092e005dedf7400eddd59e851f82bdfcba40381a3e,"[-141.6, -273.8, -40.5]","[35.3, 33.0, 29.7]"
205,208898,209921,1024,0.0,1698.34,1.660000000000025,f7550f54c885d26cd7e2f56da797a492f7da7e0af1a665ec36dea514f4ac3e6a,"[-173.2, -375.2, -46.4]","[31.8, 34.6, 29.7]"
206,209922,210945,1024,0.0,1698.34,1.660000000000025,20f03363b83e66b5b7cecbb5d9bd51c3642a1cc6f66bfde91cbcedf5d73f95d3,"[-203.7, -190.0, -96.6]","[41.6, 36.3, 39.5]"
207,210946,211969,1024,0.0,1698.34,1.660000000000025,3d5235257c13b0ad1d568abd30a895c1a9e26616a76f45bcbc64f4124259c6ba,"[-208.6, -234.6, -110.6]","[46.8, 33.2, 28.9]"
208,211970,212993,1024,0.0,1698.34,1.660000000000025,675fb72aa608b78fc9a77f3a29590b2dd4cec856610722858ce48cf0f57cfb30,"[-185.3, -123.2, -214.6]","[56.9, 40.9, 31.7]"
209,212994,214017,1024,0.0,1698.34,1.660000000000025,e52e1e75a09bd3220387a95f8f03a5786d95520c45c0ffc4046b94c867ebb841,"[-224.7, -242.8, -49.6]","[43.2, 34.7, 28.8]"
210,214018,215041,1024,0.0,1698.34,1.660000000000025,dd1735e039394ad0fde4a386bb45f4cdfa4bd0a785b30a5bd8a9ce7319a7ddd5,"[-203.2, -236.8, -46.2]","[46.9, 34.5, 40.7]"
211,215042,216065,1024,0.0,1698.34,1.660000000000025,d7b4b9a8a3bd2fff850848e461bcd1ae1b9e023a9f43cda1722729cb5b66b37e,"[-135.3, -120.1, -228.0]","[38.7, 32.2, 25.6]"
212,216066,217089,1024,0.0,1698.34,1.660000000000025,28bad0e1883466add853e970521c2401309de61e8adf281cf4b4e4d9af9ec282,"[-221.1, -135.1, -49.2]","[36.7, 39.7, 36.9]"
213,217090,218113,1024,0.0,1698.34,1.660000000000025,98a874a3362cefe0116efe9b0b790e1ff5ba2a1bcb1a845b345a96d20eaa98eb,"[-269.5, -108.4, -50.2]","[35.5, 36.6, 34.0]"
214,218114,219137,1024,0.0,1698.34,1.660000000000025,78aca02c0c031dcdb38a7b53cb7fbc8ac11d73d22fcd1eaa2428d64ccd9b643c,"[-156.2, -123.5, -55.6]","[33.0, 39.1, 30.6]"
215,219138,220161,1024,0.0,1698.34,1.660000000000025,a11303fe7d6e6ecd0f59598a7e02b22f4290d7106970c0eb9fe61c5ce22d2cb5,"[-189.5, -259.6, -184.2]","[44.5, 34.0, 30.2]"
216,220162,221185,1024,0.0,1698.34,1.660000000000025,aa25f996f77793301c90d10f861ae3797a1202f0d28e474cb690ea9baae3e140,"[-128.9, -128.5, -200.0]","[45.5, 38.2, 30.0]"
217,221186,222209,1024,0.0,1698.34,1.660000000000025,c51a14f542bd4654dbe8f1df3f22c0a29d34213a0ef9bc4883a9b8517047ef3d,"[-185.8, -255.3, -48.4]","[29.3, 36.8, 28.9]"
218,222210,223233,1024,0.0,1698.34,1.660000000000025,06582bb107fec4f8ce10ca945fd4a3bc019f34ccdc1c08e7921c605d6b43f781,"[-142.0, -231.9, -232.2]","[45.9, 35.5, 29.0]"
219,223234,224257,1024,0.0,1698.34,1.660000000000025,a72ae9cb146d49e6e7081ba66f9b3cc30c90e7f3c2f142827a9dfa8cd02258ab,"[-144.3, -209.7, -122.1]","[30.0, 32.7, 20.3]"
220,224258,225281,1024,0.0,1698.34,1.660000000000025,8f5f8699d5f5789c7879f9fb1d0b4c4060a9d565dd1885ed831845b460f1f2ba,"[-319.2, -499.9, -499.9]","[39.6, 35.2, 34.8]"
221,225282,226305,1024,0.0,1698.34,1.660000000000025,4851a0ef3b2d7233326847d662ba4e1bf995d4669306c4b3d0949a9d5f2eab1c,"[-175.2, -261.7, -499.9]","[40.5, 44.7, 35.3]"
222,226306,227329,1024,0.0,1698.34,1.660000000000025,c220e6558aba194d43a229b3d410331bf1f2432e98b0397e037c2681ba758b3e,"[-158.5, -188.1, -45.2]","[41.2, 35.3, 37.4]"
223,227330,228353,1024,0.0,1698.34,1.660000000000025,6e73af477efbe7acf7c104fce3329ffddf43289c8aced649e1b337de6d2765ad,"[-173.1, -277.5, -129.5]","[38.8, 44.7, 35.8]"
224,228354,229377,1024,0.0,1698.34,1.660000000000025,995a2d23534500d183a737ea06010c6016e004f5e58d2d071a8a07bd81bf8f3d,"[-205.6, -214.1, -178.1]","[31.1, 43.6, 29.7]"
225,229378,230401,1024,0.0,1698.34,1.660000000000025,c207e84117e89c3089fc52118c7d29c91c05eba05f9ff937399d8b5ed97a5953,"[-279.7, -499.9, -45.1]","[39.4, 46.6, 29.0]"
226,230402,231425,1024,0.0,1698.34,1.660000000000025,b9bcbf11fd1a68ceae61c18b5a66e04eeffdff6aa5f8b90bd228ef359d9273a0,"[-232.8, -373.0, -40.0]","[33.6, 31.8, 27.9]"
227,231426,232449,1024,0.0,1698.34,1.660000000000025,3378f3b233f3fd3800a6cfdc1e4537dae0c446e691485cbd9e27e103b6d2e09b,"[-247.1, -222.5, -39.5]","[36.2, 36.8, 21.3]"
228,232450,233473,1024,0.0,1698.34,1.660000000000025,a253dfa9979a70045a1a96c68c328d5276fab350f61e7377e04a345a5fac0869,"[-230.8, -312.5, -49.6]","[31.6, 51.1, 34.5]"
229,233474,234497,1024,0.0,1698.34,1.660000000000025,27ba7a8e8573368d64467ba52f24277f848a8d4d00a649227765f8591a7cdc82,"[-155.7, -217.7, -162.8]","[33.4, 46.1, 28.4]"
230,234498,235521,1024,0.0,1698.34,1.660000000000025,492eb38a1a890e585dad6c16991f736e2324c24549df930868ac735469c6606b,"[-213.3, -235.7, -48.6]","[35.3, 35.2, 33.9]"
231,235522,236545,1024,0.0,1698.34,1.660000000000025,4d0066f9a20a0e841221629b929e3bed0f59df5471f7182c33dadfe0690cf635,"[-273.2, -183.6, -46.6]","[35.9, 38.9, 29.8]"
232,236546,237569,1024,0.0,1698.34,1.660000000000025,8cccb1520aa31a86cfd75646660f5552cd998b14988fe9d1ab1aabc8cf815d51,"[-321.0, -469.0, -47.8]","[36.1, 35.4, 35.2]"
233,237570,238593,1024,0.0,1698.34,1.660000000000025,488e28c7c72587da40746babf742b674ddc8b6849667c52eda016ef04a05cae6,"[-156.3, -167.0, -53.9]","[38.6, 45.9, 38.6]"
234,238594,239617,1024,0.0,1698.34,1.660000000000025,ed08fbe6509d0d8d52b3bd26be0ff2b707969949339b6cb3f8e586910a9f1512,"[-172.8, -314.5, -50.5]","[40.6, 36.3, 33.7]"
235,239618,240641,1024,0.0,1698.34,1.660000000000025,0c7475a36123bb5c6f6e6499b451f0066727fe518c82c396736088df787e2a69,"[-136.7, -135.6, -115.3]","[36.5, 52.8, 29.6]"
236,240642,241665,1024,0.0,1698.34,1.660000000000025,c8d22dcbad71edb7f0f9357a474e64a81342d6aca283bd48a82b41989155af3c,"[-171.7, -185.7, -103.6]","[39.3, 35.6, 29.5]"
237,241666,242689,1024,0.0,1698.34,1.660000000000025,70c5af5013bff77a60dfb4d9e07dc60b31b94bf664740a6d62ca32d8a65f3e9f,"[-140.5, -168.4, -51.4]","[36.7, 38.5, 36.8]"
238,242690,243713,1024,0.0,1698.34,1.660000000000025,2590634010ea9baa7f894fd2247a87019be1479776a703048738258f058a51b4,"[-191.4, -322.9, -47.9]","[32.5, 41.9, 39.2]"
239,243714,244737,1024,0.0,1698.34,1.660000000000025,28db016fce68832a45c868fb7b91f743bd3dc390e80104f44dcd2a6ebc47ee68,"[-170.1, -175.3, -237.8]","[46.7, 42.4, 34.2]"
240,244738,245761,1024,0.0,1698.34,1.660000000000025,4c7fbc4a332ab88c0a8d0929deed631eea5774f4bd2fe69282c8edd69c14c0cf,"[-219.5, -250.8, -62.4]","[36.7, 51.9, 40.0]"
241,245762,246785,1024,0.0,1698.34,1.660000000000025,5bf5dc752b80ee797b6d1ecda2148d70c651f6155a43e0aee44311d8eae5a139,"[-191.5, -248.3, -169.5]","[35.0, 40.6, 31.8]"
242,246786,247809,1024,0.0,1698.34,1.660000000000025,7511203b9832adbdf03338667199036e79ae07dfcd54cdead35bdb7d366b20ac,"[-184.4, -152.0, -39.5]","[41.1, 41.6, 34.0]"
243,247810,248833,1024,0.0,1698.34,1.660000000000025,105d5c51d1ebf26a4e0fd1d86bb888ac87c98d51784c64108872db6bc6dee99f,"[-308.7, -109.1, -43.3]","[28.9, 39.0, 27.2]"
244,248834,249857,1024,0.0,1698.34,1.660000000000025,762cc888d0d80dc61c469954c437a18aa909c3ea333360ecb3ea915e0794c6ac,"[-254.0, -413.5, -49.8]","[36.5, 39.4, 25.1]"
245,249858,250881,1024,0.0,1698.34,1.660000000000025,ab61a704891d011c321d49ce48037883218ea8b3b12a572067d0af55022a44dd,"[-225.5, -261.9, -125.9]","[35.6, 46.5, 36.1]"
246,250882,251905,1024,0.0,1698.34,1.660000000000025,960944bb8c7cb10443119797417d5ef4ef27957ac32a96f302f9583dd31f2fc7,"[-129.9, -296.1, -46.2]","[31.7, 32.7, 27.6]"
247,251906,252929,1024,0.0,1698.34,1.660000000000025,a6e89eb77b8dbad077f9b254667ddce74b8afbea1edc9286f4ff5b7306f0d930,"[-247.2, -162.2, -47.7]","[39.6, 44.7, 25.3]"
248,252930,253953,1024,0.0,1698.34,1.660000000000025,f86ff0f87134ba508dc44f3c2f7966f5b5ed2af97b8aaf73579c10ddbc5db55e,"[-229.7, -293.6, -131.6]","[34.9, 42.7, 36.6]"
249,253954,254977,1024,0.0,1698.34,1.660000000000025,cdb8f7e96a34beb42477fec83152946d1cab4564493f87467b0718d4e83ee4ea,"[-125.7, -113.6, -109.8]","[38.7, 38.5, 37.5]"
250,254978,256001,1024,0.0,1698.34,1.660000000000025,e2a90b8de1a350b594219cc74600b3d6922eb4b115fd007596ed89d39bd15ea3,"[-197.6, -221.1, -51.7]","[38.3, 32.8, 28.5]"
251,256002,257025,1024,0.0,1698.34,1.660000000000025,5282faef98c36d087e3a4b4246745ff00beca9e7ed6bc04ecb7a9bf12a434be8,"[-245.4, -415.9, -48.4]","[38.9, 34.4, 30.4]"
252,257026,258049,1024,0.0,1698.34,1.660000000000025,c15fb7088d49d0336ed2d7857b4304cb51bfce105faea1df6ed778fe553a9771,"[-283.1, -280.6, -45.7]","[36.8, 30.1, 22.6]"
253,258050,259073,1024,0.0,1698.34,1.660000000000025,08c1372d1fbbdbb65fa246ff9d7c42752334238ed4027da1c93ca358f3b29c04,"[-132.9, -136.0, -47.3]","[31.8, 37.1, 23.5]"
254,259074,260097,1024,0.0,1698.34,1.660000000000025,c56cdbda08aab2d02140ef085a384a281e2522a463c78b873f4e77cdcf085e95,"[-300.2, -315.2, -51.3]","[36.9, 38.4, 29.4]"
255,260098,261121,1024,0.0,1698.34,1.660000000000025,a1e7aa45406b65cfded271854f7eea9560f59477dabf779a5709c6558dd0406a,"[-286.7, -308.3, -41.8]","[35.9, 41.6, 32.9]"
256,261122,262145,1024,0.0,1698.34,1.660000000000025,c458a0edda7760a63bf40da9ff349c23a6debcd22c1efd0cd71e38438f58a8b4,"[-256.9, -104.0, -49.4]","[31.7, 42.0, 35.5]"
257,262146,263169,1024,0.0,1698.34,1.660000000000025,f9eb41170347ddaa26a2528030f6a7e6e5131aabf7462e1654b6dd24b21a8732,"[-194.1, -121.9, -119.5]","[32.5, 39.3, 31.1]"
258,263170,264193,1024,0.0,1698.34,1.660000000000025,3b6a8805fe03b48165fdcad813dcbf9f563723df0c74f714b5651f5383de2988,"[-198.0, -331.9, -142.5]","[37.8, 35.2, 33.6]"
259,264194,265217,1024,0.0,1698.34,1.660000000000025,8d9fa5706e5f1c63142e32cbe1290a8f1e7bdc1aad054cf27a36fcaf803a1c5c,"[-140.3, -154.4, -58.2]","[37.0, 28.7, 37.6]"
260,265218,266241,1024,0.0,1698.34,1.660000000000025,ac1526f9aad9e6d9d2b02817fdcc188145e86fc5dda6eeadcb1c9586f645e8cd,"[-174.7, -124.7, -263.2]","[31.8, 36.5, 31.2]"
261,266242,267265,1024,0.0,1698.34,1.660000000000025,92b52b0c98b3607cd1ad36729a1c496e2fcd25e48a8e76fdb7fda32c00ff5ec3,"[-238.8, -381.0, -45.9]","[34.6, 41.0, 33.1]"
262,267266,268289,1024,0.0,1698.34,1.660000000000025,e7771527a3b9cf4c15d0e7b5491d4f9721c20948b0029113431feb8d00998704,"[-136.2, -136.3, -132.2]","[40.0, 39.5, 37.2]"
263,268290,269313,1024,0.0,1698.34,1.660000000000025,25f115e3b342b94937570cf80eda21c575efaccb04b04d36fdb2f99ad62402cb,"[-265.1, -163.1, -41.1]","[48.5, 36.1, 35.4]"
264,269314,270337,1024,0.0,1698.34,1.660000000000025,811f25b1bcb93249355157b8cded99dc7275d99c89a2754c5ba002ef134bfdbb,"[-162.1, -100.5, -54.2]","[36.7, 48.4, 37.8]"
265,270338,271361,1024,0.0,1698.34,1.660000000000025,8f753c361407ed8c992ac5924cfda1b7c0af93a288ba0a7ea567f02a6fd65400,"[-222.0, -173.6, -164.3]","[43.4, 47.6, 33.1]"
266,271362,272385,1024,0.0,1698.34,1.660000000000025,f76b9bf2b3e2ff7f70e10b6231e022a19ac5d856d550b381044660a7105e5a6a,"[-202.1, -204.9, -147.1]","[32.3, 32.0, 28.0]"
267,272386,273409,1024,0.0,1698.34,1.660000000000025,003afbd198b496388418e4b1f28a960dee7be4b0898dad695b03639aef242f88,"[-212.9, -241.3, -57.5]","[42.7, 43.4, 32.6]"
268,273410,274433,1024,0.0,1698.34,1.660000000000025,317cfc7207f43fe4f1c1f793a5a7a2948ce90f4fd848301273fbc58e3610ddc9,"[-248.9, -311.9, -42.1]","[38.9, 41.6, 28.5]"
269,274434,275457,1024,0.0,1698.34,1.660000000000025,9c66ef051471b652cf23ce8b060ec58ba40ff9c97c6ce2e8c30030f3e2ddb191,"[-152.7, -131.0, -112.8]","[54.8, 45.9, 46.5]"
270,275458,276481,1024,0.0,1698.34,1.660000000000025,490062e6132cb7704f6f94143b1a512fcf5aa41ee157fa27f92b41f657faba3a,"[-136.3, -157.7, -48.1]","[45.1, 42.8, 39.8]"
271,276482,277505,1024,0.0,1698.34,1.660000000000025,f175c3ea5c2d5deea9ae28e132b945fef0c8284741654420ed9b59d3bf010cb2,"[-181.7, -175.3, -123.0]","[33.2, 39.1, 31.2]"
272,277506,278529,1024,0.0,1698.34,1.660000000000025,a2ca80e3ba44f83d27e69b76ae5e2069108e396833d3543e81ff943e7ecc8b3a,"[-246.0, -270.5, -55.3]","[34.7, 54.4, 37.5]"
273,278530,279553,1024,0.0,1698.34,1.660000000000025,8a2a01ed4cd095b285df49e7af96dcd4cd6be780f24768d1aae15a4be244ba3c,"[-147.0, -127.0, -133.9]","[40.0, 47.7, 34.0]"
274,279554,280577,1024,0.0,1698.34,1.660000000000025,2f712fa4e687a9cb08b2e4a1f8beacb9a37bed647c4a43900c0444a5b9c2aa56,"[-290.8, -120.8, -72.4]","[35.8, 40.5, 43.5]"
275,280578,281601,1024,0.0,1698.34,1.660000000000025,c8f94cca2bc917f36de8a251208180c3aa5cf02c18a6564d84f3c8d0f6687780,"[-240.1, -297.8, -54.7]","[45.5, 46.1, 40.5]"
276,281602,282625,1024,0.0,1698.34,1.660000000000025,518daf83b40076b14ebfe74381b3fdbf650a27ab14bebcdd95021abbff429a89,"[-182.7, -295.6, -42.7]","[31.5, 41.5, 33.6]"
277,282626,283649,1024,0.0,1698.34,1.660000000000025,ab75444926e3dca7afde7dace65cb0f8ac56051ae0e14b968897e6e7c009cd68,"[-151.8, -155.6, -238.4]","[42.5, 42.0, 25.1]"
278,283650,284673,1024,0.0,1698.34,1.660000000000025,82e98cf6781ac07263abee691a403fd1c5dac4795ebab5698c04d9da9a6bacae,"[-158.1, -175.3, -46.6]","[54.7, 37.1, 30.6]"
279,284674,285697,1024,0.0,1698.34,1.660000000000025,81b96156356c4903b754e6fcab8fa176567e443185ffa377cf9438700254f5f2,"[-230.1, -231.9, -329.8]","[37.4, 45.2, 34.7]"
280,285698,286721,1024,0.0,1698.34,1.660000000000025,8814cbc0ed8468727534ebd7c78d16eba202b7a76050369523957be64bb6a4de,"[-126.7, -134.5, -165.7]","[43.8, 43.8, 41.4]"
281,286722,287745,1024,0.0,1698.34,1.660000000000025,dc7012828050ed6f9d7cb0f6a47eaf861149c5e6a828d4b5e207161b1d3e7301,"[-324.3, -147.5, -44.8]","[28.8, 38.3, 26.9]"
282,287746,288769,1024,0.0,1698.34,1.660000000000025,a16aef3b0ddb303e6c71038b70a516205db41dd63a65cc74578d70eaacdb169a,"[-198.1, -134.4, -52.0]","[46.2, 43.6, 45.2]"
283,288770,289793,1024,0.0,1698.34,1.660000000000025,f7567fe7d6546e01f9d695563b027106e692354722105610842329d35a8a62d2,"[-198.5, -109.0, -100.2]","[36.0, 37.2, 33.4]"
284,289794,290817,1024,0.0,1698.34,1.660000000000025,397753ef2ac9a449195cf4db21319274f8bb88dff5e315e04eb452b694f05d0d,"[-176.4, -140.7, -48.8]","[45.6, 39.9, 31.1]"
285,290818,291841,1024,0.0,1698.34,1.660000000000025,ce45c0186596e0d9ac0531b41f632cfdb30871a631d8ebc49a36db8c81aca71c,"[-145.4, -101.1, -153.2]","[45.9, 46.9, 31.2]"
286,291842,292865,1024,0.0,1698.34,1.660000000000025,558c24309098a3ebc95af57851a717dc9be49c594c1e199529a0fa7fd2155cd1,"[-143.9, -151.1, -143.4]","[34.9, 44.8, 41.4]"
287,292866,293889,1024,0.0,1698.34,1.660000000000025,c355478641a0ed256d8ad53cc016b5f109b49f7dc0c80ccf79a1146c2fb1d78f,"[-240.6, -282.4, -138.4]","[49.1, 52.9, 33.5]"
288,293890,294913,1024,0.0,1698.34,1.660000000000025,fb7c05ebe8ffdf7cb45f239e8e6bd46d2dcdb384ba9b6c0d48b90822e79bb07e,"[-142.7, -121.4, -101.3]","[43.9, 37.8, 32.4]"
289,294914,295937,1024,0.0,1698.34,1.660000000000025,5c1e73d5bd1cf0af56809793006b5ac674c879714395a96af7998ed718fe9731,"[-194.9, -306.1, -172.3]","[40.4, 42.1, 31.9]"
290,295938,296961,1024,0.0,1698.34,1.660000000000025,1882724f2d9423043bf6c5ac6af79ff7d0193ffc9a3f45e7ef3030994f692a25,"[-177.4, -128.9, -51.2]","[38.3, 52.0, 37.3]"
291,296962,297985,1024,0.0,1698.34,1.660000000000025,bbf1959fc2905a175f25efe478ff599a0e58a2df3cf3c5c9d540e82f4eec2ab4,"[-148.2, -115.0, -117.6]","[37.4, 43.0, 23.5]"
292,297986,299009,1024,0.0,1698.34,1.660000000000025,6120504db8d03b34989327ec3f9957f0126a7d2d6f6bd8ea1a92a73ae11e0c5c,"[-127.7, -181.9, -48.6]","[40.3, 39.5, 31.4]"
293,299010,300033,1024,0.0,1698.34,1.660000000000025,f62aebe3bcd6fdd61bb8ae56a39d9fc3137f7ad889ca9ebdec6e70bf7d09eeff,"[-200.7, -163.1, -193.5]","[37.7, 41.8, 26.3]"
294,300034,301057,1024,0.0,1698.34,1.660000000000025,e64c961f55aa5f8e0bc14539e119e17be030d0332590c6b3cf5ab782a2b64c5b,"[-169.5, -141.4, -94.9]","[41.4, 42.2, 34.5]"
295,301058,302081,1024,0.0,1698.34,1.660000000000025,366e99edc73d7db1447e05b8f8237ef9f31ccffc679a2a35d629d942337a28bb,"[-170.8, -193.6, -48.3]","[38.2, 53.9, 40.8]"
296,302082,303105,1024,0.0,1698.34,1.660000000000025,3aad94b49502c8bf715a22f27104d2953cc709c23049793992d205f99d7b549d,"[-132.3, -136.2, -167.2]","[45.5, 54.5, 36.0]"
297,303106,304129,1024,0.0,1698.34,1.660000000000025,75f367e11b85d207bcd4ccf70c3f3320d15844e9c6c4989a22a11bcd1230f74a,"[-223.3, -255.0, -122.0]","[50.8, 52.1, 30.7]"
298,304130,305153,1024,0.0,1698.34,1.660000000000025,2709a52442749c03d72ef78e788d410859803894d4d76db276f9134ac8e93833,"[-165.7, -228.7, -121.4]","[41.5, 38.9, 36.3]"
299,305154,306177,1024,0.0,1698.34,1.660000000000025,f9e88bd5a79336a45799c7bbaaa26339eb856d1af868d29f87e2ed4779781c77,"[-138.0, -122.9, -263.8]","[45.1, 43.2, 34.7]"
300,306178,307201,1024,0.0,1698.34,1.660000000000025,ff82cf9c01c0f8026f34252d8d98e407e767c58a1373d2e141a393e0e9e4cbd3,"[-278.3, -178.9, -51.9]","[43.8, 52.7, 40.8]"
301,307202,308225,1024,0.0,1698.34,1.660000000000025,150195a3b5e57a20d64ea2368dfda80d426ee6aca099c508db28b3e4d4741ec4,"[-276.3, -346.5, -43.1]","[45.6, 45.0, 33.1]"
302,308226,309249,1024,0.0,1698.34,1.660000000000025,d89b197f44d2cec1b93c182441ea84822779c73f87671ad0d7aa35f2f3acdb3a,"[-199.5, -268.8, -50.6]","[59.3, 43.2, 37.7]"
303,309250,310273,1024,0.0,1698.34,1.660000000000025,3ba58f7c66c6b32bac470dd2cac8b4e7f995b3f9ca5b2a9c35a4f38d6c93f9cb,"[-365.4, -181.0, -43.8]","[39.5, 36.0, 28.5]"
304,310274,311297,1024,0.0,1698.34,1.660000000000025,bacf7a3fe88a76d49ed4fb15f5ab907c699b1e68e0fed88786b0bd4604ce767d,"[-197.6, -272.1, -57.5]","[36.4, 36.8, 32.9]"
305,311298,312321,1024,0.0,1698.34,1.660000000000025,6c409203770ec3f6a5edc1095b627ee134ad11b8e93dcfa03698ffad2d0341d0,"[-183.0, -192.3, -41.3]","[34.4, 49.5, 34.2]"
306,312322,313345,1024,0.0,1698.34,1.660000000000025,6ea4108be6864356f424e3e5d3b37db583bb275d72690778baa95d7b2f1a8113,"[-216.0, -288.9, -355.6]","[44.9, 45.4, 34.8]"
307,313346,314369,1024,0.0,1698.34,1.660000000000025,0b478da5cad8beed60748cd1c8a074c3f80edce85aec243d0e4ffda5583de828,"[-150.6, -280.9, -179.7]","[39.1, 42.2, 34.3]"
308,314370,315393,1024,0.0,1698.34,1.660000000000025,851dc38a65bc1d232ab5d9a8daab42d70d042197d4a8dce4dc4ef3ee7f9236b7,"[-195.1, -273.1, -143.9]","[41.6, 47.9, 33.0]"
309,315394,316417,1024,0.0,1698.34,1.660000000000025,da2d21b7e3f95350ba8d26d93866c22db69acd301ed0b0d05ae2062524f67fc8,"[-232.4, -156.9, -49.6]","[39.3, 61.0, 39.0]"
310,316418,317441,1024,0.0,1698.34,1.660000000000025,4ae961891705b8c5d3109c662b1693786d7714ca526e736e5bed598a70c6f298,"[-190.6, -198.7, -49.6]","[39.8, 50.8, 40.3]"
311,317442,318465,1024,0.0,1698.34,1.660000000000025,b5e79668c5c461ae7e9c0ed4d43f2f57824e829995d9b6cfd47f760afa1c518e,"[-143.7, -149.7, -258.9]","[46.8, 40.0, 33.4]"
312,318466,319489,1024,0.0,1698.34,1.660000000000025,79af0187d9f44749eb025dd83a0527f896398ba0d346d588b121b04a45783250,"[-192.9, -160.6, -139.2]","[47.7, 53.3, 45.1]"
313,319490,320513,1024,0.0,1698.34,1.660000000000025,cd860a5c87fcb8788615381b96bbdecdfb783c3eec326306ae48c64b6fc8e268,"[-139.0, -159.1, -180.9]","[34.3, 30.4, 36.8]"
314,320514,321537,1024,0.0,1698.34,1.660000000000025,7fb219bedfc3f6685963033587a382cc1ebaf38dd580e2bb2c2d9b29108ad2d0,"[-146.9, -206.9, -51.0]","[46.9, 45.5, 34.0]"
315,321538,322561,1024,0.0,1698.34,1.660000000000025,2cd48a828426422308024a622983eb9b93ba717dc39e74b68c494ae913b8cb1b,"[-174.8, -195.2, -43.9]","[42.4, 43.6, 25.8]"
316,322562,323585,1024,0.0,1698.34,1.660000000000025,ec2b9409fe6e7eb040c49d933c0945389f686168658335c3ef77a063ee94df42,"[-208.4, -293.0, -50.1]","[40.0, 41.6, 30.8]"
317,323586,324609,1024,0.0,1698.34,1.660000000000025,867706d385aa02c072dad694e1877b1908eb624b0472228a17b07f29bcadaadd,"[-207.5, -222.6, -79.1]","[35.8, 50.9, 29.3]"
318,324610,325633,1024,0.0,1698.34,1.660000000000025,b78e1e1ff7c6e6204dbc7684d87aaffc962da84535edf452b02b398add7af5cf,"[-194.2, -194.9, -51.7]","[42.1, 35.4, 33.3]"
319,325634,326657,1024,0.0,1698.34,1.660000000000025,6171d0b0b006ed8d693690b69c4bf68ff4cc37bd8f1bb3d0d4645f9035cec7d2,"[-277.9, -358.1, -52.3]","[38.8, 46.5, 40.2]"
320,326658,327681,1024,0.0,1698.34,1.660000000000025,635b03addb5c878da02985db84a223118fc9d363cb843b1329092a7ff3d660af,"[-191.3, -139.0, -157.9]","[42.8, 38.1, 34.6]"
321,327682,328705,1024,0.0,1698.34,1.660000000000025,dca8eae48e3f28d914fde945ab8c99f79aa49442d2f3719df8cc460ee69ffab7,"[-157.4, -194.1, -43.1]","[41.9, 42.6, 34.4]"
322,328706,329729,1024,0.0,1698.34,1.660000000000025,6596938bd1a05a7edc3ca56712c3aac6c13203fa0649243f7facda5a04e8c6db,"[-155.7, -103.5, -51.2]","[39.6, 43.2, 29.7]"
323,329730,330753,1024,0.0,1698.34,1.660000000000025,3a5a52c3cae316866ee5bdf67ce4223d3052637ff2f3334f185b192d9f2f5100,"[-127.1, -113.4, -159.9]","[43.3, 43.3, 36.7]"
324,330754,331777,1024,0.0,1698.34,1.660000000000025,bd2137c28959aca30c7e4151c0d0acb4fa3d5a2c47f363abd369ccf0b0a624c6,"[-177.9, -192.8, -101.3]","[44.7, 49.8, 40.0]"
325,331778,332801,1024,0.0,1698.34,1.660000000000025,4bda4fcd793f3ea21ab622c6a5feea514fdc0f5eb8a09092f2c14f026eea41ed,"[-183.0, -158.1, -55.3]","[59.9, 66.1, 40.9]"
326,332802,333825,1024,0.0,1698.34,1.660000000000025,ee5ca9b4334ad3b53ef23569fe43015bb9e90793ceb0378002701a6d309dea12,"[-243.2, -230.3, -47.9]","[37.3, 37.3, 32.6]"
327,333826,334849,1024,0.0,1698.34,1.660000000000025,d744a1a4a65d188d1f3f8a26a8800bc649f0f21788fba37bf64aa18fec926884,"[-345.2, -499.9, -48.7]","[37.7, 44.0, 28.8]"
328,334850,335873,1024,0.0,1698.34,1.660000000000025,747e7a404e54a1d126e14a7653e9e4992931d3abb4d9cfaf558c746f7926b404,"[-323.8, -225.7, -41.9]","[43.3, 48.4, 41.6]"
329,335874,336897,1024,0.0,1698.34,1.660000000000025,5c7710b076f45adb62a15ddbbf00b63d9df6395a2369315f33d5e70a48964645,"[-227.4, -191.2, -48.2]","[42.6, 48.3, 41.5]"
330,336898,337921,1024,0.0,1698.34,1.660000000000025,eb7b2db370171b1fc8a397512fce30f6f26bd3d8824898b9835b8efb195cd0e7,"[-302.4, -126.3, -50.4]","[37.4, 49.8, 31.1]"
331,337922,338945,1024,0.0,1698.34,1.660000000000025,c9a9c71f74996db2251cd9d02581873a31689eac1cfb321235e615271fd183d8,"[-195.6, -203.4, -63.9]","[39.7, 36.5, 32.4]"
332,338946,339969,1024,0.0,1698.34,1.660000000000025,589c1221bf51f44ce6b3272e067380855c23c8228975dcebc1e53fa5ce5ea536,"[-177.3, -127.8, -154.0]","[41.9, 39.1, 25.8]"
333,339970,340993,1024,0.0,1698.34,1.660000000000025,a754b3be6a9a1a55eaad3d90ea612497cabbf41947fcbdeffeb3158bbb91ca0e,"[-151.2, -209.6, -223.2]","[52.4, 52.8, 47.4]"
334,340994,342017,1024,0.0,1698.34,1.660000000000025,47ab4cda1a39f7d933585a8fbf95ebf92844dd990e6dea05f44a130d7f3c61b3,"[-200.1, -139.3, -63.6]","[46.4, 48.1, 38.0]"
335,342018,343041,1024,0.0,1698.34,1.660000000000025,063ef6a4e25e20c5b87b843496d50c5167b4a168ea88f59b1fc2c9148d42563c,"[-242.2, -107.3, -52.1]","[50.8, 41.1, 36.1]"
336,343042,344065,1024,0.0,1698.34,1.660000000000025,c4ff118e3769eaa541c0db9422de0964d37bf0f7b0dd6a14bea40f52f7fef7a7,"[-165.6, -268.0, -118.4]","[37.4, 45.1, 35.3]"
337,344066,345089,1024,0.0,1698.34,1.660000000000025,1a59824a857e752142f3d281fbfed360f8b861f9e75d6e914d5c6cf0f3495ccc,"[-252.7, -366.5, -55.1]","[43.2, 49.3, 41.4]"
338,345090,346113,1024,0.0,1698.34,1.660000000000025,732d141d2e518c08cbc753ca2bd089b830d3a4ca6691168edb5fda66212be2af,"[-183.2, -200.1, -224.9]","[48.7, 43.4, 36.0]"
339,346114,347137,1024,0.0,1698.34,1.660000000000025,aa66a38ee55fc1b8baf1300c56da67b850a9b3c2e0aefc381f5043a35a7541ad,"[-217.9, -322.2, -51.2]","[48.1, 47.4, 34.8]"
340,347138,348161,1024,0.0,1698.34,1.660000000000025,8565e9ba42bb2aa81f571cc24d84ff33045d192c1ad8a07c940b795907756ffc,"[-189.6, -346.9, -48.5]","[41.4, 43.6, 32.0]"
341,348162,349185,1024,0.0,1698.34,1.660000000000025,646df42ba24752eb0285817c960e06c319b3b0c3b6eeedfaac32ca5f1d07b06d,"[-180.0, -202.2, -130.8]","[52.1, 47.7, 41.1]"
342,349186,350209,1024,0.0,1698.34,1.660000000000025,c8b280c0fd78efe616805afd3834f8c62c9d4066689cc4317560774a01416031,"[-275.7, -263.3, -53.4]","[52.1, 55.4, 46.1]"
343,350210,351233,1024,0.0,1698.34,1.660000000000025,58d5380f96c28af5aed874a06cfab1d12afa8a430e4ab538aafbde7d01eea0eb,"[-139.3, -142.1, -99.2]","[49.9, 40.4, 31.2]"
344,351234,352257,1024,0.0,1698.34,1.660000000000025,1c0c67411cb27992d3b6ae031e91c4e3ce784204ac6b09a077aa836fb7928b36,"[-207.0, -241.9, -145.7]","[41.4, 41.9, 27.9]"
345,352258,353281,1024,0.0,1698.34,1.660000000000025,e534d3091bf3c2f42916a6ed34fb3adf3d2dcfdefdba10f8a698597967365ae3,"[-168.7, -232.7, -139.1]","[40.3, 39.2, 26.2]"
346,353282,354305,1024,0.0,1698.34,1.660000000000025,3a356521afcdd7a7843d5841a5ac7715ec0c73613aa628f8c5f5ff9e67b39bfe,"[-315.9, -251.8, -43.2]","[44.6, 44.9, 29.6]"
347,354306,355329,1024,0.0,1698.34,1.660000000000025,cd7d54d4bc6c926669c8f6ea0837401d8c42eefad02e209f7906a81f2c2877e6,"[-262.5, -129.4, -105.4]","[46.4, 47.9, 35.6]"
348,355330,356353,1024,0.0,1698.34,1.660000000000025,b5176385b1dd8b0ab548a5f472797facebb4848c902ffb72b6dc13c402d2f977,"[-221.2, -213.8, -45.6]","[43.2, 37.5, 37.1]"
349,356354,357377,1024,0.0,1698.34,1.660000000000025,3a2ba636a1dec41efd2fe6a45e6c5ea2874eacaf755fe6de1c63429b97f2a8c8,"[-177.0, -142.2, -53.9]","[33.4, 43.0, 31.9]"
350,357378,358401,1024,0.0,1698.34,1.660000000000025,1c3880687441bb3bc140a3b1e5c6af63d6b19e356f364b2da64f7d807721f68d,"[-189.6, -304.8, -42.0]","[34.1, 46.8, 27.7]"
351,358402,359425,1024,0.0,1698.34,1.660000000000025,2f479507aac5adb30f76c2631b219d807628207f40be92d69f5a4660ee22b04a,"[-256.4, -389.2, -46.4]","[43.6, 41.4, 38.4]"
352,359426,360449,1024,0.0,1698.34,1.660000000000025,763bcbb04e2f8c88263f334e85ef0c1adf3e5997a3f104587c24a6946d47b0ff,"[-499.9, -499.9, -499.9]","[42.2, 35.8, 42.0]"
353,360450,361473,1024,0.0,1698.34,1.660000000000025,6c0a7f6b47116b1e5cf89abd089b58e5defe7bbf491a179320fdc11146d1c658,"[-222.8, -303.2, -56.7]","[45.4, 48.6, 35.7]"
354,361474,362497,1024,0.0,1698.34,1.660000000000025,151ecf8d276365e5b97b4c0d8ca91e0825fbe0fda0057ebb9b73ad7828f9f9f6,"[-338.1, -323.7, -59.4]","[39.7, 38.2, 33.8]"
355,362498,363521,1024,0.0,1698.34,1.660000000000025,ae1257444d864003e1624ddcb5655c0b81112b6ebaaaf45cb3d4e9aa9d69b531,"[-163.1, -129.0, -48.7]","[41.0, 39.4, 30.7]"
356,363522,364545,1024,0.0,1698.34,1.660000000000025,bf0218a70a144445e77c61f5742acb659f3e822f65287d3c16ad44bad7730c74,"[-137.2, -123.8, -207.8]","[42.1, 35.9, 36.1]"
357,364546,365569,1024,0.0,1698.34,1.660000000000025,674a851d4f332e1063e38b6664af7721d602a50c6b3d8457125193f1fb8ffc07,"[-124.1, -202.8, -279.0]","[31.7, 31.1, 33.0]"
358,365570,366593,1024,0.0,1698.34,1.660000000000025,d025becb809666d4532805fa3ec3d3e6c2916573394b3b0d6b89b3d8d2b1075b,"[-235.4, -332.9, -66.4]","[47.9, 45.3, 36.2]"
359,366594,367617,1024,0.0,1698.34,1.660000000000025,587cad186549b517aa3d4b7731bf65c2b9992ff2e40833a28a43ffd0c61bb1dd,"[-128.7, -167.4, -107.4]","[45.8, 42.7, 33.6]"
360,367618,368641,1024,0.0,1698.34,1.660000000000025,5b6830f10899820e3e296f84cf8235564b83667c62b35ade41bf22f1aa97390b,"[-150.3, -200.6, -103.5]","[48.4, 46.2, 36.0]"
361,368642,369665,1024,0.0,1698.34,1.660000000000025,69adf150688732086942cc92386089d6e825e231d3314259c3580a5972470d03,"[-185.2, -216.5, -307.1]","[38.9, 47.6, 32.6]"
362,369666,370689,1024,0.0,1698.34,1.660000000000025,d8352cb73430e3999803d5569bd4b31bab0918d4d8a78873b59703a637fde3b8,"[-241.3, -276.4, -133.6]","[32.6, 41.0, 32.2]"
363,370690,371713,1024,0.0,1698.34,1.660000000000025,019a76d90e533ab4b4c057e8e8d796381127d6139228e6b8a5e73160d39cbdc6,"[-182.5, -221.1, -163.5]","[40.8, 46.7, 34.4]"
364,371714,372737,1024,0.0,1698.34,1.660000000000025,4177199bdafd16e008fd333ad9abe843badad4dbcb1cae1d3d5da85587020918,"[-156.4, -201.0, -54.8]","[38.1, 42.5, 35.2]"
365,372738,373761,1024,0.0,1698.34,1.660000000000025,798bf7d796052d286986bea7798b1bde572b23c2f556305d7d65b83d2db292e2,"[-193.4, -167.6, -50.8]","[40.5, 50.0, 27.3]"
366,373762,374785,1024,0.0,1698.34,1.660000000000025,c8fe9613d7d6013d80aced5a459b1b5f468378993fdad448f2a3b811b10b3650,"[-190.7, -279.1, -56.4]","[40.8, 40.7, 38.1]"
367,374786,375809,1024,0.0,1698.34,1.660000000000025,4a8e13c994a3a6d0003ebbb658f51c39ea35b8fcf24dc3a8e3d2f73413a3f8b9,"[-167.5, -149.7, -197.7]","[35.3, 48.3, 31.5]"
368,375810,376833,1024,0.0,1698.34,1.660000000000025,42db84fff289315e86690e4da846b05186111e0ffb6f84443eddd6081391824e,"[-164.7, -122.8, -170.0]","[36.7, 43.6, 32.5]"
369,376834,377857,1024,0.0,1698.34,1.660000000000025,ecd8f2d6ab46830aa14995d8dda4e0ee2307c742023686a76ced4def906ce081,"[-144.3, -369.3, -53.1]","[44.6, 48.8, 32.5]"
370,377858,378881,1024,0.0,1698.34,1.660000000000025,f59d6a0d3b6d374a3aee2e16dd7ac6467c1b1a5f70b49fbdce41a3f1303d31f6,"[-163.3, -156.3, -45.4]","[37.7, 36.1, 27.4]"
371,378882,379905,1024,0.0,1698.34,1.660000000000025,1237b6b4ae0cd97067231047e165df20a3909e6ec91caa6ef1002abe4058b73f,"[-181.9, -182.2, -46.6]","[43.9, 44.7, 38.8]"
372,379906,380929,1024,0.0,1698.34,1.660000000000025,24f65fe849f6b70910d9f4eb4c8e75830206a4ab86429003a37f7c7b9960bd9d,"[-201.0, -173.4, -122.6]","[53.1, 47.2, 33.3]"
373,380930,381953,1024,0.0,1698.34,1.660000000000025,c14228b24aea9dbad953b0ca3ff65e628a1af0e5ece833f33299c2251ebe57a1,"[-176.6, -350.6, -49.3]","[39.2, 50.0, 29.9]"
374,381954,382977,1024,0.0,1698.34,1.660000000000025,49f264771007534634d6c02a910e6a85221240d90ab57e3703ce5499dd93f0bf,"[-150.2, -164.8, -92.6]","[51.4, 40.5, 30.8]"
375,382978,384001,1024,0.0,1698.34,1.660000000000025,cc368faa1ca89583a550dc2ae83df9764e3531b3ec88d5c52f66fe19f664ce8c,"[-171.4, -135.3, -263.4]","[31.0, 36.7, 29.6]"
376,384002,385025,1024,0.0,1698.34,1.660000000000025,e8b45e741265d239c35ab736ded7b403f7f533b296f9d49192faa42277ef57af,"[-335.2, -464.7, -48.1]","[44.9, 40.4, 28.5]"
377,385026,386049,1024,0.0,1698.34,1.660000000000025,d357c9368a2b49f97fb38d527b32e4c2947633bb55636189a1f862d6ab238bdb,"[-187.0, -303.2, -44.8]","[36.5, 44.9, 34.1]"
378,386050,387073,1024,0.0,1698.34,1.660000000000025,a54a340192ec67accf8dd258fd3d91670f9a19e9a99832212177b1fe7666649a,"[-216.9, -218.5, -39.4]","[40.5, 45.8, 32.1]"
379,387074,388097,1024,0.0,1698.34,1.660000000000025,096182ddefa2008a66e27cd69323d9ae791b7179022d26fc7aeccdb53c946a8e,"[-129.3, -120.9, -181.9]","[31.9, 37.4, 20.6]"
380,388098,389121,1024,0.0,1698.34,1.660000000000025,c6c4aba5fc0c0d827c2528e85cbd5349ec1c8eaabc286782750dc1da44947a2b,"[-138.0, -159.2, -55.6]","[44.0, 40.2, 27.0]"
381,389122,390145,1024,0.0,1698.34,1.660000000000025,7a713cf86f1a594fdf1084d1cdf44018c677ac55328d5e188e635bd12d48965b,"[-137.8, -197.1, -54.2]","[39.6, 39.4, 32.5]"
382,390146,391169,1024,0.0,1698.34,1.660000000000025,ea6eb2de64d8843883b888ec81d4ee86f32592a983ed251b70558a96821097b2,"[-139.6, -189.2, -112.7]","[40.2, 40.6, 22.4]"
383,391170,392193,1024,0.0,1698.34,1.660000000000025,2da5f627578f9f7997ce03d49b403fb8c4d5154f7dd7bd49c51c87d60441d277,"[-147.2, -329.3, -46.3]","[39.2, 35.8, 36.3]"
384,392194,393217,1024,0.0,1698.34,1.660000000000025,eada8082a7c9404cbc44487ba4c2728bc1bf4f9d6d4172b66ee013a9929a458d,"[-243.1, -133.8, -63.7]","[45.7, 40.6, 44.0]"
385,393218,394241,1024,0.0,1698.34,1.660000000000025,5266831139c1ebf26ba6716346f7aea2da0ce91a927ede0d67246b80f7002e70,"[-212.4, -499.9, -48.8]","[43.3, 55.2, 45.8]"
386,394242,395265,1024,0.0,1698.34,1.660000000000025,b4715795e1172f4b259b1decb7c3cd916277ce02a1bd9245e021a46ae3cedfe5,"[-277.4, -467.2, -51.4]","[47.5, 47.5, 33.6]"
387,395266,396289,1024,0.0,1698.34,1.660000000000025,86541cd71be4b1bba34a5491630ad90f95ed67a36c41e787622f8d0eed249dad,"[-130.0, -162.8, -187.3]","[43.2, 56.4, 36.0]"
388,396290,397313,1024,0.0,1698.34,1.660000000000025,6c790f6b6e91c047d1f5cc415371fad98af270222b7ff09a3f1480538782d06b,"[-239.8, -371.7, -54.4]","[34.0, 45.1, 31.0]"
389,397314,398337,1024,0.0,1698.34,1.660000000000025,db39b5994a896f678d64ddca268b2a9beb6245117fa3e1e843ced23f0a2f4fc1,"[-128.9, -129.6, -54.5]","[43.5, 38.7, 35.6]"
390,398338,399361,1024,0.0,1698.34,1.660000000000025,289427846c28179885fcc3a252d408b98f88669e5c04a31f6131e4da2696fddb,"[-168.4, -248.4, -49.3]","[44.8, 47.5, 35.1]"
391,399362,400385,1024,0.0,1698.34,1.660000000000025,b604345d4ece437c50525d0fd84123123044d4beb06b8efb0fccc8ba5a50a1c0,"[-152.2, -205.4, -251.0]","[42.1, 48.2, 33.4]"
392,400386,401409,1024,0.0,1698.34,1.660000000000025,cad167d544c477b993ff94c7a69d99246f6a58613c528e48dd8a3dc21e73bee9,"[-229.1, -317.1, -71.9]","[42.8, 49.7, 42.9]"
393,401410,402433,1024,0.0,1698.34,1.660000000000025,1e077a3b531d4fd2a003e64a7ffa7ec1166085fcc757d3ce60b046c734ac5a39,"[-261.1, -206.6, -46.8]","[53.8, 49.9, 32.2]"
394,402434,403457,1024,0.0,1698.34,1.660000000000025,6abc6119791b1938c9bdbe2573b6b2d26a020e4b7b46b6055cfc7366ce0fb8a4,"[-129.0, -190.9, -51.8]","[29.0, 45.5, 34.2]"
395,403458,404481,1024,0.0,1698.34,1.660000000000025,3c53c8c8b8617c148628666a1a108fef3704b781c60d9e25ede08eacf30b9e56,"[-171.3, -223.8, -46.2]","[31.2, 33.6, 31.0]"
396,404482,405505,1024,0.0,1698.34,1.660000000000025,2978a755f0103b8dd9f074ba6e87f14c373b22162a1509ab4e5eb4004f59fa5e,"[-190.0, -198.8, -122.1]","[42.9, 46.1, 38.3]"
397,405506,406529,1024,0.0,1698.34,1.660000000000025,9357fa6b9d00d078dc872ffb82b954b9ef76c3cfeb89316fd6392f4c0bc5f1e2,"[-190.6, -293.0, -46.4]","[38.7, 48.9, 35.2]"
398,406530,407553,1024,0.0,1698.34,1.660000000000025,77603224e53b7e2494eed57864c40b2ae5d0587535cae6e8928747d144a7745e,"[-221.0, -291.2, -274.2]","[56.9, 51.0, 37.8]"
399,407554,408577,1024,0.0,1698.34,1.660000000000025,be64e9dab0bef0092dc6f067cba71c84ee7a243e96207d1fe2d35326ddafffaf,"[-190.5, -165.9, -108.3]","[37.5, 36.1, 34.6]"
400,408578,409601,1024,0.0,1698.34,1.660000000000025,0daf524c5b38b70666d1ce4e0e4fac44febc9b87f20e495093228bf90838e0f5,"[-312.9, -325.9, -47.1]","[43.0, 49.4, 35.5]"
401,409602,410625,1024,0.0,1698.34,1.660000000000025,2a09de3557e0c0c1411c70c5ff5f846cc94968a578deede1e4f43e3d4213c04e,"[-159.5, -139.2, -51.8]","[41.4, 41.4, 38.0]"
402,410626,411649,1024,0.0,1698.34,1.660000000000025,fff3769dd32d8888480532eff58a3017b28f5f46f3ba2e10d6ea2df5c5c7276f,"[-294.4, -329.4, -52.0]","[47.2, 47.1, 37.8]"
403,411650,412673,1024,0.0,1698.34,1.660000000000025,042b5d837f4b793db5a6b892441787763882b61f9a3451bd17ee2112e97c4c22,"[-134.0, -154.9, -77.0]","[44.6, 37.5, 27.0]"
404,412674,413697,1024,0.0,1698.34,1.660000000000025,17387c78b1205f1d2cfec7f6984703f69fa34918abf0d6f418ff4ea28282849e,"[-198.5, -202.8, -162.3]","[41.8, 32.0, 32.6]"
405,413698,414721,1024,0.0,1698.34,1.660000000000025,578bd343f840842bfdddc715946d45b5a370e32c80c8561c59a9b7d4353b3d84,"[-189.7, -336.6, -290.4]","[36.8, 47.7, 36.5]"
406,414722,415745,1024,0.0,1698.34,1.660000000000025,2bad28f03580d2c809cabaa339ccc569a99a7d60dcf047ee171382d713cfea8c,"[-158.0, -454.1, -51.9]","[39.2, 38.9, 33.7]"
407,415746,416769,1024,0.0,1698.34,1.660000000000025,b4773f4375ab249482ed3fe2cb9bd23c5b29e61f21fa80240d9b3a0e3f80b6c5,"[-228.5, -168.0, -49.1]","[47.4, 40.6, 36.4]"
408,416770,417793,1024,0.0,1698.34,1.660000000000025,929d2ef0e29f7038fc0ed31851ecad5487fbc58cacedb5c2b462a4cedc6f4c82,"[-155.0, -276.0, -48.6]","[45.9, 42.1, 32.5]"
409,417794,418817,1024,0.0,1698.34,1.660000000000025,a45d02e5a69c872f5d0b877a94da9eeb6f78dc424d2e23f0271a3c96e570299e,"[-147.5, -210.2, -47.0]","[46.1, 39.4, 28.7]"
410,418818,419841,1024,0.0,1698.34,1.660000000000025,d9bd5058126e67b20753cedd3665bd4c8b721129a749d63be61baafab68525a7,"[-386.7, -327.3, -49.0]","[37.4, 36.3, 32.3]"
411,419842,420865,1024,0.0,1698.34,1.660000000000025,83dc28633c4b008de6760092cac8c579df0938f9c6f54b524aa6b12edf1725a1,"[-217.1, -276.8, -150.1]","[31.8, 34.1, 27.9]"
412,420866,421889,1024,0.0,1698.34,1.660000000000025,af495b442b80c282e1e5ceefd2136f6dcbd085c639e16f3a196675fbacbb1dd7,"[-190.3, -300.4, -157.5]","[46.5, 48.6, 38.3]"
413,421890,422913,1024,0.0,1698.34,1.660000000000025,eed422031aaab78377e9bb8cdcea1f62b06678940958ccde2ec558a67fa7eb23,"[-127.9, -326.7, -89.5]","[36.4, 40.7, 35.2]"
414,422914,423937,1024,0.0,1698.34,1.660000000000025,53394d090f4f076f7a0c10adca3883b5221f276fc785bfe25f83d5ad4cf81679,"[-163.2, -196.0, -52.0]","[46.3, 53.7, 34.9]"
415,423938,424961,1024,0.0,1698.34,1.660000000000025,8bd8aca198010999b7b89cfaad29341248577eee85f3e52d1760720ba611d528,"[-210.2, -237.0, -52.9]","[41.2, 42.0, 34.4]"
416,424962,425985,1024,0.0,1698.34,1.660000000000025,92a1262222f77fb523362dcce1b4ebcb5e9892ce70d444e0298380a54aaadce4,"[-160.1, -257.8, -110.8]","[49.2, 41.4, 33.3]"
417,425986,427009,1024,0.0,1698.34,1.660000000000025,5f687ad6ad9ecb5c070aa32ec954106a8ea33b104c2ff2c3222964cb5e333b58,"[-162.4, -217.9, -132.9]","[36.1, 40.3, 27.1]"
418,427010,428033,1024,0.0,1698.34,1.660000000000025,c80b69d266069387af27190e1893dd8600e4b490daa8f469b3cf48b6e40cea47,"[-166.4, -313.2, -47.1]","[41.7, 39.6, 33.1]"
419,428034,429057,1024,0.0,1698.34,1.660000000000025,c90b3fdaa3697c44f7e1b19c7c24aaa7f680b3afd56acbdd8fd7f0e6924cede2,"[-211.2, -331.4, -171.4]","[39.8, 49.8, 29.2]"
420,429058,430081,1024,0.0,1698.34,1.660000000000025,1e625e4bef539f6e48e76d9bbd5ef0a95be027551617ddeab150e3ef49fbcdad,"[-168.4, -103.3, -99.7]","[40.9, 46.4, 34.2]"
421,430082,431105,1024,0.0,1698.34,1.660000000000025,ec2d04b485c4c75c18b172aa5cec8feed36521dd09a3d9f711c730fcf44d807f,"[-185.7, -373.0, -53.7]","[40.6, 38.4, 34.3]"
422,431106,432129,1024,0.0,1698.34,1.660000000000025,2fbd5d2fda4a85c9cf2b3fee092bd3da9f53273445bd37dc47e616c461184ab8,"[-158.4, -200.3, -136.4]","[36.9, 38.6, 29.4]"
423,432130,433153,1024,0.0,1698.34,1.660000000000025,7b8084b13434e74e990860b42c2fbcba40aa8bf31dd8808e107bdfd339a64fb9,"[-257.6, -289.3, -101.7]","[39.5, 36.4, 27.4]"
424,433154,434177,1024,0.0,1698.34,1.660000000000025,a9c5de1265feb59474747de5731515dde36cdb6fd9c7def5eb20a9abaa636c41,"[-163.6, -285.7, -179.1]","[44.1, 50.7, 32.5]"
425,434178,435201,1024,0.0,1698.34,1.660000000000025,8b144c4630fe1ea5975f0c90d885cd40121cfe69414c92ecdede3f07c370bd5b,"[-227.1, -379.8, -51.5]","[42.3, 47.9, 34.5]"
426,435202,436225,1024,0.0,1698.34,1.660000000000025,318cb38f9d2205cf4b4dac94a989b3cb9fca7a63b8d559ccbe229b5abf736105,"[-145.1, -133.7, -161.6]","[48.4, 36.5, 32.7]"
427,436226,437249,1024,0.0,1698.34,1.660000000000025,e24c315b880073af58e3bdf4fe9ec72854058346ddcc89450fa5fe12e2be1707,"[-153.7, -182.6, -70.4]","[41.0, 36.9, 36.0]"
428,437250,438273,1024,0.0,1698.34,1.660000000000025,26ba236322af06ff5b366d314116f87a84a1664625ccabfd115eea0f7afe627d,"[-142.1, -323.8, -50.7]","[40.0, 41.1, 35.7]"
429,438274,439297,1024,0.0,1698.34,1.660000000000025,47836b83ecb2ca9eaec539b3a18e4eb128029a9a3f87c9f2cccdab7844270993,"[-153.3, -212.7, -119.1]","[42.2, 37.2, 34.7]"
430,439298,440321,1024,0.0,1698.34,1.660000000000025,d7004a553ad64e6075c01de76d87678233651a4a87b5399d4652af52775b8bcb,"[-135.8, -127.0, -237.7]","[42.4, 39.7, 29.8]"
431,440322,441345,1024,0.0,1698.34,1.660000000000025,464b96d34c74d7c08d0e9d6d83b797b966f64caecb7bab4777f896cccd10ae37,"[-171.4, -297.1, -145.8]","[55.9, 55.0, 34.9]"
432,441346,442369,1024,0.0,1698.34,1.660000000000025,4c6bc67d83a49d01704a6316cfb9b1835580eb6eb3413d2d69dcc00d19d64e75,"[-160.1, -187.0, -195.1]","[42.2, 34.5, 36.3]"
433,442370,443393,1024,0.0,1698.34,1.660000000000025,a7dbb9d0ea2c46ec9bd214f149efd0282e0836f6cc1ac5395bd7a9b17017e7eb,"[-212.6, -141.6, -46.2]","[44.9, 36.3, 24.4]"
434,443394,444417,1024,0.0,1698.34,1.660000000000025,e308875572419754f08e683284e6ae70f8e5da84385e3b5540165117cb0bae08,"[-145.0, -159.4, -45.4]","[47.7, 51.8, 35.5]"
435,444418,445441,1024,0.0,1698.34,1.660000000000025,309e836ae47c1a00d5ddfcbce3889557aad70721330d65eaac281dec139b0de1,"[-187.9, -267.0, -40.3]","[36.6, 44.0, 32.9]"
436,445442,446465,1024,0.0,1698.34,1.660000000000025,3b906939f0af2ee48547c92ce35363c21cf1bcc07a9ef89088bfdbcf180fa1f4,"[-195.9, -251.6, -56.8]","[40.8, 54.7, 31.3]"
437,446466,447489,1024,0.0,1698.34,1.660000000000025,e4db478a9cafa8c18bc83b34832028a8d977e3a0c0d4e8b38b3fcc77c7a5e5e7,"[-189.4, -267.1, -90.1]","[38.9, 41.2, 27.8]"
438,447490,448513,1024,0.0,1698.34,1.660000000000025,2ac2ddc0ffec5d184eb5397ae0165783b86578bf1778374060a2edbba4aea4cc,"[-172.1, -255.5, -45.3]","[32.3, 50.7, 29.8]"
439,448514,449537,1024,0.0,1698.34,1.660000000000025,5acc21cea16f40aef864fb40df774d9e6cb350b0699f6412ea149e6908f19c34,"[-190.4, -296.5, -244.3]","[40.8, 41.6, 28.9]"
440,449538,450561,1024,0.0,1698.34,1.660000000000025,8e539960871bb7ba2bdbdc0cf421c17195a6aa82f269d4b728600d16eceff82e,"[-277.3, -168.3, -38.9]","[45.3, 35.7, 32.8]"
441,450562,451585,1024,0.0,1698.34,1.660000000000025,1998fc411254dd2ae8da378870301a2000b22d789ed933ccc1746f7aca61a54e,"[-239.3, -280.5, -40.6]","[39.3, 41.7, 33.1]"
442,451586,452609,1024,0.0,1698.34,1.660000000000025,5461d4ad380b023c4c5034dd1d6c19c46231d2572511955ed552b51471c9db3e,"[-499.9, -499.9, -499.9]","[46.7, 40.7, 32.5]"
443,452610,453633,1024,0.0,1698.34,1.660000000000025,c6b8e381a2740935d44828e80ff135a600aae34d057765e1c392e14090ac2be6,"[-236.7, -281.5, -109.4]","[58.6, 44.7, 41.6]"
444,453634,454657,1024,0.0,1698.34,1.660000000000025,5bbdf487d4061cc41a57e9b969f2471cd7ea1e87e1be4f994d9e14dc8a8a00e9,"[-130.2, -148.9, -104.6]","[39.4, 43.8, 25.6]"
445,454658,455681,1024,0.0,1698.34,1.660000000000025,1113e67de301b58719ba1e12718363133c49ca7d572cd17417d2e276e75be10f,"[-261.9, -408.3, -44.3]","[40.2, 48.6, 31.8]"
446,455682,456705,1024,0.0,1698.34,1.660000000000025,ea596ce36a5a882dc7817950e8babb9ab67be05fa12b5490daeacd939471513d,"[-153.4, -149.7, -118.6]","[55.9, 49.5, 39.5]"
447,456706,457729,1024,0.0,1698.34,1.660000000000025,d5c2f223c1269f31d8f9298edb9aa9d79d8990af01224ea9a0e9d25e25d60b39,"[-145.5, -215.0, -137.0]","[45.8, 47.9, 30.3]"
448,457730,458753,1024,0.0,1698.34,1.660000000000025,217dd32325f2f0e165567d04c8ff1389b8bc0b272079cae4495c707396c4e784,"[-164.5, -229.0, -40.7]","[35.9, 42.3, 23.7]"
449,458754,459777,1024,0.0,1698.34,1.660000000000025,fca847d2119802ed1ea70fd28b9d49a55ff496f6ef77e263562a63eca67fb57c,"[-204.8, -334.8, -49.2]","[34.3, 49.9, 24.7]"
450,459778,460801,1024,0.0,1698.34,1.660000000000025,c7e0c8e4d2519edc3eea35c331e2ec85cefe0bb3e3b15481306528818b6a7bb1,"[-208.3, -167.5, -108.9]","[41.4, 43.4, 23.4]"
451,460802,461825,1024,0.0,1698.34,1.660000000000025,56478401256e5528c6fadd960c069d75fd756ce20cf89a5f7e826f1cba99d8cf,"[-195.2, -295.9, -46.9]","[47.5, 41.2, 26.1]"
452,461826,462849,1024,0.0,1698.34,1.660000000000025,bfbb76b9c7fd5c538f07bc143f93d38b54cec288381903bca8e02bd70bc9d379,"[-161.3, -148.4, -47.4]","[48.2, 49.7, 34.8]"
453,462850,463873,1024,0.0,1698.34,1.660000000000025,1d36f26bdc6cb41a2da3ea0806ce294914e947892405c513f305731e05141757,"[-189.8, -223.9, -44.1]","[34.4, 41.5, 31.1]"
454,463874,464897,1024,0.0,1698.34,1.660000000000025,1dc11da578d3a477f838677550bf66d6ca2dab2bd3c789453d03a86f8017f1cf,"[-270.2, -334.8, -50.6]","[30.9, 39.8, 34.7]"
455,464898,465921,1024,0.0,1698.34,1.660000000000025,4fed88964c597ac4f7f72b7a8152290437b6d41b4bb6024084d2fb35cc2fba3c,"[-162.4, -213.0, -110.9]","[65.0, 50.0, 41.2]"
456,465922,466945,1024,0.0,1698.34,1.660000000000025,a30d895b6dad6baea208b2e84fe454f2a266c51f1081a3aa3631caefa1e0297b,"[-148.1, -124.4, -168.8]","[40.4, 45.7, 35.8]"
457,466946,467969,1024,0.0,1698.34,1.660000000000025,081b1f82db324585c6503ab70750bf4f800894d53bed8a26baaba506098510bd,"[-140.3, -180.3, -159.2]","[41.7, 45.3, 33.2]"
458,467970,468993,1024,0.0,1698.34,1.660000000000025,84dbd2a8cf9e8c6ea0867e8cdcac078d52516ea6eb94ed70dc0b5e7e8437b517,"[-345.2, -144.3, -48.4]","[47.8, 40.4, 37.1]"
459,468994,470017,1024,0.0,1698.34,1.660000000000025,1b23740ceca48fcdf2ddfa06d501cc0dab40cd734ad9db57aef26794d56c21f1,"[-152.8, -117.6, -165.5]","[41.9, 41.3, 36.3]"
460,470018,471041,1024,0.0,1698.34,1.660000000000025,7bfa7af1a4acf3647cf2287939e31912c156f17094aee0e39ac891407053a68c,"[-155.7, -144.6, -45.6]","[51.1, 49.1, 32.1]"
461,471042,472065,1024,0.0,1698.34,1.660000000000025,2e27b6a8809da86dd16ca72d1b8dbc78f23a400351d5c7e5d2865bf366563691,"[-168.7, -253.0, -169.7]","[56.3, 49.7, 33.8]"
462,472066,473089,1024,0.0,1698.34,1.660000000000025,f95a22ccaea36c1387fbd37b0182cdbadf703dad70123829910d55abbde3226f,"[-145.2, -228.8, -45.2]","[47.7, 35.9, 31.2]"
463,473090,474113,1024,0.0,1698.34,1.660000000000025,6937854cf7c81aba890ec92f100a922dfa4f35312b2d63b863cc9e78b1111293,"[-247.3, -329.8, -267.0]","[48.0, 44.8, 36.9]"
464,474114,475137,1024,0.0,1698.34,1.660000000000025,edfd13d88a83e783c3fb55c87cdd73cdb01dfd73618200f9ce38905e7261f306,"[-205.7, -319.2, -45.0]","[44.5, 40.7, 29.8]"
465,475138,476161,1024,0.0,1698.34,1.660000000000025,d99138ce9ad5daca10846129f9d9a9c776ca7b21256abae09f01a95aa8c21ff9,"[-148.5, -103.8, -126.6]","[37.2, 43.3, 39.5]"
466,476162,477185,1024,0.0,1698.34,1.660000000000025,c811474215eceb7a7e80a9686a77b61abe732d0a549f0fa310580fec07913ecc,"[-326.6, -499.9, -54.1]","[41.2, 42.0, 37.9]"
467,477186,478209,1024,0.0,1698.34,1.660000000000025,12c1393b2987e8821c3b17024e82ef8062f4c64fbac88705ed84b0b7a8867b8f,"[-130.1, -112.4, -140.8]","[42.9, 33.8, 33.5]"
468,478210,479233,1024,0.0,1698.34,1.660000000000025,717cfdfdec9deffb0d4390a69f510809eb67058847f89cc53229fefcbf16868d,"[-147.4, -218.9, -44.5]","[38.5, 37.5, 29.6]"
469,479234,480257,1024,0.0,1698.34,1.660000000000025,ffb0bb7e4e662b932432abaa00fe6b029a43f738638120d82301590edd671c72,"[-192.3, -330.5, -55.9]","[40.6, 52.9, 41.2]"
470,480258,481281,1024,0.0,1698.34,1.660000000000025,21d10b723c0b1bdda805be47254f1c8e4ba67d3a11d25ffcf1c7e09a5cac3dbd,"[-220.6, -312.6, -46.7]","[49.5, 38.8, 26.0]"
471,481282,482305,1024,0.0,1698.34,1.660000000000025,218b32cba6e860323fc9091df10d76c0712afca590de158c1c0c6a2c73291802,"[-146.0, -486.8, -51.6]","[41.0, 48.8, 34.6]"
472,482306,483329,1024,0.0,1698.34,1.660000000000025,555f9dea9e8387e91160340c72dbf414257d97fbab0eefec54dcce096807646d,"[-230.4, -256.2, -171.1]","[37.4, 36.4, 37.3]"
473,483330,484353,1024,0.0,1698.34,1.660000000000025,ae967e269708ed632df0e6f18111386506ca67330894f710f5f5913e696ac487,"[-181.3, -191.5, -53.2]","[35.5, 40.4, 28.6]"
474,484354,485377,1024,0.0,1698.34,1.660000000000025,8bb9e01617916eece8d7bf276d9eb20da20883be2a0091a8fae9e310fac4ce11,"[-205.6, -203.8, -43.9]","[41.9, 41.6, 30.9]"
475,485378,486401,1024,0.0,1698.34,1.660000000000025,818d926c48566cbd06ba7fedcf7a0f040fc78d79d6f330384cb9005c49f8394a,"[-177.3, -317.5, -44.8]","[45.1, 48.1, 42.1]"
476,486402,487425,1024,0.0,1698.34,1.660000000000025,3cbe9da4368e5cb31c9d0796e2b8cb03c74769b9795b813becff34a7b6d32ca9,"[-183.6, -287.2, -46.8]","[47.9, 38.6, 31.3]"
477,487426,488449,1024,0.0,1698.34,1.660000000000025,4f33b5f13e032a61b70fc4f350df420760028ed8f71d3f00e4ccab38c1359a7f,"[-181.5, -265.6, -108.4]","[41.4, 30.7, 26.6]"
478,488450,489473,1024,0.0,1698.34,1.660000000000025,32358055be1b81458d4a77d01c72894a46fd0a895694eef1132b07117a441833,"[-202.5, -389.0, -54.5]","[51.3, 43.6, 28.1]"
479,489474,490497,1024,0.0,1698.34,1.660000000000025,210b53aff6804989b58686e2b47411f3c9d23f67aeeccba0f312efe013953faf,"[-142.7, -162.7, -47.7]","[35.6, 34.2, 27.2]"
480,490498,491521,1024,0.0,1698.34,1.660000000000025,a2604312e963def803f901b73d4f7c6de8c25f03a792d438b9591f80756114d7,"[-206.9, -312.1, -206.3]","[44.1, 38.9, 39.1]"
481,491522,492545,1024,0.0,1698.34,1.660000000000025,3ec426fb5ab95e5fe51cad1016af5b3076c7a118523bc8210c5cc45ab81835e5,"[-199.0, -238.9, -320.3]","[42.0, 41.1, 35.1]"
482,492546,493569,1024,0.0,1698.34,1.660000000000025,8817b21a8ab5f125d61c43aad75fd4fda07812ae1fd973fc60f2745177470794,"[-287.6, -363.4, -193.2]","[41.9, 38.1, 30.6]"
483,493570,494593,1024,0.0,1698.34,1.660000000000025,22ef9b7413ab05171e1ddb1cd669421b1f0f9d4a1475220f3aa24549bb15bd29,"[-182.1, -342.4, -136.8]","[43.4, 40.6, 30.8]"
484,494594,495617,1024,0.0,1698.34,1.660000000000025,6bd10efa34c1754e3b9330d5eef881fbddf9332c1792738b9bff73d21d486e66,"[-138.1, -159.7, -316.7]","[51.1, 35.4, 28.6]"
485,495618,496641,1024,0.0,1698.34,1.660000000000025,220feafeafa78575a286541198d29ac68b3b92c738ef9a6372fb78a0f59f8467,"[-138.5, -242.8, -224.3]","[42.5, 40.1, 30.2]"
486,496642,497665,1024,0.0,1698.34,1.660000000000025,4ffb24d4e188bc7b450087573baac982136c4a100869918feb9fcde0cf5f4a8b,"[-187.1, -235.0, -45.6]","[35.5, 31.1, 28.6]"
487,497666,498689,1024,0.0,1698.34,1.660000000000025,63b73eae43931ce5b40aff77a99137f0c1fdbd9ba5ed399ffbfde0ce5a87a5f8,"[-170.9, -247.0, -275.4]","[42.2, 44.4, 35.9]"
488,498690,499713,1024,0.0,1698.34,1.660000000000025,b8e9eb319cac20556c5b3749d8108b13a3354be723de948b67143c36467fd6e2,"[-182.0, -215.7, -219.7]","[42.1, 39.3, 31.7]"
489,499714,500737,1024,0.0,1698.34,1.660000000000025,b26e7bad72c75e63a2eb90d5e6a2f9fd0de340ca69dba0a8e7882c9ec3e29418,"[-246.9, -432.5, -45.9]","[38.5, 37.2, 29.4]"
490,500738,501761,1024,0.0,1698.34,1.660000000000025,09895e0e519a563a8f20c1f13a5f458acdcb1ee2f87ccde523641ef66f2f71e1,"[-133.6, -135.7, -214.7]","[41.8, 30.5, 26.8]"
491,501762,502785,1024,0.0,1698.34,1.660000000000025,18e12d00009c4ebed66087f304ccbf7b6e1befc39adf98965ceaeb5ad5e7c370,"[-139.8, -116.2, -165.9]","[33.3, 34.8, 32.4]"
492,502786,503809,1024,0.0,1698.34,1.660000000000025,8147c39f4bb9b5346f00caccc20dbad5a3838b5a29beff3a13bc960b73a87c8e,"[-169.0, -158.9, -44.4]","[38.1, 35.8, 25.3]"
493,503810,504833,1024,0.0,1698.34,1.660000000000025,cff9d36c8b1a78f9455e5c5b24188b7a4b37e37c68c9e1913bb25c87ed359865,"[-138.1, -227.4, -122.6]","[35.5, 34.9, 27.1]"
494,504834,505857,1024,0.0,1698.34,1.660000000000025,4bd48451cf9af56b8227c9f81672c029f8052f9e805c55c991ee21077937fb04,"[-165.5, -406.7, -47.5]","[42.0, 34.1, 33.1]"
495,505858,506881,1024,0.0,1698.34,1.660000000000025,a9e1d0faa7a4edb2a9019530951466a1e43ada659f198325b7058d712b81e172,"[-310.9, -364.7, -323.9]","[35.8, 43.6, 38.2]"
496,506882,507905,1024,0.0,1698.34,1.660000000000025,8a09c0f6a3f025b91d93ca45e4ae6742953fd143e6089ab5338627c2a74989ae,"[-156.3, -207.5, -56.0]","[41.3, 43.0, 42.7]"
497,507906,508929,1024,0.0,1698.34,1.660000000000025,26dfcd071dc31ac85b7de3859073f0f1eab978d641daa01cd93ea7a4e63bd3db,"[-231.7, -346.9, -43.2]","[33.5, 40.9, 30.9]"
498,508930,509953,1024,0.0,1698.34,1.660000000000025,a73f73f07b6497f16fb1bfe08e6766390a9ca410f00e97ca7cd860c719cdbbc2,"[-137.1, -149.5, -100.3]","[44.1, 36.0, 34.3]"
499,509954,510977,1024,0.0,1698.34,1.660000000000025,cd744faaf5cc12e8867ca19e5d000a75164a9d605c669cd22a3df4bd191b1766,"[-149.2, -287.7, -39.7]","[40.5, 30.0, 20.7]"
500,510978,512001,1024,0.0,1698.34,1.660000000000025,681437c21bf4ed369fd74440661872e037c1cd32f5551afc2d74ff8c70e7e223,"[-137.0, -143.5, -117.1]","[37.6, 32.9, 33.4]"
501,512002,513025,1024,0.0,1698.34,1.660000000000025,e1ead1feab36c5221cad5f321475cf553eb0536abec0ed76fbd8eb4e6ab8b0c4,"[-150.3, -167.4, -43.3]","[42.0, 40.3, 24.2]"
502,513026,514049,1024,0.0,1698.34,1.660000000000025,06d39592c168d8f647a4b5dbae6880a58a88e970f32971263669729516252833,"[-182.6, -286.8, -197.1]","[48.1, 42.0, 47.4]"
503,514050,515073,1024,0.0,1698.34,1.660000000000025,cb3587a2b524d57b69f2debf1aad35ab90e2f18c9827058e72d7f91be6199737,"[-126.6, -214.2, -141.5]","[36.6, 35.4, 38.4]"
504,515074,516097,1024,0.0,1698.34,1.660000000000025,1dbdcda0b9545691b49d011b9188ad8b9f2f13635d10e91f293751787ff97f4c,"[-185.0, -139.5, -64.0]","[39.5, 33.7, 34.6]"
505,516098,517121,1024,0.0,1698.34,1.660000000000025,ba9dacec1c0b70545cce579c04e870c1131e5530a7f2c48fdcc4f2f6b2109323,"[-129.5, -171.5, -148.7]","[34.3, 34.0, 37.1]"
506,517122,518145,1024,0.0,1698.34,1.660000000000025,49b9d56a21c51eba8101ef4579127a8dcb676a5eca3107a24ddf0a3ab22592c8,"[-153.5, -142.4, -50.4]","[42.9, 39.3, 31.1]"
507,518146,519169,1024,0.0,1698.34,1.660000000000025,b67869d202a0b9dfb694d22485a2a6c277e70f793a99fd1432a64e9a3aebc69e,"[-138.0, -143.5, -213.9]","[36.2, 34.9, 38.7]"
508,519170,520193,1024,0.0,1698.34,1.660000000000025,801ecc5b6fc0e6a5941edae4de14b8f35b03f1aaa204dd22dbaff7d87da0efc5,"[-228.5, -402.1, -55.5]","[37.4, 43.6, 38.4]"
509,520194,521217,1024,0.0,1698.34,1.660000000000025,a2a007fe636fed93e257d3dd2dc21b83b472a07fb60ec2d3c9b3adaa3c1f77ca,"[-155.7, -177.9, -49.6]","[37.3, 38.2, 34.8]"
510,521218,522241,1024,0.0,1698.34,1.660000000000025,055cb682719f4973edb2506cafc6db1e1a30a75736ace1aefe6fda36e610971b,"[-147.7, -142.7, -326.7]","[31.5, 36.4, 21.5]"
511,522242,523265,1024,0.0,1698.34,1.660000000000025,c2603414187b60c345f6416dbc900907f19698eedd0101d84226a23e6458a800,"[-155.3, -151.9, -280.6]","[43.4, 33.2, 30.7]"
512,523266,524289,1024,0.0,1698.34,1.660000000000025,b9ba354a2d0c721df4e8feef22edf949eabbe1a102e92ef0e6315cd26fbed53a,"[-141.4, -155.3, -46.7]","[43.4, 38.5, 37.9]"
513,524290,525313,1024,0.0,1698.34,1.660000000000025,30fc40e6a69fbb70d2be79e20c7dddfd0ebf88d1ccd182b54bfd5729126f2ae4,"[-153.1, -164.8, -286.4]","[41.7, 33.7, 35.6]"
514,525314,526337,1024,0.0,1698.34,1.660000000000025,ae2f5899fa4c02897cf4892839d4884562b05f4db00eba6b3f8df81ef8ce37ba,"[-137.8, -192.5, -223.8]","[43.0, 44.2, 32.7]"
515,526338,527361,1024,0.0,1698.34,1.660000000000025,bf631e30c5ab09f848960ad1306fe59c31c20a7879c0c38219df271067fd212b,"[-143.7, -230.2, -190.4]","[41.6, 45.8, 43.2]"
516,527362,528385,1024,0.0,1698.34,1.660000000000025,783ce9d40c34f31efbedea74c3d2d863de8c59095cc0e6c8a4a0b56605afc745,"[-174.8, -305.2, -155.5]","[36.3, 45.2, 37.5]"
517,528386,529409,1024,0.0,1698.34,1.660000000000025,110079511819af9a7487d0614a0509a7c386f30822ebb8b5f5998ec2bff8b056,"[-140.5, -173.9, -52.1]","[39.5, 39.8, 36.7]"
518,529410,530433,1024,0.0,1698.34,1.660000000000025,6163dbcda93ed369b848ce0ac637338893beebdfdc7e453a0fe9454e1d38229a,"[-179.7, -157.7, -45.6]","[41.6, 37.3, 26.2]"
519,530434,531457,1024,0.0,1698.34,1.660000000000025,4ee09d39f7973019568c704a849e57800c8b04b9ec8f335ac5cb9da9aca5a284,"[-157.1, -274.0, -48.1]","[50.8, 50.8, 39.6]"
520,531458,532481,1024,0.0,1698.34,1.660000000000025,216d28a775702ce3ea749ee8de4b93d3cf04ad5e38c484044414f9ad2df42a0b,"[-130.6, -207.2, -49.6]","[58.1, 43.1, 29.3]"
521,532482,533505,1024,0.0,1698.34,1.660000000000025,13d316df0fb4b415d149ae35a141ed3a32d4f71cdee49101ab105ee51ccf4d8b,"[-299.7, -219.2, -40.3]","[50.1, 28.6, 22.7]"
522,533506,534529,1024,0.0,1698.34,1.660000000000025,20c42f117b7074e3c14ce3c18310e55bcb83022172871b67dc2fbceb7d15e89e,"[-167.4, -259.7, -116.3]","[37.4, 48.2, 31.8]"
523,534530,535553,1024,0.0,1698.34,1.660000000000025,21e07c5414b9e92abaa5cda09d18f8b00d668a34ffbb690020bede961a8bb91e,"[-194.3, -313.4, -47.6]","[37.3, 40.5, 33.8]"
524,535554,536577,1024,0.0,1698.34,1.660000000000025,afd12bc635ebed078cdc46303dce880fe35508d6335f947793e1f781cf1c9a0f,"[-190.7, -377.7, -132.5]","[36.1, 28.5, 27.4]"
525,536578,537601,1024,0.0,1698.34,1.660000000000025,af8dbe437424738d53261ac6bf96438e350fbf420d4d9c608c282e532682a8cf,"[-134.9, -137.8, -264.6]","[46.6, 45.5, 29.8]"
526,537602,538625,1024,0.0,1698.34,1.660000000000025,83d5d49d1b1bd8bdba8e4b2240dddcce7a0f5a0e2f58f82be073f60676d5e68a,"[-190.0, -247.8, -198.3]","[54.4, 43.2, 40.2]"
527,538626,539649,1024,0.0,1698.34,1.660000000000025,ff8cf9a5976957eb694a723166561968ebca948f4ef01b7daf2b26295fb6118b,"[-179.3, -231.8, -249.3]","[40.6, 40.2, 27.1]"
528,539650,540673,1024,0.0,1698.34,1.660000000000025,f85473c8fcf50c5f1fa5920ea6431d16a048edcf48489ea7e52cc04341bce57d,"[-142.1, -150.5, -144.3]","[33.5, 52.5, 35.1]"
529,540674,541697,1024,0.0,1698.34,1.660000000000025,374867ef16b5ef91614fd8efb87a3dca55b996f5aa6974ab54182da5d07d68d3,"[-298.5, -148.4, -123.0]","[57.1, 38.0, 30.3]"
530,541698,542721,1024,0.0,1698.34,1.660000000000025,d9aa1b73744bd2336e0176cdea7f39670211917e65650d100225c010676b3961,"[-170.0, -201.8, -48.4]","[36.3, 38.0, 28.9]"
531,542722,543745,1024,0.0,1698.34,1.660000000000025,4f85177695314fe6b39a289ebc75f65975f87f67ef23a092b0762005c169151b,"[-211.0, -326.2, -133.0]","[34.7, 33.6, 28.5]"
532,543746,544769,1024,0.0,1698.34,1.660000000000025,71ef9bea793b7c700ee45158d0083b10bab218dc470d0c08c4c62f3c9c06b8cd,"[-136.1, -184.7, -48.9]","[47.1, 35.1, 37.8]"
533,544770,545793,1024,0.0,1698.34,1.660000000000025,73116a93b154432c630aba13da1ef8d3e483e07d693ffc8e73a229de63c0c1b2,"[-269.3, -327.3, -333.8]","[36.3, 44.2, 31.1]"
534,545794,546817,1024,0.0,1698.34,1.660000000000025,7b475d69fbd0caf7a2dcdd6c8eabb0a6f05ffa79a0b3da6298efa743a96626e5,"[-145.9, -218.7, -200.4]","[46.3, 36.5, 36.6]"
535,546818,547841,1024,0.0,1698.34,1.660000000000025,d6fb11f813725ba3210953688af2fd4b5a25f9f307d7eb10ce0ab7d687b2432f,"[-124.5, -136.4, -153.8]","[43.0, 36.8, 31.5]"
536,547842,548865,1024,0.0,1698.34,1.660000000000025,38281b8d431fd540c76c0126d0f8455d2e5d5a4843d742403cce866f74dd76b9,"[-217.6, -373.1, -47.4]","[46.1, 40.8, 31.8]"
537,548866,549889,1024,0.0,1698.34,1.660000000000025,b63b6d68152e59bff178d131acb9b94d08fabd771a2c0bf509d1246586360336,"[-267.5, -143.0, -58.2]","[36.4, 44.8, 42.3]"
538,549890,550913,1024,0.0,1698.34,1.660000000000025,1ca6bcf4b3894d159de172c9b3f1936742b6996271bbbaf2185568ff29720124,"[-222.9, -236.2, -242.9]","[42.9, 41.7, 33.9]"
539,550914,551937,1024,0.0,1698.34,1.660000000000025,833dcbb269346f2d780d04d2b38ede837aae69912393596570be8cc044f7cd81,"[-209.1, -288.2, -104.5]","[37.4, 41.7, 32.4]"
540,551938,552961,1024,0.0,1698.34,1.660000000000025,a188add7b00da16d26891568244ec6421c73274a109f589e5734263f1eb50eaa,"[-176.0, -146.7, -44.8]","[37.1, 36.2, 22.0]"
541,552962,553985,1024,0.0,1698.34,1.660000000000025,dfcb6e084ffeeb171eb90d0ba5ecd008c58729ca08653d3d730c21789a95ba7f,"[-197.4, -203.8, -50.2]","[44.4, 28.1, 22.4]"
542,553986,555009,1024,0.0,1698.34,1.660000000000025,187067ea46df9ed9cc46c1e44c7170add3c39f670e801d8b0747fd083bd72edc,"[-211.6, -138.3, -91.4]","[33.1, 23.4, 20.5]"
543,555010,556033,1024,0.0,1698.34,1.660000000000025,177d684a03650da7c13a844e0d0fedd4a6ea26e855a9e74414a7c704c541f5d1,"[-317.5, -259.9, -47.0]","[41.6, 31.7, 26.8]"
544,556034,557057,1024,0.0,1698.34,1.660000000000025,4d757f271a37d6dda9e09e88de552695c7c8e736a40b6baf2b91cff55f1ca622,"[-185.3, -221.1, -107.0]","[42.1, 21.3, 24.3]"
545,557058,558081,1024,0.0,1698.34,1.660000000000025,815206e4310da6de0f5b39861b0ea38f6e3fcad4e522cddbfe5fbb49d4f8b076,"[-155.8, -123.5, -40.3]","[42.5, 37.7, 21.8]"
546,558082,559105,1024,0.0,1698.34,1.660000000000025,90d7a2cd362e7ed6d5fde8a8c86159195024d5d1e3d6de1819564bd835dbd516,"[-193.0, -129.0, -37.4]","[35.6, 27.6, 23.5]"
547,559106,560129,1024,0.0,1698.34,1.660000000000025,1705b29faf8b4f32520a5c95f7a4d83732d1dfdf5612984b1d63c3df72ecd626,"[-148.3, -129.4, -129.1]","[46.6, 22.8, 22.5]"
548,560130,561153,1024,0.0,1698.34,1.660000000000025,0a17c5114d485f689eec970aedd22e1b0f1df841a1a49d45273cf36728aa6c6e,"[-148.8, -130.5, -99.2]","[45.0, 23.0, 20.5]"
549,561154,562177,1024,0.0,1698.34,1.660000000000025,bf592df9fbe81ca38f4ff8c62a2a0e45a4e90c591cc2c3d8599ce88e0442105b,"[-169.4, -134.5, -78.1]","[35.8, 29.3, 23.7]"
550,562178,563201,1024,0.0,1698.34,1.660000000000025,836a5573a5fa387f7159eb81ec7e48ad04fdee3697c572274b41543c8091e9a8,"[-280.5, -164.2, -222.8]","[42.0, 20.4, 20.6]"
551,563202,564225,1024,0.0,1698.34,1.660000000000025,f817ecb436009284d635fe91fe80433504a6232368fada55f2cd1af357d4fcec,"[-204.2, -404.3, -110.9]","[38.4, 28.3, 24.5]"
552,564226,565249,1024,0.0,1698.34,1.660000000000025,3b13898d6963d7cd4bcf2446da4e5f7da1ce9e9dcfe9fa17c464c17393c8c931,"[-237.1, -179.7, -38.8]","[34.0, 27.1, 25.6]"
553,565250,566273,1024,0.0,1698.34,1.660000000000025,82eaae20ebbcaf1cdb420f2d02b95db067bf0bae304862dae2b0a85af705a782,"[-167.7, -163.2, -174.7]","[37.8, 18.2, 19.3]"
554,566274,567297,1024,0.0,1698.34,1.660000000000025,00bb17660a346a3df2b5d2247c964c3fcf8a516dacdf772c4c67ab187550e1ea,"[-195.7, -275.3, -36.8]","[49.6, 24.2, 19.6]"
555,567298,568321,1024,0.0,1698.34,1.660000000000025,144eb39e0c520b731cfa2e13a9715a92a85cc08da652b8a2734156e5caad78bb,"[-220.9, -188.5, -109.7]","[37.1, 20.0, 18.3]"
556,568322,569345,1024,0.0,1698.34,1.660000000000025,cd634960227edf895874e748c33a02010f57704b083c13af822c55d0d6849651,"[-130.0, -156.3, -108.7]","[35.4, 25.2, 21.7]"
557,569346,570369,1024,0.0,1698.34,1.660000000000025,6e1e8dab09fff85ca069d8a06f4b233ccdd75ab5e67a23a647fafd702f85f5b5,"[-160.1, -196.9, -104.3]","[35.9, 28.2, 18.1]"
558,570370,571393,1024,0.0,1698.34,1.660000000000025,fa8eb4969f36aca21908768f1e5bbf843da302ed220e25d1993815c6d81465ed,"[-141.5, -133.3, -135.3]","[36.6, 30.3, 16.8]"
559,571394,572417,1024,0.0,1698.34,1.660000000000025,a53b13374bcd7a0bf9bb9798acfa5e5227bebe601f6e5d167997b3b97b480f39,"[-168.1, -169.1, -233.8]","[34.9, 25.4, 22.2]"
560,572418,573441,1024,0.0,1698.34,1.660000000000025,71fb73d6b64aebf9682df1b6103992e9599ec9ed67b7b8cd147308ad658d0c1e,"[-291.6, -354.6, -41.0]","[41.9, 23.9, 31.6]"
561,573442,574465,1024,0.0,1698.34,1.660000000000025,37301ba8757fcb8384fef418f3b94095a2418c732468d45e9fe284eb688812bd,"[-133.4, -149.4, -145.1]","[30.5, 24.2, 20.6]"
562,574466,575489,1024,0.0,1698.34,1.660000000000025,5605b01189b581e7e26d8275884951076d1b4a02aba98974d74d0bf259afe570,"[-163.4, -418.2, -191.3]","[38.5, 31.9, 17.1]"
563,575490,576513,1024,0.0,1698.34,1.660000000000025,597021ce644431d54717d51470c4f80b3ae026f79f2496d05ccf2108d3eb084e,"[-251.1, -242.1, -45.2]","[41.3, 22.9, 28.0]"
564,576514,577537,1024,0.0,1698.34,1.660000000000025,d41147034754356ca434237330e9f6f7b2a5ea7f7241fe147406474cfe2466a1,"[-256.1, -416.2, -120.9]","[34.3, 27.6, 21.2]"
565,577538,578561,1024,0.0,1698.34,1.660000000000025,1d8c2916d1c8d52d7dfb7e5dcd068aad7d364b1516cf7139430a6454eb2785fd,"[-157.7, -146.6, -204.1]","[39.4, 24.5, 17.9]"
566,578562,579585,1024,0.0,1698.34,1.660000000000025,94148a1e96cf0b03085d3e7e03838157f48c8a5edc588980e909ada0cfb01acc,"[-268.3, -127.5, -42.7]","[45.7, 20.9, 22.6]"
567,579586,580609,1024,0.0,1698.34,1.660000000000025,85dcd5107ae2d884b15fe0592af73a0fb6be3086726cdd8a7ce47d1f33153ce9,"[-218.4, -293.8, -36.4]","[37.5, 27.2, 21.0]"
568,580610,581633,1024,0.0,1698.34,1.660000000000025,de5485d5e8b577399c756449ca9197f67abaeaf5006e58d9fa26708310c85f47,"[-159.6, -152.5, -37.1]","[42.5, 28.4, 21.2]"
569,581634,582657,1024,0.0,1698.34,1.660000000000025,1fd69407a8da33cd8e5a93429ec9ba2f513f0167ec7b22fb71f3f84d4bb8a531,"[-201.8, -245.8, -41.5]","[39.5, 23.0, 25.4]"
570,582658,583681,1024,0.0,1698.34,1.660000000000025,d5dca72d4539b176ec67cf6bdc05acc0c7d39a60f0f29d862bbddee618521c68,"[-164.1, -171.0, -36.2]","[36.4, 23.4, 19.6]"
571,583682,584705,1024,0.0,1698.34,1.660000000000025,faf4879d90564f3094b5f2899dc5a1aca721ca5e003df60122e4dd3f637add4a,"[-144.8, -151.4, -61.4]","[35.7, 26.1, 20.7]"
572,584706,585729,1024,0.0,1698.34,1.660000000000025,6fb8dd11207ffb2d1cf1d1c01ad08fd4713be7009da077b45866885c1d913773,"[-210.2, -204.2, -88.1]","[34.6, 26.2, 26.1]"
573,585730,586753,1024,0.0,1698.34,1.660000000000025,31d164b51a5a731e177f35fc613ab9548ed23742920c0618facc18a98e86936c,"[-149.8, -168.6, -254.2]","[35.2, 23.1, 19.2]"
574,586754,587777,1024,0.0,1698.34,1.660000000000025,2ac16e761a79ff419c08e3b202bfb50fcb38d45b91afcf179d2e811cd7cec7fc,"[-141.1, -232.7, -35.8]","[43.6, 27.7, 22.9]"
575,587778,588801,1024,0.0,1698.34,1.660000000000025,de53925d73a3c1b1fa71ed778a9eef8831cc9fbc188e4a82ff15f9ed37f30739,"[-155.4, -169.6, -36.7]","[38.6, 27.0, 18.1]"
576,588802,589825,1024,0.0,1698.34,1.660000000000025,80b59986853caefd1a8e591158d86f233344e0bc6cf205fbfb342c5f540f9a7f,"[-157.1, -151.0, -233.8]","[34.6, 23.1, 20.1]"
577,589826,590849,1024,0.0,1698.34,1.660000000000025,db861ed01b4367381f08123051e7641e60c0be5b51be61c611b309bcc2dbf01d,"[-251.2, -236.0, -37.7]","[33.1, 20.6, 22.0]"
578,590850,591873,1024,0.0,1698.34,1.660000000000025,a06dffcf76e4df620e666a9045a54cfab6f5136b41190ff66a8c60540fcd71f5,"[-174.8, -219.5, -42.0]","[35.8, 30.0, 20.9]"
579,591874,592897,1024,0.0,1698.34,1.660000000000025,b287022749f6d79fa2abb0cd26af837514af55608d1f77296f422849c65635e1,"[-126.4, -129.6, -96.1]","[34.9, 22.2, 15.1]"
580,592898,593921,1024,0.0,1698.34,1.660000000000025,7d83719cf9f180de5553a49ef6fcb8123ef43f155bf671441fb17b536d8f8182,"[-246.4, -196.0, -301.3]","[37.9, 19.1, 20.1]"
581,593922,594945,1024,0.0,1698.34,1.660000000000025,72b53a55065420c44d56c2c12494de6217e744e6ad65d08ef1e2a917de3c7cfd,"[-215.5, -305.8, -37.7]","[34.4, 25.6, 24.3]"
582,594946,595969,1024,0.0,1698.34,1.660000000000025,44dead80e9297db0c114a5db213b47cda1b822fb38f0e10e07f3991f649d00c6,"[-198.0, -236.9, -177.8]","[40.6, 25.3, 24.2]"
583,595970,596993,1024,0.0,1698.34,1.660000000000025,3cd479450cfa79c21ea32363459707f2fcdb0d913fdb8f690d67622f9f409d62,"[-130.8, -104.8, -109.1]","[31.9, 26.0, 14.1]"
584,596994,598017,1024,0.0,1698.34,1.660000000000025,58fffdac9db128dd763b368e31734eda39342740bd42b0a24bc3cd06dad0a482,"[-170.5, -145.7, -95.6]","[46.2, 22.4, 21.8]"
585,598018,599041,1024,0.0,1698.34,1.660000000000025,a1e3167176d1ba9041833783e645504de934a3009bebf37cd546738364d3e03a,"[-335.2, -230.4, -38.7]","[39.8, 30.3, 16.5]"
586,599042,600065,1024,0.0,1698.34,1.660000000000025,9d9b6fffce159344f10df27cd661824195beb97b1dec94742fb7838c5979a2dc,"[-282.7, -164.2, -33.9]","[39.9, 23.7, 18.5]"
587,600066,601089,1024,0.0,1698.34,1.660000000000025,86577f7d28bb51a268bf8ce7fd42f21c717d64436b72563e6493f6a40e1baf26,"[-207.0, -218.0, -93.7]","[45.9, 23.0, 21.6]"
588,601090,602113,1024,0.0,1698.34,1.660000000000025,c5093da87e43432a63a7d270266d36b0b376953156c27daaefc1ce658f55cf12,"[-281.5, -212.7, -33.2]","[30.3, 23.6, 23.4]"
589,602114,603137,1024,0.0,1698.34,1.660000000000025,d252831dc250d3d0e6ed4869fda03ce1d15fbd0ced5cdef00578d3ecba0032c8,"[-226.2, -337.8, -45.0]","[37.3, 26.9, 24.1]"
590,603138,604161,1024,0.0,1698.34,1.660000000000025,1aa81a75380c5c34d1d439fc57d22dd68106880eb962908c6023bac95cf6aad8,"[-244.6, -150.1, -39.0]","[44.6, 30.2, 18.7]"
591,604162,605185,1024,0.0,1698.34,1.660000000000025,d23c208d0f408a1ffd01a36a9b984c918f6c20e77fa46e3f417dbb84fb658ad1,"[-208.5, -149.3, -40.9]","[35.1, 26.0, 28.8]"
592,605186,606209,1024,0.0,1698.34,1.660000000000025,81880a9f0412540cc8862e6daa22eb055f324cf3f398906ba3ffc5f62c3d33cd,"[-236.9, -181.6, -179.7]","[42.1, 20.2, 18.3]"
593,606210,607233,1024,0.0,1698.34,1.660000000000025,d96a9c17218e374b9d4deb4520dab8de19ed9d7c685b40daf272f79c9160a1a0,"[-142.0, -434.7, -37.8]","[42.3, 26.0, 25.3]"
594,607234,608257,1024,0.0,1698.34,1.660000000000025,2834bd92c4b8902aaadc6af88db6304bb82ea5d560917335e08299e342f8282a,"[-353.9, -159.7, -41.8]","[34.4, 32.2, 28.1]"
595,608258,609281,1024,0.0,1698.34,1.660000000000025,a1246ca46136e55956db8333b4cbc772abca9a12b4bb8c48217899d53709fa0f,"[-143.7, -130.3, -37.2]","[31.4, 27.8, 23.7]"
596,609282,610305,1024,0.0,1698.34,1.660000000000025,fbbff6a15b16aa9d57d7ffd9ae0041dbcdf488b44c60296567b7d5216f1b513e,"[-499.9, -499.9, -499.9]","[37.0, 25.3, 23.6]"
597,610306,611329,1024,0.0,1698.34,1.660000000000025,49d9d4d3b43cbb65b1d75ad80e90bd51b22779b0abfcb770b6e993793f8b8294,"[-258.4, -250.0, -41.9]","[39.7, 29.1, 23.0]"
598,611330,612353,1024,0.0,1698.34,1.660000000000025,8c590b1c2b7dd82f51900f557fd05b36f245316bd23cd009b12e9d0f03722187,"[-153.1, -111.9, -218.1]","[32.0, 19.4, 19.3]"
599,612354,613377,1024,0.0,1698.34,1.660000000000025,b05d32fab8eec0dabcf8b857a79da229d6c2cd1a48df89cf13e06188148645eb,"[-193.1, -249.3, -35.3]","[41.7, 31.8, 20.4]"
600,613378,614401,1024,0.0,1698.34,1.660000000000025,3b9923009112ce4d1cc74851a921f1c04dbb387bfbcbfc5cc3beefc5e3c8fec2,"[-150.2, -190.7, -204.2]","[30.3, 24.4, 15.9]"
601,614402,615425,1024,0.0,1698.34,1.660000000000025,dcc2ca845e376ce7479519b3e06f4991fed0bee029678584f772c79fbccae567,"[-127.1, -243.7, -91.2]","[37.3, 27.7, 20.8]"
602,615426,616449,1024,0.0,1698.34,1.660000000000025,5587484c5a407ff29a5d2fe21e686faf5bfcf5fe1aa944e18d4db9d30776d790,"[-218.4, -215.6, -162.6]","[31.5, 27.2, 23.3]"
603,616450,617473,1024,0.0,1698.34,1.660000000000025,79c0a892b8fc60d754f30c974d34c3e5dbbcba297a2947a28239351b0248c26d,"[-160.0, -147.2, -212.0]","[47.8, 26.8, 25.8]"
604,617474,618497,1024,0.0,1698.34,1.660000000000025,9f927962524432d86a3d13a8d81a47d0e148994bef8ed7d7fa663f48188cbc24,"[-257.6, -264.6, -37.5]","[37.4, 32.4, 19.9]"
605,618498,619521,1024,0.0,1698.34,1.660000000000025,e0f898da0888307e78450abdea32f45bfc9ffb5917e1aa6bdd8529a425805c69,"[-133.8, -234.9, -351.4]","[43.4, 28.4, 20.0]"
606,619522,620545,1024,0.0,1698.34,1.660000000000025,2108fac78abb01e0651a8a2b92e63349151e05ecb9c2d439a5ceb505fb3f4546,"[-181.6, -188.2, -33.1]","[30.8, 21.3, 13.7]"
607,620546,621569,1024,0.0,1698.34,1.660000000000025,ac58246ab97013ff5944e0200cd368e47ad7afb011d48803865f2bf77a38b391,"[-169.8, -189.4, -180.0]","[32.2, 31.8, 22.9]"
608,621570,622593,1024,0.0,1698.34,1.660000000000025,6e5669c5f733e4f1b416e0a0e20adb3a0e65a67090a7ef902b443ffbd349fe9d,"[-217.6, -246.8, -113.1]","[43.1, 28.7, 21.0]"
609,622594,623617,1024,0.0,1698.34,1.660000000000025,f0be0b34415f9dcaaa5bbe3e5a86e20373352d86ef1d17f8c60422015ce12d53,"[-261.0, -231.7, -48.0]","[48.2, 33.1, 28.3]"
610,623618,624641,1024,0.0,1698.34,1.660000000000025,e75d2e2707ebee48b8236e9d404523b077b2672e67d64eefc15a6994851b9814,"[-304.4, -290.8, -33.4]","[30.6, 29.3, 23.0]"
611,624642,625665,1024,0.0,1698.34,1.660000000000025,39752225030bcb402726d9b7007aa5c183904142382bff96d05f6602a866d8bd,"[-264.1, -264.7, -38.4]","[37.2, 23.5, 18.3]"
612,625666,626689,1024,0.0,1698.34,1.660000000000025,6a8a98d427a94b7340a924e251e4bce15fd3b953171d11d467941c44e4325aa5,"[-134.2, -165.3, -130.8]","[37.8, 23.3, 24.9]"
613,626690,627713,1024,0.0,1698.34,1.660000000000025,8150ced28a5b9454065cd722ef2559cdfda98391ef4f1c0fc79dbf2b36aa9c14,"[-151.8, -146.1, -118.9]","[36.8, 27.6, 22.0]"
614,627714,628737,1024,0.0,1698.34,1.660000000000025,d2af6cf6e338744eeb771056aa7439e30c42e0373dd9d8832a2803f6e7690c53,"[-146.4, -499.9, -499.9]","[38.0, 39.0, 28.9]"
615,628738,629761,1024,0.0,1698.34,1.660000000000025,3da8da51cf7fec4cb28db5a0a84a84d124dd1b93cd356d34b4c7f88250900332,"[-171.9, -186.5, -45.8]","[44.0, 27.2, 20.4]"
616,629762,630785,1024,0.0,1698.34,1.660000000000025,6f0c27b0ed719cb93727b22dcd60d5559b121a4a8f43d7f5159f7c01d2f78158,"[-190.9, -194.9, -91.1]","[42.7, 32.0, 29.2]"
617,630786,631809,1024,0.0,1698.34,1.660000000000025,4fef38bf73a2271fc38367d10da00eda3cfd297e4ac2e5ed035b975ade25fe7e,"[-143.4, -314.0, -40.3]","[45.6, 24.8, 29.1]"
618,631810,632833,1024,0.0,1698.34,1.660000000000025,c30b4603328187101b8f9123d59e2b1683b08e068073a6dc4357bb121c38479c,"[-232.5, -414.2, -32.9]","[38.3, 21.3, 20.4]"
619,632834,633857,1024,0.0,1698.34,1.660000000000025,5d1940cd9865111f765dec13e03630416123afaf4fe5555a5e37a7cc9c1040ae,"[-119.8, -128.9, -42.6]","[41.9, 29.4, 19.8]"
620,633858,634881,1024,0.0,1698.34,1.660000000000025,7b5386689a57ea4f38925fa4a671b1a38c05327691e89ebbc605df8a6e607c4b,"[-142.1, -177.2, -36.2]","[38.0, 29.3, 22.4]"
621,634882,635905,1024,0.0,1698.34,1.660000000000025,cfda806ce7eb554e705326fa1bc9cc81a6aa47c7dafbede8f19e71cedf91ce15,"[-189.1, -185.5, -245.2]","[45.8, 29.1, 19.0]"
622,635906,636929,1024,0.0,1698.34,1.660000000000025,b9cac88d9ce3b8c4b0fb6d39a8c712f7620f2a556c56a685fd846a11c2fba751,"[-166.7, -159.0, -37.8]","[30.4, 25.1, 27.6]"
623,636930,637953,1024,0.0,1698.34,1.660000000000025,749c45787cc6c4d8e2350a958b9d9998fceb21af04eef5588d6028bfd499cdfa,"[-173.7, -238.2, -218.0]","[38.2, 23.6, 21.8]"
624,637954,638977,1024,0.0,1698.34,1.660000000000025,334a0be69914c531f70a28e98fcdc764aaa9707cbdf99bbd08379ff091968492,"[-151.1, -178.1, -145.6]","[42.2, 30.7, 21.3]"
625,638978,640001,1024,0.0,1698.34,1.660000000000025,73a527b48e8621b2fbfa088d731dbf9caa1ec07b7262ee1124d410d2d90e6cc8,"[-221.2, -392.9, -36.6]","[43.4, 29.3, 19.7]"
626,640002,641025,1024,0.0,1698.34,1.660000000000025,09ea4814a44ca825be71a6c9c1cb5d9562eca25be839fbb5bedb1f382b14276c,"[-194.7, -243.9, -34.3]","[36.6, 22.8, 19.1]"
627,641026,642049,1024,0.0,1698.34,1.660000000000025,726405c53a15613d965d08bf0ea7d3d3a2a327b052c25e5e0b45a341f500a5a7,"[-155.1, -139.1, -41.0]","[38.7, 30.0, 22.4]"
628,642050,643073,1024,0.0,1698.34,1.660000000000025,1fbaaa4418f45066fcd75b6bba182dcac504ac9dee8f96aff68d40f91e979d0f,"[-146.1, -145.5, -37.1]","[40.1, 25.2, 22.8]"
629,643074,644097,1024,0.0,1698.34,1.660000000000025,428a2c3dd7b31bd82ae213c3b92130a699cd4fadad59a8f46c79b053d0c98c0f,"[-126.3, -164.3, -37.4]","[36.9, 25.0, 23.9]"
630,644098,645121,1024,0.0,1698.34,1.660000000000025,dbdbf2cffa59b78555824a55b6da7716141a0a56553e43bdae94fd745e2d4102,"[-139.6, -174.0, -221.6]","[38.4, 35.4, 17.1]"
631,645122,646145,1024,0.0,1698.34,1.660000000000025,723690e20eb9a30663174137e74a5381374a3c8666325f10147b5012fea436a8,"[-216.5, -280.4, -132.1]","[49.1, 23.5, 22.7]"
632,646146,647169,1024,0.0,1698.34,1.660000000000025,bdc2a06530c77461bd31228ff1a024a05efcda98d53e4e7b75bb1421b5439a53,"[-248.8, -208.3, -38.7]","[35.6, 25.4, 18.0]"
633,647170,648193,1024,0.0,1698.34,1.660000000000025,7d0f9ddb3e9587b533026ba31ac7722e8f4d31e348cc77fbe41599943a7267df,"[-179.9, -369.1, -39.3]","[39.1, 28.3, 21.4]"
634,648194,649217,1024,0.0,1698.34,1.660000000000025,55705535434379bbb10c04b810a347c4f33724a3fd9422db4cdd75be5ff4e2d1,"[-256.2, -114.3, -105.6]","[35.3, 32.8, 23.2]"
635,649218,650241,1024,0.0,1698.34,1.660000000000025,cd9aef70eeaeff31257f9b6bd0b16d1b60d95fda7cc38ed57f268430240945e6,"[-499.9, -499.9, -499.9]","[38.1, 30.8, 28.3]"
636,650242,651265,1024,0.0,1698.34,1.660000000000025,ff762fddb07727c812d17707b34fb29faf54a570955e67bdb375aa7f760340b8,"[-139.7, -232.3, -243.5]","[58.1, 29.4, 22.2]"
637,651266,652289,1024,0.0,1698.34,1.660000000000025,fe48203a573a658720113901607bdd0e6adf72a042aff5271bdc8d5950b2b68b,"[-153.1, -112.3, -111.0]","[46.3, 27.7, 26.2]"
638,652290,653313,1024,0.0,1698.34,1.660000000000025,777f37ec41d3d93b34dedd7b9ed99ed46c9c32a38b7779fe6da383d8595680a6,"[-169.0, -301.5, -97.3]","[40.3, 21.2, 28.8]"
639,653314,654337,1024,0.0,1698.34,1.660000000000025,c6d68729908c6f84bd28f8dca3b145ac5a901e803a8f88fc6bceecf57ba9e3eb,"[-255.5, -277.4, -40.0]","[38.5, 23.7, 22.6]"
640,654338,655361,1024,0.0,1698.34,1.660000000000025,b9938d1dd6ef8dabea4c3c981e7c097f03875c0ee202c433265895b33108e340,"[-140.5, -229.1, -190.6]","[35.4, 31.8, 15.4]"
641,655362,656385,1024,0.0,1698.34,1.660000000000025,5355f2dc4d3631f0390fa755cae55e675e89fc9a96240cf97c82f2dcdda5ad3f,"[-152.7, -142.8, -90.9]","[33.7, 25.3, 21.9]"
642,656386,657409,1024,0.0,1698.34,1.660000000000025,fad1ec8b6583282c323cbdbfb4b6f19f049f35d6a87f7187f05fca3fa3178940,"[-234.8, -128.4, -80.8]","[43.8, 28.0, 21.0]"
643,657410,658433,1024,0.0,1698.34,1.660000000000025,bc1ec26340bcee2e7b1b61b48ac5e5147d1e066acaf5d8d64627f4a84f878d4b,"[-136.1, -165.6, -107.7]","[32.3, 23.3, 22.9]"
644,658434,659457,1024,0.0,1698.34,1.660000000000025,62d012c50d901d49c4c764227f8626a3c5ad84ba6eccecf624d130b5bd0739b9,"[-197.8, -169.3, -106.0]","[46.4, 23.5, 18.6]"
645,659458,660481,1024,0.0,1698.34,1.660000000000025,527c4c06c31627fb42690d556012eb50661f0d88e10c131dfb748ae53bc0445e,"[-233.0, -262.1, -35.0]","[47.8, 28.3, 22.3]"
646,660482,661505,1024,0.0,1698.34,1.660000000000025,9d1394abb21a0d3ad5088b88dd7a5d2e6fc0faaf661e4a62a45e503fb33f1760,"[-221.6, -243.5, -266.9]","[35.9, 25.5, 15.9]"
647,661506,662529,1024,0.0,1698.34,1.660000000000025,7117fb24556efe8b81a102ca4648fa599b8d785a4b0b079422a47f206b459541,"[-174.9, -193.5, -40.0]","[40.0, 24.8, 24.5]"
648,662530,663553,1024,0.0,1698.34,1.660000000000025,d016c468ac745c4bd7b25f1a9ea96b635ef0ec17094aa414d54bd85e54d7d957,"[-200.0, -186.7, -44.3]","[48.1, 27.1, 20.8]"
649,663554,664577,1024,0.0,1698.34,1.660000000000025,c328680f48311b0e5c0886bdff2e98b6dd86c004c87357757a31558026aa3bc2,"[-204.6, -159.0, -44.2]","[47.4, 27.3, 24.6]"
650,664578,665601,1024,0.0,1698.34,1.660000000000025,3c8cf37ce13295c5d501ad9675cbacf69574b29c14795a199753a9c72c62de5f,"[-202.0, -205.3, -43.0]","[36.6, 28.1, 27.3]"
651,665602,666625,1024,0.0,1698.34,1.660000000000025,ba7d722e1d45581a6f6744a3b3abbce561d6dcc2a8ab589838b9fb7fd400a3a6,"[-161.0, -152.0, -134.1]","[41.8, 22.5, 26.7]"
652,666626,667649,1024,0.0,1698.34,1.660000000000025,4c9b0bf67f9213068254c95f04a69f35064e61223b49a4b755dfbfde9f77f086,"[-271.5, -102.4, -45.9]","[49.7, 36.2, 36.5]"
653,667650,668673,1024,0.0,1698.34,1.660000000000025,6f6c8a83f568ec4476ccaabb2fc06e5a626bc625aba2664913e354cdb6bdf022,"[-236.3, -369.9, -119.3]","[44.0, 28.9, 22.1]"
654,668674,669697,1024,0.0,1698.34,1.660000000000025,a95381fd1a7b28eaa9e5d44b532e94e167908aa1276e662a2b2db7536d7c8630,"[-207.1, -107.6, -35.5]","[40.9, 28.3, 20.4]"
655,669698,670721,1024,0.0,1698.34,1.660000000000025,fc540665482de4eb38ea0e83810a2865681f1087ff5fb79a8348b35b463e1f13,"[-180.7, -179.0, -35.1]","[42.7, 23.0, 22.5]"
656,670722,671745,1024,0.0,1698.34,1.660000000000025,285f685e30bad85ac50d9314ef9a4bd37600bcead8d29e5856b2fb1ebc88f989,"[-179.4, -144.6, -38.7]","[47.2, 27.7, 23.6]"
657,671746,672769,1024,0.0,1698.34,1.660000000000025,c677a7c8c5f430ebd6eae08c7b86c84af568edb830c4271f05c2979e5482db79,"[-139.7, -230.6, -38.0]","[38.3, 22.7, 18.1]"
658,672770,673793,1024,0.0,1698.34,1.660000000000025,fa2118b8820fe79e015fe38ec1644a0ffa90b22a8ee4bb6788f9ea8d3be9c0c7,"[-138.7, -146.2, -111.8]","[37.1, 22.1, 16.7]"
659,673794,674817,1024,0.0,1698.34,1.660000000000025,f85177a130a26ec566201166ef06ca93dc498439c664a28404234eab30c50db8,"[-160.5, -128.4, -59.1]","[32.7, 23.2, 20.5]"
660,674818,675841,1024,0.0,1698.34,1.660000000000025,50ea6dd1c8ddd8417eeff00e55366b874d19c9be26f845ca513eb47fdd7a343f,"[-227.7, -314.0, -96.7]","[31.1, 25.5, 19.1]"
661,675842,676865,1024,0.0,1698.34,1.660000000000025,ce17dce90fd9bb1d500ef187d6eb3d9476257158eb06edd9d26d5f2bda67bab5,"[-150.4, -296.1, -111.0]","[41.1, 21.3, 22.7]"
662,676866,677889,1024,0.0,1698.34,1.660000000000025,502f4790a8a3b0f15206cbacc32de287615ee159300d08694f46b5b6e68a204e,"[-129.4, -245.7, -38.9]","[39.7, 22.3, 24.3]"
663,677890,678913,1024,0.0,1698.34,1.660000000000025,bf1863a43c555b82f76c7bc25eb1f1dcc3989d68e301d04697bb2ee2591dda48,"[-268.0, -234.1, -36.5]","[41.2, 27.6, 24.0]"
664,678914,679937,1024,0.0,1698.34,1.660000000000025,76726e28cbe8abf0c47f7c65148dec661043ba9f6ef1dad901a57e790c912350,"[-138.2, -117.4, -259.6]","[37.7, 25.4, 18.7]"
665,679938,680961,1024,0.0,1698.34,1.660000000000025,2e2c82047df8a2ce7ff098dfac8e5f3b733a117d6815e5384b991d8fc601af47,"[-124.1, -109.2, -130.7]","[41.4, 27.4, 18.6]"
666,680962,681985,1024,0.0,1698.34,1.660000000000025,86ed9defe1f995a89098fc1acb554c6902ff8e3d92fed5f87b68b1a6aebcf825,"[-272.0, -300.8, -68.0]","[35.0, 22.1, 20.4]"
667,681986,683009,1024,0.0,1698.34,1.660000000000025,4c894309fec1e8af3039e1b00cac5e5b82ae1b2d41ce83d9ef32c456332aed8d,"[-128.8, -193.1, -172.4]","[36.6, 21.9, 18.6]"
668,683010,684033,1024,0.0,1698.34,1.660000000000025,213465a8268e12d39a52be1f2a549681461520e970c0be46bf7eb79c0027f85f,"[-128.7, -125.9, -131.9]","[40.1, 22.6, 17.8]"
669,684034,685057,1024,0.0,1698.34,1.660000000000025,d4aa11100335ad86162cc1e40c8c42a9379f3b611b6693087f081090b9a5f160,"[-256.8, -181.2, -70.0]","[39.8, 22.6, 14.8]"
670,685058,686081,1024,0.0,1698.34,1.660000000000025,c569c7f2deec32c4ef5b35df8f21cc03ab6c1de4e7066de7300a0a88a7bb442e,"[-265.2, -159.4, -42.3]","[47.4, 31.9, 25.2]"
671,686082,687105,1024,0.0,1698.34,1.660000000000025,8d97257b5b2fe7f1ca96052de997f96bd697cc514ad7ff00dd50b576a9bff1ac,"[-220.9, -176.0, -238.0]","[35.8, 26.7, 23.3]"
672,687106,688129,1024,0.0,1698.34,1.660000000000025,0007e1bc6118be4865771736acaf8515d7e6fc9224e304fd6e61c89323d0cd4b,"[-146.5, -108.6, -248.4]","[38.9, 29.4, 15.7]"
673,688130,689153,1024,0.0,1698.34,1.660000000000025,a8d95ff86a95baaaf360168d6bda1a4c09b1f5ab13f36503d1ca6d07beb12cc2,"[-238.1, -120.2, -40.0]","[36.5, 29.6, 19.4]"
674,689154,690177,1024,0.0,1698.34,1.660000000000025,d06e545e9bde48140ddb2b5da407d6d77f916de74c80cfcea05bdc2ee6d72537,"[-230.3, -302.1, -36.5]","[30.6, 28.7, 20.6]"
675,690178,691201,1024,0.0,1698.34,1.660000000000025,48f374dcb67890d55b10154136e6c192465ecc9584af9df4a0cba0eee0096709,"[-182.8, -161.2, -134.7]","[41.1, 18.5, 15.8]"
676,691202,692225,1024,0.0,1698.34,1.660000000000025,96a50d4ce4c5d0b6921ed88f5f99678bb426fc3a1203c854f2d511092e5ac494,"[-183.1, -260.3, -143.7]","[41.7, 30.8, 23.3]"
677,692226,693249,1024,0.0,1698.34,1.660000000000025,f016b4e3271d298216c19a9ce18f6b6587523125b5b8e11b17797aecc5eb63b5,"[-233.5, -193.2, -35.9]","[45.5, 24.8, 17.8]"
678,693250,694273,1024,0.0,1698.34,1.660000000000025,43f0b153a314d00d75f2c37ebd48a53e6a2d8aa1bb5ea7ea8c95026edcd16fce,"[-173.3, -153.8, -205.8]","[40.6, 21.3, 25.7]"
679,694274,695297,1024,0.0,1698.34,1.660000000000025,42b63d2fa5cb43497b52edbc0a28169aff2fef656a4ea6503220fe08b374040f,"[-128.8, -102.9, -186.6]","[34.8, 25.0, 23.9]"
680,695298,696321,1024,0.0,1698.34,1.660000000000025,ec3411e1b41d1a1aa0cb65739bbe65694307da00edb03ad8e882e298eeab4d58,"[-248.1, -423.2, -36.0]","[35.5, 24.5, 21.7]"
681,696322,697345,1024,0.0,1698.34,1.660000000000025,e665240d25381b789a9c06eae747685a066d0b63b8f98b204da9d7be462e9fe2,"[-190.8, -185.9, -38.2]","[31.3, 23.0, 20.1]"
682,697346,698369,1024,0.0,1698.34,1.660000000000025,36e2ad4ab0b5a265ba21945635a611de53589284e5bbce21db72f9a63c7ee68f,"[-136.4, -146.2, -127.5]","[40.1, 32.4, 27.1]"
683,698370,699393,1024,0.0,1698.34,1.660000000000025,b4283ec3e26b1bda7c914082fe6a360b2059067b50436047c1fa5a94e9c01d02,"[-147.8, -132.1, -37.1]","[48.9, 27.2, 24.4]"
684,699394,700417,1024,0.0,1698.34,1.660000000000025,2e02da6a234499b1b5b2ae5140668d7f1e1b0ac26264cc3ebe1741dc187d1906,"[-263.9, -355.8, -104.9]","[38.2, 26.9, 27.6]"
685,700418,701441,1024,0.0,1698.34,1.660000000000025,a13ba70cce4e3bf423e1e155a9e51c306b2fc0c5d087f837f4410f2635d843b2,"[-307.7, -150.1, -42.4]","[46.1, 21.7, 23.5]"
686,701442,702465,1024,0.0,1698.34,1.660000000000025,703ea0c2f58b1da6222aac873b3c886adf5e930d776b7d47b43193940e171607,"[-268.2, -244.4, -41.7]","[36.7, 27.4, 21.5]"
687,702466,703489,1024,0.0,1698.34,1.660000000000025,b9109e217aea8379b9c3f19d208735ab89047ba325126a36865d8740358aa679,"[-246.5, -266.5, -197.6]","[33.2, 25.5, 22.6]"
688,703490,704513,1024,0.0,1698.34,1.660000000000025,0c8881d72ce767084908e916021b42b3c7d3e317a109ab850b82d33fc110fc99,"[-139.2, -108.1, -227.9]","[41.3, 36.0, 25.9]"
689,704514,705537,1024,0.0,1698.34,1.660000000000025,52ab3487085577ab5987fc5a7b9eb8ac5b0e1276e5f08da60ee32e9e9f394ee6,"[-238.8, -221.3, -35.1]","[38.9, 26.9, 20.7]"
690,705538,706561,1024,0.0,1698.34,1.660000000000025,7a9656ac0cb51fa889ce2765f81db883261c8f15787d8a6094fd813107c0fbda,"[-262.5, -149.0, -28.1]","[27.1, 32.7, 25.0]"
691,706562,707585,1024,0.0,1698.34,1.660000000000025,001b28d60d0131b427f92503cd0ce57be3d2d8c0d55dad815df75389f7e88703,"[-146.9, -104.1, -92.0]","[32.3, 29.4, 20.1]"
692,707586,708609,1024,0.0,1698.34,1.660000000000025,3c8a9f365cd94382df0a0ee007a4f2a7c05e0ea12a0a7f319ad1b5d15a1946c8,"[-254.6, -307.1, -30.9]","[35.9, 25.3, 15.6]"
693,708610,709633,1024,0.0,1698.34,1.660000000000025,411a54c7b4689f16a435e327de082d141e4a13bbf80f4144edd20a1618037016,"[-179.1, -178.7, -68.6]","[41.6, 33.3, 25.0]"
694,709634,710657,1024,0.0,1698.34,1.660000000000025,b57e09ecb1db155e47e3c5ee596ac70530f6d9af2ca1a7c710a6c9e1e5b645f4,"[-289.1, -209.3, -27.8]","[32.4, 18.6, 14.0]"
695,710658,711681,1024,0.0,1698.34,1.660000000000025,253d057de5e75d3a32a2499fcb62bc6cea31010adc87c49c864e614bc0104249,"[-261.6, -295.7, -28.8]","[31.1, 28.6, 13.4]"
696,711682,712705,1024,0.0,1698.34,1.660000000000025,245844bd90774471f54c5808149a9db8f5012327af53a03b83be92ac7e4cbe09,"[-177.8, -134.8, -256.3]","[45.1, 21.7, 17.4]"
697,712706,713729,1024,0.0,1698.34,1.660000000000025,de6d90586ea3c2320de22062b22d071a7bab7ef0446f66f94b007febc583bb53,"[-251.6, -150.0, -30.6]","[34.2, 22.4, 13.4]"
698,713730,714753,1024,0.0,1698.34,1.660000000000025,8a1d831141c26605351f241b24ef2dd6354ef5ca81e64a5b408038a5d7e1e92e,"[-139.5, -249.9, -32.5]","[37.4, 25.5, 19.0]"
699,714754,715777,1024,0.0,1698.34,1.660000000000025,f4de2285757c995a5345c9aff6d956c2b2e3f0358b130bd43f3bf0423dc11082,"[-243.2, -121.4, -30.6]","[33.1, 21.4, 12.0]"
700,715778,716801,1024,0.0,1698.34,1.660000000000025,b83fc2f846b70ddd92eeb7205d133efd9f4b2557b00b2a0eb59b94399b594c31,"[-130.4, -110.0, -251.2]","[37.8, 23.0, 17.0]"
701,716802,717825,1024,0.0,1698.34,1.660000000000025,0fcf29bdb2e0bccd8c6c780ca4eed45d8090033096977a1d599c5b145ae5f740,"[-192.5, -267.3, -93.3]","[34.8, 24.9, 14.4]"
702,717826,718849,1024,0.0,1698.34,1.660000000000025,886e96a945ae8b2450dcc75b412777d9f19cc7dda6c853b4b484e52625c2e7ec,"[-189.7, -145.9, -31.1]","[43.9, 24.1, 19.3]"
703,718850,719873,1024,0.0,1698.34,1.660000000000025,e5c8f819ed43a44fbd8672953a082c0eef469dca871602e0d61e060e897d8fe9,"[-132.6, -109.6, -142.8]","[39.5, 24.9, 17.4]"
704,719874,720897,1024,0.0,1698.34,1.660000000000025,d81d442d383515b6fe7f205a728fd614465a0c637018d914c128f41465553817,"[-181.6, -231.0, -92.0]","[36.0, 32.2, 25.5]"
705,720898,721921,1024,0.0,1698.34,1.660000000000025,7e8f60f4514557af5b4f4f91757f9f92c810c8f586921e1e1967e75f4e0aa22d,"[-141.4, -199.5, -35.9]","[36.3, 19.6, 17.7]"
706,721922,722945,1024,0.0,1698.34,1.660000000000025,67701e1e5babea763c94ac3c3d2e7282034060382f3cb8cb56d325c5dd6a19a8,"[-165.2, -238.2, -35.3]","[47.2, 23.8, 24.9]"
707,722946,723969,1024,0.0,1698.34,1.660000000000025,cc56b8239e926b42ca1bad9192d66fdfd235a6c9d35a33e354e5743f4939f2e3,"[-179.7, -165.8, -35.6]","[37.4, 19.3, 19.4]"
708,723970,724993,1024,0.0,1698.34,1.660000000000025,39805fe7883d214c96c24e84d947919ddc9af6911d095ec41e636374bb1a1d11,"[-130.6, -114.8, -110.5]","[48.8, 27.2, 31.1]"
709,724994,726017,1024,0.0,1698.34,1.660000000000025,37bdb759e707a2bbab854dfebf27587eaa14dfae0f17ad1994c235c7e9b72db2,"[-150.8, -126.5, -42.6]","[36.4, 24.9, 19.0]"
710,726018,727041,1024,0.0,1698.34,1.660000000000025,05e261ee639a64f235879b498e12d370b32c04525bd1b6b9af9abe819f82cd63,"[-267.5, -157.2, -91.5]","[48.9, 35.4, 25.5]"
711,727042,728065,1024,0.0,1698.34,1.660000000000025,37feee236d53a0c209d40c4c1a080124d7306d4697ea511358d3b6d3946a9c4d,"[-145.9, -190.0, -34.8]","[44.1, 24.5, 21.1]"
712,728066,729089,1024,0.0,1698.34,1.660000000000025,420171de572835fa4d6b238994e836fe9e1f9a322cd8ee73becfec0488f99a94,"[-140.8, -161.8, -140.5]","[36.0, 26.2, 26.9]"
713,729090,730113,1024,0.0,1698.34,1.660000000000025,6c4b7660a69f9bf46e6740149f01446d9d7237656bf70cfe67ae8cd7c297bb2c,"[-254.7, -281.6, -39.6]","[41.0, 29.8, 19.4]"
714,730114,731137,1024,0.0,1698.34,1.660000000000025,09a3fd8bd91454553ef566a12c7568df5fa69c982e99f0653c7f57e90775ed89,"[-196.1, -224.3, -35.2]","[35.8, 25.9, 15.9]"
715,731138,732161,1024,0.0,1698.34,1.660000000000025,ab5505ba6042c9356c5426f6af4fb9c05035291556d0c8ea70cbe6561830979f,"[-189.2, -215.7, -177.5]","[47.7, 23.7, 23.5]"
716,732162,733185,1024,0.0,1698.34,1.660000000000025,61b2af39c2f5b86af7d8ff51f42f4cdd8490a8dcb380f0814772298e8cdb5390,"[-173.2, -194.9, -243.9]","[39.6, 30.8, 22.3]"
717,733186,734209,1024,0.0,1698.34,1.660000000000025,e0af942d24a60a4d1a47d39f4ca3649fcb5d2eed064d69035a79db089840df02,"[-222.7, -334.5, -38.7]","[40.4, 25.2, 17.7]"
718,734210,735233,1024,0.0,1698.34,1.660000000000025,5207372dcd981feebfa8bd8488a17ea28152489ee3594227dc6bb4bef93cd4d9,"[-195.8, -190.6, -379.3]","[40.9, 26.5, 20.5]"
719,735234,736257,1024,0.0,1698.34,1.660000000000025,f789e0a7576252f4b039ec9fd74488373af46bdb5d844bb6a6875288b45e9876,"[-302.2, -293.4, -102.4]","[35.5, 24.3, 23.4]"
720,736258,737281,1024,0.0,1698.34,1.660000000000025,c8a7db93ae50cf9d5baa1f81b16a4cc4f6d13555535ad7d3761c89041a4f310b,"[-183.9, -184.0, -255.2]","[38.2, 34.6, 29.5]"
721,737282,738305,1024,0.0,1698.34,1.660000000000025,c0a0ace1b1bce32f10ac8e032484a3e39020e4624ee5a37edca6f6b60ee72903,"[-163.5, -125.2, -200.3]","[52.8, 26.7, 21.4]"
722,738306,739329,1024,0.0,1698.34,1.660000000000025,52cee9cb93c92276db3115af3533ed97a5d2e99a60674036c42b7aefc5c7a888,"[-123.8, -139.7, -260.1]","[43.2, 33.2, 21.4]"
723,739330,740353,1024,0.0,1698.34,1.660000000000025,cbcf70108fabbd44d575fc0b9064dbe4692169733a11fd73e68030c61214b3a1,"[-174.7, -137.2, -118.7]","[35.4, 28.7, 23.1]"
724,740354,741377,1024,0.0,1698.34,1.660000000000025,9b9ff6c47f2b0244077ef781e40f9c73e159bf53032245f431da5a7c7d23bec7,"[-184.1, -119.1, -101.1]","[34.8, 28.4, 21.2]"
725,741378,742401,1024,0.0,1698.34,1.660000000000025,c2e112dd124f5af8f4a336b35f05c9a58a0d333aee98524f3c6eb6a71366d788,"[-169.8, -232.2, -42.0]","[39.8, 35.4, 21.4]"
726,742402,743425,1024,0.0,1698.34,1.660000000000025,a6b656fc6fce157dae353879dd57b4b0b4b8e98bf912506e4c594ac3c1b0bbf7,"[-144.3, -146.2, -106.2]","[49.0, 24.8, 18.3]"
727,743426,744449,1024,0.0,1698.34,1.660000000000025,5827ed9712dc784ea4be44c45ef0b20c2201ec1e97cf7d4afaba101ac5878d09,"[-204.8, -365.9, -42.4]","[33.9, 23.6, 22.2]"
728,744450,745473,1024,0.0,1698.34,1.660000000000025,f453e0c90160d8a30fff740f67b13fe352db6fef7cac7b952d7a647b36d59682,"[-156.4, -133.6, -105.0]","[37.7, 31.5, 15.6]"
729,745474,746497,1024,0.0,1698.34,1.660000000000025,d24e8c1fcdb65d99bee3a653d92bc2bbd9e2b84664b01e4053d67a3177b5da13,"[-156.4, -181.4, -34.2]","[41.3, 22.7, 16.4]"
730,746498,747521,1024,0.0,1698.34,1.660000000000025,993adb8e922878be6f4ebcacdf32e4743377cda644c65a2dd4fe891e7714227e,"[-136.3, -159.6, -35.8]","[45.4, 27.2, 18.6]"
731,747522,748545,1024,0.0,1698.34,1.660000000000025,a60203c40bc9b9239fedb00858d8bf79794e13e93098b16be9cb5e5520117074,"[-168.7, -128.3, -312.6]","[46.9, 24.7, 23.1]"
732,748546,749569,1024,0.0,1698.34,1.660000000000025,f12efda050d5933cfc8e26f43d2bb5f5a383f40ca594f374ab2ad2676079f85d,"[-295.4, -348.7, -36.6]","[45.3, 27.4, 22.2]"
733,749570,750593,1024,0.0,1698.34,1.660000000000025,4d29c787c7d6209913e32cea4a4d780720976eebb4f29161fee5dcb58c24976b,"[-171.4, -186.1, -35.0]","[33.4, 20.5, 21.0]"
734,750594,751617,1024,0.0,1698.34,1.660000000000025,8e00f4cf95923509cbbcf4d17888b38e4cd1d1c6f2748bf304e85d1f1d2940dc,"[-265.7, -381.4, -36.2]","[37.4, 27.9, 19.0]"
735,751618,752641,1024,0.0,1698.34,1.660000000000025,bce9734b93cd2cc1796838abbfbf1c5e70c14d2036589211430f5cae09bd98ae,"[-203.7, -248.2, -78.8]","[38.5, 27.5, 25.3]"
736,752642,753665,1024,0.0,1698.34,1.660000000000025,ba4a0eb96f69302485450e27973c1dabe9deb18f0e6018f2edcd556f64e8a0f7,"[-152.4, -100.3, -170.3]","[96.1, 58.1, 77.8]"
737,753666,754689,1024,0.0,1698.34,1.660000000000025,d9e9d707f89ccc4c63fa288aafb80783e3ec698876e3bbfbce269a39a23ec3c7,"[-204.1, -157.2, -36.7]","[52.3, 27.8, 23.2]"
738,754690,755713,1024,0.0,1698.34,1.660000000000025,ef8c056dc5e9e8a839e1e57d29d7b9e7bb0b1625cbcb85ca145b2ad9d51e7161,"[-226.9, -337.1, -32.2]","[39.7, 23.1, 20.3]"
739,755714,756737,1024,0.0,1698.34,1.660000000000025,1095fc91aeb15556fff849f7bf68a452f2edace79e1f9f98f81a91c21fc074d6,"[-172.7, -227.6, -39.8]","[34.9, 23.9, 19.3]"
740,756738,757761,1024,0.0,1698.34,1.660000000000025,5b836f0afd34eb895cbfe849951eb00ee821e63b0b522e97325acb5a2f6cec26,"[-196.2, -190.6, -106.6]","[46.4, 25.5, 26.3]"
741,757762,758785,1024,0.0,1698.34,1.660000000000025,5b770b2ec513c6de4a4936f7a5da4ad0cf56ef7340f9df464577f766e7023aef,"[-189.4, -149.2, -38.6]","[39.8, 27.5, 20.5]"
742,758786,759809,1024,0.0,1698.34,1.660000000000025,b68ef9788d44efbd985a02ce19aed28e5ba3777b7f41a91648c18840ceba9406,"[-202.4, -186.5, -272.0]","[38.2, 24.4, 19.1]"
743,759810,760833,1024,0.0,1698.34,1.660000000000025,c41db8a541bbed8c822ec9b7a5bd54846f7e9323a3d1c94308f04796c9a9c0d8,"[-140.4, -227.4, -40.3]","[39.6, 35.9, 23.2]"
744,760834,761857,1024,0.0,1698.34,1.660000000000025,6d123135d254da22d0fb996b4d0018fe6c00bbfed42b1cd0c36d9bce7ab01521,"[-223.7, -227.6, -38.2]","[45.8, 24.2, 27.8]"
745,761858,762881,1024,0.0,1698.34,1.660000000000025,8e551ffb4ea2eb7e4dcbbe7c81d68f279eef3d788fb43cb37536b520f1f8ab38,"[-231.9, -210.9, -38.6]","[47.1, 25.3, 21.0]"
746,762882,763905,1024,0.0,1698.34,1.660000000000025,f33f13bdd59e643a7d1a18e6ef961d062fca597b69c38708b9e4bc55949a4f87,"[-223.7, -361.5, -38.6]","[51.2, 23.4, 18.7]"
747,763906,764929,1024,0.0,1698.34,1.660000000000025,2077943b7c97bf92a5a289185c7f8fc9471f500bae69d7580c4f12150e6e3cd6,"[-285.5, -365.4, -185.5]","[57.4, 27.8, 28.5]"
748,764930,765953,1024,0.0,1698.34,1.660000000000025,70fff88fcb17ead69fc910ba937b336290445ea5a8ac6cae54d24c4a294923b1,"[-170.0, -194.4, -213.3]","[41.4, 26.5, 25.6]"
749,765954,766977,1024,0.0,1698.34,1.660000000000025,40c510ae55cd7db181896b9f27e3489afeead9cce82e57b7acfc25927959e0c0,"[-306.9, -151.3, -46.5]","[35.7, 24.4, 18.9]"
750,766978,768001,1024,0.0,1698.34,1.660000000000025,61742789f140a02b11cdd57d031c55fb1fec555da6221e2cd89f4c95c8380d59,"[-269.0, -295.3, -38.6]","[43.6, 27.4, 24.0]"
751,768002,769025,1024,0.0,1698.34,1.660000000000025,938017082f6a2ac57ecddd77eb18d5a9fba922854d7740543c82251fa1f5db77,"[-290.0, -251.7, -36.0]","[39.1, 36.7, 22.4]"
752,769026,770049,1024,0.0,1698.34,1.660000000000025,4cec7a7ef1a97c434c6835dcb2ae78965ed0f99a77a2321c4ce65f570442443b,"[-139.1, -123.3, -39.7]","[34.2, 25.0, 21.1]"
753,770050,771073,1024,0.0,1698.34,1.660000000000025,5d0d58ec3d4a1bc567c5536225cd6cb1fe0697b7f79a2a7c1ce5735e427331d0,"[-242.0, -167.7, -34.7]","[38.6, 23.1, 15.9]"
754,771074,772097,1024,0.0,1698.34,1.660000000000025,419362f79297055b326ce3a26c3b053e41b462a3854a238564356d02eb902a64,"[-191.2, -238.7, -95.7]","[50.1, 22.3, 23.5]"
755,772098,773121,1024,0.0,1698.34,1.660000000000025,21c07570454e84be3d8a8f31a2048f41404311de3bf74f674e516a7c71939c49,"[-241.3, -203.6, -45.1]","[45.8, 31.1, 33.4]"
756,773122,774145,1024,0.0,1698.34,1.660000000000025,5321824b14119408a29b6cbbc13200715a5284a7f9d3910b4ffd8a74eb231394,"[-240.4, -347.1, -91.3]","[46.1, 24.4, 21.2]"
757,774146,775169,1024,0.0,1698.34,1.660000000000025,6a18e82c7313c81e4dd48182235fe02eab280389a0973cbfa347b27638098d34,"[-280.6, -284.6, -35.5]","[46.1, 26.2, 23.8]"
758,775170,776193,1024,0.0,1698.34,1.660000000000025,dc9ab57223eb30a040ba27841b0e2a3a42b794809c4c13a004156e48d374da04,"[-177.4, -249.7, -46.5]","[39.9, 35.1, 28.4]"
759,776194,777217,1024,0.0,1698.34,1.660000000000025,2240ea73f1256e57e001bec1fdb9955e146820e80e109cce3d252beaad803026,"[-181.2, -243.5, -45.8]","[56.8, 35.7, 23.5]"
760,777218,778241,1024,0.0,1698.34,1.660000000000025,7f28b3007a1cbe6ae80f45b9e561e131a16e4b930543e74c2892fd36eb424e7f,"[-126.4, -202.3, -37.4]","[39.1, 26.0, 27.4]"
761,778242,779265,1024,0.0,1698.34,1.660000000000025,1f46b761ad73740c1f34261e14886a5a2c66dea12a0bde4e399b02742ae28349,"[-170.7, -125.0, -146.7]","[34.1, 37.0, 21.2]"
762,779266,780289,1024,0.0,1698.34,1.660000000000025,6d6894f1e45216e5fbc59aefcfb2731c32ebfa25499caed9f47a02892d6812ec,"[-230.2, -185.5, -42.0]","[41.3, 27.1, 25.7]"
763,780290,781313,1024,0.0,1698.34,1.660000000000025,e63c13fa855cba6647b6d36b4b5dff13cbc3b6ebfdc4b6a89636130162db816c,"[-215.2, -185.8, -36.6]","[41.3, 24.8, 20.1]"
764,781314,782337,1024,0.0,1698.34,1.660000000000025,454f96e866b9429b181f16866915ffc1fc6e483007858487e083e523a0f7d352,"[-186.1, -152.9, -36.5]","[45.0, 24.1, 25.6]"
765,782338,783361,1024,0.0,1698.34,1.660000000000025,4d1ac275aed7017bd13bebbf198a01bb6f5d92c753a0ded510f4ded9acd8236f,"[-264.4, -182.4, -40.1]","[54.4, 32.6, 27.3]"
766,783362,784385,1024,0.0,1698.34,1.660000000000025,f9fe20ec4cb4c6cc5524f4e667c6d355235721e97b6abd5f371cd22dc6223ade,"[-131.4, -164.6, -33.8]","[32.8, 22.1, 16.9]"
767,784386,785409,1024,0.0,1698.34,1.660000000000025,4f471cecdde57e5bf3af0783b4edfe97dc1ee5997fbf114f352ae4bf8d97b39b,"[-198.5, -194.8, -39.0]","[40.8, 24.4, 19.4]"
768,785410,786433,1024,0.0,1698.34,1.660000000000025,31f71961cddf58fce537075b65f009fac0fa5a586b7fc0ad58f21a2cedf9492c,"[-149.7, -157.5, -41.7]","[36.3, 26.7, 20.5]"
769,786434,787457,1024,0.0,1698.34,1.660000000000025,bb261776282e2ec96ed5452a1dd0bac7a24facef6565b0e6ef5336671412c6af,"[-129.1, -133.8, -158.9]","[37.2, 27.3, 22.1]"
770,787458,788481,1024,0.0,1698.34,1.660000000000025,2d09e6b983c6de9e52d65a73d0a9518e70f7b2b60969808fab317b2b9f1448f9,"[-234.3, -267.5, -38.0]","[56.3, 30.3, 25.9]"
771,788482,789505,1024,0.0,1698.34,1.660000000000025,bce1193e9fa6f989be74c6d6cf2b3cba9131e1b8481f0fd498beebe6fa9aadcb,"[-159.2, -197.8, -97.0]","[45.1, 34.0, 28.3]"
772,789506,790529,1024,0.0,1698.34,1.660000000000025,ba08b82d477d11edf84503659a96d133cf9d602a65c473566ce3add35bac7869,"[-233.9, -194.6, -126.2]","[39.4, 28.6, 23.4]"
773,790530,791553,1024,0.0,1698.34,1.660000000000025,e457d9be3a810e542eb4007f99ce33910b16982c0f3c5c14a75d5b258b8c9629,"[-164.1, -137.6, -261.6]","[38.0, 22.9, 21.5]"
774,791554,792577,1024,0.0,1698.34,1.660000000000025,03b13e563e94f89cdb143667094ae4e8d5759d5fe43ae5e5085ed3e5e625c959,"[-175.2, -172.0, -45.0]","[64.1, 49.0, 35.9]"
775,792578,793601,1024,0.0,1698.34,1.660000000000025,e316629e6d4ca76678d972eef42d4257d4e2db6b9a6b04746c9872a9b39594cb,"[-194.2, -263.5, -131.3]","[55.4, 35.9, 30.2]"
776,793602,794625,1024,0.0,1698.34,1.660000000000025,caae10e93078a4e349eba5158bffdcbc3344c4ae7adc885361e8a88818736bc1,"[-247.8, -214.4, -45.1]","[63.7, 36.6, 29.0]"
777,794626,795649,1024,0.0,1698.34,1.660000000000025,e69ca3e2038f2195339a5b50eee98f742aefa8d2c32d894bef9ff2f545a80d85,"[-209.6, -256.2, -105.7]","[62.1, 52.1, 28.6]"
778,795650,796673,1024,0.0,1698.34,1.660000000000025,0a3f6a85c60a5028f2bda3851a0051822b550ca61d7cc2ba8f61b9563fa1b6a4,"[-139.8, -225.2, -121.8]","[59.2, 33.0, 26.6]"
779,796674,797697,1024,0.0,1698.34,1.660000000000025,684d08d50022f14799b94f4c0b9c8bdb12320662e26f5e8fb592b0f848c5ec89,"[-197.7, -118.7, -52.0]","[66.0, 48.6, 33.6]"
780,797698,798721,1024,0.0,1698.34,1.660000000000025,27b9c06f7e0c3d22ad1865d4168d499eb5b19c9f221e0d1835565cfdd294171d,"[-184.1, -189.7, -268.8]","[63.3, 43.3, 32.6]"
781,798722,799745,1024,0.0,1698.34,1.660000000000025,b168c0e176a1acd393070fcf069877823fea1bd61d1c7403e1b8088d4c76b05a,"[-135.5, -136.8, -47.1]","[61.2, 43.5, 25.9]"
782,799746,800769,1024,0.0,1698.34,1.660000000000025,400cf171912dd7aa97c48c731b7ef9d32e485947b28cd1a2fd63f264dba37517,"[-137.7, -194.2, -52.8]","[73.1, 33.1, 34.8]"
783,800770,801793,1024,0.0,1698.34,1.660000000000025,b3b37c00fe9fc6fdeaf7050424486d94d53cf7c4692e5c4d5378125456ce8007,"[-184.3, -222.9, -325.9]","[56.0, 35.8, 30.3]"
784,801794,802817,1024,0.0,1698.34,1.660000000000025,e64ac366561e391d5bb6c307c767b665398fb5517bf5e58647b673457e67e001,"[-286.2, -230.2, -52.1]","[60.0, 38.2, 36.3]"
785,802818,803841,1024,0.0,1698.34,1.660000000000025,a1dce44a1b62834c0278b733232d4eb062622e4c193cef275ad7d019dcd7d54b,"[-141.0, -137.1, -147.6]","[53.3, 44.5, 25.3]"
786,803842,804865,1024,0.0,1698.34,1.660000000000025,7831aa37db277ee55f52f25c100f92db4f66320846891542ee171794bb7aa97d,"[-135.5, -115.9, -53.1]","[59.7, 33.2, 37.8]"
787,804866,805889,1024,0.0,1698.34,1.660000000000025,d2fd6a23ec1ebbf7d5816998ff4e1961667edbdb43ceba388cdf4de71849ce17,"[-129.6, -202.5, -220.5]","[54.8, 44.8, 38.4]"
788,805890,806913,1024,0.0,1698.34,1.660000000000025,da8ec58f9db49b8609b711b80a4c22d6c721f2a034af965d3d065aa9997511d3,"[-274.1, -290.1, -45.7]","[57.4, 38.4, 31.2]"
789,806914,807937,1024,0.0,1698.34,1.660000000000025,99ff526cb174894dff613f52e4b6d62c1bbbee77c487dcfd29f4e95d44aff5cc,"[-297.7, -269.9, -172.5]","[63.4, 36.0, 28.7]"
790,807938,808961,1024,0.0,1698.34,1.660000000000025,b057b62e62e27aa8219a28e534193e80b6b08c4e5c295d4a4f3d848757df82e8,"[-127.4, -183.1, -203.6]","[51.7, 45.4, 32.3]"
791,808962,809985,1024,0.0,1698.34,1.660000000000025,a6b2fbed70d83675c52818fee569e404ee25c89c82c83292dd2b87edae7435cb,"[-139.6, -105.0, -165.3]","[57.2, 38.5, 41.0]"
792,809986,811009,1024,0.0,1698.34,1.660000000000025,ad72023ea2c5bb822dace10be14d36357a27a9595179908085d0e2c4e1411ddc,"[-205.0, -264.6, -45.2]","[63.3, 33.2, 29.6]"
793,811010,812033,1024,0.0,1698.34,1.660000000000025,592838d3503b35d8d3575d0c8623b56b2e41dc71547db3334befcc3ef1921b14,"[-187.8, -231.6, -98.5]","[61.1, 33.8, 30.9]"
794,812034,813057,1024,0.0,1698.34,1.660000000000025,ecc4c3d85717a167c0e274d91fa05aa4918e22983d2cb385b5e3436855415843,"[-142.3, -161.7, -52.6]","[52.2, 42.4, 31.9]"
795,813058,814081,1024,0.0,1698.34,1.660000000000025,d8fae8b74ad26d9522be33fcabab7a5c8cad42cdc16584d2a708fd33c70bc9ef,"[-141.9, -102.5, -134.0]","[52.1, 33.6, 19.3]"
796,814082,815105,1024,0.0,1698.34,1.660000000000025,9ad09fcf219c9474f63632645da170ef1901ee7d42b6dfc4b1f8cf2dd95cecca,"[-149.0, -176.2, -48.4]","[55.4, 37.4, 23.2]"
797,815106,816129,1024,0.0,1698.34,1.660000000000025,3f4ee459b5fa0bec139919b9c3f83dc5fa240e98b3b285c36ea0e7e85cc07545,"[-248.2, -219.6, -48.2]","[70.8, 37.0, 39.6]"
798,816130,817153,1024,0.0,1698.34,1.660000000000025,3a08d435bc0c907fd184b3e532abf7238f95c101a522476c9a51b7b44c856fb6,"[-146.3, -184.2, -44.8]","[66.0, 47.9, 32.3]"
799,817154,818177,1024,0.0,1698.34,1.660000000000025,bbd7b0e0912064036a18c66835f6377bd965cc515d8bffd8664bb76513019877,"[-166.6, -178.5, -52.8]","[66.4, 47.2, 35.0]"
800,818178,819201,1024,0.0,1698.34,1.660000000000025,affae2c380ae2d0419431bcfa210efbaab69ce35a935cd1e2544c8e3ad95e143,"[-167.4, -134.9, -113.4]","[52.1, 52.2, 43.5]"
801,819202,820225,1024,0.0,1698.34,1.660000000000025,a8ccbda25f8bba8f479fbcda3c39981893ba07a4fd795a6c8bb930bfc0e0eb9b,"[-218.8, -238.4, -309.3]","[66.2, 45.1, 35.5]"
802,820226,821249,1024,0.0,1698.34,1.660000000000025,0fd65f7ee4c3bce8e03338ad85081e3a2840167b18cd1af23117bc0ed9a34a7a,"[-254.3, -243.2, -110.4]","[68.3, 42.9, 39.3]"
803,821250,822273,1024,0.0,1698.34,1.660000000000025,6b1ed5307dd6777ab005b711091edf4a6d1eb6339814f89bb24102a6672500eb,"[-200.1, -177.8, -49.0]","[59.2, 53.4, 39.9]"
804,822274,823297,1024,0.0,1698.34,1.660000000000025,65d1543b6abc0d83cc7a9feaddd398cc8a2fa53640a49c99fda0531d7bed5b55,"[-133.2, -136.8, -207.7]","[61.6, 35.3, 29.0]"
805,823298,824321,1024,0.0,1698.34,1.660000000000025,97b5e329fb674a53e1ca59c377a2d25af380a81d0db6b0e2a9849196c0462170,"[-212.7, -206.2, -225.8]","[52.2, 54.3, 37.9]"
806,824322,825345,1024,0.0,1698.34,1.660000000000025,37b614b66514dedb42d90ffb46a3213cecfa479e9b21bb09c740bf2b8ceebc0d,"[-134.3, -134.0, -181.0]","[55.3, 32.3, 29.7]"
807,825346,826369,1024,0.0,1698.34,1.660000000000025,87f6349d2c4a132fee19accd02453d3f620a16402c5736d6cc962d96ed415e12,"[-151.4, -181.9, -96.9]","[56.8, 52.1, 39.4]"
808,826370,827393,1024,0.0,1698.34,1.660000000000025,5c7a6124544d439cd251e48ee2c55128254d7468bc0eeea42705a96549f9649d,"[-169.3, -181.8, -52.3]","[63.0, 36.2, 40.0]"
809,827394,828417,1024,0.0,1698.34,1.660000000000025,e80cdef1a261a2dc2d4d0a328ac9f6c6789f197a1b8fd7da58808c752d8f5927,"[-229.5, -173.9, -52.4]","[64.5, 32.9, 34.7]"
810,828418,829441,1024,0.0,1698.34,1.660000000000025,2ebef4d83712e9ba458ff56a6f31189a1138c9f2e680c23190d11f6da158bdbb,"[-150.4, -161.1, -267.2]","[58.0, 39.5, 32.1]"
811,829442,830465,1024,0.0,1698.34,1.660000000000025,fd3e6d6bb6d92a4c107845aad503b851b1ebc1348a131aaad81c0994e07776c5,"[-160.4, -195.5, -240.8]","[53.7, 37.8, 37.8]"
812,830466,831489,1024,0.0,1698.34,1.660000000000025,667dadfff66ea7f358c2cf3968853cbd5cbc9588247da4fc392de733b55e88e7,"[-312.6, -351.1, -48.2]","[73.8, 35.9, 39.2]"
813,831490,832513,1024,0.0,1698.34,1.660000000000025,6fa95e0b4a638defebf83edcf0edcee083b235964db9d8496c79028fcf78afc4,"[-154.7, -312.3, -308.7]","[65.4, 44.8, 30.1]"
814,832514,833537,1024,0.0,1698.34,1.660000000000025,f8e2dfe1345548fe2132b07d197266dd2ef15bbd520320ef9a0e5d61f7fe3e33,"[-163.7, -153.2, -54.2]","[57.7, 41.9, 29.3]"
815,833538,834561,1024,0.0,1698.34,1.660000000000025,9a355932ed9012ed44b6d16763f4ac036fa3f0c6507d8860abe786b0095c4c5b,"[-188.2, -197.3, -52.8]","[59.5, 46.9, 40.7]"
816,834562,835585,1024,0.0,1698.34,1.660000000000025,a81cc1ca0772decb5291e97cb21c37e390a306289da270dc827b55e7f721f803,"[-163.2, -382.1, -133.3]","[47.8, 45.2, 27.7]"
817,835586,836609,1024,0.0,1698.34,1.660000000000025,d6055174e24d3379d25085236cd35e65a1d947437cc89c4234537f7b845db23c,"[-250.5, -127.1, -43.3]","[53.3, 39.8, 26.5]"
818,836610,837633,1024,0.0,1698.34,1.660000000000025,ac27c6376b925c9b6040bd623682d9d410e09dadabc2108f63b6e651b8082f51,"[-210.7, -259.5, -306.3]","[62.4, 42.7, 43.5]"
819,837634,838657,1024,0.0,1698.34,1.660000000000025,d7c47198a9b5e830292050d419c3abf780a1af96c470882e24e96f1fab0996ac,"[-151.9, -123.8, -223.4]","[58.7, 47.8, 35.4]"
820,838658,839681,1024,0.0,1698.34,1.660000000000025,2a0c163d56a79d8b220415ccfb239bde70dfb588dd10962c5fee5822fcb3024d,"[-249.2, -258.7, -50.9]","[63.9, 42.0, 38.2]"
821,839682,840705,1024,0.0,1698.34,1.660000000000025,62c4d23364eb9baa45d7cbb641bad94855e8c688619164c2a5f5fe38d9129b18,"[-215.4, -299.2, -208.0]","[58.8, 39.8, 40.5]"
822,840706,841729,1024,0.0,1698.34,1.660000000000025,257e66b59a26707dea9dac3fe9ae5db92586539762fb30027b223d611b1f2547,"[-113.1, -201.2, -108.3]","[89.4, 85.2, 66.0]"
823,841730,842753,1024,0.0,1698.34,1.660000000000025,c73cfd330154066491b26c8aef00ea58abf16cf9a3f4a30ba9f7174899dbdb04,"[-134.7, -134.9, -98.8]","[64.3, 35.9, 35.7]"
824,842754,843777,1024,0.0,1698.34,1.660000000000025,7834435ca8d9c8165a9904403ae5e7bc0384f548627a724f00fe866a94d41246,"[-174.9, -172.7, -45.2]","[54.1, 37.7, 26.6]"
825,843778,844801,1024,0.0,1698.34,1.660000000000025,84bc20af5c807e89ba70efd4fd9b87ea9d9dcede78120aa5d9522195f3cb5521,"[-226.4, -290.8, -182.6]","[70.1, 33.0, 38.4]"
826,844802,845825,1024,0.0,1698.34,1.660000000000025,ed5d3bbc063fcb62d41f9b2dc6023f012955cb2d443c240b806f81620512ca0f,"[-151.3, -208.0, -44.9]","[56.0, 43.3, 30.5]"
827,845826,846849,1024,0.0,1698.34,1.660000000000025,f76a2f07ca91d3602ea6fa69af2a1a93a2ff6e779c713059d37515b5f50de503,"[-157.0, -239.6, -146.1]","[56.7, 31.9, 22.5]"
828,846850,847873,1024,0.0,1698.34,1.660000000000025,c257725c1362af9b9e6dc003a5cb3c786b4b648ede608965211ae8422e41eb98,"[-206.1, -229.2, -169.6]","[70.5, 41.4, 32.0]"
829,847874,848897,1024,0.0,1698.34,1.660000000000025,bd5b0449166da585d2a993cdf3b2c968b98bc9f33150920eed1c0b8d3c3974d1,"[-161.7, -100.2, -204.3]","[70.9, 53.4, 35.6]"
830,848898,849921,1024,0.0,1698.34,1.660000000000025,09e1b9f8dd1b601acf7de80fbdb8b4b6715a8f75338064d4895af8844363899e,"[-218.9, -225.1, -127.5]","[62.6, 42.3, 31.6]"
831,849922,850945,1024,0.0,1698.34,1.660000000000025,cae0d41986c841e67ac8dd3a3be9e1d2c2c2ab135dc383e5f7e133838b31865d,"[-206.8, -276.2, -59.1]","[69.4, 39.0, 43.8]"
832,850946,851969,1024,0.0,1698.34,1.660000000000025,ba4aaaf49e94b265f7ea4d231ab137f030a0153844420cfaa6d85b0b2424a7cd,"[-206.2, -366.5, -47.0]","[52.2, 35.6, 33.5]"
833,851970,852993,1024,0.0,1698.34,1.660000000000025,d89e41326ef8a48845fce5736f458d7a7c6cfdd0fa25822e1ccfde7a3be4e029,"[-181.3, -198.8, -96.7]","[67.4, 40.6, 31.5]"
834,852994,854017,1024,0.0,1698.34,1.660000000000025,2b1180530c253463c062f9a07d6313ae91d426c9fc4752ff8626218f591c759a,"[-196.7, -178.7, -188.9]","[66.0, 39.6, 42.8]"
835,854018,855041,1024,0.0,1698.34,1.660000000000025,32314d9f1a7eff9cf620d9f3a05a0b574cf15325a00224540105c706c04647f5,"[-286.1, -396.3, -48.9]","[75.1, 33.9, 34.5]"
836,855042,856065,1024,0.0,1698.34,1.660000000000025,3e66eab93c1d0d6a86c0f39b41c38a27e627b5300863e6e7908f28d33ace7b54,"[-207.3, -360.6, -138.0]","[64.7, 39.1, 35.4]"
837,856066,857089,1024,0.0,1698.34,1.660000000000025,b8951559ab2850863f868cbccfb2b0e624fa7776ddbc39bcea0eee969f48ec70,"[-227.1, -260.8, -44.2]","[60.4, 41.0, 34.4]"
838,857090,858113,1024,0.0,1698.34,1.660000000000025,c07adbe1e584c4b8e5929bb45550a8208b3face7d2879e9c4d87512ae3e9e1fd,"[-189.6, -258.3, -44.8]","[62.4, 37.8, 30.6]"
839,858114,859137,1024,0.0,1698.34,1.660000000000025,36039bc8380078d7092376c85538a208fccfde926732d5d23bb8863c561066c8,"[-134.6, -136.6, -158.6]","[57.4, 47.4, 27.6]"
840,859138,860161,1024,0.0,1698.34,1.660000000000025,b071e238342049fa6f6f5918af7177ff0c46182c03c796a1572dd0f818406710,"[-171.7, -139.0, -143.2]","[73.3, 45.5, 31.6]"
841,860162,861185,1024,0.0,1698.34,1.660000000000025,0fc84b1d0d9550613218c5432e96f274b1aa699decbf9c3741ca5a29aa1a32d5,"[-173.0, -204.8, -47.6]","[59.5, 46.2, 34.6]"
842,861186,862209,1024,0.0,1698.34,1.660000000000025,d571d14708fa1ad312e5951fde079bdcd5b9edd315d65cc1b60b97179870e264,"[-242.9, -146.0, -107.9]","[61.1, 45.3, 36.0]"
843,862210,863233,1024,0.0,1698.34,1.660000000000025,bb960fecdd71993ed2b32f1b0407aac1fd9f7a8b9764b3b045996c361330d313,"[-153.2, -165.4, -40.0]","[48.4, 39.0, 26.2]"
844,863234,864257,1024,0.0,1698.34,1.660000000000025,d2d71d6bc6dce811f3e0a41a6eb550c283218bba82a3d5cae9a41e94616f55d9,"[-233.7, -283.2, -136.8]","[59.5, 36.2, 25.2]"
845,864258,865281,1024,0.0,1698.34,1.660000000000025,4eb8e8206b034ff98117b7a59bc2dd1f109b493a5f7a5b4a08298f26c26ce7aa,"[-206.4, -256.8, -55.2]","[60.9, 36.9, 31.2]"
846,865282,866305,1024,0.0,1698.34,1.660000000000025,032b49d7ca018e51f42c6494bb53893574e461fb357be64f339ee407d8da2925,"[-250.3, -252.6, -49.5]","[51.8, 44.3, 31.4]"
847,866306,867329,1024,0.0,1698.34,1.660000000000025,4a30cb489c427485179735c13fe471fad6baef4873abd08b7a71a32b58eb7efa,"[-149.2, -196.6, -49.4]","[73.3, 45.7, 37.2]"
